####
#
# OBJ File Generated by Meshlab
#
####
# Object Gatomon.obj
#
# Vertices: 1363
# Faces: 1992
#
####
mtllib ./Gatomon.obj.mtl

vn 2.6194877530126854 1.0352928017739347 5.3909299533328934
v 0.1237790000000000 0.7038850000000000 0.1844950000000000
vn 3.1013701283747617 2.4182725670238896 4.7595624145821240
v 0.1246350000000000 0.7390949999999999 0.1734010000000000
vn 1.7218511006671153 2.0848142310179161 5.3636514209889077
v 0.1130710000000000 0.7381140000000000 0.1803240000000000
vn 0.8546389077080706 1.6565488409411648 5.9867013118532260
v 0.1011770000000000 0.7307360000000001 0.1834800000000000
vn 0.8098664808032008 1.3268447400010410 6.0440292177646056
v 0.0937880000000000 0.7194560000000000 0.1879050000000000
vn 0.3528836750450698 1.2227219834132235 6.0920548766850890
v 0.0895310000000000 0.7070419999999999 0.1909150000000000
vn 0.3561006510802108 1.1644969726712231 6.1174860103905235
v 0.0910820000000000 0.6941050000000000 0.1931670000000000
vn 0.7941415826073490 0.6598749981105589 6.0753521593284328
v 0.0970330000000000 0.6826020000000000 0.1949890000000000
vn 1.6397165750603711 -0.2912507414201772 5.8996676913985766
v 0.1067740000000000 0.6724360000000000 0.1934800000000000
vn 2.4359667246763270 -0.6313026078926113 5.6672707518447600
v 0.1187900000000000 0.6689970000000000 0.1884620000000000
vn 3.4668003842382360 -0.5989904219404789 4.9098049880820778
v 0.1339340000000000 0.6690450000000000 0.1812830000000000
vn 4.3099389471092637 -0.4535504869514380 4.2333906834254664
v 0.1443910000000000 0.6780700000000000 0.1729970000000000
vn 4.6053600745575842 0.1167233873514966 3.8769276998279780
v 0.1502690000000000 0.6873150000000000 0.1671230000000000
vn 4.6903306931777031 0.8964921674312689 3.9211342110214602
v 0.1521810000000000 0.7002810000000000 0.1619590000000000
vn 4.4511585182472375 1.4786284610526910 4.0217099089434516
v 0.1507170000000000 0.7129200000000000 0.1600970000000000
vn 4.4107547262291913 1.7858007611427731 4.0408254595019644
v 0.1445680000000000 0.7252900000000000 0.1609170000000000
vn 3.9265694413386827 1.9752692089201742 4.2866265502401646
v 0.1347450000000000 0.7350080000000000 0.1677900000000000
vn 0.9774739556793688 3.7548565058383585 4.4663661083003001
v 0.1014500000000000 0.7644050000000000 0.1687540000000000
vn 2.8186970499221702 3.8121485743245662 3.8397810906612619
v 0.1229830000000000 0.7659310000000000 0.1558030000000000
vn -0.3822162812261011 3.2340675806935151 5.1187910854126475
v 0.0814910000000000 0.7503890000000000 0.1783840000000000
vn -0.9601827178339837 1.9334304637126796 5.2901940405169423
v 0.0659810000000000 0.7315340000000000 0.1880850000000000
vn -1.3168094777763484 0.8792303246604412 5.9965869301534243
v 0.0586400000000000 0.7081300000000000 0.1891780000000000
vn -1.2321781614095320 0.7059338048631643 6.0501308359376651
v 0.0615310000000000 0.6810810000000000 0.1935690000000000
vn -0.6484011492141497 -1.1205472542665957 5.5173902238019341
v 0.0702350000000000 0.6611880000000000 0.1974850000000000
vn 0.0282167688892649 -2.8141144668211031 4.5222031541624927
v 0.0883780000000000 0.6465300000000000 0.1937400000000000
vn 1.3311310939822494 -3.4568291888641181 4.1318371993034377
v 0.1122950000000000 0.6402620000000000 0.1839380000000000
vn 2.9922190823955530 -2.7729353215550816 3.0508220234424410
v 0.1380760000000000 0.6400560000000000 0.1717450000000000
vn 5.1353427931511151 -2.0542601311021840 2.4838715167868743
v 0.1551260000000000 0.6541110000000000 0.1494660000000000
vn 5.5596912126383353 -1.1819215574896369 2.4972425352534637
v 0.1659920000000000 0.6718510000000000 0.1359010000000000
vn 5.6446319299525642 -0.1597738946145333 2.6193182450216672
v 0.1708320000000000 0.6941710000000000 0.1309380000000000
vn 5.3892390295449140 1.1801137462262790 2.5446287268071197
v 0.1716710000000000 0.7171570000000000 0.1276880000000000
vn 4.9444272943687251 2.4756558535402782 2.8284976775058670
v 0.1588530000000000 0.7415990000000000 0.1321690000000000
vn 4.1346265610713342 3.1287231566037281 3.2592807694350068
v 0.1416480000000000 0.7580380000000000 0.1449040000000000
vn 0.2142910128056612 2.0046043013710846 1.9359087083153044
v 0.0888700000000000 0.7815830000000000 0.1516440000000000
vn 1.1751993128888456 1.9820385106379850 1.6184566991792080
v 0.1169580000000000 0.7844480000000000 0.1373930000000000
vn -0.6005963239593480 1.7903514646005654 2.2056771089739682
v 0.0635380000000000 0.7632820000000000 0.1626980000000000
vn -1.0848762443191007 1.3131325478173417 2.3135753604076057
v 0.0445780000000000 0.7381970000000000 0.1738110000000000
vn -1.1147196076733055 0.5658581161412446 2.5798062791377339
v 0.0362560000000000 0.7081470000000000 0.1803580000000000
vn -0.8593651650946521 0.2298333503837310 2.5643718913719571
v 0.0375090000000000 0.6765850000000000 0.1862580000000000
vn -0.3710683289549489 -0.9046740767853453 2.5967086713604770
v 0.0511170000000000 0.6511740000000000 0.1910130000000000
vn -0.1957333583989009 -2.1863478346538101 1.7350009079977953
v 0.0713030000000000 0.6344109999999999 0.1731720000000000
vn 0.2737624263602151 -2.5666255450523066 1.3568861852212586
v 0.1009560000000000 0.6251370000000001 0.1573770000000000
vn 1.4885392657010352 -2.5497103077394776 1.0217283816668949
v 0.1317080000000000 0.6253700000000000 0.1445780000000000
vn 2.2031842930496426 -1.5873525486864173 0.7009391533197792
v 0.1546880000000000 0.6396870000000000 0.1212900000000000
vn 2.4808966653946385 -0.9277604836348561 0.8132890733435924
v 0.1723330000000000 0.6610690000000000 0.1076960000000000
vn 2.7334362827872445 -0.2227829739108992 0.9752545824454977
v 0.1815030000000000 0.6880710000000000 0.1018930000000000
vn 2.5010764010617068 0.5059891997109174 0.8731908483447119
v 0.1812750000000000 0.7185550000000001 0.0987250000000000
vn 2.2643134255684805 1.1527973230210367 0.9554051060187716
v 0.1660430000000000 0.7506830000000000 0.1052030000000000
vn 2.0295873473553456 1.7104124972464949 1.3038854520655283
v 0.1432410000000000 0.7733320000000000 0.1226730000000000
vn 4.8639722586440648 -2.3220785074551920 1.1670992411338774
v 0.2233340000000000 0.5781990000000000 0.0832470000000000
vn 3.7946272761245465 -1.6915041490252118 3.0389170017900224
v 0.1946520000000000 0.5834680000000000 0.1529430000000000
vn 3.1403333218149898 -5.0944385012195958 1.3257547785414301
v 0.1732720000000000 0.5364980000000000 0.0832470000000000
vn 3.3192117308969822 -5.0438715824959184 -0.0742630488572485
v 0.1824360000000000 0.5309390000000000 0.0011300000000000
vn 5.2730679730157615 -2.4111630527196040 -0.1929567195828776
v 0.2248260000000000 0.5744530000000000 0.0011300000000000
vn 2.8944841359080820 -4.4611211755295832 -2.9220536335593899
v 0.1536540000000000 0.5475120000000000 -0.1289780000000000
vn 1.5652167337615983 -4.6469765313543618 -3.0801355829497119
v 0.0975480000000000 0.5258150000000000 -0.1446380000000000
vn 1.8629704265319187 -2.8565036659015908 -4.9795031938201584
v 0.1054970000000000 0.5759270000000000 -0.1832770000000000
vn 3.7456918962803236 -2.3108573326807846 -3.5542417361548604
v 0.1800200000000000 0.5822390000000000 -0.1452440000000000
vn 0.0000000000000000 -4.9826456395751455 -3.0406582293618825
v -0.0000000000000000 0.5148710000000000 -0.1514580000000000
vn -0.0000000000000000 -3.0093099304386146 -5.0136901508625655
v -0.0000000000000000 0.5660230000000001 -0.2012410000000000
vn 0.7464183355342249 -2.8184740484706996 -0.8490892347317119
v 0.0975480000000000 0.5064870000000000 -0.0787890000000000
vn 0.0000000000000000 -2.9797254477748298 -0.7594365550404916
v -0.0000000000000000 0.4963500000000000 -0.0787890000000000
vn 1.5428782065202720 -2.2493469063882010 -1.1078908308319915
v 0.1745150000000000 0.5371010000000001 -0.0787890000000000
vn 1.4521158563425924 -5.9750031319852139 -0.0722951940122662
v 0.0975480000000000 0.4976310000000000 0.0011300000000000
vn 0.7515818065851494 -3.0317661062225412 -0.3425824355521036
v 0.0975480000000000 0.5064870000000000 -0.0787890000000000
vn 1.6776915744284273 -2.6126752322847451 -0.3677260694251198
v 0.1745150000000000 0.5371010000000001 -0.0787890000000000
vn 0.0000000000000000 -6.1747240371650927 -0.0807776314040197
v -0.0000000000000000 0.4871720000000000 0.0011300000000000
vn 0.0000000000000000 -3.1278857677464460 -0.3592103952298821
v -0.0000000000000000 0.4963500000000000 -0.0787890000000000
vn 4.2368378736196473 2.7159410101295052 3.3453598905799362
v 0.1450120000000000 0.7885240000000000 0.1379450000000000
vn 4.7921440093606602 2.9987118987843391 1.9549507272326703
v 0.1623410000000000 0.8126900000000000 0.0832500000000000
vn 2.0134242377423179 5.0533599284315311 2.5537555395453166
v 0.0975480000000000 0.8590200000000000 0.0959490000000000
vn 2.1460502176175429 2.8754635780647240 4.2096853901511322
v 0.1007250000000000 0.8063170000000000 0.1698330000000000
vn 1.9324755203011925 5.5541135698346364 -0.0913346709818980
v 0.0975480000000000 0.8838710000000000 0.0011300000000000
vn 0.9756794517748192 4.7548747358821108 0.1846909248932927
v 0.1229010000000000 0.8705330000000000 0.0334760000000000
vn -0.0000000000000001 5.5254865150561363 2.2806956711593176
v -0.0000000000000000 0.8761310000000000 0.1019540000000000
vn 0.0000000000000000 3.4342956699737122 4.3684382962843245
v -0.0000000000000000 0.8277580000000000 0.1792890000000000
vn -0.3220071510595991 -2.6577147814080417 5.0647979434074299
v 0.0159430000000000 0.5840570000000000 0.2423120000000000
vn -0.0842812412287239 -3.8374571738805994 4.9255343919961518
v 0.0154380000000000 0.5752990000000000 0.2330840000000000
vn 0.8181139794001321 -4.1070704455862916 4.5309645178689362
v 0.0358160000000000 0.5728060000000000 0.2285560000000000
vn 1.0034604724231599 -3.0105993983364359 4.0995515736094008
v 0.0377190000000000 0.5795650000000000 0.2399250000000000
vn 1.8676554538528234 2.0862197349716429 5.0410712499242978
v 0.1007250000000000 0.6369650000000000 0.2139300000000000
vn 1.8674428763624780 -1.0411389460599425 4.9999333528223211
v 0.0975480000000000 0.5796640000000000 0.2242310000000000
vn -0.0177100236941215 0.8719932524226546 5.8734260279778079
v 0.0187300000000000 0.6027760000000000 0.2444410000000000
vn 2.1499322940264700 0.3319258688079478 4.9348129837069905
v 0.0503870000000000 0.6008950000000000 0.2411140000000000
vn 1.3998685137604276 2.9193815088602135 5.0460614231218823
v 0.0503450000000000 0.6201830000000000 0.2322730000000000
vn 0.4005973146266335 3.2657185014747006 4.9523734965569606
v 0.0198660000000000 0.6214070000000000 0.2373740000000000
vn 4.6153123516760006 2.0245114338368912 -3.3118727029156751
v 0.1669090000000000 0.7563100000000000 -0.1412820000000000
vn 2.8147521794481487 2.7457919667802191 -3.8079803819810327
v 0.1715650000000000 0.7864520000000000 -0.0935950000000000
vn 3.6422197199761888 0.7695895715988681 -4.2341524962246506
v 0.1948800000000000 0.7126500000000000 -0.1084040000000000
vn 4.6131475924688976 1.1147464199790384 -3.5737800959889521
v 0.1806770000000000 0.7038530000000000 -0.1493630000000000
vn 1.4318290907023363 5.0055664494291667 -2.5254470506426032
v 0.1417010000000000 0.8435690000000000 -0.0480710000000000
vn 4.0520133466763131 3.2015440586206885 -2.6083925129342802
v 0.1504750000000000 0.8074880000000000 -0.1280550000000000
vn -0.0000000000000000 0.7473201031124006 -6.0208063419112294
v -0.0000000000000000 0.7038530000000000 -0.2242570000000000
vn -0.0000000000000001 2.0635771043507334 -5.6502445640328398
v -0.0000000000000000 0.7752070000000000 -0.2080210000000000
vn 2.3486632700072492 2.1466533311456812 -5.0873578440776273
v 0.1023050000000000 0.7707050000000000 -0.1879350000000000
vn 2.3770352804021915 0.8051675743104050 -5.4011439271903239
v 0.1082070000000000 0.7038530000000000 -0.2048230000000000
vn 0.0000000000000000 4.0217903365675296 -3.8912760029648021
v -0.0000000000000000 0.8444300000000000 -0.1719180000000000
vn 2.1885476692971246 3.9747464964717509 -3.6457295956245375
v 0.0975480000000000 0.8298310000000000 -0.1540280000000000
vn -0.0000000000000000 1.3649477542647306 5.8609743677529567
v -0.0000000000000000 0.7563100000000000 0.2040800000000000
vn 0.8253564614763730 0.7926368111756338 3.4407694182388227
v 0.0903370000000000 0.7496410000000000 0.1852000000000000
vn 4.5249015520739491 -0.0945639636933255 -3.6886344081866151
v 0.1900450000000000 0.6426400000000000 -0.1495510000000000
vn 2.5348102735266433 -0.4062557290926545 -2.4043961683676951
v 0.2224030000000000 0.6413640000000000 -0.0801190000000000
vn 2.1306496640698471 -0.9285273205852458 -1.2606237461391485
v 0.2179410000000000 0.5795060000000000 -0.0787890000000000
vn 2.7511599752576199 -1.2385787180842178 -0.3329534296343986
v 0.2179410000000000 0.5795060000000000 -0.0787890000000000
vn 2.6080564566953908 0.2447819120849632 -0.1934339890682435
v 0.2224030000000000 0.6413640000000000 -0.0801190000000000
vn 6.0440511734918863 0.7829619775750869 -0.1750651216555616
v 0.2295580000000000 0.6375870000000000 0.0011480000000000
vn 0.0000000000000001 -0.8527497534694970 -5.9555366120286646
v -0.0000000000000000 0.6426400000000000 -0.2248550000000000
vn 2.1941875536167852 -0.7467352276115082 -5.4727694475024933
v 0.1082070000000000 0.6426400000000000 -0.2058530000000000
vn 3.9166130166942850 1.8921516472405433 3.9349764510854222
v 0.1821280000000000 0.6544430000000000 0.1529670000000000
vn 1.4963051035584605 2.0936830488439950 2.4452997977863777
v 0.1510310000000000 0.6614490000000000 0.1659970000000000
vn 1.6453280585771817 1.6633960027239341 2.6969364889083165
v 0.1273580000000000 0.6541040000000000 0.1875250000000000
vn 2.9991964045785817 1.3893283306676867 1.8596935475077161
v 0.1777060000000000 0.6927630000000000 0.1283050000000000
vn 1.8421329097183332 1.7188748412870318 5.5440880098468455
v 0.0378130000000000 0.6501740000000000 0.2104070000000000
vn 1.4120623700237274 2.7340631166689708 5.0611579868655667
v 0.0289850000000000 0.6583160000000000 0.2093640000000000
vn 1.8847702459075233 3.1100382036005580 3.9088983962817476
v 0.0183830000000000 0.6509620000000000 0.2275740000000000
vn 1.8407224799510660 2.2621871913554252 4.7077612724714504
v 0.0365930000000000 0.6404090000000000 0.2129700000000000
vn 2.5012099411680087 -1.1485122213806873 4.0742791779522349
v 0.0199390000000000 0.6377740000000000 0.2305830000000000
vn 2.0094408284503573 0.4855889902307901 3.8417769444662886
v 0.0209590000000000 0.6328260000000000 0.2232230000000000
vn 1.5163661058089213 -5.9124570570796156 0.9272780674260891
v 0.0975480000000000 0.5047100000000000 0.0832470000000000
vn 1.8263875238484018 -5.4903914411019779 1.9432316047536582
v 0.0975480000000000 0.5188900000000000 0.1444250000000000
vn 0.0000000000000000 -5.8983321076596376 1.7890409002748353
v -0.0000000000000000 0.5070080000000000 0.1487770000000000
vn 0.0000000000000000 -6.1582062684587253 0.8589581730164841
v -0.0000000000000000 0.4942920000000000 0.0832470000000000
vn 2.3096460501163802 5.2862195161599850 -1.7560366572222426
v 0.0975480000000000 0.8671290000000000 -0.0787890000000000
vn 0.0000000000000001 5.6727212813077053 -1.6232347968693517
v -0.0000000000000000 0.8900690000000000 -0.0787890000000000
vn -0.0000000000000001 5.9515545963234224 0.2518692470604831
v -0.0000000000000000 0.8993150000000000 0.0011300000000000
vn 2.7157697913079764 0.8603958846227506 2.0404274421355995
v 0.1547740000000000 0.7512540000000000 0.1418770000000000
vn 5.4653041127857040 1.6396336417681794 2.1013485002756176
v 0.1808740000000000 0.7555610000000000 0.1000290000000000
vn 5.9738137856316964 1.8798155715031319 0.1741662961731090
v 0.2111630000000000 0.6892790000000000 0.0010990000000000
vn 5.6417952098187119 1.6986489403881269 1.9969082383642003
v 0.1895020000000000 0.6979970000000000 0.1001030000000000
vn 5.4496279315615528 1.1286702282582171 1.3883953093583896
v 0.2274860000000000 0.6385610000000000 0.0832520000000000
vn 1.9082549073496544 -4.0501387258690844 3.5645565490131013
v 0.0975480000000000 0.5445630000000000 0.2013540000000000
vn 0.0000000000000000 -4.4413996936946072 3.6915781338857281
v -0.0000000000000000 0.5302220000000000 0.2063170000000000
vn 2.2073980385145417 2.6939016118512686 2.0756919274579810
v 0.1417580000000000 0.8454820000000000 0.0738090000000000
vn 3.0839142407455578 1.5647413009124431 0.4356481570827360
v 0.1637690000000000 0.8172180000000000 0.0602700000000000
vn 5.5775704009247011 2.2637062771120782 -0.0788713661931458
v 0.1950470000000000 0.7548720000000000 0.0221770000000000
vn 2.7157645374971500 0.8465444306250153 -0.1674842079662062
v 0.2003160000000000 0.7235930000000000 -0.0364810000000000
vn -0.3621139029273136 2.2705175871353975 -5.7404926376905072
v 0.2491810000000000 0.8179020000000000 -0.0842790000000000
vn 0.9196134248977960 -0.0649847297640065 -6.0202381224830299
v 0.2907020000000000 0.7562230000000000 -0.0964580000000000
vn -0.9038659793890476 2.9035003621859659 -1.0569411658004531
v 0.1959650000000000 0.8911710000000000 0.0234410000000000
vn -1.3749784865555419 4.5146801838121702 -3.5093406176237520
v 0.2148630000000000 0.8733480000000000 -0.0447030000000000
vn -0.3925281994292882 2.3393266082838489 1.8885440510414795
v 0.1959650000000000 0.8911710000000000 0.0234410000000000
vn -0.2174015720937650 1.1734781971929076 0.8304947254816579
v 0.1229010000000000 0.8705330000000000 0.0334760000000000
vn 0.1931264462321103 1.0231419330411455 1.9861411828093123
v 0.1417580000000000 0.8454820000000000 0.0738090000000000
vn 0.4406614903287638 1.7238381093249200 5.0326815170097650
v 0.2034990000000000 0.8655270000000000 0.0556400000000000
vn 0.5859667972818865 2.5240807061280481 -5.2404296090726650
v 0.3599630000000000 0.8689750000000001 -0.0738450000000000
vn 1.9395915875311811 0.1685735481248853 -5.6490121428162210
v 0.3887210000000000 0.8205670000000000 -0.0779420000000000
vn -0.7225783683002467 2.9425766859091365 -0.7637833314197635
v 0.3082700000000000 0.9173150000000000 0.0200470000000000
vn -0.7162869693034570 4.5823133663253719 -3.2952812714238826
v 0.3272730000000000 0.9063390000000000 -0.0444630000000000
vn -0.7930139852227890 2.2036915188014463 2.3464227688554216
v 0.3996720000000000 0.9351200000000000 0.0166540000000000
vn -0.4965744209588654 2.4675851775597311 1.8519600904248548
v 0.3082700000000000 0.9173150000000000 0.0200470000000000
vn 0.1248086842556966 1.3312391655362590 4.6309417856917117
v 0.3160100000000000 0.8971170000000001 0.0494700000000000
vn 1.4805446511695188 -1.4490567278081758 2.5473760841961592
v 0.2003160000000000 0.7235930000000000 -0.0364810000000000
vn 2.0722444915214537 -2.3851229152472411 5.1950144662016573
v 0.2611300000000000 0.7565880000000000 -0.0533030000000000
vn 2.3393159876697407 -2.8384458469258855 4.9538328621377445
v 0.2107720000000000 0.8379570000000000 0.0453720000000000
vn 1.3061192619735911 -1.1380918209326372 2.7230069512025525
v 0.1637690000000000 0.8172180000000000 0.0602700000000000
vn 1.2884738038517936 -3.1023185662355486 4.0860053703188148
v 0.3389060000000000 0.8494760000000000 -0.0462610000000000
vn 1.8104506839609953 -3.8791428424099346 3.6275202162948013
v 0.3247770000000000 0.8719240000000000 0.0375250000000000
vn 0.5399120420332895 -2.4293539126821444 3.2024385791322194
v 0.4596690000000000 0.8657750000000000 -0.0395310000000000
vn 0.1037607229838622 -0.6699728847896883 4.4495556498628046
v 0.4121280000000000 0.9205449999999999 0.0339970000000000
vn 0.7272078910568074 -1.0005736430007681 2.9084209872382649
v 0.2588370000000000 0.6674340000000000 -0.0834010000000000
vn 0.1538697815262080 -0.7033537116325220 2.8673732026665757
v 0.3484340000000000 0.7176050000000000 -0.0731490000000000
vn -0.1369871572782468 -0.5296811400553616 2.6864580533722626
v 0.4068170000000000 0.7648630000000000 -0.0594810000000000
vn 0.4608257460008144 -0.4177133443859608 1.1293333729174528
v 0.2224030000000000 0.6413640000000000 -0.0801190000000000
vn -0.6586108033254555 2.8287525385848049 -1.7279997338112891
v 0.3996720000000000 0.9351200000000000 0.0166540000000000
vn -0.4621259582736091 3.9713475872106212 -4.6242403293730234
v 0.4219860000000000 0.9148230000000001 -0.0196440000000000
vn 0.3859461317974821 1.0402442385929478 -3.8755626837686998
v 0.4596690000000000 0.8657750000000000 -0.0395310000000000
vn 1.0613751155059101 -0.4252277509268513 -2.5126893411829299
v 0.4068170000000000 0.7648630000000000 -0.0594810000000000
vn 0.8451646775338810 -0.4508092613543155 -2.8402076115820916
v 0.3484340000000000 0.7176050000000000 -0.0731490000000000
vn 0.6342488772414993 -0.8499604502036902 -3.1198260945787277
v 0.2588370000000000 0.6674340000000000 -0.0834010000000000
vn -0.2304454031248195 2.0189365686694893 -5.2915381713569545
v 0.5283200000000000 0.9332100000000000 -0.0409400000000000
vn -0.2125443020436833 0.3228478926557556 -3.0802065098959641
v 0.5565740000000000 0.8774980000000000 -0.0487290000000000
vn -1.0360705849525755 1.8725835493972940 -2.2138428959455259
v 0.4939590000000000 1.0031950000000001 0.0232200000000000
vn -0.8094761034249440 3.6080303566529248 -4.4351610469221789
v 0.5082140000000001 0.9782100000000000 -0.0045850000000000
vn -0.1552401500057164 -0.0262084952116397 4.6100664244743914
v 0.5052040000000000 0.9813700000000000 0.0454290000000000
vn -1.2433998023968789 1.6504355421619024 2.2514650135367011
v 0.4939590000000000 1.0031950000000001 0.0232200000000000
vn 1.6775910819657676 -3.4090918916306272 4.2892633124139738
v 0.5193080000000000 0.9528510000000000 0.0195770000000000
vn 1.1002635153777796 -3.5721671659916794 4.4635892090087843
v 0.5369060000000000 0.9156450000000000 -0.0179330000000000
vn 0.3847034784841140 -1.7962987405631523 2.4707824754380798
v 0.5565740000000000 0.8774980000000000 -0.0487290000000000
vn -0.8158114918509326 1.9610590171921394 -2.1804757064342084
v 0.5555070000000000 1.0389200000000001 0.0284270000000000
vn 0.9012977274117666 0.6605843960658478 -4.3622992397742202
v 0.5649110000000001 1.0224390000000001 0.0100860000000000
vn 0.2599553565968012 0.3066970740062641 4.6150014767338128
v 0.5629250000000000 1.0245230000000001 0.0430770000000000
vn -1.0578732247840950 1.7576893533268574 2.2629781801410891
v 0.5555070000000000 1.0389200000000001 0.0284270000000000
vn 1.3047380369084576 -1.4716750287816729 2.3353329816945507
v 0.5722290000000000 1.0057110000000000 0.0260240000000000
vn 0.5803919300629834 0.4658129826129580 0.2223908204618937
v 0.5193080000000000 0.9528510000000000 0.0195770000000000
vn 1.7196181525449936 -1.3118180533736932 -2.1664109698305554
v 0.5722290000000000 1.0057110000000000 0.0260240000000000
vn 0.3994422357598429 -1.7360649517500315 2.4056661421968082
v 0.6329110000000000 0.8889550000000001 -0.0508820000000000
vn 0.3827095773472770 -1.8001204776613342 2.4743066216719161
v 0.6199370000000000 0.9141190000000000 -0.0305680000000000
vn 0.2755665935611480 2.8637478774759657 -1.2777243004743066
v 0.6142730000000000 0.9257050000000000 -0.0457440000000000
vn -0.0786627666863033 0.3749646765396847 -2.9673183259180655
v 0.6329110000000000 0.8889550000000001 -0.0508820000000000
vn 0.7032017127723019 0.2996242692202104 -0.0336751973833861
v 0.5369060000000000 0.9156450000000000 -0.0179330000000000
vn 0.4142654338299218 2.5171349944928836 1.7670812176856101
v 0.6199370000000000 0.9141190000000000 -0.0305680000000000
vn -0.4305945702003609 3.8997961955311968 -0.1609183197578447
v 0.5991120000000000 0.9927820000000001 -0.0067770000000000
vn 0.8587100623996426 -0.2362641589516086 -4.4129381004737516
v 0.6123750000000000 0.9630980000000000 -0.0307580000000000
vn -0.1311357215311054 2.0998838487654368 2.2640384109613541
v 0.6064300000000000 0.9760540000000000 0.0091620000000000
vn 0.8534144172563785 -1.8597683787436636 2.2449775105502825
v 0.6180390000000000 0.9515120000000000 -0.0155820000000000
vn 0.8454612258637945 -1.8721335168700246 2.2535311591040861
v 0.6064300000000000 0.9760540000000000 0.0091620000000000
vn 1.1431038126835822 -2.0523816823961423 -1.9935051507170194
v 0.6180390000000000 0.9515120000000000 -0.0155820000000000
vn 0.1039121090757002 0.1114429403002202 -0.4731939116117534
v 0.6211150000000000 1.0668899999999999 0.0328970000000000
vn 0.0705796658314892 0.0210762101662854 0.4911558497887395
v 0.6211150000000000 1.0668899999999999 0.0328970000000000
vn 0.0619424766039027 -0.2359608662630957 0.3318578778233519
v 0.7041470000000000 0.9104020000000000 -0.0489290000000000
vn 0.0286027527489990 0.2384704977370000 -0.3386719705826580
v 0.7041470000000000 0.9104020000000000 -0.0489290000000000
vn 0.0664669037180494 0.2996395810246077 -0.2986009517391518
v 0.6947910000000000 0.9967440000000000 -0.0110070000000000
vn 0.1247864424866035 -0.2419366404551332 0.2985069043354689
v 0.6947910000000000 0.9967440000000000 -0.0110070000000000
vn 0.0000000000000000 0.3438260225653129 6.1040325733392384
v -0.0000000000000000 0.7190160000000000 0.2081590000000000
vn 0.6990048631571576 0.4291370662096694 3.5663218915481734
v 0.0690720000000000 0.7240780000000000 0.1939550000000000
vn 1.8971523732535953 0.9144273051663863 2.8115952397663735
v 0.1231960000000000 0.7615780000000000 0.1707440000000000
vn 2.3023472402055614 0.5227821467570193 1.4941734229790136
v 0.1703600000000000 0.7329700000000000 0.1241340000000000
vn 2.2861629781774546 0.3282060643675759 1.1177825146895044
v 0.1777060000000000 0.7105470000000000 0.1205440000000000
vn 0.4969156154641193 4.3917656332678057 4.1934153843172020
v 0.0108230000000000 0.6578460000000000 0.2157880000000000
vn 4.8367164977711923 0.7485311448040670 1.7356573030543632
v 0.1858240000000000 0.7244640000000000 0.1034470000000000
vn 0.8320716967543745 1.8045568257541205 3.0846011746921946
v 0.1007250000000000 0.6569670000000000 0.1995460000000000
vn -0.0000000000000001 -1.7569853637684221 5.6069238626910360
v -0.0000000000000000 0.5896410000000000 0.2423910000000000
vn 0.0000000000000001 -3.8964407039709927 4.5810799836283831
v -0.0000000000000000 0.5842800000000000 0.2368990000000000
vn 2.2437268026265365 0.4703582452323596 5.6503012185347696
v 0.0693250000000000 0.6027820000000000 0.2245240000000000
vn 1.8267572457447652 -0.2731983072620470 5.7315782549096976
v 0.0676090000000000 0.5920320000000000 0.2252780000000000
vn 1.6669464740421738 -1.1494560520051658 5.6119921083733182
v 0.0581700000000000 0.5816800000000000 0.2268120000000000
vn 0.5173774649370706 1.3835936167069331 4.8027661593108766
v 0.0563140000000000 0.6792319999999999 0.2026360000000000
vn 0.4510587731568875 0.5258975872542723 2.8584084338521438
v 0.0744840000000000 0.6726890000000000 0.2008240000000000
vn -0.0000000000000001 1.4156322220042321 6.0449236717292196
v -0.0000000000000000 0.6751040000000000 0.2085480000000000
vn 0.0000000000000000 4.0617895725912136 3.7632250831282832
v -0.0000000000000000 0.6552789999999999 0.2163200000000000
vn 0.0000000000000000 2.7125806695638306 4.4790660997795086
v -0.0000000000000000 0.6483030000000000 0.2331900000000000
vn 0.0000000000000000 -0.9078429516263244 5.7710334362982927
v -0.0000000000000000 0.6353770000000000 0.2342530000000000
vn 0.0000000000000001 1.2039448400705921 5.4928678427881028
v -0.0000000000000000 0.6284430000000000 0.2315690000000000
vn -0.0000000000000000 2.5722276110318534 5.6176776753938169
v -0.0000000000000000 0.6218580000000000 0.2363490000000000
vn 0.0000000000000000 1.4710329929608092 6.0488751869014212
v -0.0000000000000000 0.6075890000000000 0.2395400000000000
vn 2.9543722720934449 -1.4074026325975542 1.0078458389867448
v 0.0625000000000000 0.6865780000000000 0.1990770000000000
vn 1.0239659886729022 0.5664061965400060 0.6173928369796869
v 0.0563140000000000 0.6792319999999999 0.2026360000000000
vn 1.1243840647878149 0.2380894406023919 2.3512999129635737
v 0.1050300000000000 0.7041650000000000 0.0989650000000000
vn 2.4100215474701332 -0.8073823993067047 1.0815555376494941
v 0.0690720000000000 0.7240780000000000 0.1939550000000000
vn 1.7797062503147716 -1.7006817798250795 1.2000861431576526
v 0.0903370000000000 0.7496410000000000 0.1852000000000000
vn 0.9842211987681923 -1.9290967145022422 1.2939142001545592
v 0.1231960000000000 0.7615780000000000 0.1707440000000000
vn 0.4434361894474500 -2.0995442070531993 1.7898757307525632
v 0.1547740000000000 0.7512540000000000 0.1418770000000000
vn 0.3505685079511195 -2.5034579933468510 1.9551617813146864
v 0.1703600000000000 0.7329700000000000 0.1241340000000000
vn -0.0498685836559912 -0.0571439276215463 1.1577525512476399
v 0.1858240000000000 0.7244640000000000 0.1034470000000000
vn -0.8779908685461623 2.0200376431942884 2.3595618019182973
v 0.1777060000000000 0.7105470000000000 0.1205440000000000
vn -0.5408022640339472 1.6648521933325182 1.9865708946594596
v 0.1777060000000000 0.6927630000000000 0.1283050000000000
vn 0.1460479707636297 2.3985455727181364 1.4282420333740662
v 0.1510310000000000 0.6614490000000000 0.1659970000000000
vn 0.6224004057995163 2.3569075882413384 1.1753861169180002
v 0.1273580000000000 0.6541040000000000 0.1875250000000000
vn 1.0309331057592419 2.1484672788853612 1.0523013854418326
v 0.1007250000000000 0.6569670000000000 0.1995460000000000
vn 1.3353089681628816 2.6970889241625553 1.2338813332002490
v 0.0744840000000000 0.6726890000000000 0.2008240000000000
vn 0.2971294407683752 0.4876278404580020 2.5515396356708417
v 0.0625000000000000 0.6865780000000000 0.1990770000000000
vn -2.6194877530126854 1.0352928017739347 5.3909299533328934
v -0.1237790000000000 0.7038850000000000 0.1844950000000000
vn -1.7218511006671153 2.0848142310179161 5.3636514209889086
v -0.1130710000000000 0.7381140000000000 0.1803240000000000
vn -3.1013701283747617 2.4182725670238896 4.7595624145821249
v -0.1246350000000000 0.7390949999999999 0.1734010000000000
vn -0.8546389077080705 1.6565488409411648 5.9867013118532260
v -0.1011770000000000 0.7307360000000001 0.1834800000000000
vn -0.8098664808032008 1.3268447400010412 6.0440292177646056
v -0.0937880000000000 0.7194560000000000 0.1879050000000000
vn -0.3528836750450698 1.2227219834132235 6.0920548766850890
v -0.0895310000000000 0.7070419999999999 0.1909150000000000
vn -0.3561006510802109 1.1644969726712231 6.1174860103905235
v -0.0910820000000000 0.6941050000000000 0.1931670000000000
vn -0.7941415826073490 0.6598749981105589 6.0753521593284319
v -0.0970330000000000 0.6826020000000000 0.1949890000000000
vn -1.6397165750603713 -0.2912507414201772 5.8996676913985766
v -0.1067740000000000 0.6724360000000000 0.1934800000000000
vn -2.4359667246763270 -0.6313026078926113 5.6672707518447600
v -0.1187900000000000 0.6689970000000000 0.1884620000000000
vn -3.4668003842382356 -0.5989904219404791 4.9098049880820778
v -0.1339340000000000 0.6690450000000000 0.1812830000000000
vn -4.3099389471092637 -0.4535504869514382 4.2333906834254664
v -0.1443910000000000 0.6780700000000000 0.1729970000000000
vn -4.6053600745575842 0.1167233873514964 3.8769276998279780
v -0.1502690000000000 0.6873150000000000 0.1671230000000000
vn -4.6903306931777022 0.8964921674312687 3.9211342110214602
v -0.1521810000000000 0.7002810000000000 0.1619590000000000
vn -4.4511585182472375 1.4786284610526910 4.0217099089434516
v -0.1507170000000000 0.7129200000000000 0.1600970000000000
vn -4.4107547262291913 1.7858007611427729 4.0408254595019635
v -0.1445680000000000 0.7252900000000000 0.1609170000000000
vn -3.9265694413386831 1.9752692089201740 4.2866265502401646
v -0.1347450000000000 0.7350080000000000 0.1677900000000000
vn -0.9774739556793690 3.7548565058383585 4.4663661083003010
v -0.1014500000000000 0.7644050000000000 0.1687540000000000
vn -2.8186970499221702 3.8121485743245667 3.8397810906612624
v -0.1229830000000000 0.7659310000000000 0.1558030000000000
vn 0.3822162812261011 3.2340675806935146 5.1187910854126475
v -0.0814910000000000 0.7503890000000000 0.1783840000000000
vn 0.9601827178339835 1.9334304637126796 5.2901940405169414
v -0.0659810000000000 0.7315340000000000 0.1880850000000000
vn 1.3168094777763484 0.8792303246604413 5.9965869301534243
v -0.0586400000000000 0.7081300000000000 0.1891780000000000
vn 1.2321781614095320 0.7059338048631643 6.0501308359376651
v -0.0615310000000000 0.6810810000000000 0.1935690000000000
vn 0.6484011492141497 -1.1205472542665957 5.5173902238019341
v -0.0702350000000000 0.6611880000000000 0.1974850000000000
vn -0.0282167688892649 -2.8141144668211031 4.5222031541624927
v -0.0883780000000000 0.6465300000000000 0.1937400000000000
vn -1.3311310939822492 -3.4568291888641172 4.1318371993034386
v -0.1122950000000000 0.6402620000000000 0.1839380000000000
vn -2.9922190823955530 -2.7729353215550820 3.0508220234424415
v -0.1380760000000000 0.6400560000000000 0.1717450000000000
vn -5.1353427931511151 -2.0542601311021840 2.4838715167868743
v -0.1551260000000000 0.6541110000000000 0.1494660000000000
vn -5.5596912126383353 -1.1819215574896367 2.4972425352534637
v -0.1659920000000000 0.6718510000000000 0.1359010000000000
vn -5.6446319299525642 -0.1597738946145333 2.6193182450216668
v -0.1708320000000000 0.6941710000000000 0.1309380000000000
vn -5.3892390295449140 1.1801137462262790 2.5446287268071197
v -0.1716710000000000 0.7171570000000000 0.1276880000000000
vn -4.9444272943687242 2.4756558535402777 2.8284976775058670
v -0.1588530000000000 0.7415990000000000 0.1321690000000000
vn -4.1346265610713351 3.1287231566037281 3.2592807694350072
v -0.1416480000000000 0.7580380000000000 0.1449040000000000
vn -0.2142910128056613 2.0046043013710846 1.9359087083153044
v -0.0888700000000000 0.7815830000000000 0.1516440000000000
vn -1.1751993128888456 1.9820385106379850 1.6184566991792080
v -0.1169580000000000 0.7844480000000000 0.1373930000000000
vn 0.6005963239593480 1.7903514646005654 2.2056771089739682
v -0.0635380000000000 0.7632820000000000 0.1626980000000000
vn 1.0848762443191007 1.3131325478173417 2.3135753604076057
v -0.0445780000000000 0.7381970000000000 0.1738110000000000
vn 1.1147196076733055 0.5658581161412445 2.5798062791377339
v -0.0362560000000000 0.7081470000000000 0.1803580000000000
vn 0.8593651650946521 0.2298333503837310 2.5643718913719575
v -0.0375090000000000 0.6765850000000000 0.1862580000000000
vn 0.3710683289549490 -0.9046740767853453 2.5967086713604770
v -0.0511170000000000 0.6511740000000000 0.1910130000000000
vn 0.1957333583989009 -2.1863478346538097 1.7350009079977953
v -0.0713030000000000 0.6344109999999999 0.1731720000000000
vn -0.2737624263602150 -2.5666255450523057 1.3568861852212588
v -0.1009560000000000 0.6251370000000001 0.1573770000000000
vn -1.4885392657010355 -2.5497103077394776 1.0217283816668949
v -0.1317080000000000 0.6253700000000000 0.1445780000000000
vn -2.2031842930496426 -1.5873525486864173 0.7009391533197792
v -0.1546880000000000 0.6396870000000000 0.1212900000000000
vn -2.4808966653946385 -0.9277604836348561 0.8132890733435922
v -0.1723330000000000 0.6610690000000000 0.1076960000000000
vn -2.7334362827872445 -0.2227829739108992 0.9752545824454976
v -0.1815030000000000 0.6880710000000000 0.1018930000000000
vn -2.5010764010617068 0.5059891997109174 0.8731908483447119
v -0.1812750000000000 0.7185550000000001 0.0987250000000000
vn -2.2643134255684805 1.1527973230210367 0.9554051060187716
v -0.1660430000000000 0.7506830000000000 0.1052030000000000
vn -2.0295873473553456 1.7104124972464949 1.3038854520655283
v -0.1432410000000000 0.7733320000000000 0.1226730000000000
vn -4.8639722586440648 -2.3220785074551924 1.1670992411338774
v -0.2233340000000000 0.5781990000000000 0.0832470000000000
vn -3.1403333218149898 -5.0944385012195958 1.3257547785414301
v -0.1732720000000000 0.5364980000000000 0.0832470000000000
vn -3.7946272761245465 -1.6915041490252118 3.0389170017900224
v -0.1946520000000000 0.5834680000000000 0.1529430000000000
vn -3.3192117308969822 -5.0438715824959184 -0.0742630488572485
v -0.1824360000000000 0.5309390000000000 0.0011300000000000
vn -5.2730679730157615 -2.4111630527196040 -0.1929567195828776
v -0.2248260000000000 0.5744530000000000 0.0011300000000000
vn -2.8944841359080815 -4.4611211755295832 -2.9220536335593899
v -0.1536540000000000 0.5475120000000000 -0.1289780000000000
vn -3.7456918962803232 -2.3108573326807846 -3.5542417361548604
v -0.1800200000000000 0.5822390000000000 -0.1452440000000000
vn -1.8629704265319187 -2.8565036659015912 -4.9795031938201584
v -0.1054970000000000 0.5759270000000000 -0.1832770000000000
vn -1.5652167337615985 -4.6469765313543618 -3.0801355829497119
v -0.0975480000000000 0.5258150000000000 -0.1446380000000000
vn -0.7464183355342250 -2.8184740484706996 -0.8490892347317121
v -0.0975480000000000 0.5064870000000000 -0.0787890000000000
vn -1.5428782065202720 -2.2493469063882010 -1.1078908308319915
v -0.1745150000000000 0.5371010000000001 -0.0787890000000000
vn -1.6776915744284273 -2.6126752322847451 -0.3677260694251198
v -0.1745150000000000 0.5371010000000001 -0.0787890000000000
vn -0.7515818065851495 -3.0317661062225412 -0.3425824355521036
v -0.0975480000000000 0.5064870000000000 -0.0787890000000000
vn -1.4521158563425922 -5.9750031319852139 -0.0722951940122663
v -0.0975480000000000 0.4976310000000000 0.0011300000000000
vn -4.2368378736196481 2.7159410101295052 3.3453598905799362
v -0.1450120000000000 0.7885240000000000 0.1379450000000000
vn -2.1460502176175429 2.8754635780647240 4.2096853901511322
v -0.1007250000000000 0.8063170000000000 0.1698330000000000
vn -2.0134242377423175 5.0533599284315311 2.5537555395453166
v -0.0975480000000000 0.8590200000000000 0.0959490000000000
vn -4.7921440093606602 2.9987118987843391 1.9549507272326698
v -0.1623410000000000 0.8126900000000000 0.0832500000000000
vn -1.9324755203011927 5.5541135698346364 -0.0913346709818980
v -0.0975480000000000 0.8838710000000000 0.0011300000000000
vn -0.9756794517748193 4.7548747358821108 0.1846909248932927
v -0.1229010000000000 0.8705330000000000 0.0334760000000000
vn 0.3220071510595990 -2.6577147814080417 5.0647979434074299
v -0.0159430000000000 0.5840570000000000 0.2423120000000000
vn -1.0034604724231599 -3.0105993983364359 4.0995515736094008
v -0.0377190000000000 0.5795650000000000 0.2399250000000000
vn -0.8181139794001321 -4.1070704455862916 4.5309645178689362
v -0.0358160000000000 0.5728060000000000 0.2285560000000000
vn 0.0842812412287240 -3.8374571738806003 4.9255343919961518
v -0.0154380000000000 0.5752990000000000 0.2330840000000000
vn -1.8674428763624782 -1.0411389460599425 4.9999333528223202
v -0.0975480000000000 0.5796640000000000 0.2242310000000000
vn -1.8676554538528234 2.0862197349716434 5.0410712499242978
v -0.1007250000000000 0.6369650000000000 0.2139300000000000
vn 0.0177100236941214 0.8719932524226544 5.8734260279778079
v -0.0187300000000000 0.6027760000000000 0.2444410000000000
vn -0.4005973146266333 3.2657185014747001 4.9523734965569606
v -0.0198660000000000 0.6214070000000000 0.2373740000000000
vn -1.3998685137604276 2.9193815088602131 5.0460614231218823
v -0.0503450000000000 0.6201830000000000 0.2322730000000000
vn -2.1499322940264696 0.3319258688079478 4.9348129837069896
v -0.0503870000000000 0.6008950000000000 0.2411140000000000
vn -4.6153123516760006 2.0245114338368912 -3.3118727029156751
v -0.1669090000000000 0.7563100000000000 -0.1412820000000000
vn -4.6131475924688976 1.1147464199790382 -3.5737800959889521
v -0.1806770000000000 0.7038530000000000 -0.1493630000000000
vn -3.6422197199761888 0.7695895715988679 -4.2341524962246506
v -0.1948800000000000 0.7126500000000000 -0.1084040000000000
vn -2.8147521794481491 2.7457919667802191 -3.8079803819810327
v -0.1715650000000000 0.7864520000000000 -0.0935950000000000
vn -1.4318290907023363 5.0055664494291667 -2.5254470506426023
v -0.1417010000000000 0.8435690000000000 -0.0480710000000000
vn -4.0520133466763131 3.2015440586206889 -2.6083925129342802
v -0.1504750000000000 0.8074880000000000 -0.1280550000000000
vn -2.3770352804021915 0.8051675743104050 -5.4011439271903239
v -0.1082070000000000 0.7038530000000000 -0.2048230000000000
vn -2.3486632700072492 2.1466533311456817 -5.0873578440776273
v -0.1023050000000000 0.7707050000000000 -0.1879350000000000
vn -2.1885476692971246 3.9747464964717509 -3.6457295956245375
v -0.0975480000000000 0.8298310000000000 -0.1540280000000000
vn -0.8253564614763731 0.7926368111756338 3.4407694182388227
v -0.0903370000000000 0.7496410000000000 0.1852000000000000
vn -2.1306496640698471 -0.9285273205852458 -1.2606237461391485
v -0.2179410000000000 0.5795060000000000 -0.0787890000000000
vn -2.5348102735266433 -0.4062557290926544 -2.4043961683676951
v -0.2224030000000000 0.6413640000000000 -0.0801190000000000
vn -4.5249015520739482 -0.0945639636933256 -3.6886344081866151
v -0.1900450000000000 0.6426400000000000 -0.1495510000000000
vn -6.0440511734918863 0.7829619775750868 -0.1750651216555615
v -0.2295580000000000 0.6375870000000000 0.0011480000000000
vn -2.6080564566953908 0.2447819120849632 -0.1934339890682435
v -0.2224030000000000 0.6413640000000000 -0.0801190000000000
vn -2.7511599752576199 -1.2385787180842178 -0.3329534296343986
v -0.2179410000000000 0.5795060000000000 -0.0787890000000000
vn -2.1941875536167852 -0.7467352276115085 -5.4727694475024951
v -0.1082070000000000 0.6426400000000000 -0.2058530000000000
vn -3.9166130166942850 1.8921516472405433 3.9349764510854222
v -0.1821280000000000 0.6544430000000000 0.1529670000000000
vn -1.6453280585771819 1.6633960027239345 2.6969364889083169
v -0.1273580000000000 0.6541040000000000 0.1875250000000000
vn -1.4963051035584605 2.0936830488439946 2.4452997977863782
v -0.1510310000000000 0.6614490000000000 0.1659970000000000
vn -2.9991964045785817 1.3893283306676869 1.8596935475077163
v -0.1777060000000000 0.6927630000000000 0.1283050000000000
vn -1.8421329097183332 1.7188748412870323 5.5440880098468455
v -0.0378130000000000 0.6501740000000000 0.2104070000000000
vn -1.8847702459075235 3.1100382036005580 3.9088983962817476
v -0.0183830000000000 0.6509620000000000 0.2275740000000000
vn -1.4120623700237274 2.7340631166689708 5.0611579868655667
v -0.0289850000000000 0.6583160000000000 0.2093640000000000
vn -1.8407224799510660 2.2621871913554248 4.7077612724714495
v -0.0365930000000000 0.6404090000000000 0.2129700000000000
vn -2.0094408284503573 0.4855889902307902 3.8417769444662886
v -0.0209590000000000 0.6328260000000000 0.2232230000000000
vn -2.5012099411680087 -1.1485122213806873 4.0742791779522340
v -0.0199390000000000 0.6377740000000000 0.2305830000000000
vn -1.5163661058089213 -5.9124570570796156 0.9272780674260891
v -0.0975480000000000 0.5047100000000000 0.0832470000000000
vn -1.8263875238484015 -5.4903914411019779 1.9432316047536582
v -0.0975480000000000 0.5188900000000000 0.1444250000000000
vn -2.3096460501163802 5.2862195161599850 -1.7560366572222426
v -0.0975480000000000 0.8671290000000000 -0.0787890000000000
vn -5.4653041127857040 1.6396336417681796 2.1013485002756176
v -0.1808740000000000 0.7555610000000000 0.1000290000000000
vn -2.7157697913079764 0.8603958846227507 2.0404274421355995
v -0.1547740000000000 0.7512540000000000 0.1418770000000000
vn -5.9738137856316964 1.8798155715031319 0.1741662961731090
v -0.2111630000000000 0.6892790000000000 0.0010990000000000
vn -5.4496279315615537 1.1286702282582171 1.3883953093583901
v -0.2274860000000000 0.6385610000000000 0.0832520000000000
vn -5.6417952098187119 1.6986489403881271 1.9969082383642003
v -0.1895020000000000 0.6979970000000000 0.1001030000000000
vn -1.9082549073496542 -4.0501387258690844 3.5645565490131013
v -0.0975480000000000 0.5445630000000000 0.2013540000000000
vn -2.2073980385145413 2.6939016118512682 2.0756919274579815
v -0.1417580000000000 0.8454820000000000 0.0738090000000000
vn -3.0839142407455578 1.5647413009124431 0.4356481570827359
v -0.1637690000000000 0.8172180000000000 0.0602700000000000
vn -2.7157645374971504 0.8465444306250152 -0.1674842079662061
v -0.2003160000000000 0.7235930000000000 -0.0364810000000000
vn -5.5775704009247011 2.2637062771120782 -0.0788713661931458
v -0.1950470000000000 0.7548720000000000 0.0221770000000000
vn 0.3621139029273137 2.2705175871353980 -5.7404926376905081
v -0.2491810000000000 0.8179020000000000 -0.0842790000000000
vn -0.9196134248977961 -0.0649847297640065 -6.0202381224830299
v -0.2907020000000000 0.7562230000000000 -0.0964580000000000
vn 0.9038659793890476 2.9035003621859659 -1.0569411658004528
v -0.1959650000000000 0.8911710000000000 0.0234410000000000
vn 1.3749784865555421 4.5146801838121702 -3.5093406176237520
v -0.2148630000000000 0.8733480000000000 -0.0447030000000000
vn 0.3925281994292884 2.3393266082838489 1.8885440510414790
v -0.1959650000000000 0.8911710000000000 0.0234410000000000
vn -0.4406614903287634 1.7238381093249204 5.0326815170097641
v -0.2034990000000000 0.8655270000000000 0.0556400000000000
vn -0.1931264462321102 1.0231419330411458 1.9861411828093121
v -0.1417580000000000 0.8454820000000000 0.0738090000000000
vn 0.2174015720937650 1.1734781971929076 0.8304947254816578
v -0.1229010000000000 0.8705330000000000 0.0334760000000000
vn -0.5859667972818865 2.5240807061280481 -5.2404296090726650
v -0.3599630000000000 0.8689750000000001 -0.0738450000000000
vn -1.9395915875311813 0.1685735481248852 -5.6490121428162210
v -0.3887210000000000 0.8205670000000000 -0.0779420000000000
vn 0.7225783683002468 2.9425766859091365 -0.7637833314197635
v -0.3082700000000000 0.9173150000000000 0.0200470000000000
vn 0.7162869693034571 4.5823133663253710 -3.2952812714238826
v -0.3272730000000000 0.9063390000000000 -0.0444630000000000
vn 0.7930139852227890 2.2036915188014463 2.3464227688554216
v -0.3996720000000000 0.9351200000000000 0.0166540000000000
vn -0.1248086842556965 1.3312391655362592 4.6309417856917117
v -0.3160100000000000 0.8971170000000001 0.0494700000000000
vn 0.4965744209588655 2.4675851775597315 1.8519600904248545
v -0.3082700000000000 0.9173150000000000 0.0200470000000000
vn -1.4805446511695188 -1.4490567278081758 2.5473760841961588
v -0.2003160000000000 0.7235930000000000 -0.0364810000000000
vn -1.3061192619735911 -1.1380918209326374 2.7230069512025525
v -0.1637690000000000 0.8172180000000000 0.0602700000000000
vn -2.3393159876697407 -2.8384458469258851 4.9538328621377437
v -0.2107720000000000 0.8379570000000000 0.0453720000000000
vn -2.0722444915214537 -2.3851229152472406 5.1950144662016573
v -0.2611300000000000 0.7565880000000000 -0.0533030000000000
vn -1.8104506839609955 -3.8791428424099337 3.6275202162948013
v -0.3247770000000000 0.8719240000000000 0.0375250000000000
vn -1.2884738038517936 -3.1023185662355486 4.0860053703188148
v -0.3389060000000000 0.8494760000000000 -0.0462610000000000
vn -0.5399120420332895 -2.4293539126821444 3.2024385791322194
v -0.4596690000000000 0.8657750000000000 -0.0395310000000000
vn -0.1037607229838622 -0.6699728847896885 4.4495556498628055
v -0.4121280000000000 0.9205449999999999 0.0339970000000000
vn -0.7272078910568075 -1.0005736430007681 2.9084209872382649
v -0.2588370000000000 0.6674340000000000 -0.0834010000000000
vn -0.1538697815262080 -0.7033537116325221 2.8673732026665761
v -0.3484340000000000 0.7176050000000000 -0.0731490000000000
vn 0.1369871572782468 -0.5296811400553616 2.6864580533722626
v -0.4068170000000000 0.7648630000000000 -0.0594810000000000
vn -0.4608257460008144 -0.4177133443859609 1.1293333729174528
v -0.2224030000000000 0.6413640000000000 -0.0801190000000000
vn 0.6586108033254556 2.8287525385848049 -1.7279997338112889
v -0.3996720000000000 0.9351200000000000 0.0166540000000000
vn 0.4621259582736091 3.9713475872106212 -4.6242403293730234
v -0.4219860000000000 0.9148230000000001 -0.0196440000000000
vn -0.3859461317974821 1.0402442385929476 -3.8755626837686994
v -0.4596690000000000 0.8657750000000000 -0.0395310000000000
vn -1.0613751155059101 -0.4252277509268513 -2.5126893411829299
v -0.4068170000000000 0.7648630000000000 -0.0594810000000000
vn -0.8451646775338811 -0.4508092613543155 -2.8402076115820916
v -0.3484340000000000 0.7176050000000000 -0.0731490000000000
vn -0.6342488772414993 -0.8499604502036902 -3.1198260945787277
v -0.2588370000000000 0.6674340000000000 -0.0834010000000000
vn 0.2125443020436833 0.3228478926557556 -3.0802065098959641
v -0.5565740000000000 0.8774980000000000 -0.0487290000000000
vn 0.2304454031248196 2.0189365686694893 -5.2915381713569545
v -0.5283200000000000 0.9332100000000000 -0.0409400000000000
vn 0.8094761034249440 3.6080303566529248 -4.4351610469221798
v -0.5082140000000001 0.9782100000000000 -0.0045850000000000
vn 1.0360705849525755 1.8725835493972940 -2.2138428959455263
v -0.4939590000000000 1.0031950000000001 0.0232200000000000
vn 1.2433998023968789 1.6504355421619026 2.2514650135367011
v -0.4939590000000000 1.0031950000000001 0.0232200000000000
vn 0.1552401500057166 -0.0262084952116395 4.6100664244743914
v -0.5052040000000000 0.9813700000000000 0.0454290000000000
vn -1.6775910819657678 -3.4090918916306272 4.2892633124139738
v -0.5193080000000000 0.9528510000000000 0.0195770000000000
vn -1.1002635153777800 -3.5721671659916794 4.4635892090087843
v -0.5369060000000000 0.9156450000000000 -0.0179330000000000
vn -0.3847034784841140 -1.7962987405631523 2.4707824754380803
v -0.5565740000000000 0.8774980000000000 -0.0487290000000000
vn -0.9012977274117664 0.6605843960658481 -4.3622992397742211
v -0.5649110000000001 1.0224390000000001 0.0100860000000000
vn 0.8158114918509327 1.9610590171921394 -2.1804757064342084
v -0.5555070000000000 1.0389200000000001 0.0284270000000000
vn 1.0578732247840952 1.7576893533268578 2.2629781801410891
v -0.5555070000000000 1.0389200000000001 0.0284270000000000
vn -0.2599553565968010 0.3066970740062646 4.6150014767338128
v -0.5629250000000000 1.0245230000000001 0.0430770000000000
vn -1.3047380369084576 -1.4716750287816729 2.3353329816945507
v -0.5722290000000000 1.0057110000000000 0.0260240000000000
vn -0.5803919300629834 0.4658129826129580 0.2223908204618937
v -0.5193080000000000 0.9528510000000000 0.0195770000000000
vn -1.7196181525449934 -1.3118180533736932 -2.1664109698305554
v -0.5722290000000000 1.0057110000000000 0.0260240000000000
vn -0.3827095773472770 -1.8001204776613338 2.4743066216719165
v -0.6199370000000000 0.9141190000000000 -0.0305680000000000
vn -0.3994422357598428 -1.7360649517500313 2.4056661421968082
v -0.6329110000000000 0.8889550000000001 -0.0508820000000000
vn 0.0786627666863033 0.3749646765396847 -2.9673183259180655
v -0.6329110000000000 0.8889550000000001 -0.0508820000000000
vn -0.2755665935611480 2.8637478774759657 -1.2777243004743066
v -0.6142730000000000 0.9257050000000000 -0.0457440000000000
vn -0.4142654338299219 2.5171349944928831 1.7670812176856101
v -0.6199370000000000 0.9141190000000000 -0.0305680000000000
vn -0.7032017127723018 0.2996242692202107 -0.0336751973833862
v -0.5369060000000000 0.9156450000000000 -0.0179330000000000
vn -0.8587100623996425 -0.2362641589516086 -4.4129381004737516
v -0.6123750000000000 0.9630980000000000 -0.0307580000000000
vn 0.4305945702003608 3.8997961955311968 -0.1609183197578447
v -0.5991120000000000 0.9927820000000001 -0.0067770000000000
vn 0.1311357215311053 2.0998838487654368 2.2640384109613541
v -0.6064300000000000 0.9760540000000000 0.0091620000000000
vn -0.8454612258637946 -1.8721335168700248 2.2535311591040861
v -0.6064300000000000 0.9760540000000000 0.0091620000000000
vn -0.8534144172563787 -1.8597683787436639 2.2449775105502821
v -0.6180390000000000 0.9515120000000000 -0.0155820000000000
vn -1.1431038126835820 -2.0523816823961423 -1.9935051507170192
v -0.6180390000000000 0.9515120000000000 -0.0155820000000000
vn -0.1039121090757002 0.1114429403002202 -0.4731939116117534
v -0.6211150000000000 1.0668899999999999 0.0328970000000000
vn -0.0705796658314892 0.0210762101662855 0.4911558497887395
v -0.6211150000000000 1.0668899999999999 0.0328970000000000
vn -0.0619424766039027 -0.2359608662630957 0.3318578778233519
v -0.7041470000000000 0.9104020000000000 -0.0489290000000000
vn -0.0286027527489990 0.2384704977370000 -0.3386719705826580
v -0.7041470000000000 0.9104020000000000 -0.0489290000000000
vn -0.0664669037180493 0.2996395810246077 -0.2986009517391518
v -0.6947910000000000 0.9967440000000000 -0.0110070000000000
vn -0.1247864424866035 -0.2419366404551332 0.2985069043354689
v -0.6947910000000000 0.9967440000000000 -0.0110070000000000
vn -0.6990048631571576 0.4291370662096693 3.5663218915481734
v -0.0690720000000000 0.7240780000000000 0.1939550000000000
vn -1.8971523732535953 0.9144273051663863 2.8115952397663735
v -0.1231960000000000 0.7615780000000000 0.1707440000000000
vn -2.3023472402055614 0.5227821467570193 1.4941734229790136
v -0.1703600000000000 0.7329700000000000 0.1241340000000000
vn -2.2861629781774546 0.3282060643675761 1.1177825146895044
v -0.1777060000000000 0.7105470000000000 0.1205440000000000
vn -0.4969156154641193 4.3917656332678057 4.1934153843172020
v -0.0108230000000000 0.6578460000000000 0.2157880000000000
vn -4.8367164977711923 0.7485311448040670 1.7356573030543632
v -0.1858240000000000 0.7244640000000000 0.1034470000000000
vn -0.8320716967543744 1.8045568257541205 3.0846011746921946
v -0.1007250000000000 0.6569670000000000 0.1995460000000000
vn -2.2437268026265360 0.4703582452323595 5.6503012185347696
v -0.0693250000000000 0.6027820000000000 0.2245240000000000
vn -1.8267572457447643 -0.2731983072620470 5.7315782549096976
v -0.0676090000000000 0.5920320000000000 0.2252780000000000
vn -1.6669464740421738 -1.1494560520051658 5.6119921083733173
v -0.0581700000000000 0.5816800000000000 0.2268120000000000
vn -0.5173774649370706 1.3835936167069334 4.8027661593108766
v -0.0563140000000000 0.6792319999999999 0.2026360000000000
vn -0.4510587731568874 0.5258975872542722 2.8584084338521438
v -0.0744840000000000 0.6726890000000000 0.2008240000000000
vn -2.9543722720934449 -1.4074026325975544 1.0078458389867448
v -0.0625000000000000 0.6865780000000000 0.1990770000000000
vn -1.1243840647878152 0.2380894406023919 2.3512999129635737
v -0.1050300000000000 0.7041650000000000 0.0989650000000000
vn -1.0239659886729022 0.5664061965400060 0.6173928369796868
v -0.0563140000000000 0.6792319999999999 0.2026360000000000
vn -2.4100215474701332 -0.8073823993067047 1.0815555376494941
v -0.0690720000000000 0.7240780000000000 0.1939550000000000
vn -1.7797062503147716 -1.7006817798250795 1.2000861431576524
v -0.0903370000000000 0.7496410000000000 0.1852000000000000
vn -0.9842211987681923 -1.9290967145022422 1.2939142001545592
v -0.1231960000000000 0.7615780000000000 0.1707440000000000
vn -0.4434361894474501 -2.0995442070531993 1.7898757307525632
v -0.1547740000000000 0.7512540000000000 0.1418770000000000
vn -0.3505685079511195 -2.5034579933468510 1.9551617813146864
v -0.1703600000000000 0.7329700000000000 0.1241340000000000
vn 0.0498685836559912 -0.0571439276215463 1.1577525512476399
v -0.1858240000000000 0.7244640000000000 0.1034470000000000
vn 0.8779908685461623 2.0200376431942884 2.3595618019182973
v -0.1777060000000000 0.7105470000000000 0.1205440000000000
vn 0.5408022640339472 1.6648521933325182 1.9865708946594596
v -0.1777060000000000 0.6927630000000000 0.1283050000000000
vn -0.1460479707636297 2.3985455727181364 1.4282420333740660
v -0.1510310000000000 0.6614490000000000 0.1659970000000000
vn -0.6224004057995164 2.3569075882413384 1.1753861169180002
v -0.1273580000000000 0.6541040000000000 0.1875250000000000
vn -1.0309331057592419 2.1484672788853612 1.0523013854418326
v -0.1007250000000000 0.6569670000000000 0.1995460000000000
vn -1.3353089681628814 2.6970889241625553 1.2338813332002487
v -0.0744840000000000 0.6726890000000000 0.2008240000000000
vn -0.2971294407683752 0.4876278404580020 2.5515396356708417
v -0.0625000000000000 0.6865780000000000 0.1990770000000000
vn 0.0000000000000000 -0.6821335053897685 -5.1024276026734903
v -0.0000000000000000 0.2970180000000000 -0.1437490000000000
vn 2.8987064726598706 -0.6339168296537211 -3.9991650309666245
v 0.1006600000000000 0.2982500000000000 -0.1169840000000000
vn 1.7281866560114072 -4.3017994295929789 -3.7582440598159255
v 0.0755780000000000 0.2437090000000000 -0.0888480000000000
vn -0.0000000000000000 -4.3971845494755240 -3.3889459647227342
v -0.0000000000000000 0.2315310000000000 -0.1005780000000000
vn -0.0000000000000001 5.3092388567236730 3.2369482013262729
v -0.0000000000000000 0.5019290000000000 0.0339320000000000
vn -0.0000000000000001 4.1855499726524714 4.1337732808696019
v -0.0000000000000000 0.4846930000000000 0.0625320000000000
vn 0.9700675111033251 4.4049033293483975 4.1583562947008126
v 0.0535890000000000 0.4831300000000000 0.0497930000000000
vn 1.0682778179175845 5.3928376748453690 3.0298106115671688
v 0.0267940000000000 0.5011480000000000 0.0275630000000000
vn 3.2844202252972199 -1.6702491313593029 3.5402511537935730
v 0.0987220000000000 0.2802240000000000 0.1031460000000000
vn 0.0000000000000000 -1.8481704444648501 4.5538188350413389
v -0.0000000000000000 0.2714800000000000 0.1390620000000000
vn -0.0000000000000001 -4.9173731082951235 2.6382441928676901
v -0.0000000000000000 0.2260100000000000 0.0888730000000000
vn 2.6967569493472228 -4.5565619917824947 2.7356222681996440
v 0.0860100000000000 0.2489710000000000 0.0758590000000000
vn 3.5985423590291727 0.4418075870179130 0.0200430172462215
v 0.1139960000000000 0.4265960000000000 -0.0062820000000000
vn 5.4596573900253862 2.1202870053240179 -0.0033979493402504
v 0.1252000000000000 0.3910800000000000 -0.0062170000000000
vn 3.5709860238698226 2.1405719154429965 -4.1469701560438024
v 0.0863940000000000 0.3884310000000000 -0.0907540000000000
vn 3.1136715642754003 1.3934190509723792 -4.7493686615168640
v 0.0770940000000000 0.4342650000000000 -0.0806790000000000
vn 0.0000000000000000 1.9526262830998855 -5.8106183166696992
v -0.0000000000000000 0.3879210000000000 -0.1147270000000000
vn -0.0000000000000001 1.9910829137585551 -5.7314892067160450
v -0.0000000000000000 0.4368130000000000 -0.0996610000000000
vn -0.0000000000000001 2.2222100036532217 5.4986248149342725
v -0.0000000000000000 0.3975510000000000 0.1157820000000000
vn 3.5744220360495373 1.9582762588557459 3.8203680954983694
v 0.0863940000000000 0.3931590000000000 0.0913730000000000
vn 2.8597117130260634 2.3093367967478966 4.5557546993780660
v 0.0719190000000000 0.4462530000000000 0.0703670000000000
vn -0.0000000000000001 3.2123184634140025 5.1946881863691550
v -0.0000000000000000 0.4491120000000000 0.0865700000000000
vn 0.9719177944205886 2.5798749182629042 -2.0117410865851477
v 0.0857160000000000 0.4946080000000000 -0.0461940000000000
vn 1.6130063744103480 3.7834792086160762 -4.1189666522374520
v 0.0537520000000000 0.4928040000000000 -0.0639500000000000
vn 0.3504170950324078 1.6821009880093241 -0.4996650917916703
v 0.0782150000000000 0.5097020000000000 -0.0069820000000000
vn 0.0000000000000001 3.4277863023141881 -4.4790590200201645
v -0.0000000000000000 0.4938520000000000 -0.0774050000000000
vn 5.1981261602962414 1.3195068349152981 -0.0043513091183870
v 0.1472400000000000 0.3434800000000000 -0.0087420000000000
vn 5.2972692370845040 -0.6288491569466604 -0.0679886072557541
v 0.1507720000000000 0.2996330000000000 -0.0112660000000000
vn 3.2166195608444723 1.5858235059459147 -4.1798137594732232
v 0.0961170000000000 0.3433410000000000 -0.1097610000000000
vn 0.0000000000000001 1.7660220344357014 -5.8717402660592981
v -0.0000000000000000 0.3424690000000000 -0.1296830000000000
vn 3.5141273100912267 0.8033458683387366 4.0838208963371656
v 0.0951480000000000 0.3334340000000000 0.1075250000000000
vn 0.0000000000000000 1.0291699013966853 5.8323228753670460
v -0.0000000000000000 0.3328650000000000 0.1343690000000000
vn 5.9381433017908662 -1.4025511859260344 0.0417608424669535
v 0.1322580000000000 0.2598780000000000 -0.0121480000000000
vn 4.8087227691713412 -2.3993364192712203 -2.8199624784123056
v 0.1167750000000000 0.2503400000000000 -0.0544950000000000
vn 3.9922908413899196 -2.7482769812795085 -2.6974028600229412
v 0.1150100000000000 0.2591250000000000 -0.0772880000000000
vn 1.2381929359286481 5.5667951231321338 -2.2606430504862249
v 0.0268760000000000 0.5127080000000001 -0.0414570000000000
vn 0.6166885033404104 3.0666082992978296 -0.3725563233664497
v 0.0391070000000000 0.5144339999999999 -0.0070040000000000
vn 4.8407285680725662 -2.7762571835006926 2.1458374974902572
v 0.1214250000000000 0.2650430000000000 0.0418400000000000
vn 2.2598519547006051 -1.9398799830592912 -1.4768533785587041
v 0.1086710000000000 0.4410540000000000 -0.0412780000000000
vn 2.0063281841192389 0.3547216810058619 -2.5658279635600181
v 0.1031570000000000 0.4594260000000000 -0.0579660000000000
vn 1.1952122474751359 -2.5459031926883249 1.4156988364604624
v 0.1073480000000000 0.4396720000000000 0.0286210000000000
vn 0.2748561966091880 2.5018954746181525 1.9652332563836512
v 0.0861030000000000 0.4925790000000000 0.0357850000000000
vn 0.1254880624439884 1.6131207639841123 0.7546349475416616
v 0.0782150000000000 0.5097020000000000 -0.0069820000000000
vn 2.0938648178019372 -0.0257736581990852 2.6257208519773081
v 0.1001060000000000 0.4577190000000000 0.0480020000000000
vn 0.3980163881250573 2.8260271418323430 0.0023973433227304
v 0.3051090000000000 0.4707100000000000 -0.0052460000000000
vn 0.2324247119238351 2.0113531844887107 -2.0135535331903962
v 0.3023490000000000 0.4577850000000000 -0.0371550000000000
vn 0.4875222708849469 4.0867392689444300 -4.0805905067099886
v 0.2180950000000000 0.4713850000000000 -0.0333870000000000
vn 0.9447833481454266 5.7697398425691411 0.0119446661065631
v 0.2038610000000000 0.4848460000000000 -0.0052460000000000
vn -0.3441140287655934 0.0693275080930887 -5.8078059142848817
v 0.2203290000000000 0.4418920000000000 -0.0455280000000000
vn -0.1726068073245585 0.0449343941136303 -2.8537636454151230
v 0.2956850000000000 0.4265790000000000 -0.0503720000000000
vn -1.1648495608645362 -3.9478373985040465 -4.0722245621170501
v 0.2062380000000000 0.4158220000000000 -0.0333870000000000
vn -0.5756618521033776 -1.9422611511925294 -2.0246099231564054
v 0.2890220000000000 0.3953730000000000 -0.0371550000000000
vn -0.7636426669905205 -2.8098642663948494 -1.1752584708939739
v 0.1876760000000000 0.4090490000000000 -0.0052460000000000
vn -0.3732489693257361 -1.3832464810896550 -0.5926231210600111
v 0.2862620000000000 0.3824470000000000 -0.0052460000000000
vn -0.9268521515447767 -4.1370038295907268 4.0619832591149994
v 0.1900470000000000 0.4201500000000000 0.0221570000000000
vn -0.7262273558160496 -2.8209631196871530 1.1664910339667665
v 0.1876760000000000 0.4090490000000000 -0.0052460000000000
vn -0.3732597451990672 -1.3832479441069279 0.5926143434052951
v 0.2862620000000000 0.3824470000000000 -0.0052460000000000
vn -0.5780104521121037 -1.9406119706191287 2.0248437748092583
v 0.2890220000000000 0.3953730000000000 0.0266640000000000
vn 0.1161050811330550 0.0186022800064435 5.9002538692101369
v 0.1957690000000000 0.4469480000000000 0.0335070000000000
vn -0.1731911335525328 0.0434104429489847 2.8535951599391423
v 0.2956850000000000 0.4265790000000000 0.0398810000000000
vn 0.7624605701599810 4.1279530667238093 4.0961623486608909
v 0.2014910000000000 0.4737460000000000 0.0221570000000000
vn 0.2288042000514776 2.0135291732687581 2.0106066359264956
v 0.3023490000000000 0.4577850000000000 0.0266640000000000
vn 1.2372896917492273 5.8263937858947568 0.0010393799561470
v 0.1330060000000000 0.4986000000000000 -0.0051740000000000
vn 0.8755041791867876 4.1031993976017631 -4.0895317184655120
v 0.1850470000000000 0.4769140000000000 -0.0320130000000000
vn 1.2863163012341572 4.2313863373635154 -3.7171012950138191
v 0.1312990000000000 0.4881600000000000 -0.0378020000000000
vn 1.0891997928001906 -0.5009256275510989 -5.4256987334432853
v 0.1271880000000000 0.4594270000000000 -0.0515940000000000
vn 0.3758012620489659 -0.2155768306551328 -5.9683766958648068
v 0.1712400000000000 0.4521880000000000 -0.0426170000000000
vn -0.3213549936951904 -4.6622281680773039 -3.6541726984471459
v 0.1222810000000000 0.4380920000000000 -0.0377970000000000
vn -1.0244678828431779 -4.0559219289858586 -4.0387500118931294
v 0.1737580000000000 0.4240390000000000 -0.0320130000000000
vn -0.1615330782555989 -2.8522097956343213 -1.1062954605968094
v 0.1205740000000000 0.4276520000000000 -0.0051690000000000
vn -0.4358636431811296 -4.8556176100042423 3.5669336961929727
v 0.1222810000000000 0.4380920000000000 0.0274590000000000
vn -0.3139049281429150 -3.1802477136100582 1.1366671825032371
v 0.1205740000000000 0.4276520000000000 -0.0051690000000000
vn 0.8797895760347707 -0.3898100483375471 5.5800587348087358
v 0.1271890000000000 0.4579860000000000 0.0407960000000000
vn 1.1548706133930406 4.1687528168938197 3.7681332915457570
v 0.1312990000000000 0.4881600000000000 0.0274540000000000
vn 0.5528655001775058 1.9443113869667878 -1.4601701914048921
v 0.0857160000000000 0.4946080000000000 -0.0461940000000000
vn 0.4826206270432665 2.4663000794662806 -0.0054262416054781
v 0.0782150000000000 0.5097020000000000 -0.0069820000000000
vn 0.6709442285156432 0.0279006910969054 -2.5927298123422604
v 0.1031570000000000 0.4594260000000000 -0.0579660000000000
vn 0.2094448223198503 -2.3050022414946172 -2.0475894415738374
v 0.1086710000000000 0.4410540000000000 -0.0412780000000000
vn 0.3796648292198304 -1.6051656854774781 -0.7209166960860960
v 0.1139960000000000 0.4265960000000000 -0.0062820000000000
vn -0.1190958883801569 -2.6654191764838187 1.7354061351853762
v 0.1073480000000000 0.4396720000000000 0.0286210000000000
vn 0.1340377796511880 -1.4242197408392552 0.5590975128308524
v 0.1139960000000000 0.4265960000000000 -0.0062820000000000
vn 0.5731376441529047 0.0144704570239429 2.4707833662796066
v 0.1001060000000000 0.4577190000000000 0.0480020000000000
vn 0.5030010489754198 1.9464759312353594 1.6136354541351920
v 0.0861030000000000 0.4925790000000000 0.0357850000000000
vn -0.0000000000000000 5.4393951947723798 -2.7909763236132550
v -0.0000000000000000 0.5132320000000000 -0.0481840000000000
vn -0.0000000000000000 -3.0543935602588395 0.3626895314566848
v -0.0000000000000000 0.2082390000000000 -0.0093920000000000
vn -1.1301524854114993 -2.5058555746985558 0.7146026077266849
v 0.0351030000000000 0.2179420000000000 -0.0111610000000000
vn 0.1067446503128255 -5.4456321014723130 2.4908761402498012
v 0.0480060000000000 0.2231040000000000 0.0286280000000000
vn 4.6919393274549357 -2.2728716473068600 3.0494641835367151
v 0.1173780000000000 0.2503370000000000 0.0236580000000000
vn -0.6061911643732172 -5.1050374179842946 -3.0364085728899681
v 0.0492170000000000 0.2224140000000000 -0.0519990000000000
vn 1.9758639334239438 1.7611411436489979 -0.0212647869528060
v 0.1627950000000000 0.1379570000000000 -0.0323620000000000
vn 0.7628609075649917 1.8794019638938171 -1.2072769626326485
v 0.1486500000000000 0.1351650000000000 -0.0757800000000000
vn 2.9593072453422633 3.8388075999411360 -3.5281744640313555
v 0.1436590000000000 0.1414990000000000 -0.0691360000000000
vn 5.2677691653940801 2.9528390868945591 0.0648632624227188
v 0.1573630000000000 0.1441910000000000 -0.0311140000000000
vn -0.3711313316955905 1.8995500919676747 -1.7213045529407238
v 0.1074730000000000 0.1270990000000000 -0.0904220000000000
vn -0.7965904251654645 3.4484766614833586 -4.9870435504381172
v 0.1052190000000000 0.1331830000000000 -0.0832220000000000
vn -1.4819878679154430 1.2902080327715426 -1.3593998638928038
v 0.0668760000000000 0.1178140000000000 -0.0759590000000000
vn -4.3893209503144499 1.9022528524151137 -3.5649926942307459
v 0.0671840000000000 0.1252810000000000 -0.0692450000000000
vn -1.5203444503989823 0.2988082768333390 -0.5271208526522602
v 0.0524420000000000 0.1150220000000000 -0.0325410000000000
vn -3.0660889666750522 0.1775819711617953 -1.1275898984022987
v 0.0533350000000000 0.1225890000000000 -0.0312220000000000
vn -2.0019825802938791 -0.0013825281212697 1.8755933205923361
v 0.0667320000000000 0.1178140000000000 0.0026110000000000
vn -4.0094687092649544 -0.9516920554870656 4.2153464668787439
v 0.0668630000000000 0.1259290000000000 0.0027900000000000
vn -2.9160336262348041 -0.2379309481529754 1.1844105738523947
v 0.0533350000000000 0.1225890000000000 -0.0312220000000000
vn -1.1996294632447255 0.0573591490277611 0.4831178392604010
v 0.0524420000000000 0.1150220000000000 -0.0325410000000000
vn -3.5950778553972746 -1.5685519207824459 4.0607633022298879
v 0.0614840000000000 0.1642290000000000 0.0151080000000000
vn 0.2455002482067816 -0.6882457499075256 6.0023713343372593
v 0.1064720000000000 0.1332490000000000 0.0168870000000000
vn 0.4049421575707600 -1.1799261611489062 5.5958293040105529
v 0.1001060000000000 0.1695830000000000 0.0286430000000000
vn 3.9006576066090375 1.1403849811151572 4.3259469601515210
v 0.1433540000000000 0.1420580000000000 0.0028980000000000
vn 4.0210631198681783 0.0085599028013075 4.0519592679838041
v 0.1326920000000000 0.1791360000000000 0.0151450000000000
vn 1.6477189448987435 1.2111937075583599 1.6755446204308850
v 0.1485050000000000 0.1351650000000000 0.0027900000000000
vn 4.4085762489773508 0.2942853712806067 -4.0011938948169448
v 0.1209730000000000 0.2326940000000000 -0.0466260000000000
vn 5.8538756554501115 0.9035875811094322 -0.0221324682213100
v 0.1342370000000000 0.2352860000000000 -0.0140000000000000
vn 5.6931651189331358 1.3721866956869160 0.0132708876958946
v 0.1424210000000000 0.1990670000000000 -0.0177280000000000
vn 3.8018756901458124 1.7993356120647139 -4.0771889493467519
v 0.1291580000000000 0.1964760000000000 -0.0503540000000000
vn 0.4045925618955799 -1.7586960645042176 -5.7024701005704266
v 0.0847680000000000 0.2239330000000000 -0.0601480000000000
vn -0.2867986399811001 1.3239238313575286 -5.8745454229541387
v 0.0934550000000000 0.1879090000000000 -0.0638840000000000
vn -4.2142104100287225 0.0782882936258608 -4.0840180910840633
v 0.0579830000000000 0.1813900000000000 -0.0503910000000000
vn -3.9818299675878164 -1.8800593481302454 -4.0499265514576832
v 0.0510120000000000 0.2143110000000000 -0.0469000000000000
vn -2.8025819722133907 -0.3347370899654283 -1.1755613461037422
v 0.0447190000000000 0.1787980000000000 -0.0177650000000000
vn -3.0532882104683594 -0.5998327726900605 -1.2286021830475569
v 0.0378090000000000 0.2089270000000000 -0.0141770000000000
vn -2.6336121538444437 -0.9174649242843711 1.0414010689562474
v 0.0378090000000000 0.2089270000000000 -0.0141770000000000
vn -2.9570419851497287 -0.7740178969923202 1.1799093378802357
v 0.0447190000000000 0.1787980000000000 -0.0177650000000000
vn -3.6866514286981142 -1.3207076189221914 4.1229953260484997
v 0.0560660000000000 0.1913460000000000 0.0192260000000000
vn -3.7829783499539067 -2.3580471707499955 3.7822012720212501
v 0.0496900000000000 0.2134020000000000 0.0206320000000000
vn 0.3017102925295281 -0.4722647696911196 5.8308371274041209
v 0.0935690000000000 0.2027620000000000 0.0327620000000000
vn 1.1903082774164857 -2.4778610710066125 5.2875346017096181
v 0.0867630000000000 0.2287340000000000 0.0343150000000000
vn 3.9898401238980226 0.4453910301965400 3.9973248163585575
v 0.1272740000000000 0.2062530000000000 0.0192640000000000
vn 4.1967156076451388 0.2989744409277261 4.0994266925954985
v 0.1200310000000000 0.2375830000000000 0.0208090000000000
vn 1.5144296630716456 -4.5981780323228580 -3.7949799298533327
v 0.0816850000000000 0.2341840000000000 -0.0684860000000000
vn -0.6678107023402853 -2.1078973021656529 -0.4616288013153335
v 0.0351030000000000 0.2179420000000000 -0.0111610000000000
vn 2.5258736844091909 -4.9277367367874394 2.7315635708155246
v 0.0857180000000000 0.2371430000000000 0.0439360000000000
vn 0.0000000000000000 -2.8560598063499363 -0.4293956591954029
v -0.0000000000000000 0.2082390000000000 -0.0093920000000000
vn 0.0000000000000000 2.4019166442975135 1.3144617848448852
v -0.0000000000000000 0.5272660000000000 -0.0070260000000000
vn 0.0000000000000000 2.7940002325316620 -0.6714223755691909
v -0.0000000000000000 0.5272660000000000 -0.0070260000000000
vn 0.5908785785070259 2.8680549602675627 1.3128262834284605
v 0.0391070000000000 0.5144339999999999 -0.0070040000000000
vn 0.7725660281345508 -2.6278016442970360 -0.0327387635726984
v 0.2211270000000000 0.0278570000000000 0.0484360000000000
vn 0.5443625612486896 -1.9585570745588206 0.0197045512899604
v 0.2070870000000000 0.0232070000000000 0.1102080000000000
vn 1.1497944537336333 -6.1402317599224494 0.0140749673311311
v 0.1305930000000000 0.0012870000000000 0.0446850000000000
vn 4.4940423251704065 4.0519482729846912 -1.0127409504790963
v 0.1905450000000000 0.1163580000000000 -0.0347820000000000
vn 2.7190495061081101 3.5432136517707460 -2.6794441238487394
v 0.1779110000000000 0.1145480000000000 -0.0980010000000000
vn 1.1463765518691038 3.0963804793071086 -1.5367133319230910
v 0.1486500000000000 0.1351650000000000 -0.0757800000000000
vn 1.8300758024670651 3.0659750681342608 -0.4247398544724001
v 0.1627950000000000 0.1379570000000000 -0.0323620000000000
vn -1.1964535172200859 5.8946823708461196 1.2609491593623954
v 0.1092400000000000 0.1239780000000000 0.0806980000000000
vn -0.6965305482773019 5.9536894927214057 1.4995149558840364
v 0.1376620000000000 0.1279430000000000 0.0792530000000000
vn -0.7864991861685307 3.7152989226848887 0.2468200601899769
v 0.1073290000000000 0.1270990000000000 0.0172690000000000
vn -1.7361711349275084 3.5234485694560198 0.3552611545024893
v 0.0667320000000000 0.1178140000000000 0.0026110000000000
vn -2.6008051467850617 5.1937009479850502 1.2052333666587587
v 0.0542410000000000 0.1086820000000000 0.0776290000000000
vn -1.7277954687586432 5.7862685603008153 1.3974553217449361
v 0.0817400000000000 0.1163300000000000 0.0791640000000000
vn -4.9968493454278846 2.7426112580823734 0.1183560768632495
v 0.0213590000000000 0.0832610000000000 0.0484290000000000
vn -1.1894662467334949 1.3586978778398364 -2.1073043049588378
v 0.1125680000000000 0.1058900000000000 -0.1252470000000000
vn -3.9095021873823401 2.2869733297185015 -2.7799527365768166
v 0.0488330000000000 0.0893270000000000 -0.0980010000000000
vn -2.2234339108852965 2.6388053630071786 -1.4812857913627910
v 0.0668760000000000 0.1178140000000000 -0.0759590000000000
vn -0.6739903150676751 1.4334571461819290 -0.9716058368597943
v 0.1074730000000000 0.1270990000000000 -0.0904220000000000
vn 0.6407469447128673 1.7528680316791441 -2.0936893131707750
v 0.1125680000000000 0.1058900000000000 -0.1252470000000000
vn 0.1645460078863166 1.5274899680634848 -1.0002948787001471
v 0.1074730000000000 0.1270990000000000 -0.0904220000000000
vn 5.7279439629796247 1.1556687329544646 -1.0806033418600069
v 0.2137720000000000 0.0760470000000000 -0.0353160000000000
vn 3.5064644769288105 0.7300296923041695 -3.0126624894722771
v 0.1986580000000000 0.0730850000000000 -0.1109560000000000
vn 5.3377504598829795 1.1147023932670792 0.2457108517102687
v 0.2297250000000000 0.0791640000000000 0.0542700000000000
vn 3.7192076487954586 4.3566801812375848 0.1223523368103560
v 0.2039030000000000 0.1189290000000000 0.0484290000000000
vn 2.0809315082503996 3.7573520345627425 2.6923420667365656
v 0.1895210000000000 0.1153150000000000 0.1119400000000000
vn 2.9003727289393924 0.6760192113728691 3.1467436553251886
v 0.2097560000000000 0.0766700000000000 0.1289340000000000
vn 0.7938085259096466 4.6955981479556259 3.6059131377008775
v 0.1429330000000000 0.1103900000000000 0.1215930000000000
vn 2.3137398843674002 0.6673812036540268 5.4386518881968220
v 0.1575820000000000 0.0671390000000000 0.1420510000000000
vn -0.5840842715745270 3.3551034452440280 3.3536541464710634
v 0.1117290000000000 0.1057350000000000 0.1419250000000000
vn -2.5189138254586600 4.0128046350757227 3.5668451389108311
v 0.0783940000000000 0.0977790000000000 0.1215930000000000
vn -2.5102780031662633 -0.2860016111424411 5.3343749498268558
v 0.0805540000000000 0.0520880000000000 0.1420510000000000
vn 0.0478090747142551 0.0806442060950797 4.3164447349042536
v 0.1207920000000000 0.0578790000000000 0.1658490000000000
vn -3.1111947023868929 -0.4898484026045019 3.0488429871719855
v 0.0293580000000000 0.0430640000000000 0.1250020000000000
vn -3.4312649796545589 2.7611452761676500 2.4545541488943172
v 0.0340990000000000 0.0865900000000000 0.1080080000000000
vn -5.3447807851047040 -0.9547265534525142 0.2746840432434828
v 0.0118590000000000 0.0365940000000000 0.0542700000000000
vn -5.7238226587436474 -1.0172041689145837 -1.1461463823395706
v 0.0278120000000000 0.0397120000000000 -0.0353160000000000
vn -5.6835452565115121 2.0837023488045245 -1.0008348928771706
v 0.0347330000000000 0.0859130000000000 -0.0347820000000000
vn -3.5411561397397491 -0.6231614391025551 -3.0651955910932092
v 0.0446040000000000 0.0429830000000000 -0.1109560000000000
vn -1.0547357817426213 -0.1672939065684421 -2.5179117033103160
v 0.1216310000000000 0.0580340000000000 -0.1434650000000000
vn 1.0562067386307816 0.2341097607408302 -2.5147730609121477
v 0.1216310000000000 0.0580340000000000 -0.1434650000000000
vn 0.4522442839908172 -2.3134134654140670 -0.0197869977111448
v 0.1318050000000000 0.0029740000000000 -0.1248510000000000
vn 0.6324286864252806 -2.0483651270137520 -0.0221717720597335
v 0.1952330000000000 0.0227890000000000 -0.0980080000000000
vn 0.8769346535988258 -2.9932883329787088 -0.0528855824818600
v 0.2077600000000000 0.0252450000000000 -0.0317590000000000
vn 0.9472406406970257 -3.3708861753898871 0.0792538926558774
v 0.1613500000000000 0.0117270000000000 0.1211200000000000
vn 3.2086167167336250 -0.5308976811434863 0.0332772816077014
v 0.2211270000000000 0.0278570000000000 0.0484360000000000
vn 3.0769267039058752 -0.4014479439303665 -0.5329983423301647
v 0.2077600000000000 0.0252450000000000 -0.0317590000000000
vn 2.2563321843286546 -0.8532090200701288 2.0138829218255694
v 0.2070870000000000 0.0232070000000000 0.1102080000000000
vn 0.2725129063121194 -1.1539386013840378 2.6770628474647027
v 0.1309660000000000 0.0028190000000000 0.1423210000000000
vn 1.3679485046620659 -0.8557469616501276 2.5117328653443947
v 0.1613500000000000 0.0117270000000000 0.1211200000000000
vn -2.0417497404315519 -1.7382884059778685 2.0097687344053532
v 0.0509090000000000 -0.0023520000000000 0.1063490000000000
vn -1.0550811808998233 -1.2931913178494869 2.4577801213064756
v 0.0965920000000000 -0.0008250000000000 0.1210950000000000
vn -2.7203796108976315 -1.6084598123435341 0.0689389021251675
v 0.0385830000000000 -0.0078110000000000 0.0484360000000000
vn -2.0630684942494399 -1.5058111881740570 -1.9370181502340780
v 0.0661550000000000 -0.0024320000000000 -0.0980080000000000
vn -2.7139765183606390 -1.5039178593262070 -0.5721686130246121
v 0.0519490000000000 -0.0051990000000000 -0.0317590000000000
vn -0.5258487580514917 -0.5708081422096132 -1.4010267027852918
v 0.1318050000000000 0.0029740000000000 -0.1248510000000000
vn 2.4922864518204353 -0.6430737421733927 -1.9060506740178833
v 0.1952330000000000 0.0227890000000000 -0.0980080000000000
vn 0.6916360492254119 -0.3398792040993786 -1.3833917558037561
v 0.1318050000000000 0.0029740000000000 -0.1248510000000000
vn 0.2838098689094405 3.9080048183836320 0.3556613533387226
v 0.1485050000000000 0.1351650000000000 0.0027900000000000
vn -2.7993306433712641 2.2913403832540458 -0.3206806309844971
v 0.0524420000000000 0.1150220000000000 -0.0325410000000000
vn 0.6156589073678982 5.6104484070374001 1.2754555462500321
v 0.1660840000000000 0.1319080000000000 0.0778080000000000
vn 0.2256756343395419 -3.3710609828159233 0.0072440315072835
v 0.0965920000000000 -0.0008250000000000 0.1210950000000000
vn 0.1498796575829446 -2.0887089040766456 0.0704170818127990
v 0.0509090000000000 -0.0023520000000000 0.1063490000000000
vn 0.2740844860712156 -2.7395302904039065 0.0784502749447610
v 0.0385830000000000 -0.0078110000000000 0.0484360000000000
vn 0.3100636009040461 -3.0788024658620166 -0.0577616168164507
v 0.0519490000000000 -0.0051990000000000 -0.0317590000000000
vn 0.1846659207237716 -2.1634347283492574 -0.0270068527879258
v 0.0661550000000000 -0.0024320000000000 -0.0980080000000000
vn 0.3845237362002946 -1.9561603333624300 0.0292249813297199
v 0.1309660000000000 0.0028190000000000 0.1423210000000000
vn -0.0616831605647388 0.1887663425477578 2.9424439228354533
v 0.1073290000000000 0.1270990000000000 0.0172690000000000
vn -1.7281866560114072 -4.3017994295929798 -3.7582440598159255
v -0.0755780000000000 0.2437090000000000 -0.0888480000000000
vn -2.8987064726598706 -0.6339168296537212 -3.9991650309666245
v -0.1006600000000000 0.2982500000000000 -0.1169840000000000
vn -1.0682778179175845 5.3928376748453690 3.0298106115671688
v -0.0267940000000000 0.5011480000000000 0.0275630000000000
vn -0.9700675111033252 4.4049033293483975 4.1583562947008126
v -0.0535890000000000 0.4831300000000000 0.0497930000000000
vn -3.2844202252972199 -1.6702491313593029 3.5402511537935730
v -0.0987220000000000 0.2802240000000000 0.1031460000000000
vn -2.6967569493472228 -4.5565619917824947 2.7356222681996440
v -0.0860100000000000 0.2489710000000000 0.0758590000000000
vn -3.5985423590291723 0.4418075870179130 0.0200430172462215
v -0.1139960000000000 0.4265960000000000 -0.0062820000000000
vn -3.1136715642754003 1.3934190509723789 -4.7493686615168649
v -0.0770940000000000 0.4342650000000000 -0.0806790000000000
vn -3.5709860238698226 2.1405719154429961 -4.1469701560438024
v -0.0863940000000000 0.3884310000000000 -0.0907540000000000
vn -5.4596573900253862 2.1202870053240179 -0.0033979493402506
v -0.1252000000000000 0.3910800000000000 -0.0062170000000000
vn -2.8597117130260634 2.3093367967478966 4.5557546993780660
v -0.0719190000000000 0.4462530000000000 0.0703670000000000
vn -3.5744220360495373 1.9582762588557459 3.8203680954983694
v -0.0863940000000000 0.3931590000000000 0.0913730000000000
vn -0.9719177944205886 2.5798749182629042 -2.0117410865851477
v -0.0857160000000000 0.4946080000000000 -0.0461940000000000
vn -0.3504170950324078 1.6821009880093238 -0.4996650917916703
v -0.0782150000000000 0.5097020000000000 -0.0069820000000000
vn -1.6130063744103480 3.7834792086160753 -4.1189666522374528
v -0.0537520000000000 0.4928040000000000 -0.0639500000000000
vn -5.1981261602962414 1.3195068349152983 -0.0043513091183872
v -0.1472400000000000 0.3434800000000000 -0.0087420000000000
vn -3.2166195608444723 1.5858235059459147 -4.1798137594732232
v -0.0961170000000000 0.3433410000000000 -0.1097610000000000
vn -5.2972692370845040 -0.6288491569466605 -0.0679886072557537
v -0.1507720000000000 0.2996330000000000 -0.0112660000000000
vn -3.5141273100912267 0.8033458683387366 4.0838208963371647
v -0.0951480000000000 0.3334340000000000 0.1075250000000000
vn -3.9922908413899196 -2.7482769812795085 -2.6974028600229403
v -0.1150100000000000 0.2591250000000000 -0.0772880000000000
vn -4.8087227691713412 -2.3993364192712203 -2.8199624784123056
v -0.1167750000000000 0.2503400000000000 -0.0544950000000000
vn -5.9381433017908662 -1.4025511859260349 0.0417608424669537
v -0.1322580000000000 0.2598780000000000 -0.0121480000000000
vn -0.6166885033404104 3.0666082992978296 -0.3725563233664497
v -0.0391070000000000 0.5144339999999999 -0.0070040000000000
vn -1.2381929359286481 5.5667951231321329 -2.2606430504862245
v -0.0268760000000000 0.5127080000000001 -0.0414570000000000
vn -4.8407285680725671 -2.7762571835006931 2.1458374974902572
v -0.1214250000000000 0.2650430000000000 0.0418400000000000
vn -2.2598519547006042 -1.9398799830592912 -1.4768533785587041
v -0.1086710000000000 0.4410540000000000 -0.0412780000000000
vn -2.0063281841192384 0.3547216810058619 -2.5658279635600181
v -0.1031570000000000 0.4594260000000000 -0.0579660000000000
vn -1.1952122474751361 -2.5459031926883249 1.4156988364604628
v -0.1073480000000000 0.4396720000000000 0.0286210000000000
vn -0.2748561966091879 2.5018954746181521 1.9652332563836516
v -0.0861030000000000 0.4925790000000000 0.0357850000000000
vn -0.1254880624439884 1.6131207639841125 0.7546349475416616
v -0.0782150000000000 0.5097020000000000 -0.0069820000000000
vn -2.0938648178019372 -0.0257736581990853 2.6257208519773081
v -0.1001060000000000 0.4577190000000000 0.0480020000000000
vn -0.3980163881250573 2.8260271418323430 0.0023973433227304
v -0.3051090000000000 0.4707100000000000 -0.0052460000000000
vn -0.9447833481454266 5.7697398425691411 0.0119446661065629
v -0.2038610000000000 0.4848460000000000 -0.0052460000000000
vn -0.4875222708849470 4.0867392689444300 -4.0805905067099886
v -0.2180950000000000 0.4713850000000000 -0.0333870000000000
vn -0.2324247119238351 2.0113531844887111 -2.0135535331903962
v -0.3023490000000000 0.4577850000000000 -0.0371550000000000
vn 0.3441140287655934 0.0693275080930887 -5.8078059142848808
v -0.2203290000000000 0.4418920000000000 -0.0455280000000000
vn 0.1726068073245585 0.0449343941136303 -2.8537636454151234
v -0.2956850000000000 0.4265790000000000 -0.0503720000000000
vn 1.1648495608645362 -3.9478373985040465 -4.0722245621170501
v -0.2062380000000000 0.4158220000000000 -0.0333870000000000
vn 0.5756618521033776 -1.9422611511925294 -2.0246099231564054
v -0.2890220000000000 0.3953730000000000 -0.0371550000000000
vn 0.7636426669905204 -2.8098642663948494 -1.1752584708939739
v -0.1876760000000000 0.4090490000000000 -0.0052460000000000
vn 0.3732489693257361 -1.3832464810896550 -0.5926231210600111
v -0.2862620000000000 0.3824470000000000 -0.0052460000000000
vn 0.9268521515447765 -4.1370038295907268 4.0619832591149994
v -0.1900470000000000 0.4201500000000000 0.0221570000000000
vn 0.5780104521121037 -1.9406119706191285 2.0248437748092578
v -0.2890220000000000 0.3953730000000000 0.0266640000000000
vn 0.3732597451990672 -1.3832479441069279 0.5926143434052950
v -0.2862620000000000 0.3824470000000000 -0.0052460000000000
vn 0.7262273558160495 -2.8209631196871525 1.1664910339667662
v -0.1876760000000000 0.4090490000000000 -0.0052460000000000
vn -0.1161050811330550 0.0186022800064437 5.9002538692101369
v -0.1957690000000000 0.4469480000000000 0.0335070000000000
vn 0.1731911335525328 0.0434104429489849 2.8535951599391423
v -0.2956850000000000 0.4265790000000000 0.0398810000000000
vn -0.7624605701599811 4.1279530667238102 4.0961623486608909
v -0.2014910000000000 0.4737460000000000 0.0221570000000000
vn -0.2288042000514776 2.0135291732687581 2.0106066359264956
v -0.3023490000000000 0.4577850000000000 0.0266640000000000
vn -1.2372896917492273 5.8263937858947568 0.0010393799561470
v -0.1330060000000000 0.4986000000000000 -0.0051740000000000
vn -1.2863163012341574 4.2313863373635163 -3.7171012950138191
v -0.1312990000000000 0.4881600000000000 -0.0378020000000000
vn -0.8755041791867876 4.1031993976017631 -4.0895317184655120
v -0.1850470000000000 0.4769140000000000 -0.0320130000000000
vn -1.0891997928001906 -0.5009256275510987 -5.4256987334432862
v -0.1271880000000000 0.4594270000000000 -0.0515940000000000
vn -0.3758012620489658 -0.2155768306551327 -5.9683766958648068
v -0.1712400000000000 0.4521880000000000 -0.0426170000000000
vn 0.3213549936951905 -4.6622281680773030 -3.6541726984471459
v -0.1222810000000000 0.4380920000000000 -0.0377970000000000
vn 1.0244678828431779 -4.0559219289858586 -4.0387500118931285
v -0.1737580000000000 0.4240390000000000 -0.0320130000000000
vn 0.1615330782555987 -2.8522097956343213 -1.1062954605968094
v -0.1205740000000000 0.4276520000000000 -0.0051690000000000
vn 0.4358636431811295 -4.8556176100042414 3.5669336961929723
v -0.1222810000000000 0.4380920000000000 0.0274590000000000
vn 0.3139049281429147 -3.1802477136100578 1.1366671825032371
v -0.1205740000000000 0.4276520000000000 -0.0051690000000000
vn -0.8797895760347707 -0.3898100483375470 5.5800587348087358
v -0.1271890000000000 0.4579860000000000 0.0407960000000000
vn -1.1548706133930406 4.1687528168938197 3.7681332915457570
v -0.1312990000000000 0.4881600000000000 0.0274540000000000
vn -0.5528655001775058 1.9443113869667878 -1.4601701914048921
v -0.0857160000000000 0.4946080000000000 -0.0461940000000000
vn -0.4826206270432665 2.4663000794662810 -0.0054262416054781
v -0.0782150000000000 0.5097020000000000 -0.0069820000000000
vn -0.6709442285156432 0.0279006910969054 -2.5927298123422604
v -0.1031570000000000 0.4594260000000000 -0.0579660000000000
vn -0.2094448223198502 -2.3050022414946167 -2.0475894415738374
v -0.1086710000000000 0.4410540000000000 -0.0412780000000000
vn -0.3796648292198306 -1.6051656854774783 -0.7209166960860961
v -0.1139960000000000 0.4265960000000000 -0.0062820000000000
vn 0.1190958883801568 -2.6654191764838182 1.7354061351853765
v -0.1073480000000000 0.4396720000000000 0.0286210000000000
vn -0.1340377796511883 -1.4242197408392552 0.5590975128308525
v -0.1139960000000000 0.4265960000000000 -0.0062820000000000
vn -0.5731376441529048 0.0144704570239429 2.4707833662796066
v -0.1001060000000000 0.4577190000000000 0.0480020000000000
vn -0.5030010489754198 1.9464759312353594 1.6136354541351920
v -0.0861030000000000 0.4925790000000000 0.0357850000000000
vn -0.1067446503128257 -5.4456321014723130 2.4908761402498008
v -0.0480060000000000 0.2231040000000000 0.0286280000000000
vn 1.1301524854114993 -2.5058555746985554 0.7146026077266850
v -0.0351030000000000 0.2179420000000000 -0.0111610000000000
vn -4.6919393274549357 -2.2728716473068600 3.0494641835367156
v -0.1173780000000000 0.2503370000000000 0.0236580000000000
vn 0.6061911643732172 -5.1050374179842946 -3.0364085728899681
v -0.0492170000000000 0.2224140000000000 -0.0519990000000000
vn -1.9758639334239438 1.7611411436489979 -0.0212647869528058
v -0.1627950000000000 0.1379570000000000 -0.0323620000000000
vn -5.2677691653940801 2.9528390868945595 0.0648632624227190
v -0.1573630000000000 0.1441910000000000 -0.0311140000000000
vn -2.9593072453422633 3.8388075999411360 -3.5281744640313555
v -0.1436590000000000 0.1414990000000000 -0.0691360000000000
vn -0.7628609075649917 1.8794019638938173 -1.2072769626326485
v -0.1486500000000000 0.1351650000000000 -0.0757800000000000
vn 0.7965904251654644 3.4484766614833591 -4.9870435504381172
v -0.1052190000000000 0.1331830000000000 -0.0832220000000000
vn 0.3711313316955905 1.8995500919676747 -1.7213045529407240
v -0.1074730000000000 0.1270990000000000 -0.0904220000000000
vn 1.4819878679154432 1.2902080327715426 -1.3593998638928038
v -0.0668760000000000 0.1178140000000000 -0.0759590000000000
vn 4.3893209503144499 1.9022528524151137 -3.5649926942307464
v -0.0671840000000000 0.1252810000000000 -0.0692450000000000
vn 1.5203444503989825 0.2988082768333391 -0.5271208526522603
v -0.0524420000000000 0.1150220000000000 -0.0325410000000000
vn 3.0660889666750522 0.1775819711617953 -1.1275898984022987
v -0.0533350000000000 0.1225890000000000 -0.0312220000000000
vn 2.0019825802938791 -0.0013825281212696 1.8755933205923361
v -0.0667320000000000 0.1178140000000000 0.0026110000000000
vn 1.1996294632447255 0.0573591490277611 0.4831178392604010
v -0.0524420000000000 0.1150220000000000 -0.0325410000000000
vn 2.9160336262348041 -0.2379309481529754 1.1844105738523947
v -0.0533350000000000 0.1225890000000000 -0.0312220000000000
vn 4.0094687092649535 -0.9516920554870656 4.2153464668787439
v -0.0668630000000000 0.1259290000000000 0.0027900000000000
vn 3.5950778553972742 -1.5685519207824459 4.0607633022298879
v -0.0614840000000000 0.1642290000000000 0.0151080000000000
vn -0.4049421575707600 -1.1799261611489062 5.5958293040105529
v -0.1001060000000000 0.1695830000000000 0.0286430000000000
vn -0.2455002482067816 -0.6882457499075252 6.0023713343372602
v -0.1064720000000000 0.1332490000000000 0.0168870000000000
vn -4.0210631198681783 0.0085599028013074 4.0519592679838032
v -0.1326920000000000 0.1791360000000000 0.0151450000000000
vn -3.9006576066090379 1.1403849811151567 4.3259469601515210
v -0.1433540000000000 0.1420580000000000 0.0028980000000000
vn -1.6477189448987437 1.2111937075583599 1.6755446204308853
v -0.1485050000000000 0.1351650000000000 0.0027900000000000
vn -4.4085762489773517 0.2942853712806066 -4.0011938948169448
v -0.1209730000000000 0.2326940000000000 -0.0466260000000000
vn -3.8018756901458137 1.7993356120647137 -4.0771889493467519
v -0.1291580000000000 0.1964760000000000 -0.0503540000000000
vn -5.6931651189331358 1.3721866956869158 0.0132708876958947
v -0.1424210000000000 0.1990670000000000 -0.0177280000000000
vn -5.8538756554501115 0.9035875811094323 -0.0221324682213101
v -0.1342370000000000 0.2352860000000000 -0.0140000000000000
vn -0.4045925618955797 -1.7586960645042178 -5.7024701005704275
v -0.0847680000000000 0.2239330000000000 -0.0601480000000000
vn 0.2867986399811001 1.3239238313575288 -5.8745454229541378
v -0.0934550000000000 0.1879090000000000 -0.0638840000000000
vn 3.9818299675878173 -1.8800593481302452 -4.0499265514576841
v -0.0510120000000000 0.2143110000000000 -0.0469000000000000
vn 4.2142104100287225 0.0782882936258610 -4.0840180910840633
v -0.0579830000000000 0.1813900000000000 -0.0503910000000000
vn 3.0532882104683599 -0.5998327726900602 -1.2286021830475569
v -0.0378090000000000 0.2089270000000000 -0.0141770000000000
vn 2.8025819722133907 -0.3347370899654283 -1.1755613461037422
v -0.0447190000000000 0.1787980000000000 -0.0177650000000000
vn 2.6336121538444437 -0.9174649242843709 1.0414010689562474
v -0.0378090000000000 0.2089270000000000 -0.0141770000000000
vn 3.7829783499539067 -2.3580471707499955 3.7822012720212501
v -0.0496900000000000 0.2134020000000000 0.0206320000000000
vn 3.6866514286981142 -1.3207076189221914 4.1229953260484997
v -0.0560660000000000 0.1913460000000000 0.0192260000000000
vn 2.9570419851497283 -0.7740178969923204 1.1799093378802357
v -0.0447190000000000 0.1787980000000000 -0.0177650000000000
vn -0.3017102925295280 -0.4722647696911197 5.8308371274041209
v -0.0935690000000000 0.2027620000000000 0.0327620000000000
vn -1.1903082774164859 -2.4778610710066125 5.2875346017096190
v -0.0867630000000000 0.2287340000000000 0.0343150000000000
vn -4.1967156076451388 0.2989744409277261 4.0994266925954985
v -0.1200310000000000 0.2375830000000000 0.0208090000000000
vn -3.9898401238980226 0.4453910301965399 3.9973248163585575
v -0.1272740000000000 0.2062530000000000 0.0192640000000000
vn -1.5144296630716456 -4.5981780323228580 -3.7949799298533327
v -0.0816850000000000 0.2341840000000000 -0.0684860000000000
vn 0.6678107023402853 -2.1078973021656524 -0.4616288013153335
v -0.0351030000000000 0.2179420000000000 -0.0111610000000000
vn -2.5258736844091914 -4.9277367367874403 2.7315635708155246
v -0.0857180000000000 0.2371430000000000 0.0439360000000000
vn -0.5908785785070260 2.8680549602675622 1.3128262834284605
v -0.0391070000000000 0.5144339999999999 -0.0070040000000000
vn -0.7725660281345508 -2.6278016442970360 -0.0327387635726984
v -0.2211270000000000 0.0278570000000000 0.0484360000000000
vn -1.1497944537336333 -6.1402317599224494 0.0140749673311311
v -0.1305930000000000 0.0012870000000000 0.0446850000000000
vn -0.5443625612486896 -1.9585570745588206 0.0197045512899604
v -0.2070870000000000 0.0232070000000000 0.1102080000000000
vn -4.4940423251704056 4.0519482729846903 -1.0127409504790958
v -0.1905450000000000 0.1163580000000000 -0.0347820000000000
vn -1.8300758024670651 3.0659750681342604 -0.4247398544724001
v -0.1627950000000000 0.1379570000000000 -0.0323620000000000
vn -1.1463765518691038 3.0963804793071086 -1.5367133319230915
v -0.1486500000000000 0.1351650000000000 -0.0757800000000000
vn -2.7190495061081101 3.5432136517707460 -2.6794441238487390
v -0.1779110000000000 0.1145480000000000 -0.0980010000000000
vn 1.1964535172200859 5.8946823708461178 1.2609491593623954
v -0.1092400000000000 0.1239780000000000 0.0806980000000000
vn 0.7864991861685305 3.7152989226848887 0.2468200601899769
v -0.1073290000000000 0.1270990000000000 0.0172690000000000
vn 0.6965305482773019 5.9536894927214057 1.4995149558840364
v -0.1376620000000000 0.1279430000000000 0.0792530000000000
vn 1.7361711349275084 3.5234485694560198 0.3552611545024894
v -0.0667320000000000 0.1178140000000000 0.0026110000000000
vn 1.7277954687586430 5.7862685603008170 1.3974553217449361
v -0.0817400000000000 0.1163300000000000 0.0791640000000000
vn 2.6008051467850613 5.1937009479850502 1.2052333666587585
v -0.0542410000000000 0.1086820000000000 0.0776290000000000
vn 4.9968493454278846 2.7426112580823734 0.1183560768632496
v -0.0213590000000000 0.0832610000000000 0.0484290000000000
vn 1.1894662467334949 1.3586978778398364 -2.1073043049588378
v -0.1125680000000000 0.1058900000000000 -0.1252470000000000
vn 0.6739903150676751 1.4334571461819292 -0.9716058368597943
v -0.1074730000000000 0.1270990000000000 -0.0904220000000000
vn 2.2234339108852965 2.6388053630071786 -1.4812857913627910
v -0.0668760000000000 0.1178140000000000 -0.0759590000000000
vn 3.9095021873823397 2.2869733297185020 -2.7799527365768166
v -0.0488330000000000 0.0893270000000000 -0.0980010000000000
vn -0.1645460078863166 1.5274899680634848 -1.0002948787001471
v -0.1074730000000000 0.1270990000000000 -0.0904220000000000
vn -0.6407469447128672 1.7528680316791441 -2.0936893131707750
v -0.1125680000000000 0.1058900000000000 -0.1252470000000000
vn -5.7279439629796247 1.1556687329544642 -1.0806033418600067
v -0.2137720000000000 0.0760470000000000 -0.0353160000000000
vn -3.5064644769288105 0.7300296923041695 -3.0126624894722771
v -0.1986580000000000 0.0730850000000000 -0.1109560000000000
vn -5.3377504598829795 1.1147023932670790 0.2457108517102687
v -0.2297250000000000 0.0791640000000000 0.0542700000000000
vn -2.9003727289393924 0.6760192113728691 3.1467436553251886
v -0.2097560000000000 0.0766700000000000 0.1289340000000000
vn -2.0809315082503996 3.7573520345627425 2.6923420667365656
v -0.1895210000000000 0.1153150000000000 0.1119400000000000
vn -3.7192076487954586 4.3566801812375848 0.1223523368103560
v -0.2039030000000000 0.1189290000000000 0.0484290000000000
vn -2.3137398843674006 0.6673812036540268 5.4386518881968220
v -0.1575820000000000 0.0671390000000000 0.1420510000000000
vn -0.7938085259096465 4.6955981479556259 3.6059131377008775
v -0.1429330000000000 0.1103900000000000 0.1215930000000000
vn 0.5840842715745271 3.3551034452440280 3.3536541464710634
v -0.1117290000000000 0.1057350000000000 0.1419250000000000
vn -0.0478090747142551 0.0806442060950797 4.3164447349042536
v -0.1207920000000000 0.0578790000000000 0.1658490000000000
vn 2.5102780031662633 -0.2860016111424410 5.3343749498268549
v -0.0805540000000000 0.0520880000000000 0.1420510000000000
vn 2.5189138254586600 4.0128046350757227 3.5668451389108311
v -0.0783940000000000 0.0977790000000000 0.1215930000000000
vn 3.1111947023868933 -0.4898484026045016 3.0488429871719855
v -0.0293580000000000 0.0430640000000000 0.1250020000000000
vn 5.3447807851047040 -0.9547265534525140 0.2746840432434828
v -0.0118590000000000 0.0365940000000000 0.0542700000000000
vn 3.4312649796545589 2.7611452761676500 2.4545541488943172
v -0.0340990000000000 0.0865900000000000 0.1080080000000000
vn 5.7238226587436456 -1.0172041689145839 -1.1461463823395706
v -0.0278120000000000 0.0397120000000000 -0.0353160000000000
vn 5.6835452565115112 2.0837023488045241 -1.0008348928771706
v -0.0347330000000000 0.0859130000000000 -0.0347820000000000
vn 3.5411561397397491 -0.6231614391025552 -3.0651955910932092
v -0.0446040000000000 0.0429830000000000 -0.1109560000000000
vn 1.0547357817426211 -0.1672939065684423 -2.5179117033103156
v -0.1216310000000000 0.0580340000000000 -0.1434650000000000
vn -1.0562067386307818 0.2341097607408301 -2.5147730609121477
v -0.1216310000000000 0.0580340000000000 -0.1434650000000000
vn -0.8769346535988258 -2.9932883329787088 -0.0528855824818600
v -0.2077600000000000 0.0252450000000000 -0.0317590000000000
vn -0.6324286864252806 -2.0483651270137520 -0.0221717720597335
v -0.1952330000000000 0.0227890000000000 -0.0980080000000000
vn -0.4522442839908172 -2.3134134654140670 -0.0197869977111449
v -0.1318050000000000 0.0029740000000000 -0.1248510000000000
vn -0.9472406406970257 -3.3708861753898871 0.0792538926558774
v -0.1613500000000000 0.0117270000000000 0.1211200000000000
vn -3.0769267039058752 -0.4014479439303666 -0.5329983423301647
v -0.2077600000000000 0.0252450000000000 -0.0317590000000000
vn -3.2086167167336250 -0.5308976811434865 0.0332772816077013
v -0.2211270000000000 0.0278570000000000 0.0484360000000000
vn -2.2563321843286546 -0.8532090200701290 2.0138829218255694
v -0.2070870000000000 0.0232070000000000 0.1102080000000000
vn -0.2725129063121197 -1.1539386013840376 2.6770628474647027
v -0.1309660000000000 0.0028190000000000 0.1423210000000000
vn -1.3679485046620661 -0.8557469616501276 2.5117328653443947
v -0.1613500000000000 0.0117270000000000 0.1211200000000000
vn 2.0417497404315519 -1.7382884059778685 2.0097687344053532
v -0.0509090000000000 -0.0023520000000000 0.1063490000000000
vn 1.0550811808998231 -1.2931913178494869 2.4577801213064756
v -0.0965920000000000 -0.0008250000000000 0.1210950000000000
vn 2.7203796108976319 -1.6084598123435339 0.0689389021251674
v -0.0385830000000000 -0.0078110000000000 0.0484360000000000
vn 2.7139765183606386 -1.5039178593262073 -0.5721686130246120
v -0.0519490000000000 -0.0051990000000000 -0.0317590000000000
vn 2.0630684942494399 -1.5058111881740570 -1.9370181502340778
v -0.0661550000000000 -0.0024320000000000 -0.0980080000000000
vn 0.5258487580514916 -0.5708081422096133 -1.4010267027852918
v -0.1318050000000000 0.0029740000000000 -0.1248510000000000
vn -0.6916360492254120 -0.3398792040993785 -1.3833917558037561
v -0.1318050000000000 0.0029740000000000 -0.1248510000000000
vn -2.4922864518204353 -0.6430737421733929 -1.9060506740178833
v -0.1952330000000000 0.0227890000000000 -0.0980080000000000
vn -0.2838098689094406 3.9080048183836320 0.3556613533387226
v -0.1485050000000000 0.1351650000000000 0.0027900000000000
vn 2.7993306433712632 2.2913403832540458 -0.3206806309844970
v -0.0524420000000000 0.1150220000000000 -0.0325410000000000
vn -0.6156589073678982 5.6104484070374010 1.2754555462500321
v -0.1660840000000000 0.1319080000000000 0.0778080000000000
vn -0.2256756343395419 -3.3710609828159233 0.0072440315072835
v -0.0965920000000000 -0.0008250000000000 0.1210950000000000
vn -0.1498796575829446 -2.0887089040766451 0.0704170818127990
v -0.0509090000000000 -0.0023520000000000 0.1063490000000000
vn -0.2740844860712156 -2.7395302904039065 0.0784502749447610
v -0.0385830000000000 -0.0078110000000000 0.0484360000000000
vn -0.3100636009040461 -3.0788024658620166 -0.0577616168164507
v -0.0519490000000000 -0.0051990000000000 -0.0317590000000000
vn -0.1846659207237716 -2.1634347283492574 -0.0270068527879258
v -0.0661550000000000 -0.0024320000000000 -0.0980080000000000
vn -0.3845237362002946 -1.9561603333624300 0.0292249813297199
v -0.1309660000000000 0.0028190000000000 0.1423210000000000
vn 0.0616831605647388 0.1887663425477581 2.9424439228354533
v -0.1073290000000000 0.1270990000000000 0.0172690000000000
vn 1.9482311470099498 0.5696367360292706 0.2294822111804486
v 0.0289620000000000 1.1916290000000000 -0.8132030000000000
vn 0.0001111198243225 1.7646708479937105 0.2934484961002828
v -0.0000960000000000 1.2179640000000000 -0.8254840000000000
vn -0.0000152518762278 4.3971237130494867 1.4554869641387724
v -0.0001140000000000 1.2048399999999999 -0.7465619999999999
vn 3.7031582709250053 0.2672606819787727 0.5552754570748248
v 0.0238420000000000 1.1872430000000000 -0.7497010000000000
vn -1.9487881517728272 0.5695834620295690 0.2284892694069111
v -0.0291540000000000 1.1916300000000000 -0.8132040000000000
vn -3.7030851482795741 0.2676687781185672 0.5530716700755947
v -0.0240710000000000 1.1872430000000000 -0.7497000000000000
vn -1.1765759972581917 -1.3797767719514411 0.0405347369989463
v -0.0000960000000000 1.1652940000000001 -0.8009230000000001
vn -1.9964540197252463 -2.6633418549001440 -0.3065378559667603
v -0.0001140000000000 1.1696460000000000 -0.7528390000000000
vn 1.1770076144308999 -1.3800813022916927 0.0413142054147335
v -0.0000960000000000 1.1652940000000001 -0.8009230000000001
vn 1.9964276088728132 -2.6634252110259049 -0.3053302612281710
v -0.0001140000000000 1.1696460000000000 -0.7528390000000000
vn -0.0001576030499720 4.4802532169324714 2.0116512930956785
v 0.0000300000000000 0.3314890000000000 -0.2909540000000000
vn 0.0001094507989528 2.4431545196274227 0.3121893035874193
v 0.0000300000000000 0.3099660000000000 -0.1224130000000000
vn 2.1954733054444153 -0.2142545776303881 -0.0275554228914595
v 0.0181010000000000 0.2919640000000000 -0.1208380000000000
vn 4.3348267772391322 -0.4906431888309045 -0.2764942261208077
v 0.0181010000000000 0.3145080000000000 -0.2971340000000000
vn -4.3344351658371556 -0.4904924841482750 -0.2771175723605154
v -0.0180410000000000 0.3145080000000000 -0.2971350000000000
vn -2.1954407980155612 -0.2144147024847878 -0.0275973614195987
v -0.0180410000000000 0.2919640000000000 -0.1208380000000000
vn -1.8877504751552570 -1.7332907457223268 -0.7569215352864919
v 0.0000300000000000 0.2975270000000000 -0.3033150000000000
vn -0.9921106646502359 -1.0071957090544648 -0.1289557673041774
v 0.0000300000000000 0.2739620000000000 -0.1192630000000000
vn 0.9920485900421900 -1.0072740252378587 -0.1288215760671601
v 0.0000300000000000 0.2739620000000000 -0.1192630000000000
vn 1.8876025368771490 -1.7333272343595993 -0.7567118067054799
v 0.0000300000000000 0.2975270000000000 -0.3033150000000000
vn 0.0083118455782232 2.8999380160691466 4.3954698470813218
v 0.0000670000000000 0.4704000000000000 -0.4594040000000000
vn 3.9207362814750164 -0.2063119255652771 -0.4899607047452613
v 0.0173860000000000 0.4600310000000000 -0.4696060000000000
vn 4.1129857048294518 -0.0109341028915223 -0.3568098383864229
v 0.0166720000000000 0.7097380000000000 -0.5568970000000000
vn 0.0066471915100392 0.7269945198329070 4.9686864943518874
v 0.0001040000000000 0.7134950000000000 -0.5426730000000000
vn -3.9161432450374054 -0.2050343451075602 -0.4998887157634543
v -0.0172520000000000 0.4600310000000000 -0.4696060000000000
vn -4.1145027990229277 -0.0171128728734166 -0.3645915803548014
v -0.0164640000000000 0.7097380000000000 -0.5568970000000000
vn -1.7649194389835925 -1.2261031489718008 -1.7233722734333714
v 0.0000670000000000 0.4496620000000000 -0.4798090000000000
vn -1.8976867415377590 -0.3479562054064103 -2.1185041106640661
v 0.0001040000000000 0.7059810000000000 -0.5711210000000000
vn 1.7618031961875358 -1.2347270260523009 -1.7226637329152634
v 0.0000670000000000 0.4496620000000000 -0.4798090000000000
vn 1.8941166012245869 -0.3393715838714236 -2.1263766984028210
v 0.0001040000000000 0.7059810000000000 -0.5711210000000000
vn -0.0007124431320192 1.3233340036954511 3.6968206184117167
v -0.0001520000000000 1.0010280000000000 -0.5362060000000000
vn 3.8755069865316587 0.2586851765314394 0.6415359213654255
v 0.0160410000000000 0.9967150000000000 -0.5490980000000000
vn 3.9155206608351838 0.2567935563750172 0.3800066331308020
v 0.0156840000000000 1.1601410000000001 -0.6908590000000000
vn -0.0000987780448953 3.5136582052202341 2.9061706326317318
v -0.0001330000000000 1.1686680000000000 -0.6816610000000000
vn -3.9152084074787465 0.2576364427648177 0.3788345222316270
v -0.0159500000000000 1.1601410000000001 -0.6908590000000000
vn -3.8736632143517369 0.2554862911996696 0.6417577528545915
v -0.0163440000000000 0.9967150000000000 -0.5490980000000000
vn -2.0723363287071219 -2.2526590479080437 -1.4515588333702691
v -0.0001330000000000 1.1516130000000000 -0.7000580000000000
vn -2.2299451320370443 -0.9023771062906678 -2.4940706736860268
v -0.0001520000000000 0.9924030000000000 -0.5619910000000000
vn 2.2285044526360522 -0.9005333482962498 -2.4930411537330608
v -0.0001520000000000 0.9924030000000000 -0.5619910000000000
vn 2.0720080663339289 -2.2527048024071559 -1.4508024153860879
v -0.0001330000000000 1.1516130000000000 -0.7000580000000000
vn 0.8324021711810670 -1.0338003420560811 -2.2168465949165501
v 0.0340040000000000 1.1314210000000000 -0.9423200000000000
vn 0.0004014587959318 -0.0845254876238852 -0.1812655707570661
v -0.0000960000000000 1.0709290000000000 -1.0720460000000001
vn 0.0276774219897988 3.8561683168025276 -2.2767130741065200
v -0.0000960000000000 1.1588069999999999 -0.9558390000000000
vn -0.8362608075439993 -1.0324701559152327 -2.2140464784737239
v -0.0350960000000000 1.1314210000000000 -0.9423200000000000
vn 0.0294203864584664 2.5786842736306235 -0.5280716005885653
v -0.0000960000000000 1.2179640000000000 -0.8254840000000000
vn 2.5113650172464492 0.5169630786644273 1.0297241109745181
v 0.0289620000000000 1.1916290000000000 -0.8132030000000000
vn 3.8038992825599656 0.6686091066881907 1.4016565236311587
v 0.0846700000000000 1.1424589999999999 -0.9186510000000000
vn 0.1159086306540141 3.9691074309070702 -2.2192042757726576
v 0.0552080000000000 1.1639990000000000 -0.9333910000000000
vn -0.1464141566007109 4.0029568852188078 -2.2770775969632240
v -0.0572000000000000 1.1639990000000000 -0.9333910000000000
vn -3.8178925682047034 0.6675986454991432 1.4316979941239569
v -0.0866610000000000 1.1424580000000000 -0.9186510000000000
vn -2.5224925470970847 0.5269799665382234 1.1299356073790112
v -0.0291540000000000 1.1916300000000000 -0.8132040000000000
vn 0.0765321192574709 -0.0516849168560325 -0.1108375323852787
v 0.1320370000000000 1.0884100000000001 -1.0345569999999999
vn -0.0777462771372474 -0.0511158338163512 -0.1096174372311612
v -0.1358280000000000 1.0884100000000001 -1.0345569999999999
vn 0.0276776509733734 -4.2228008745009893 1.4905618623892603
v -0.0000960000000000 1.1034619999999999 -0.9300310000000001
vn 0.0072556025469497 -2.0644958186077931 1.6603995428416269
v -0.0000960000000000 1.1652940000000001 -0.8009230000000001
vn 0.1072432292819973 -4.2982011576140930 1.5771811514462710
v 0.0552090000000000 1.1173210000000000 -0.9116240000000000
vn -0.1464335101501358 -4.3174429581114246 1.6027985545959345
v -0.0572000000000000 1.1173210000000000 -0.9116240000000000
vn 2.9024535756819221 -0.0000005021825379 -0.0000005470452470
v 0.0495810000000000 1.0449539999999999 -0.5918920000000000
vn 2.0523567200192971 -1.3879019460347786 -1.5119021893233646
v 0.0350590000000000 1.0212450000000000 -0.6177190000000000
vn 2.0523262415740575 -1.3878946294508607 -1.5118828360090568
v 0.0350590000000000 1.1017969999999999 -0.6916650000000000
vn 2.9024535756819270 0.0000005021825375 0.0000005470452474
v 0.0495810000000000 1.1255059999999999 -0.6658380000000000
vn 0.6011304179002228 -0.9813811645443827 -1.0690677607191701
v -0.0000000000000000 1.0114240000000001 -0.6284170000000000
vn 0.6011236768467226 -0.9814150270686233 -1.0690932654343550
v -0.0000000000000000 1.0919760000000001 -0.7023620000000000
vn -0.6011248830725322 -0.9813883857047228 -1.0690642440180376
v -0.0000000000000000 1.0114240000000001 -0.6284170000000000
vn -2.0523622549826599 -1.3879060663593747 -1.5118952946390654
v -0.0350590000000000 1.0212450000000000 -0.6177190000000000
vn -2.0523317763262190 -1.3878874084215933 -1.5118863527963544
v -0.0350590000000000 1.1017969999999999 -0.6916650000000000
vn -0.6011181416369441 -0.9814109065961197 -1.0691001602289614
v -0.0000000000000000 1.0919760000000001 -0.7023620000000000
vn -2.9024535756819225 -0.0000005021825392 -0.0000005470452464
v -0.0495810000000000 1.0449539999999999 -0.5918920000000000
vn -2.9024535756819265 0.0000005021825381 0.0000005470452463
v -0.0495810000000000 1.1255059999999999 -0.6658380000000000
vn -2.0523426245861800 1.3879172943476941 1.5119075256848997
v -0.0350590000000000 1.0686629999999999 -0.5660650000000000
vn -2.0523309327940238 1.3879006305714354 1.5118893732425076
v -0.0350590000000000 1.1492150000000001 -0.6400110000000000
vn -0.0000000000000011 1.9627852752743080 2.1381316027086825
v -0.0000000000000000 1.0784830000000001 -0.5553670000000001
vn -0.0000000000000012 1.9628175984617444 2.1381668135029699
v -0.0000000000000000 1.1590350000000000 -0.6293130000000000
vn 2.0523426245861818 1.3879172943476925 1.5119075256848993
v 0.0350590000000000 1.0686629999999999 -0.5660650000000000
vn 2.0523309327940256 1.3879006305714352 1.5118893732425067
v 0.0350590000000000 1.1492150000000001 -0.6400110000000000
vn -0.0000000000000000 -1.7357463776840671 1.5933886052182706
v -0.0000000000000000 1.0784830000000001 -0.5553670000000001
vn -0.0000410539388785 -1.7357158239027479 1.5933977099241383
v -0.0350590000000000 1.0686629999999999 -0.5660650000000000
vn -0.0000099603830816 -1.7357339385568837 1.5933874263190573
v -0.0495810000000000 1.0449539999999999 -0.5918920000000000
vn -0.0000187085230788 -1.7357446931352318 1.5933906084473979
v -0.0350590000000000 1.0212450000000000 -0.6177190000000000
vn 0.0000000000000000 -1.7357119178320630 1.5933774514564076
v -0.0000000000000000 1.0114240000000001 -0.6284170000000000
vn 0.0000187085230789 -1.7357446931352316 1.5933906084473981
v 0.0350590000000000 1.0212450000000000 -0.6177190000000000
vn 0.0000099603830816 -1.7357339385568837 1.5933874263190573
v 0.0495810000000000 1.0449539999999999 -0.5918920000000000
vn 0.0000410539388785 -1.7357158239027481 1.5933977099241383
v 0.0350590000000000 1.0686629999999999 -0.5660650000000000
vn 0.0000000000000012 1.7357096564648413 -1.5934022540230937
v 0.0350590000000000 1.1017969999999999 -0.6916650000000000
vn 0.0000000000000000 1.7356420250842350 -1.5935066213285893
v -0.0000000000000000 1.0919760000000001 -0.7023620000000000
vn -0.0000000000000011 1.7357096564648415 -1.5934022540230939
v -0.0350590000000000 1.1017969999999999 -0.6916650000000000
vn -0.0000000000000070 1.7357320310997495 -1.5933895042143547
v -0.0495810000000000 1.1255059999999999 -0.6658380000000000
vn -0.0000000000000011 1.7357365784176513 -1.5933751020586955
v -0.0350590000000000 1.1492150000000001 -0.6400110000000000
vn 0.0000000000000000 1.7357948949175381 -1.5933357513638200
v -0.0000000000000000 1.1590350000000000 -0.6293130000000000
vn 0.0000000000000012 1.7357365784176515 -1.5933751020586957
v 0.0350590000000000 1.1492150000000001 -0.6400110000000000
vn 0.0000000000000072 1.7357320310997495 -1.5933895042143547
v 0.0495810000000000 1.1255059999999999 -0.6658380000000000
vn 0.4609725329077844 2.0678642110136169 -1.9850874682475501
v 0.2651790000000000 0.4922470000000000 -0.0556980000000000
vn 0.6858377558775171 2.7820220002307972 -0.0333290305390908
v 0.2689920000000000 0.5128509999999999 -0.0050840000000000
vn 1.8198760449262612 5.5626752403173754 -0.0231170405258057
v 0.3577110000000000 0.4896040000000000 -0.0050750000000000
vn 1.2216039533987981 4.0895895690502977 -3.7405647005093936
v 0.3541720000000000 0.4722300000000000 -0.0578970000000000
vn -0.0423678887375770 0.1812309782256724 -2.8979268914200458
v 0.2559730000000000 0.4455470000000000 -0.0766630000000000
vn 0.3508447382223157 0.2812314758401414 -5.6344984153739857
v 0.3465510000000000 0.4283880000000000 -0.0798640000000000
vn -0.1350816537794612 -0.4948078877244642 -1.4924208854556937
v 0.2467680000000000 0.3827400000000000 -0.0556980000000000
vn 0.0025091365855220 -1.0027784645265652 -2.7721729092030962
v 0.3380970000000000 0.3678770000000000 -0.0579830000000000
vn -0.2736055718315070 -2.7655131420702306 0.0766267172305302
v 0.2429550000000000 0.3578310000000000 -0.0050840000000000
vn -0.2456909211361890 -1.4008674248529867 -0.7079271776179585
v 0.2467680000000000 0.3827400000000000 -0.0556980000000000
vn 0.0097283759977042 -2.9551487929630968 -0.9457665741546791
v 0.3380970000000000 0.3678770000000000 -0.0579830000000000
vn 0.2215448634063711 -5.8078769073808010 0.0644178858114757
v 0.3377280000000000 0.3519610000000000 -0.0048430000000000
vn -0.1452547020592836 -1.4532447677676261 0.6256735355807144
v 0.2467680000000000 0.3827400000000000 0.0455300000000000
vn -0.1251773139509305 -2.9613068243762575 0.8985862716975090
v 0.3380980000000000 0.3678770000000000 0.0476600000000000
vn -0.0524620803736884 0.1488854189124054 2.9009080588641334
v 0.2559730000000000 0.4455470000000000 0.0664950000000000
vn -0.1136325694467524 -0.4835136362671243 1.4984034702974784
v 0.2467680000000000 0.3827400000000000 0.0455300000000000
vn -0.0171151535052417 -0.9943877745449119 2.7737605975408428
v 0.3380980000000000 0.3678770000000000 0.0476600000000000
vn 0.3502959598529935 0.2510101904372102 5.6465767140337819
v 0.3465510000000000 0.4283880000000000 0.0695410000000000
vn 0.3955381196139039 2.0854656600498735 2.0126973700431603
v 0.2651790000000000 0.4922470000000000 0.0455300000000000
vn 1.3002030941211677 4.0734861285863166 3.7555973791754909
v 0.3541710000000000 0.4722300000000000 0.0477480000000000
vn -2.2119062717578646 0.7231856756998605 -0.4221397131603700
v 0.2467680000000000 0.3827400000000000 0.0455300000000000
vn -2.2966300030562303 0.3649299025458906 -0.6526431367249546
v 0.2559730000000000 0.4455470000000000 0.0664950000000000
vn -5.7970101379137651 0.8316961159033289 -0.0050187469844188
v 0.2756210000000000 0.4415690000000000 -0.0048700000000000
vn 0.8335200164162958 5.5108036688752451 -0.0004747245579934
v 0.4468420000000000 0.4929420000000000 -0.0051420000000000
vn -0.3183272202314155 4.3175005844045931 -2.8682723594065123
v 0.4426950000000000 0.4722580000000000 -0.0929740000000000
vn -0.0361884192304717 4.6855320176001651 -3.6940708955577803
v 0.3688060000000000 0.4672000000000000 -0.0566970000000000
vn 0.7745169945366568 6.0383607821594483 0.0148311722390417
v 0.3725610000000000 0.4833720000000000 -0.0050820000000000
vn -1.7464868776641083 0.4849800824499289 -4.7888965039141773
v 0.4326830000000000 0.4107420000000000 -0.1293560000000000
vn -1.3186597630471424 0.4870837906715556 -5.7610120570785481
v 0.3613490000000000 0.4252830000000000 -0.0778580000000000
vn -1.4353112993151500 -1.0113332809308844 -2.4099565991542136
v 0.4226710000000000 0.3435730000000000 -0.0929740000000000
vn -0.6926984120341115 -0.9892943133517837 -2.9313766546738402
v 0.3541260000000000 0.3689660000000000 -0.0568850000000000
vn -1.5472836142963389 -5.9760531934499408 0.0012144589512156
v 0.4210290000000000 0.3354220000000000 -0.0050130000000000
vn -0.3615744164866791 -6.1258376210700227 -0.0265896662721985
v 0.3544420000000000 0.3550820000000000 -0.0048630000000000
vn -0.5178295525773976 -3.3480549606034780 -0.7297891509323964
v 0.3541260000000000 0.3689660000000000 -0.0568850000000000
vn -0.8665487765367547 -2.9149068556888906 -0.2801884817337067
v 0.4226710000000000 0.3435730000000000 -0.0929740000000000
vn -0.8666996451397699 -2.9152295648946587 0.2806612174805383
v 0.4226710000000000 0.3435730000000000 0.0826910000000000
vn -0.4854841666026245 -3.3323813523128365 0.7740498990987256
v 0.3541230000000000 0.3689670000000000 0.0465640000000000
vn -1.4366338085848356 -1.0107803917135063 2.4093094849840773
v 0.4226710000000000 0.3435730000000000 0.0826910000000000
vn -1.7492381500295755 0.4856277045456686 4.7887252610867748
v 0.4326830000000000 0.4107420000000000 0.1190720000000000
vn -1.3088032457049188 0.4937128227800717 5.7655984461147582
v 0.3613460000000000 0.4252830000000000 0.0675360000000000
vn -0.6842170012843427 -1.0016875707454580 2.9254785730678070
v 0.3541230000000000 0.3689670000000000 0.0465640000000000
vn -0.3185413900853732 4.3178255953236917 2.8685438185739569
v 0.4426950000000000 0.4722580000000000 0.0826910000000000
vn -0.0482730699316439 4.6844561776517857 3.6880788854717426
v 0.3688090000000000 0.4672010000000000 0.0465360000000000
vn 3.8640923812371399 0.7002381373557783 -2.9446024603997936
v 0.5621130000000000 0.3972810000000000 -0.1134750000000000
vn 3.8690835350487047 2.1545017391770966 0.1826284950266705
v 0.5665829999999999 0.4215270000000000 -0.0841940000000000
vn 2.7858040083728399 -0.5736635542925704 0.0239815358821968
v 0.5600730000000000 0.3534570000000000 -0.0841840000000000
vn 3.3422532498479480 4.8726870108747216 0.1966373344850897
v 0.5277650000000000 0.4533790000000000 -0.0051130000000000
vn 3.6792023867097337 4.6904491306841685 -0.3644660405435511
v 0.5243650000000000 0.4445540000000000 -0.0460940000000000
vn 1.6559797091453017 3.0515414279905091 -4.0513747476301010
v 0.5222780000000000 0.4388270000000000 -0.1175570000000000
vn 0.2704386026090920 -0.0906127128207815 -5.9100508135818020
v 0.5045450000000000 0.3832240000000000 -0.1329280000000000
vn -0.4979864268026069 -1.0966616450577729 -3.0020084804523588
v 0.4868130000000000 0.3354110000000000 -0.1175570000000000
vn -0.5471462304378456 -2.4428235672687819 -1.0718647687145524
v 0.4868130000000000 0.3354110000000000 -0.1175570000000000
vn -1.3759651868481400 -5.7645539131610430 -0.1947077751576849
v 0.4833990000000000 0.3234190000000000 -0.0839300000000000
vn -1.0440920323573311 -6.0175534560476098 -0.1855373646474600
v 0.4813250000000000 0.3234540000000000 -0.0051130000000000
vn -0.3117902427908469 -5.9393046431210879 0.4226080908227377
v 0.4847260000000000 0.3308490000000000 0.0329230000000000
vn -0.4315198523752659 -1.0634722168462796 3.0216035488137907
v 0.4868130000000000 0.3354110000000000 0.1073310000000000
vn 0.2491850230814130 -0.1762393115835050 5.9043782190722114
v 0.5045450000000000 0.3832240000000000 0.1227030000000000
vn 1.6710134139570070 3.0660653343589188 4.0291934595875132
v 0.5222780000000000 0.4388270000000000 0.1073310000000000
vn 2.4273654063551642 4.6358174481362360 0.2504640276806240
v 0.5261730000000000 0.4556470000000000 0.0737040000000000
vn -2.2125813230041325 0.7215297689357195 0.4208848299346593
v 0.2467680000000000 0.3827400000000000 -0.0556980000000000
vn -2.0761497241740985 0.8099006030394507 0.0002345446430112
v 0.2429550000000000 0.3578310000000000 -0.0050840000000000
vn -2.3499812978129979 -0.0223806156445202 -0.4643710292089354
v 0.2651790000000000 0.4922470000000000 0.0455300000000000
vn -2.3625288645699882 -0.2197066404920532 0.0003509143921336
v 0.2689920000000000 0.5128509999999999 -0.0050840000000000
vn -2.3501656730513094 -0.0200462954125932 0.4628260761604311
v 0.2651790000000000 0.4922470000000000 -0.0556980000000000
vn -2.2974726418757712 0.3652324376539505 0.6489997228777539
v 0.2559730000000000 0.4455470000000000 -0.0766630000000000
vn 3.9373228037031467 2.1462948686275904 -0.1784058225519295
v 0.5663200000000000 0.4205990000000000 0.0738490000000000
vn 2.7873252517656018 -0.5744719982824783 -0.0239211298911874
v 0.5598630000000000 0.3529460000000000 0.0737930000000000
vn 3.5503342979544299 0.4231937975537379 -2.9422374744814710
v 0.5624840000000000 0.3950280000000000 0.0445680000000000
vn 3.4749589266912899 0.2456367108605473 -3.0790998579972011
v 0.5625690000000000 0.3952610000000000 -0.0387640000000000
vn 2.7977244352687061 -0.6513400067286982 -0.0004385687130793
v 0.5599480000000000 0.3531520000000000 -0.0051350000000000
vn 1.4128711401597658 -0.2138924294992414 -1.8676207954722333
v 0.5482340000000000 0.3591860000000000 -0.0454770000000000
vn 3.8672241066452333 4.5598246918691734 0.1341143391598180
v 0.5243650000000000 0.4445540000000000 0.0358690000000000
vn -0.1136832191653659 -5.9959125478157675 -0.2195909061959342
v 0.4847260000000000 0.3308490000000000 -0.0431480000000000
vn 1.5882644658906726 -0.5530526155986734 -3.3217938292302573
v 0.5483800000000000 0.3595930000000000 -0.1268230000000000
vn 0.0530465489244697 -0.7694309525979633 -1.6555646900594769
v 0.5346340000000001 0.3297720000000000 -0.1134040000000000
vn 2.4067474233771486 4.6635020014647628 -0.2449538707538909
v 0.5261730000000000 0.4556470000000000 -0.0839300000000000
vn 3.5499127354254938 0.4267776939430858 2.9446760767625779
v 0.5626770000000000 0.3955570000000000 -0.0549130000000000
vn 0.4623719203268758 0.1051033783041730 -0.0191662354373838
v 0.5045450000000000 0.3832240000000000 -0.0452880000000000
vn 1.4807875025568560 -0.2164916064023989 1.9203444584804752
v 0.5483420000000000 0.3594390000000000 -0.0479310000000000
vn 1.8961271425926094 -3.0180274539122127 3.3056503766310441
v 0.5340070000000000 0.3307760000000000 -0.0548500000000000
vn 1.1040247160088339 -3.8014263227059719 0.1667145806246449
v 0.5297150000000000 0.3114100000000000 -0.0841270000000000
vn 1.4775994105907178 -0.6602816651324565 3.3013248840138854
v 0.5481500000000000 0.3589450000000000 0.1164780000000000
vn 3.9752197918965440 0.7107090845780105 2.9038109360667357
v 0.5619060000000000 0.3966660000000000 0.1031300000000000
vn -0.0294023335619541 -0.6379796742156445 1.7047271325272821
v 0.5344270000000000 0.3293540000000000 0.1030580000000000
vn 1.0643293348033569 -3.7614190448481581 -0.1713024056604741
v 0.5294520000000000 0.3107430000000000 0.0737820000000000
vn 1.9350567454170933 -2.6909159526383482 1.5058084145545456
v 0.5344270000000000 0.3293540000000000 0.1030580000000000
vn -0.5611063525063089 -2.4321676633512181 1.0738311122278199
v 0.4868130000000000 0.3354110000000000 0.1073310000000000
vn -1.4142852092504281 -5.7633471136947154 0.1911044963387904
v 0.4833990000000000 0.3234190000000000 0.0737040000000000
vn 1.8767001770471194 -3.0148939254550271 -3.3152267072647459
v 0.5338140000000000 0.3304160000000000 0.0445050000000000
vn 0.2102662232405044 -0.3763767155542464 0.0036687367203175
v 0.5045450000000000 0.3832240000000000 0.0350630000000000
vn 1.0043144005032918 -1.0007337907619109 -2.0513176596306200
v 0.5481490000000000 0.3589870000000000 0.0375850000000000
vn 4.0260340591232024 2.0797193815285242 0.3239118579882037
v 0.5682570000000000 0.4211340000000000 -0.0051130000000000
vn 3.3944923171920744 0.4351003955827700 2.9807316602613416
v 0.5625690000000000 0.3952610000000000 0.0285390000000000
vn 0.4616416770498444 0.1060410944335524 0.0090622232350031
v 0.5045450000000000 0.3832240000000000 0.0350630000000000
vn 1.4129624018204954 -0.2140604849939290 1.8671907082748511
v 0.5482340000000000 0.3591860000000000 0.0352510000000000
vn 1.2532964143951413 -4.1659098960798024 -0.2160322177231077
v 0.5282100000000000 0.3129330000000000 -0.0051130000000000
vn 1.9863864827212843 -3.0055854779172195 3.2914636217819577
v 0.5338990000000000 0.3305750000000000 0.0261200000000000
vn 1.7366466897533168 -3.0850921536465274 -3.1349895400586814
v 0.5338990000000000 0.3305750000000000 -0.0363450000000000
vn 0.2153638341853586 -0.3788800978927103 0.0055101794498025
v 0.5045450000000000 0.3832240000000000 -0.0452880000000000
vn 0.8338168193954850 -1.0396670719603602 -1.9484396068576011
v 0.5482340000000000 0.3591860000000000 -0.0454770000000000
vn 1.9387438533687320 -2.6869850095370396 -1.4897628580569322
v 0.5346340000000001 0.3297720000000000 -0.1134040000000000
vn 2.3905731172902009 -1.6827855417827420 -0.0005296381477248
v 0.5599480000000000 0.3531520000000000 -0.0051350000000000
vn 1.0144370352193472 -1.0005442627545829 2.0431630731992012
v 0.5483420000000000 0.3594390000000000 -0.0479310000000000
vn 1.4794332490598265 -0.2179470440329216 -1.9121647159218187
v 0.5481490000000000 0.3589870000000000 0.0375850000000000
vn 0.8340487138936963 -1.0395956096331029 1.9480650173635512
v 0.5482340000000000 0.3591860000000000 0.0352510000000000
vn 2.4326020483838597 -1.6192448197674616 -0.0607472039353384
v 0.5598630000000000 0.3529460000000000 0.0737930000000000
vn 0.9609933739510458 -0.6004389664534012 -0.3499422833501653
v 0.5483800000000000 0.3595930000000000 -0.1268230000000000
vn 2.4352711200524131 -1.6184937154779195 0.0565915146647204
v 0.5600730000000000 0.3534570000000000 -0.0841840000000000
vn 0.9609857822765878 -0.6037356841476559 0.3485495334896908
v 0.5481500000000000 0.3589450000000000 0.1164780000000000
vn 4.5088432191104530 3.2537221765627771 0.0307430671795531
v 0.6001050000000000 0.3562980000000000 -0.0842860000000000
vn 3.5993424657272848 2.2015846164387498 -4.1863709843639603
v 0.5973770000000000 0.3446120000000000 -0.1021550000000000
vn 1.7691913029178123 1.1331111138496157 -1.9714670903072462
v 0.5522110000000000 0.3973740000000000 -0.1111420000000000
vn 1.5186812705962967 1.0525176270611056 -0.0076041878304377
v 0.5562870000000000 0.4195220000000000 -0.0844440000000000
vn 4.5457292368432691 3.2376918009267599 -0.0267877528976084
v 0.6000529999999999 0.3565530000000000 0.0734740000000000
vn 3.2383911854919996 1.7801358951170054 -4.3710335210203652
v 0.5976490000000000 0.3439360000000000 0.0551190000000000
vn 1.6613216285082077 1.0270535515495147 -2.0425141851734003
v 0.5527740000000000 0.3962800000000000 0.0462250000000000
vn 1.5355731977392937 1.0534903274568754 0.0084726180855721
v 0.5563660000000000 0.4202300000000000 0.0736490000000000
vn 3.2970249223038923 1.7045461253010701 -4.3403027197854147
v 0.5974620000000000 0.3434250000000000 -0.0251700000000000
vn 1.2740240674096923 -0.9728291952636138 -5.7855411373916974
v 0.5887900000000000 0.3272820000000000 -0.0292300000000000
vn 0.5330928084809611 -0.2934253769049937 -2.9887888423793632
v 0.5394880000000000 0.3623460000000000 -0.0412830000000000
vn 1.5954234289639475 0.9967500121243894 -2.0083784637541080
v 0.5524440000000000 0.3952400000000000 -0.0352160000000000
vn -0.4528725927253570 -3.6661158019514635 -4.4917024806040615
v 0.5801180000000000 0.3116170000000000 -0.0237060000000000
vn -0.6247895079613985 -2.4908425440795892 -1.6139944956320735
v 0.5766770000000000 0.3002380000000000 -0.0048130000000000
vn -0.4383307433978729 -1.2839617435755479 -0.8175848888852293
v 0.5213890000000000 0.3196290000000000 -0.0048020000000000
vn -0.3539490274340183 -1.6133475402546236 -2.2111876817483358
v 0.5265310000000000 0.3356170000000000 -0.0330300000000000
vn -0.3167448651900082 -3.3506551828842213 -4.7430767312931073
v 0.5796770000000000 0.3109330000000000 0.0550800000000000
vn -0.5306926646926894 -2.3631567761740975 -1.7891328697431654
v 0.5769420000000000 0.2976530000000000 0.0734320000000000
vn -0.4135420152274588 -1.2715394236954114 -0.9300026024715889
v 0.5218370000000000 0.3162090000000000 0.0735860000000000
vn -0.2595337072873107 -1.4430752528294226 -2.2666786243771044
v 0.5259230000000000 0.3346020000000000 0.0461660000000000
vn 1.4067549089242530 -0.7801295235007543 -5.4432551690890412
v 0.5889970000000000 0.3275920000000000 -0.1103010000000000
vn -0.5496513143768753 -3.8887655350976025 -4.5051073127666221
v 0.5806080000000000 0.3110910000000000 -0.1021120000000000
vn -0.4087458101387363 -1.7269964667763777 -2.2284951982902870
v 0.5271560000000000 0.3346490000000000 -0.1110770000000000
vn 0.6411716782857554 -0.1784298690647943 -2.7908334974627209
v 0.5396900000000000 0.3627180000000000 -0.1233130000000000
vn 1.4523591881225582 -0.8398514264911798 5.4340965599154414
v 0.5886630000000000 0.3271640000000000 0.1001970000000000
vn 3.6859542097196147 2.1777773097898541 4.1345687785994851
v 0.5972860000000000 0.3446980000000000 0.0918290000000000
vn 1.7755743938159179 1.1408010227257634 1.9498138072988389
v 0.5522330000000000 0.3978150000000000 0.1010720000000000
vn 0.6208616682001310 -0.1952244511270240 2.7989705216505802
v 0.5393490000000000 0.3621220000000000 0.1135740000000000
vn 0.6558371963516054 -0.4097937041659090 -0.0082944082960251
v 0.6459560000000000 0.2895040000000000 0.0735440000000000
vn -0.4740401106658170 -3.8863534964682631 4.5379718618607541
v 0.5800610000000000 0.3102490000000000 0.0917840000000000
vn 1.2800534296973589 -0.9872492026871437 5.7848777258901203
v 0.5887900000000000 0.3272820000000000 0.0196050000000000
vn 3.3185413128387724 1.7038607592995174 4.3335590184132249
v 0.5974620000000000 0.3434250000000000 0.0155440000000000
vn 1.5943412751155890 1.0016501964664120 2.0082121229907992
v 0.5524440000000000 0.3952400000000000 0.0256130000000000
vn 0.5226999493593203 -0.2953727450559920 2.9918925744063394
v 0.5394880000000000 0.3623460000000000 0.0316800000000000
vn 0.6422097173239804 -0.4129363041583644 -0.0001127984866109
v 0.6460910000000000 0.2896770000000000 -0.0048240000000000
vn -0.4306264425485599 -3.6660668599592814 4.5031373060589273
v 0.5801180000000000 0.3116170000000000 0.0140810000000000
vn -0.6127047805056539 -2.5018206963635556 1.6035465511091058
v 0.5766770000000000 0.3002380000000000 -0.0048130000000000
vn 1.2934555036668574 -0.7403214540931268 5.8752048222290032
v 0.5889730000000000 0.3275180000000000 -0.0621550000000000
vn 3.2302012519586896 1.7971017313209230 4.3942480924887635
v 0.5977209999999999 0.3438320000000000 -0.0664170000000000
vn 1.6472926901000282 1.0387574780310080 2.0659580990285775
v 0.5527250000000000 0.3958020000000000 -0.0577460000000000
vn 0.5243402572164330 -0.1953685905907796 3.0355506959220238
v 0.5396550000000000 0.3625730000000000 -0.0513800000000000
vn 0.6248346022606649 -0.3914874562632450 0.0076003743341069
v 0.6462790000000000 0.2899800000000000 -0.0843660000000000
vn -0.3506024631105768 -3.3766120576649246 4.7156548518000490
v 0.5802250000000000 0.3117170000000000 -0.0663780000000000
vn 1.6048450136459260 1.1517636511402349 0.0000746712208607
v 0.5575840000000000 0.4186720000000000 -0.0048010000000000
vn 4.6691487707205441 3.2052379405243103 -0.0001473405472536
v 0.6009020000000000 0.3556710000000000 -0.0048130000000000
vn 1.2945871053321343 -0.7422761509918065 -5.8649117273409725
v 0.5886630000000000 0.3271850000000000 0.0507420000000000
vn -0.5240927444769323 -2.4112401715761282 1.7230475181833393
v 0.5769420000000000 0.2976530000000000 0.0734320000000000
vn -0.4004112622957611 -1.7214296359506454 2.2355045914065230
v 0.5264970000000000 0.3335900000000000 0.1010050000000000
vn -0.4269135222469078 -1.2750980715545686 0.8808452750049425
v 0.5218370000000000 0.3162090000000000 0.0735860000000000
vn 0.5538063647862626 -0.2117753913595075 -3.0256125469518036
v 0.5393480000000000 0.3621630000000000 0.0396850000000000
vn -0.5683307799534957 -2.4131477641846653 -1.7167714088931101
v 0.5776060000000000 0.2990870000000000 -0.0842450000000000
vn -0.2894413332329683 -1.4458575209076563 2.2658860758590906
v 0.5265840000000001 0.3355850000000000 -0.0576890000000000
vn -0.4258603818712550 -1.2779383894881726 0.9209463287883144
v 0.5226710000000000 0.3179210000000000 -0.0843830000000000
vn -0.5589317316668634 -2.3832571674506462 1.7666301130652755
v 0.5776060000000000 0.2990870000000000 -0.0842450000000000
vn -0.3597049126975385 -1.6068052381114950 2.2179691138843989
v 0.5265310000000000 0.3356170000000000 0.0234270000000000
vn -0.4505276939243402 -1.2850128176621858 0.8098550544100739
v 0.5213890000000000 0.3196290000000000 -0.0048020000000000
vn -0.4212294715559967 -1.2777496588297632 -0.8842992680767392
v 0.5226710000000000 0.3179210000000000 -0.0843830000000000
vn -0.4609725329077844 2.0678642110136169 -1.9850874682475503
v -0.2651790000000000 0.4922470000000000 -0.0556980000000000
vn -1.2216039533987979 4.0895895690502977 -3.7405647005093940
v -0.3541720000000000 0.4722300000000000 -0.0578970000000000
vn -1.8198760449262612 5.5626752403173736 -0.0231170405258058
v -0.3577110000000000 0.4896040000000000 -0.0050750000000000
vn -0.6858377558775171 2.7820220002307972 -0.0333290305390909
v -0.2689920000000000 0.5128509999999999 -0.0050840000000000
vn 0.0423678887375770 0.1812309782256722 -2.8979268914200458
v -0.2559730000000000 0.4455470000000000 -0.0766630000000000
vn -0.3508447382223158 0.2812314758401413 -5.6344984153739865
v -0.3465510000000000 0.4283880000000000 -0.0798640000000000
vn 0.1350816537794612 -0.4948078877244643 -1.4924208854556937
v -0.2467680000000000 0.3827400000000000 -0.0556980000000000
vn -0.0025091365855220 -1.0027784645265652 -2.7721729092030962
v -0.3380970000000000 0.3678770000000000 -0.0579830000000000
vn 0.2736055718315070 -2.7655131420702306 0.0766267172305302
v -0.2429550000000000 0.3578310000000000 -0.0050840000000000
vn -0.2215448634063711 -5.8078769073808010 0.0644178858114756
v -0.3377280000000000 0.3519610000000000 -0.0048430000000000
vn -0.0097283759977042 -2.9551487929630968 -0.9457665741546791
v -0.3380970000000000 0.3678770000000000 -0.0579830000000000
vn 0.2456909211361890 -1.4008674248529867 -0.7079271776179585
v -0.2467680000000000 0.3827400000000000 -0.0556980000000000
vn 0.1452547020592836 -1.4532447677676261 0.6256735355807144
v -0.2467680000000000 0.3827400000000000 0.0455300000000000
vn 0.1251773139509306 -2.9613068243762575 0.8985862716975090
v -0.3380980000000000 0.3678770000000000 0.0476600000000000
vn 0.0524620803736885 0.1488854189124054 2.9009080588641334
v -0.2559730000000000 0.4455470000000000 0.0664950000000000
vn -0.3502959598529936 0.2510101904372101 5.6465767140337819
v -0.3465510000000000 0.4283880000000000 0.0695410000000000
vn 0.0171151535052418 -0.9943877745449119 2.7737605975408428
v -0.3380980000000000 0.3678770000000000 0.0476600000000000
vn 0.1136325694467525 -0.4835136362671243 1.4984034702974784
v -0.2467680000000000 0.3827400000000000 0.0455300000000000
vn -0.3955381196139039 2.0854656600498735 2.0126973700431603
v -0.2651790000000000 0.4922470000000000 0.0455300000000000
vn -1.3002030941211677 4.0734861285863158 3.7555973791754909
v -0.3541710000000000 0.4722300000000000 0.0477480000000000
vn 2.2119062717578646 0.7231856756998605 -0.4221397131603699
v -0.2467680000000000 0.3827400000000000 0.0455300000000000
vn 5.7970101379137651 0.8316961159033289 -0.0050187469844188
v -0.2756210000000000 0.4415690000000000 -0.0048700000000000
vn 2.2966300030562303 0.3649299025458906 -0.6526431367249546
v -0.2559730000000000 0.4455470000000000 0.0664950000000000
vn -0.8335200164162957 5.5108036688752451 -0.0004747245579935
v -0.4468420000000000 0.4929420000000000 -0.0051420000000000
vn -0.7745169945366568 6.0383607821594474 0.0148311722390417
v -0.3725610000000000 0.4833720000000000 -0.0050820000000000
vn 0.0361884192304718 4.6855320176001651 -3.6940708955577803
v -0.3688060000000000 0.4672000000000000 -0.0566970000000000
vn 0.3183272202314156 4.3175005844045931 -2.8682723594065118
v -0.4426950000000000 0.4722580000000000 -0.0929740000000000
vn 1.3186597630471428 0.4870837906715556 -5.7610120570785481
v -0.3613490000000000 0.4252830000000000 -0.0778580000000000
vn 1.7464868776641083 0.4849800824499289 -4.7888965039141773
v -0.4326830000000000 0.4107420000000000 -0.1293560000000000
vn 1.4353112993151500 -1.0113332809308844 -2.4099565991542136
v -0.4226710000000000 0.3435730000000000 -0.0929740000000000
vn 0.6926984120341115 -0.9892943133517836 -2.9313766546738407
v -0.3541260000000000 0.3689660000000000 -0.0568850000000000
vn 1.5472836142963386 -5.9760531934499408 0.0012144589512156
v -0.4210290000000000 0.3354220000000000 -0.0050130000000000
vn 0.8665487765367547 -2.9149068556888906 -0.2801884817337068
v -0.4226710000000000 0.3435730000000000 -0.0929740000000000
vn 0.5178295525773975 -3.3480549606034775 -0.7297891509323965
v -0.3541260000000000 0.3689660000000000 -0.0568850000000000
vn 0.3615744164866791 -6.1258376210700227 -0.0265896662721986
v -0.3544420000000000 0.3550820000000000 -0.0048630000000000
vn 0.4854841666026246 -3.3323813523128365 0.7740498990987257
v -0.3541230000000000 0.3689670000000000 0.0465640000000000
vn 0.8666996451397699 -2.9152295648946587 0.2806612174805383
v -0.4226710000000000 0.3435730000000000 0.0826910000000000
vn 1.4366338085848358 -1.0107803917135063 2.4093094849840773
v -0.4226710000000000 0.3435730000000000 0.0826910000000000
vn 0.6842170012843427 -1.0016875707454580 2.9254785730678070
v -0.3541230000000000 0.3689670000000000 0.0465640000000000
vn 1.3088032457049188 0.4937128227800717 5.7655984461147582
v -0.3613460000000000 0.4252830000000000 0.0675360000000000
vn 1.7492381500295755 0.4856277045456686 4.7887252610867748
v -0.4326830000000000 0.4107420000000000 0.1190720000000000
vn 0.3185413900853732 4.3178255953236917 2.8685438185739569
v -0.4426950000000000 0.4722580000000000 0.0826910000000000
vn 0.0482730699316438 4.6844561776517857 3.6880788854717421
v -0.3688090000000000 0.4672010000000000 0.0465360000000000
vn -3.8640923812371399 0.7002381373557784 -2.9446024603997936
v -0.5621130000000000 0.3972810000000000 -0.1134750000000000
vn -2.7858040083728399 -0.5736635542925704 0.0239815358821968
v -0.5600730000000000 0.3534570000000000 -0.0841840000000000
vn -3.8690835350487047 2.1545017391770966 0.1826284950266705
v -0.5665829999999999 0.4215270000000000 -0.0841940000000000
vn -3.6792023867097337 4.6904491306841685 -0.3644660405435515
v -0.5243650000000000 0.4445540000000000 -0.0460940000000000
vn -3.3422532498479471 4.8726870108747216 0.1966373344850894
v -0.5277650000000000 0.4533790000000000 -0.0051130000000000
vn -0.2704386026090920 -0.0906127128207815 -5.9100508135818020
v -0.5045450000000000 0.3832240000000000 -0.1329280000000000
vn -1.6559797091453019 3.0515414279905091 -4.0513747476301010
v -0.5222780000000000 0.4388270000000000 -0.1175570000000000
vn 0.4979864268026069 -1.0966616450577729 -3.0020084804523588
v -0.4868130000000000 0.3354110000000000 -0.1175570000000000
vn 1.3759651868481400 -5.7645539131610430 -0.1947077751576848
v -0.4833990000000000 0.3234190000000000 -0.0839300000000000
vn 0.5471462304378457 -2.4428235672687819 -1.0718647687145524
v -0.4868130000000000 0.3354110000000000 -0.1175570000000000
vn 0.3117902427908470 -5.9393046431210879 0.4226080908227378
v -0.4847260000000000 0.3308490000000000 0.0329230000000000
vn 1.0440920323573311 -6.0175534560476098 -0.1855373646474600
v -0.4813250000000000 0.3234540000000000 -0.0051130000000000
vn -0.2491850230814129 -0.1762393115835051 5.9043782190722114
v -0.5045450000000000 0.3832240000000000 0.1227030000000000
vn 0.4315198523752660 -1.0634722168462796 3.0216035488137907
v -0.4868130000000000 0.3354110000000000 0.1073310000000000
vn -1.6710134139570070 3.0660653343589193 4.0291934595875132
v -0.5222780000000000 0.4388270000000000 0.1073310000000000
vn -2.4273654063551642 4.6358174481362360 0.2504640276806241
v -0.5261730000000000 0.4556470000000000 0.0737040000000000
vn 2.2125813230041325 0.7215297689357194 0.4208848299346593
v -0.2467680000000000 0.3827400000000000 -0.0556980000000000
vn 2.0761497241740985 0.8099006030394507 0.0002345446430113
v -0.2429550000000000 0.3578310000000000 -0.0050840000000000
vn 2.3499812978129979 -0.0223806156445202 -0.4643710292089354
v -0.2651790000000000 0.4922470000000000 0.0455300000000000
vn 2.3625288645699882 -0.2197066404920532 0.0003509143921336
v -0.2689920000000000 0.5128509999999999 -0.0050840000000000
vn 2.3501656730513094 -0.0200462954125932 0.4628260761604311
v -0.2651790000000000 0.4922470000000000 -0.0556980000000000
vn 2.2974726418757712 0.3652324376539505 0.6489997228777539
v -0.2559730000000000 0.4455470000000000 -0.0766630000000000
vn -3.9373228037031467 2.1462948686275900 -0.1784058225519295
v -0.5663200000000000 0.4205990000000000 0.0738490000000000
vn -3.5503342979544308 0.4231937975537378 -2.9422374744814710
v -0.5624840000000000 0.3950280000000000 0.0445680000000000
vn -2.7873252517656018 -0.5744719982824783 -0.0239211298911875
v -0.5598630000000000 0.3529460000000000 0.0737930000000000
vn -3.4749589266912899 0.2456367108605474 -3.0790998579972011
v -0.5625690000000000 0.3952610000000000 -0.0387640000000000
vn -1.4128711401597658 -0.2138924294992414 -1.8676207954722335
v -0.5482340000000000 0.3591860000000000 -0.0454770000000000
vn -2.7977244352687061 -0.6513400067286982 -0.0004385687130794
v -0.5599480000000000 0.3531520000000000 -0.0051350000000000
vn -3.8672241066452333 4.5598246918691734 0.1341143391598180
v -0.5243650000000000 0.4445540000000000 0.0358690000000000
vn 0.1136832191653660 -5.9959125478157675 -0.2195909061959344
v -0.4847260000000000 0.3308490000000000 -0.0431480000000000
vn -1.5882644658906726 -0.5530526155986734 -3.3217938292302573
v -0.5483800000000000 0.3595930000000000 -0.1268230000000000
vn -0.0530465489244697 -0.7694309525979633 -1.6555646900594769
v -0.5346340000000001 0.3297720000000000 -0.1134040000000000
vn -2.4067474233771486 4.6635020014647628 -0.2449538707538907
v -0.5261730000000000 0.4556470000000000 -0.0839300000000000
vn -3.5499127354254938 0.4267776939430858 2.9446760767625779
v -0.5626770000000000 0.3955570000000000 -0.0549130000000000
vn -1.4807875025568560 -0.2164916064023989 1.9203444584804752
v -0.5483420000000000 0.3594390000000000 -0.0479310000000000
vn -0.4623719203268759 0.1051033783041730 -0.0191662354373839
v -0.5045450000000000 0.3832240000000000 -0.0452880000000000
vn -1.8961271425926096 -3.0180274539122127 3.3056503766310446
v -0.5340070000000000 0.3307760000000000 -0.0548500000000000
vn -1.1040247160088339 -3.8014263227059715 0.1667145806246450
v -0.5297150000000000 0.3114100000000000 -0.0841270000000000
vn -1.4775994105907175 -0.6602816651324565 3.3013248840138849
v -0.5481500000000000 0.3589450000000000 0.1164780000000000
vn -3.9752197918965440 0.7107090845780107 2.9038109360667357
v -0.5619060000000000 0.3966660000000000 0.1031300000000000
vn 0.0294023335619541 -0.6379796742156445 1.7047271325272821
v -0.5344270000000000 0.3293540000000000 0.1030580000000000
vn -1.0643293348033569 -3.7614190448481581 -0.1713024056604741
v -0.5294520000000000 0.3107430000000000 0.0737820000000000
vn 1.4142852092504281 -5.7633471136947154 0.1911044963387905
v -0.4833990000000000 0.3234190000000000 0.0737040000000000
vn 0.5611063525063089 -2.4321676633512181 1.0738311122278199
v -0.4868130000000000 0.3354110000000000 0.1073310000000000
vn -1.9350567454170930 -2.6909159526383482 1.5058084145545456
v -0.5344270000000000 0.3293540000000000 0.1030580000000000
vn -1.8767001770471192 -3.0148939254550271 -3.3152267072647459
v -0.5338140000000000 0.3304160000000000 0.0445050000000000
vn -1.0043144005032918 -1.0007337907619109 -2.0513176596306200
v -0.5481490000000000 0.3589870000000000 0.0375850000000000
vn -0.2102662232405044 -0.3763767155542464 0.0036687367203175
v -0.5045450000000000 0.3832240000000000 0.0350630000000000
vn -4.0260340591232024 2.0797193815285246 0.3239118579882035
v -0.5682570000000000 0.4211340000000000 -0.0051130000000000
vn -3.3944923171920744 0.4351003955827700 2.9807316602613416
v -0.5625690000000000 0.3952610000000000 0.0285390000000000
vn -1.4129624018204954 -0.2140604849939290 1.8671907082748511
v -0.5482340000000000 0.3591860000000000 0.0352510000000000
vn -0.4616416770498444 0.1060410944335523 0.0090622232350031
v -0.5045450000000000 0.3832240000000000 0.0350630000000000
vn -1.2532964143951413 -4.1659098960798024 -0.2160322177231077
v -0.5282100000000000 0.3129330000000000 -0.0051130000000000
vn -1.9863864827212843 -3.0055854779172204 3.2914636217819573
v -0.5338990000000000 0.3305750000000000 0.0261200000000000
vn -1.7366466897533166 -3.0850921536465274 -3.1349895400586814
v -0.5338990000000000 0.3305750000000000 -0.0363450000000000
vn -0.8338168193954850 -1.0396670719603602 -1.9484396068576011
v -0.5482340000000000 0.3591860000000000 -0.0454770000000000
vn -0.2153638341853586 -0.3788800978927103 0.0055101794498025
v -0.5045450000000000 0.3832240000000000 -0.0452880000000000
vn -1.9387438533687318 -2.6869850095370391 -1.4897628580569322
v -0.5346340000000001 0.3297720000000000 -0.1134040000000000
vn -2.3905731172902009 -1.6827855417827418 -0.0005296381477248
v -0.5599480000000000 0.3531520000000000 -0.0051350000000000
vn -1.0144370352193472 -1.0005442627545831 2.0431630731992012
v -0.5483420000000000 0.3594390000000000 -0.0479310000000000
vn -1.4794332490598265 -0.2179470440329216 -1.9121647159218189
v -0.5481490000000000 0.3589870000000000 0.0375850000000000
vn -0.8340487138936963 -1.0395956096331032 1.9480650173635512
v -0.5482340000000000 0.3591860000000000 0.0352510000000000
vn -2.4326020483838597 -1.6192448197674616 -0.0607472039353384
v -0.5598630000000000 0.3529460000000000 0.0737930000000000
vn -2.4352711200524131 -1.6184937154779195 0.0565915146647203
v -0.5600730000000000 0.3534570000000000 -0.0841840000000000
vn -0.9609933739510458 -0.6004389664534010 -0.3499422833501653
v -0.5483800000000000 0.3595930000000000 -0.1268230000000000
vn -0.9609857822765878 -0.6037356841476559 0.3485495334896908
v -0.5481500000000000 0.3589450000000000 0.1164780000000000
vn -4.5088432191104522 3.2537221765627771 0.0307430671795530
v -0.6001050000000000 0.3562980000000000 -0.0842860000000000
vn -1.5186812705962967 1.0525176270611056 -0.0076041878304377
v -0.5562870000000000 0.4195220000000000 -0.0844440000000000
vn -1.7691913029178123 1.1331111138496157 -1.9714670903072462
v -0.5522110000000000 0.3973740000000000 -0.1111420000000000
vn -3.5993424657272848 2.2015846164387498 -4.1863709843639603
v -0.5973770000000000 0.3446120000000000 -0.1021550000000000
vn -4.5457292368432682 3.2376918009267599 -0.0267877528976083
v -0.6000529999999999 0.3565530000000000 0.0734740000000000
vn -1.5355731977392937 1.0534903274568754 0.0084726180855721
v -0.5563660000000000 0.4202300000000000 0.0736490000000000
vn -1.6613216285082077 1.0270535515495147 -2.0425141851734003
v -0.5527740000000000 0.3962800000000000 0.0462250000000000
vn -3.2383911854919996 1.7801358951170052 -4.3710335210203652
v -0.5976490000000000 0.3439360000000000 0.0551190000000000
vn -3.2970249223038923 1.7045461253010703 -4.3403027197854147
v -0.5974620000000000 0.3434250000000000 -0.0251700000000000
vn -1.5954234289639475 0.9967500121243894 -2.0083784637541080
v -0.5524440000000000 0.3952400000000000 -0.0352160000000000
vn -0.5330928084809610 -0.2934253769049935 -2.9887888423793632
v -0.5394880000000000 0.3623460000000000 -0.0412830000000000
vn -1.2740240674096921 -0.9728291952636138 -5.7855411373916974
v -0.5887900000000000 0.3272820000000000 -0.0292300000000000
vn 0.4528725927253571 -3.6661158019514635 -4.4917024806040615
v -0.5801180000000000 0.3116170000000000 -0.0237060000000000
vn 0.3539490274340183 -1.6133475402546233 -2.2111876817483362
v -0.5265310000000000 0.3356170000000000 -0.0330300000000000
vn 0.4383307433978729 -1.2839617435755479 -0.8175848888852294
v -0.5213890000000000 0.3196290000000000 -0.0048020000000000
vn 0.6247895079613986 -2.4908425440795892 -1.6139944956320738
v -0.5766770000000000 0.3002380000000000 -0.0048130000000000
vn 0.3167448651900083 -3.3506551828842213 -4.7430767312931073
v -0.5796770000000000 0.3109330000000000 0.0550800000000000
vn 0.2595337072873108 -1.4430752528294226 -2.2666786243771044
v -0.5259230000000000 0.3346020000000000 0.0461660000000000
vn 0.4135420152274589 -1.2715394236954114 -0.9300026024715891
v -0.5218370000000000 0.3162090000000000 0.0735860000000000
vn 0.5306926646926895 -2.3631567761740975 -1.7891328697431654
v -0.5769420000000000 0.2976530000000000 0.0734320000000000
vn -1.4067549089242530 -0.7801295235007542 -5.4432551690890412
v -0.5889970000000000 0.3275920000000000 -0.1103010000000000
vn -0.6411716782857554 -0.1784298690647942 -2.7908334974627209
v -0.5396900000000000 0.3627180000000000 -0.1233130000000000
vn 0.4087458101387363 -1.7269964667763777 -2.2284951982902870
v -0.5271560000000000 0.3346490000000000 -0.1110770000000000
vn 0.5496513143768753 -3.8887655350976025 -4.5051073127666230
v -0.5806080000000000 0.3110910000000000 -0.1021120000000000
vn -1.4523591881225582 -0.8398514264911798 5.4340965599154414
v -0.5886630000000000 0.3271640000000000 0.1001970000000000
vn -0.6208616682001310 -0.1952244511270242 2.7989705216505802
v -0.5393490000000000 0.3621220000000000 0.1135740000000000
vn -1.7755743938159179 1.1408010227257632 1.9498138072988387
v -0.5522330000000000 0.3978150000000000 0.1010720000000000
vn -3.6859542097196147 2.1777773097898541 4.1345687785994851
v -0.5972860000000000 0.3446980000000000 0.0918290000000000
vn -0.6558371963516054 -0.4097937041659090 -0.0082944082960252
v -0.6459560000000000 0.2895040000000000 0.0735440000000000
vn 0.4740401106658169 -3.8863534964682627 4.5379718618607541
v -0.5800610000000000 0.3102490000000000 0.0917840000000000
vn -1.2800534296973587 -0.9872492026871438 5.7848777258901203
v -0.5887900000000000 0.3272820000000000 0.0196050000000000
vn -0.5226999493593203 -0.2953727450559920 2.9918925744063394
v -0.5394880000000000 0.3623460000000000 0.0316800000000000
vn -1.5943412751155890 1.0016501964664120 2.0082121229907992
v -0.5524440000000000 0.3952400000000000 0.0256130000000000
vn -3.3185413128387724 1.7038607592995172 4.3335590184132249
v -0.5974620000000000 0.3434250000000000 0.0155440000000000
vn -0.6422097173239804 -0.4129363041583644 -0.0001127984866109
v -0.6460910000000000 0.2896770000000000 -0.0048240000000000
vn 0.6127047805056539 -2.5018206963635556 1.6035465511091056
v -0.5766770000000000 0.3002380000000000 -0.0048130000000000
vn 0.4306264425485596 -3.6660668599592814 4.5031373060589273
v -0.5801180000000000 0.3116170000000000 0.0140810000000000
vn -1.2934555036668576 -0.7403214540931269 5.8752048222290032
v -0.5889730000000000 0.3275180000000000 -0.0621550000000000
vn -0.5243402572164330 -0.1953685905907797 3.0355506959220238
v -0.5396550000000000 0.3625730000000000 -0.0513800000000000
vn -1.6472926901000284 1.0387574780310080 2.0659580990285775
v -0.5527250000000000 0.3958020000000000 -0.0577460000000000
vn -3.2302012519586896 1.7971017313209230 4.3942480924887635
v -0.5977209999999999 0.3438320000000000 -0.0664170000000000
vn -0.6248346022606649 -0.3914874562632450 0.0076003743341070
v -0.6462790000000000 0.2899800000000000 -0.0843660000000000
vn 0.3506024631105768 -3.3766120576649246 4.7156548518000490
v -0.5802250000000000 0.3117170000000000 -0.0663780000000000
vn -4.6691487707205441 3.2052379405243099 -0.0001473405472540
v -0.6009020000000000 0.3556710000000000 -0.0048130000000000
vn -1.6048450136459260 1.1517636511402347 0.0000746712208607
v -0.5575840000000000 0.4186720000000000 -0.0048010000000000
vn -1.2945871053321345 -0.7422761509918067 -5.8649117273409725
v -0.5886630000000000 0.3271850000000000 0.0507420000000000
vn 0.5240927444769323 -2.4112401715761278 1.7230475181833391
v -0.5769420000000000 0.2976530000000000 0.0734320000000000
vn 0.4269135222469077 -1.2750980715545686 0.8808452750049425
v -0.5218370000000000 0.3162090000000000 0.0735860000000000
vn 0.4004112622957610 -1.7214296359506456 2.2355045914065235
v -0.5264970000000000 0.3335900000000000 0.1010050000000000
vn -0.5538063647862626 -0.2117753913595075 -3.0256125469518036
v -0.5393480000000000 0.3621630000000000 0.0396850000000000
vn 0.5683307799534957 -2.4131477641846653 -1.7167714088931101
v -0.5776060000000000 0.2990870000000000 -0.0842450000000000
vn 0.5589317316668634 -2.3832571674506462 1.7666301130652755
v -0.5776060000000000 0.2990870000000000 -0.0842450000000000
vn 0.4258603818712550 -1.2779383894881726 0.9209463287883145
v -0.5226710000000000 0.3179210000000000 -0.0843830000000000
vn 0.2894413332329683 -1.4458575209076563 2.2658860758590906
v -0.5265840000000001 0.3355850000000000 -0.0576890000000000
vn 0.4505276939243402 -1.2850128176621858 0.8098550544100740
v -0.5213890000000000 0.3196290000000000 -0.0048020000000000
vn 0.3597049126975385 -1.6068052381114950 2.2179691138843989
v -0.5265310000000000 0.3356170000000000 0.0234270000000000
vn 0.4212294715559967 -1.2777496588297632 -0.8842992680767393
v -0.5226710000000000 0.3179210000000000 -0.0843830000000000
vn -0.2180877329325988 -1.9462873423378217 -1.8933026094074374
v 0.1674000000000000 0.6218240000000000 0.1631250000000000
vn -0.9058875078589873 -4.0608032857267249 -4.1769487361834923
v 0.2016650000000000 0.6318270000000000 0.1488950000000000
vn 1.0102591337160922 -5.8120510836835138 -0.5033683950199301
v 0.2021200000000000 0.6314030000000000 0.1498160000000000
vn 0.6207050255638309 -2.6087558891367557 -0.3638627684606768
v 0.1680070000000000 0.6212590000000000 0.1643520000000000
vn -1.0202407748020048 -0.2172416123319210 -2.6324435143068605
v 0.1671880000000000 0.6231900000000000 0.1625920000000000
vn -2.2381153310921853 0.0757709420816904 -5.3382952216236870
v 0.2015060000000000 0.6328520000000000 0.1484930000000000
vn -1.3046823851831020 1.9671899064996947 -1.8525504538307989
v 0.1674950000000000 0.6245560000000000 0.1630640000000000
vn -2.1578719767373897 4.0497386728294478 -3.3702252203807355
v 0.2017350000000000 0.6338760000000000 0.1488440000000000
vn -0.6921824817458972 3.0277793228554755 0.2892985573219409
v 0.1681410000000000 0.6251220000000000 0.1642650000000000
vn -0.8250553403141120 5.6199282092238647 0.4002073549253635
v 0.2022200000000000 0.6343010000000000 0.1497420000000000
vn 0.4207347298016696 2.0634923636722045 2.2595994796231338
v 0.1687470000000000 0.6245560000000000 0.1654930000000000
vn 0.9535214425570433 4.0762916157061202 3.9271673829415814
v 0.2026750000000000 0.6338760000000000 0.1506630000000000
vn 1.2301809130062458 -0.1993345970632862 2.6568147951707677
v 0.1689600000000000 0.6231900000000000 0.1660280000000000
vn 2.2741505851212089 0.1494300850360638 5.3222104166948245
v 0.2028340000000000 0.6328520000000000 0.1510660000000000
vn 1.2218273508042072 -2.0555685738991092 1.4098636777714748
v 0.1686530000000000 0.6218240000000000 0.1655550000000000
vn 2.3468264416581954 -4.0593651613892199 3.5207193548050317
v 0.2026040000000000 0.6318270000000000 0.1507150000000000
vn -1.5156254981492472 -4.1578937346560787 -3.8840463674061514
v 0.2486970000000000 0.6371370000000000 0.1293690000000000
vn 0.0010960948055269 -0.0000049256106601 -0.0005639849442177
v 0.3071800000000000 0.6375590000000000 0.1000410000000000
vn 0.3366549923366687 -5.8574675866047849 -0.1052945764679798
v 0.2490010000000000 0.6368540000000000 0.1299810000000000
vn -2.4199822922039433 0.0423795550109705 -5.3257012474782890
v 0.2485910000000000 0.6378200000000001 0.1291020000000000
vn -1.8267597303457677 4.1391725554969856 -3.5944745193425214
v 0.2487440000000000 0.6385030000000000 0.1293380000000000
vn -0.1539679205257415 5.7213295848858721 0.1311056309512248
v 0.2490670000000000 0.6387850000000000 0.1299380000000000
vn 1.5988324874423046 4.0544685557811198 3.6856719894713725
v 0.2493710000000000 0.6385030000000000 0.1305500000000000
vn 2.4866153235594801 0.0940423194847768 5.1722328322029458
v 0.2494770000000000 0.6378200000000001 0.1308170000000000
vn 1.9961603470986178 -4.0341454622780013 3.6712689636581635
v 0.2493230000000000 0.6371370000000000 0.1305810000000000
vn -0.6078283185396738 -2.0667356114043072 -1.5869500627445245
v 0.1595790000000000 0.6006410000000000 0.1712900000000000
vn -1.9259163035434779 -4.2668163072127596 -3.6392997503083331
v 0.1949700000000000 0.6009890000000000 0.1572810000000000
vn -0.4101586892320235 -5.9341545279812031 0.2627116662008426
v 0.1952970000000000 0.6005960000000000 0.1582660000000000
vn 0.0122314990955196 -2.6545922109838278 -0.0587714284895596
v 0.1600160000000000 0.6001160000000000 0.1726040000000000
vn -1.0135638172558479 -0.3854001290264917 -2.5919423744181636
v 0.1597780000000000 0.6019070000000000 0.1705510000000000
vn -2.2662663796926066 -0.0050870185553676 -5.3432035812315704
v 0.1951190000000000 0.6019390000000000 0.1567260000000000
vn -0.8335316725216436 1.9741117670324422 -2.1501860990816515
v 0.1604950000000000 0.6031730000000000 0.1708180000000000
vn -1.1596845896064971 4.0673475087778126 -3.8152919988906047
v 0.1956570000000000 0.6028890000000000 0.1569270000000000
vn 0.0028329524815520 3.1921908051994787 -0.0866778412298704
v 0.1613120000000000 0.6036980000000000 0.1719350000000000
vn 0.5847251317058614 5.6370746769834437 -0.2901307170194901
v 0.1962690000000000 0.6032820000000000 0.1577640000000000
vn 0.8745352398117461 2.2193130552293088 2.0583687753261946
v 0.1617480000000000 0.6031730000000000 0.1732480000000000
vn 1.9654187676923132 4.1519387415911133 3.3418283126655686
v 0.1965960000000000 0.6028890000000000 0.1587490000000000
vn 1.1381673353419963 -0.2117996940088992 2.7045369495135598
v 0.1615500000000000 0.6019070000000000 0.1739880000000000
vn 2.3062870537110314 0.2734607917565608 5.2412873792918049
v 0.1964480000000000 0.6019390000000000 0.1593040000000000
vn 0.6849567796351561 -2.1225308192474652 1.5930907555960609
v 0.1608320000000000 0.6006410000000000 0.1737210000000000
vn 1.3540406088546435 -4.0399033069396486 4.0296682022244923
v 0.1959090000000000 0.6009890000000000 0.1591040000000000
vn -2.7621644124885667 -4.0375224907575982 -3.2826787660948438
v 0.2404920000000000 0.5913340000000000 0.1369520000000000
vn 0.0010301321352574 -0.0004251946785427 -0.0005311229045550
v 0.2956230000000000 0.5694360000000001 0.1092970000000000
vn -1.3356709288280544 -5.7029517834660792 0.7320471162650941
v 0.2407110000000000 0.5910720000000000 0.1376090000000000
vn -2.4756177492855920 0.0329922478390494 -5.2796992142238057
v 0.2405920000000000 0.5919670000000000 0.1365830000000000
vn -0.6974977396922483 3.9254822585046529 -4.1289651509760485
v 0.2409500000000000 0.5926000000000000 0.1367160000000000
vn 1.4509536435815382 5.4441301701287905 -0.7132210228020910
v 0.2413590000000000 0.5928630000000000 0.1372750000000000
vn 2.7843952556706597 3.9182014315235509 3.0410736539298782
v 0.2415770000000000 0.5926000000000000 0.1379320000000000
vn 2.5956978277799347 0.1326206643998969 5.1388573661216368
v 0.2414780000000000 0.5919670000000000 0.1383010000000000
vn 0.9120991259466583 -3.9054790504396686 4.2550796845819052
v 0.2411190000000000 0.5913340000000000 0.1381680000000000
vn 0.2180877329325989 -1.9462873423378215 -1.8933026094074377
v -0.1674000000000000 0.6218240000000000 0.1631250000000000
vn -0.6207050255638302 -2.6087558891367557 -0.3638627684606778
v -0.1680070000000000 0.6212590000000000 0.1643520000000000
vn -1.0102591337160922 -5.8120510836835146 -0.5033683950199279
v -0.2021200000000000 0.6314030000000000 0.1498160000000000
vn 0.9058875078589868 -4.0608032857267258 -4.1769487361834905
v -0.2016650000000000 0.6318270000000000 0.1488950000000000
vn 1.0202407748020041 -0.2172416123319211 -2.6324435143068605
v -0.1671880000000000 0.6231900000000000 0.1625920000000000
vn 2.2381153310921853 0.0757709420816893 -5.3382952216236870
v -0.2015060000000000 0.6328520000000000 0.1484930000000000
vn 1.3046823851831015 1.9671899064996947 -1.8525504538307991
v -0.1674950000000000 0.6245560000000000 0.1630640000000000
vn 2.1578719767373888 4.0497386728294487 -3.3702252203807359
v -0.2017350000000000 0.6338760000000000 0.1488440000000000
vn 0.6921824817458967 3.0277793228554750 0.2892985573219406
v -0.1681410000000000 0.6251220000000000 0.1642650000000000
vn 0.8250553403141112 5.6199282092238665 0.4002073549253624
v -0.2022200000000000 0.6343010000000000 0.1497420000000000
vn -0.4207347298016699 2.0634923636722045 2.2595994796231333
v -0.1687470000000000 0.6245560000000000 0.1654930000000000
vn -0.9535214425570434 4.0762916157061202 3.9271673829415805
v -0.2026750000000000 0.6338760000000000 0.1506630000000000
vn -2.2741505851212089 0.1494300850360646 5.3222104166948254
v -0.2028340000000000 0.6328520000000000 0.1510660000000000
vn -1.2301809130062451 -0.1993345970632873 2.6568147951707672
v -0.1689600000000000 0.6231900000000000 0.1660280000000000
vn -2.3468264416581954 -4.0593651613892190 3.5207193548050331
v -0.2026040000000000 0.6318270000000000 0.1507150000000000
vn -1.2218273508042068 -2.0555685738991105 1.4098636777714737
v -0.1686530000000000 0.6218240000000000 0.1655550000000000
vn 1.5156254981492470 -4.1578937346560796 -3.8840463674061514
v -0.2486970000000000 0.6371370000000000 0.1293690000000000
vn -0.3366549923366681 -5.8574675866047858 -0.1052945764679797
v -0.2490010000000000 0.6368540000000000 0.1299810000000000
vn -0.0010960948055269 -0.0000049256106601 -0.0005639849442177
v -0.3071800000000000 0.6375590000000000 0.1000410000000000
vn 2.4199822922039433 0.0423795550109697 -5.3257012474782899
v -0.2485910000000000 0.6378200000000001 0.1291020000000000
vn 1.8267597303457674 4.1391725554969856 -3.5944745193425214
v -0.2487440000000000 0.6385030000000000 0.1293380000000000
vn 0.1539679205257413 5.7213295848858721 0.1311056309512252
v -0.2490670000000000 0.6387850000000000 0.1299380000000000
vn -1.5988324874423050 4.0544685557811180 3.6856719894713730
v -0.2493710000000000 0.6385030000000000 0.1305500000000000
vn -2.4866153235594810 0.0940423194847757 5.1722328322029476
v -0.2494770000000000 0.6378200000000001 0.1308170000000000
vn -1.9961603470986178 -4.0341454622779995 3.6712689636581644
v -0.2493230000000000 0.6371370000000000 0.1305810000000000
vn 0.6078283185396739 -2.0667356114043067 -1.5869500627445250
v -0.1595790000000000 0.6006410000000000 0.1712900000000000
vn -0.0122314990955198 -2.6545922109838278 -0.0587714284895591
v -0.1600160000000000 0.6001160000000000 0.1726040000000000
vn 0.4101586892320240 -5.9341545279812040 0.2627116662008413
v -0.1952970000000000 0.6005960000000000 0.1582660000000000
vn 1.9259163035434779 -4.2668163072127596 -3.6392997503083331
v -0.1949700000000000 0.6009890000000000 0.1572810000000000
vn 1.0135638172558481 -0.3854001290264908 -2.5919423744181636
v -0.1597780000000000 0.6019070000000000 0.1705510000000000
vn 2.2662663796926066 -0.0050870185553671 -5.3432035812315695
v -0.1951190000000000 0.6019390000000000 0.1567260000000000
vn 0.8335316725216435 1.9741117670324428 -2.1501860990816510
v -0.1604950000000000 0.6031730000000000 0.1708180000000000
vn 1.1596845896064973 4.0673475087778126 -3.8152919988906047
v -0.1956570000000000 0.6028890000000000 0.1569270000000000
vn -0.0028329524815520 3.1921908051994787 -0.0866778412298705
v -0.1613120000000000 0.6036980000000000 0.1719350000000000
vn -0.5847251317058616 5.6370746769834437 -0.2901307170194903
v -0.1962690000000000 0.6032820000000000 0.1577640000000000
vn -0.8745352398117457 2.2193130552293088 2.0583687753261937
v -0.1617480000000000 0.6031730000000000 0.1732480000000000
vn -1.9654187676923138 4.1519387415911133 3.3418283126655690
v -0.1965960000000000 0.6028890000000000 0.1587490000000000
vn -2.3062870537110309 0.2734607917565579 5.2412873792918040
v -0.1964480000000000 0.6019390000000000 0.1593040000000000
vn -1.1381673353419963 -0.2117996940088981 2.7045369495135603
v -0.1615500000000000 0.6019070000000000 0.1739880000000000
vn -1.3540406088546426 -4.0399033069396530 4.0296682022244905
v -0.1959090000000000 0.6009890000000000 0.1591040000000000
vn -0.6849567796351563 -2.1225308192474643 1.5930907555960616
v -0.1608320000000000 0.6006410000000000 0.1737210000000000
vn 2.7621644124885671 -4.0375224907575991 -3.2826787660948442
v -0.2404920000000000 0.5913340000000000 0.1369520000000000
vn 1.3356709288280553 -5.7029517834660801 0.7320471162650927
v -0.2407110000000000 0.5910720000000000 0.1376090000000000
vn -0.0010301321352574 -0.0004251946785427 -0.0005311229045550
v -0.2956230000000000 0.5694360000000001 0.1092970000000000
vn 2.4756177492855915 0.0329922478390497 -5.2796992142238048
v -0.2405920000000000 0.5919670000000000 0.1365830000000000
vn 0.6974977396922484 3.9254822585046534 -4.1289651509760485
v -0.2409500000000000 0.5926000000000000 0.1367160000000000
vn -1.4509536435815376 5.4441301701287896 -0.7132210228020912
v -0.2413590000000000 0.5928630000000000 0.1372750000000000
vn -2.7843952556706593 3.9182014315235518 3.0410736539298791
v -0.2415770000000000 0.5926000000000000 0.1379320000000000
vn -2.5956978277799347 0.1326206643998965 5.1388573661216350
v -0.2414780000000000 0.5919670000000000 0.1383010000000000
vn -0.9120991259466582 -3.9054790504396699 4.2550796845819043
v -0.2411190000000000 0.5913340000000000 0.1381680000000000
vn 0.0000000000000000 0.0000000000000000 0.0000000000000000
v 0.0000000000000000 0.0000000000000000 0.0000000000000000
# 1363 vertices, 0 vertices normals


usemtl material_0
vt 0.3998239934444427 0.0693769976496696
vt 0.4055840075016022 0.0880649983882904
vt 0.3982850015163422 0.0881429985165596
f 1/1/1 2/2/2 3/3/3
vt 0.3910070061683655 0.0856020003557205
f 1/1/1 3/3/3 4/4/4
vt 0.3856590092182159 0.0800900012254715
f 1/1/1 4/4/4 5/5/5
vt 0.3819229900836945 0.0738229975104332
f 1/1/1 5/5/5 6/6/6
vt 0.3814019858837128 0.0666930004954338
f 1/1/1 6/6/6 7/7/7
vt 0.3832499980926514 0.0599530003964901
f 1/1/1 7/7/7 8/8/8
vt 0.3879649937152863 0.0541340000927448
f 1/1/1 8/8/8 9/9/9
vt 0.3945350050926208 0.0513360016047955
f 1/1/1 9/9/9 10/10/10
vt 0.4033159911632538 0.0504640005528927
f 1/1/1 10/10/10 11/11/11
vt 0.4108099937438965 0.0545330010354519
f 1/1/1 11/11/11 12/12/12
vt 0.4155760109424591 0.0590949989855289
f 1/1/1 12/12/12 13/13/13
vt 0.4190190136432648 0.0656889975070953
f 1/1/1 13/13/13 14/14/14
vt 0.4193390011787415 0.0724890008568764
f 1/1/1 14/14/14 15/15/15
vt 0.4173170030117035 0.0795229971408844
f 1/1/1 15/15/15 16/16/16
vt 0.4116429984569550 0.0854360014200211
f 1/1/1 16/16/16 17/17/17
f 1/1/1 17/17/17 2/2/2
vt 0.3975850045681000 0.1044450029730797
f 18/18/18 3/3/3 2/2/2
vt 0.4117659926414490 0.1041819974780083
f 2/2/2 19/19/19 18/18/18
vt 0.3839580118656158 0.0989260002970695
f 20/20/20 4/4/4 3/3/3
f 3/3/3 18/18/18 20/20/20
vt 0.3727160096168518 0.0893889963626862
f 21/21/21 5/5/5 4/4/4
f 4/4/4 20/20/20 21/21/21
vt 0.3658330142498016 0.0774139985442162
f 22/22/22 6/6/6 5/5/5
f 5/5/5 21/21/21 22/22/22
vt 0.3648430109024048 0.0621279999613762
f 23/23/23 7/7/7 6/6/6
f 6/6/6 22/22/22 23/23/23
vt 0.3677850067615509 0.0499969981610775
f 24/24/24 8/8/8 7/7/7
f 7/7/7 23/23/23 24/24/24
vt 0.3774870038032532 0.0411229990422726
f 25/25/25 9/9/9 8/8/8
f 8/8/8 24/24/24 25/25/25
vt 0.3911089897155762 0.0358019992709160
f 26/26/26 10/10/10 9/9/9
f 9/9/9 25/25/25 26/26/26
vt 0.4065819978713989 0.0343560017645359
f 27/27/27 11/11/11 10/10/10
f 10/10/10 26/26/26 27/27/27
vt 0.4228209853172302 0.0400010012090206
f 28/28/28 12/12/12 11/11/11
f 11/11/11 27/27/27 28/28/28
vt 0.4332930147647858 0.0489140003919601
f 29/29/29 13/13/13 12/12/12
f 12/12/12 28/28/28 29/29/29
vt 0.4383920133113861 0.0608629994094372
f 30/30/30 14/14/14 13/13/13
f 13/13/13 29/29/29 30/30/30
vt 0.4400120079517365 0.0737790018320084
f 31/31/31 15/15/15 14/14/14
f 14/14/14 30/30/30 31/31/31
vt 0.4345940053462982 0.0883240029215813
f 32/32/32 16/16/16 15/15/15
f 15/15/15 31/31/31 32/32/32
vt 0.4237819910049438 0.0989689975976944
f 33/33/33 17/17/17 16/16/16
f 16/16/16 32/32/32 33/33/33
f 19/19/19 2/2/2 17/17/17
f 17/17/17 33/33/33 19/19/19
vt 0.3955639898777008 0.1192430034279823
f 34/34/34 18/18/18 19/19/19
vt 0.4153180122375488 0.1187110021710396
f 19/19/19 35/35/35 34/34/34
vt 0.3763990104198456 0.1118059977889061
f 36/36/36 20/20/20 18/18/18
f 18/18/18 34/34/34 36/36/36
vt 0.3610039949417114 0.0979600027203560
f 37/37/37 21/21/21 20/20/20
f 20/20/20 36/36/36 37/37/37
vt 0.3525969982147217 0.0798960030078888
f 38/38/38 22/22/22 21/21/21
f 21/21/21 37/37/37 38/38/38
vt 0.3510290086269379 0.0598479993641376
f 39/39/39 23/23/23 22/22/22
f 22/22/22 38/38/38 39/39/39
vt 0.3573699891567230 0.0424599982798100
f 40/40/40 24/24/24 23/23/23
f 23/23/23 39/39/39 40/40/40
vt 0.3700599968433380 0.0269699990749359
f 41/41/41 25/25/25 24/24/24
f 24/24/24 40/40/40 41/41/41
vt 0.3897260129451752 0.0179810002446175
f 42/42/42 26/26/26 25/25/25
f 25/25/25 41/41/41 42/42/42
vt 0.4105519950389862 0.0173979997634888
f 43/43/43 27/27/27 26/26/26
f 26/26/26 42/42/42 43/43/43
vt 0.4315589964389801 0.0249550007283688
f 44/44/44 28/28/28 27/27/27
f 27/27/27 43/43/43 44/44/44
vt 0.4462659955024719 0.0379250012338161
f 45/45/45 29/29/29 28/28/28
f 28/28/28 44/44/44 45/45/45
vt 0.4547550082206726 0.0544710010290146
f 46/46/46 30/30/30 29/29/29
f 29/29/29 45/45/45 46/46/46
vt 0.4569399952888489 0.0737409964203835
f 47/47/47 31/31/31 30/30/30
f 30/30/30 46/46/46 47/47/47
vt 0.4497030079364777 0.0948269963264465
f 48/48/48 32/32/32 31/31/31
f 31/31/31 47/47/47 48/48/48
vt 0.4337339997291565 0.1107669994235039
f 49/49/49 33/33/33 32/32/32
f 32/32/32 48/48/48 49/49/49
f 35/35/35 19/19/19 33/33/33
f 33/33/33 49/49/49 35/35/35
vt 0.2147250026464462 0.3345850110054016
vt 0.1698060035705566 0.3484039902687073
vt 0.1918549984693527 0.2969070076942444
f 50/50/50 51/51/51 52/52/52
vt 0.2402870059013367 0.2726159989833832
vt 0.2628870010375977 0.3115920126438141
f 53/53/53 54/54/54 50/50/50
f 50/50/50 52/52/52 53/53/53
vt 0.1347209960222244 0.9065769910812378
vt 0.0919120013713837 0.9118660092353821
vt 0.0957090035080910 0.8700249791145325
f 55/55/55 56/56/56 57/57/57
vt 0.1527249962091446 0.8813549876213074
f 57/57/57 58/58/58 55/55/55
vt 0.0253240000456572 0.9217470288276672
vt 0.0210769996047020 0.8691509962081909
f 59/59/59 60/60/60 57/57/57
f 57/57/57 56/56/56 59/59/59
vt 0.1058259978890419 0.9585949778556824
f 59/59/59 56/56/56 61/61/61
vt 0.0383989997208118 0.9761940240859985
f 61/61/61 62/62/62 59/59/59
vt 0.1621229946613312 0.9343870282173157
f 55/55/55 63/63/63 61/61/61
f 61/61/61 56/56/56 55/55/55
vt 0.2004490047693253 0.2191909998655319
vt 0.2488909959793091 0.1897940039634705
f 53/53/53 64/64/64 65/65/65
vt 0.2865819931030273 0.2419539988040924
f 65/65/65 66/66/66 53/53/53
vt 0.1557119935750961 0.1641930043697357
vt 0.2067209929227829 0.1314810067415237
f 67/67/67 68/68/68 65/65/65
f 65/65/65 64/64/64 67/67/67
vt 0.2011789977550507 0.4794960021972656
vt 0.2352759987115860 0.5052980184555054
vt 0.1909720003604889 0.5464239716529846
f 69/69/69 70/70/70 71/71/71
vt 0.1656299978494644 0.4882459938526154
f 71/71/71 72/72/72 69/69/69
vt 0.1922640055418015 0.6196960210800171
vt 0.2290029972791672 0.6112849712371826
f 73/73/73 71/71/71 74/74/74
vt 0.1262249946594238 0.5500419735908508
vt 0.1056549996137619 0.5019149780273438
f 71/71/71 75/75/75 76/76/76
f 76/76/76 72/72/72 71/71/71
vt 0.0330980010330677 0.3390730023384094
vt 0.0351860001683235 0.3298740088939667
vt 0.0496519990265369 0.3288579881191254
f 77/77/77 78/78/78 79/79/79
vt 0.0475790016353130 0.3381829857826233
f 79/79/79 80/80/80 77/77/77
vt 0.0923129990696907 0.3705359995365143
vt 0.0892470031976700 0.3437429964542389
f 51/51/51 81/81/81 82/82/82
vt 0.0340620018541813 0.3535949885845184
vt 0.0550290010869503 0.3531169891357422
vt 0.0576569996774197 0.3674669861793518
f 83/83/83 84/84/84 85/85/85
vt 0.0367739982903004 0.3684220016002655
f 85/85/85 86/86/86 83/83/83
vt 0.1864320039749146 0.7673379778862000
vt 0.2238570004701614 0.7363179922103882
vt 0.2180899977684021 0.7993140220642090
f 87/87/87 88/88/88 89/89/89
vt 0.1804129928350449 0.8039010167121887
f 89/89/89 90/90/90 87/87/87
vt 0.2242539972066879 0.6719639897346497
vt 0.1873449981212616 0.7303929924964905
f 91/91/91 88/88/88 92/92/92
vt 0.0406330004334450 0.7714899778366089
vt 0.0592259988188744 0.7278839945793152
vt 0.1295440047979355 0.7521290183067322
f 93/93/93 94/94/94 95/95/95
vt 0.1162990033626556 0.7916389703750610
f 95/95/95 96/96/96 93/93/93
vt 0.0801279991865158 0.6930400133132935
vt 0.1436730027198792 0.7182540297508240
f 97/97/97 98/98/98 95/95/95
f 95/95/95 94/94/94 97/97/97
f 92/92/92 87/87/87 95/95/95
f 95/95/95 98/98/98 92/92/92
f 90/90/90 96/96/96 95/95/95
f 95/95/95 87/87/87 90/90/90
vt 0.0794560015201569 0.4638240039348602
vt 0.1367110013961792 0.4416399896144867
f 76/76/76 99/99/99 100/100/100
f 100/100/100 72/72/72 76/76/76
vt 0.1706490069627762 0.8452230095863342
vt 0.2212190032005310 0.8591799736022949
f 58/58/58 101/101/101 102/102/102
vt 0.2004549950361252 0.9051859974861145
f 102/102/102 103/103/103 58/58/58
f 89/89/89 102/102/102 101/101/101
f 101/101/101 90/90/90 89/89/89
vt 0.3125019967556000 0.2874290049076080
vt 0.3331199884414673 0.3398599922657013
f 54/54/54 104/104/104 105/105/105
vt 0.2789520025253296 0.3558439910411835
f 105/105/105 106/106/106 54/54/54
vt 0.0279959999024868 0.8118079900741577
vt 0.1038969978690147 0.8262050151824951
f 60/60/60 107/107/107 108/108/108
f 108/108/108 57/57/57 60/60/60
f 93/93/93 96/96/96 108/108/108
f 108/108/108 107/107/107 93/93/93
f 90/90/90 101/101/101 108/108/108
f 108/108/108 96/96/96 90/90/90
f 58/58/58 57/57/57 108/108/108
f 108/108/108 101/101/101 58/58/58
vt 0.1771499961614609 0.3822239935398102
vt 0.1537829935550690 0.3978480100631714
vt 0.1244689971208572 0.3899340033531189
f 109/109/109 110/110/110 111/111/111
f 111/111/111 81/81/81 109/109/109
vt 0.2025289982557297 0.4116199910640717
f 110/110/110 109/109/109 112/112/112
vt 0.0603369995951653 0.3917399942874908
vt 0.0580440014600754 0.3994640111923218
vt 0.0426479987800121 0.3946329951286316
f 113/113/113 114/114/114 115/115/115
vt 0.0560979992151260 0.3869369924068451
vt 0.0395230017602444 0.3866179883480072
vt 0.0418660007417202 0.3812150061130524
f 116/116/116 117/117/117 118/118/118
f 53/53/53 66/66/66 104/104/104
f 104/104/104 54/54/54 53/53/53
f 55/55/55 58/58/58 103/103/103
f 103/103/103 63/63/63 55/55/55
vt 0.1541370004415512 0.2534109950065613
f 53/53/53 52/52/52 119/119/119
f 119/119/119 64/64/64 53/53/53
vt 0.1227599978446960 0.2832899987697601
f 120/120/120 119/119/119 52/52/52
vt 0.0665159970521927 0.2434809952974319
vt 0.1045909970998764 0.2044840008020401
f 121/121/121 122/122/122 119/119/119
f 119/119/119 120/120/120 121/121/121
f 67/67/67 64/64/64 119/119/119
f 119/119/119 122/122/122 67/67/67
vt 0.1720799952745438 0.6708130240440369
f 123/123/123 73/73/73 91/91/91
f 123/123/123 98/98/98 97/97/97
vt 0.1113310009241104 0.6404880285263062
f 97/97/97 124/124/124 123/123/123
vt 0.1262219995260239 0.6027020215988159
f 125/125/125 73/73/73 123/123/123
f 123/123/123 124/124/124 125/125/125
vt 0.2031559944152832 0.4490579962730408
vt 0.2407460063695908 0.4578669965267181
f 69/69/69 126/126/126 127/127/127
f 127/127/127 70/70/70 69/69/69
vt 0.2883549928665161 0.3965699970722198
vt 0.2301509976387024 0.4093100130558014
vt 0.2245949953794479 0.3709880113601685
f 128/128/128 129/129/129 130/130/130
f 130/130/130 106/106/106 128/128/128
f 51/51/51 50/50/50 130/130/130
f 130/130/130 109/109/109 51/51/51
f 54/54/54 106/106/106 130/130/130
f 130/130/130 50/50/50 54/54/54
vt 0.0976710021495819 0.3177399933338165
f 51/51/51 131/131/131 120/120/120
f 92/92/92 98/98/98 123/123/123
f 123/123/123 91/91/91 92/92/92
f 125/125/125 75/75/75 71/71/71
f 71/71/71 73/73/73 125/125/125
vt 0.0377839989960194 0.2871330082416534
f 120/120/120 131/131/131 132/132/132
f 132/132/132 121/121/121 120/120/120
f 51/51/51 120/120/120 52/52/52
f 82/82/82 131/131/131 51/51/51
vt 0.2566750049591064 0.5597609877586365
f 133/133/133 74/74/74 71/71/71
f 133/133/133 71/71/71 70/70/70
vt 0.2614310085773468 0.5132840275764465
f 133/133/133 70/70/70 134/134/134
vt 0.2819789946079254 0.4518780112266541
vt 0.3182500004768372 0.4167619943618774
f 134/134/134 135/135/135 136/136/136
f 128/128/128 136/136/136 135/135/135
f 136/136/136 128/128/128 105/105/105
f 128/128/128 106/106/106 105/105/105
vt 0.2990890145301819 0.7317399978637695
vt 0.3132840096950531 0.7941200137138367
f 137/137/137 138/138/138 89/89/89
f 89/89/89 88/88/88 137/137/137
vt 0.2936930060386658 0.6254150271415710
vt 0.2931959927082062 0.6670799851417542
f 139/139/139 140/140/140 91/91/91
f 91/91/91 74/74/74 139/139/139
vt 0.3912630081176758 0.6105660200119019
vt 0.3339590132236481 0.6147760152816772
vt 0.3341780006885529 0.5770949721336365
f 141/141/141 142/142/142 143/143/143
vt 0.3858900070190430 0.5780569911003113
f 143/143/143 144/144/144 141/141/141
vt 0.4030109941959381 0.7251819968223572
vt 0.4119549989700317 0.7711309790611267
f 145/145/145 146/146/146 138/138/138
f 138/138/138 137/137/137 145/145/145
vt 0.3898090124130249 0.6422780156135559
vt 0.3918460011482239 0.6777279973030090
f 147/147/147 148/148/148 140/140/140
f 140/140/140 139/139/139 147/147/147
vt 0.5460630059242249 0.5876280069351196
vt 0.4769949913024902 0.5983200073242188
vt 0.4745309948921204 0.5718700289726257
f 149/149/149 150/150/150 151/151/151
vt 0.3579379916191101 0.4477039873600006
vt 0.4089879989624023 0.4501560032367706
vt 0.3843599855899811 0.5529959797859192
f 152/152/152 153/153/153 154/154/154
vt 0.3433710038661957 0.5517899990081787
f 154/154/154 155/155/155 152/152/152
vt 0.4852859973907471 0.4914270043373108
f 154/154/154 153/153/153 156/156/156
vt 0.4746319949626923 0.5533419847488403
f 156/156/156 157/157/157 154/154/154
f 150/150/150 141/141/141 144/144/144
f 144/144/144 151/151/151 150/150/150
vt 0.5716339945793152 0.4823420047760010
vt 0.5505509972572327 0.5630879998207092
f 158/158/158 159/159/159 156/156/156
vt 0.3849360048770905 0.3833639919757843
vt 0.4596650004386902 0.3978999853134155
f 160/160/160 161/161/161 153/153/153
vt 0.5120980143547058 0.4178839921951294
f 161/161/161 162/162/162 156/156/156
f 156/156/156 153/153/153 161/161/161
f 159/159/159 157/157/157 156/156/156
vt 0.3533599972724915 0.3757990002632141
f 163/163/163 160/160/160 153/153/153
f 153/153/153 152/152/152 163/163/163
vt 0.4669800102710724 0.6587690114974976
vt 0.4734959900379181 0.6927279829978943
f 164/164/164 165/165/165 148/148/148
f 148/148/148 147/147/147 164/164/164
vt 0.4869059920310974 0.7471789717674255
f 145/145/145 165/165/165 166/166/166
f 166/166/166 146/146/146 145/145/145
f 165/165/165 145/145/145 148/148/148
f 148/148/148 145/145/145 137/137/137
f 137/137/137 140/140/140 148/148/148
f 140/140/140 137/137/137 88/88/88
f 88/88/88 91/91/91 140/140/140
vt 0.4139240086078644 0.8116279840469360
f 166/166/166 167/167/167 146/146/146
vt 0.3522810041904449 0.8327739834785461
f 167/167/167 168/168/168 138/138/138
f 138/138/138 146/146/146 167/167/167
vt 0.2570270001888275 0.8438829779624939
f 138/138/138 168/168/168 169/169/169
f 169/169/169 89/89/89 138/138/138
f 89/89/89 169/169/169 102/102/102
f 156/156/156 162/162/162 158/158/158
f 155/155/155 154/154/154 144/144/144
f 144/144/144 143/143/143 155/155/155
f 154/154/154 157/157/157 151/151/151
f 151/151/151 144/144/144 154/154/154
f 151/151/151 157/157/157 159/159/159
f 151/151/151 159/159/159 149/149/149
vt 0.5599240064620972 0.7193949818611145
vt 0.5658800005912781 0.7717909812927246
f 166/166/166 170/170/170 171/171/171
vt 0.5618389844894409 0.6358439922332764
vt 0.5619729757308960 0.6679210066795349
f 164/164/164 172/172/172 173/173/173
vt 0.6332060098648071 0.5748389959335327
f 149/149/149 159/159/159 174/174/174
vt 0.6328719854354858 0.5994070172309875
f 174/174/174 175/175/175 149/149/149
vt 0.6345149874687195 0.5450909733772278
f 159/159/159 176/176/176 174/174/174
vt 0.6378710269927979 0.5024870038032532
f 158/158/158 177/177/177 176/176/176
f 176/176/176 159/159/159 158/158/158
vt 0.6410610079765320 0.4624960124492645
f 158/158/158 178/178/178 177/177/177
vt 0.6215069890022278 0.6269869804382324
vt 0.6215959787368774 0.6481459736824036
f 172/172/172 179/179/179 180/180/180
f 180/180/180 173/173/173 172/172/172
vt 0.6857720017433167 0.5831999778747559
vt 0.6867889761924744 0.5985260009765625
f 174/174/174 181/181/181 182/182/182
f 182/182/182 175/175/175 174/174/174
vt 0.6865400075912476 0.5639860033988953
f 176/176/176 183/183/183 181/181/181
f 181/181/181 174/174/174 176/176/176
vt 0.6019629836082458 0.6668890118598938
f 184/184/184 173/173/173 180/180/180
vt 0.6253110170364380 0.6574370265007019
f 180/180/180 185/185/185 184/184/184
vt 0.6966440081596375 0.4500220119953156
vt 0.6950209736824036 0.4764240086078644
f 178/178/178 186/186/186 187/187/187
f 187/187/187 177/177/177 178/178/178
vt 0.6255699992179871 0.7532870173454285
vt 0.6294990181922913 0.7878490090370178
f 170/170/170 188/188/188 189/189/189
f 189/189/189 171/171/171 170/170/170
vt 0.5960190296173096 0.7277529835700989
vt 0.6434950232505798 0.7447069883346558
f 170/170/170 190/190/190 191/191/191
f 191/191/191 188/188/188 170/170/170
vt 0.6380410194396973 0.6862339973449707
vt 0.6366900205612183 0.7201889753341675
f 173/173/173 192/192/192 193/193/193
f 193/193/193 170/170/170 173/173/173
vt 0.6438180208206177 0.6714760065078735
f 184/184/184 194/194/194 192/192/192
f 192/192/192 173/173/173 184/184/184
vt 0.7035059928894043 0.5063329935073853
vt 0.7016109824180603 0.5344319939613342
f 177/177/177 195/195/195 196/196/196
f 196/196/196 176/176/176 177/177/177
f 190/190/190 170/170/170 193/193/193
vt 0.6458809971809387 0.7343670129776001
f 193/193/193 197/197/197 190/190/190
f 173/173/173 165/165/165 164/164/164
f 166/166/166 165/165/165 170/170/170
f 173/173/173 170/170/170 165/165/165
vt 0.6821579933166504 0.6253479719161987
f 179/179/179 198/198/198 180/180/180
vt 0.7394260168075562 0.5883849859237671
f 181/181/181 199/199/199 182/182/182
f 183/183/183 199/199/199 181/181/181
f 180/180/180 198/198/198 185/185/185
vt 0.7516149878501892 0.4458650052547455
f 186/186/186 200/200/200 187/187/187
vt 0.6924459934234619 0.7936009764671326
f 188/188/188 201/201/201 189/189/189
f 191/191/191 201/201/201 188/188/188
vt 0.7146790027618408 0.7145239710807800
f 192/192/192 202/202/202 193/193/193
f 194/194/194 202/202/202 192/192/192
vt 0.7688840031623840 0.5175909996032715
f 195/195/195 203/203/203 196/196/196
f 193/193/193 202/202/202 197/197/197
f 134/134/134 70/70/70 127/127/127
f 127/127/127 135/135/135 134/134/134
f 88/88/88 87/87/87 92/92/92
f 73/73/73 74/74/74 91/91/91
vt 0.0665329992771149 0.4449419975280762
vt 0.1067219972610474 0.4263649880886078
f 99/99/99 204/204/204 205/205/205
f 205/205/205 100/100/100 99/99/99
vt 0.1687529981136322 0.4489479959011078
f 72/72/72 100/100/100 206/206/206
f 206/206/206 69/69/69 72/72/72
vt 0.2185080051422119 0.4383769929409027
f 127/127/127 126/126/126 207/207/207
vt 0.2139730006456375 0.4238280057907104
f 129/129/129 208/208/208 112/112/112
vt 0.0455939993262291 0.4049980044364929
f 209/209/209 115/115/115 114/114/114
f 206/206/206 126/126/126 69/69/69
vt 0.2333820015192032 0.4310989975929260
f 210/210/210 135/135/135 127/127/127
f 210/210/210 208/208/208 129/129/129
f 112/112/112 109/109/109 130/130/130
vt 0.1000289991497993 0.3872149884700775
f 111/111/111 211/211/211 81/81/81
f 81/81/81 51/51/51 109/109/109
vt 0.0219860002398491 0.3417940139770508
vt 0.0236620008945465 0.3332079946994781
f 77/77/77 212/212/212 213/213/213
f 213/213/213 78/78/78 77/77/77
vt 0.0719700008630753 0.3570890128612518
vt 0.0700030028820038 0.3487020134925842
f 214/214/214 215/215/215 82/82/82
f 82/82/82 81/81/81 214/214/214
vt 0.0636629983782768 0.3395479917526245
f 79/79/79 216/216/216 80/80/80
f 214/214/214 81/81/81 85/85/85
f 81/81/81 211/211/211 116/116/116
f 116/116/116 85/85/85 81/81/81
f 85/85/85 116/116/116 118/118/118
f 118/118/118 86/86/86 85/85/85
vt 0.0725120007991791 0.4011540114879608
f 217/217/217 114/114/114 113/113/113
vt 0.0820949971675873 0.3959830105304718
f 113/113/113 218/218/218 217/217/217
vt 0.0481950007379055 0.4201259911060333
vt 0.0384240001440048 0.4081319868564606
f 209/209/209 219/219/219 220/220/220
f 77/77/77 80/80/80 84/84/84
f 84/84/84 83/83/83 77/77/77
vt 0.0300590004771948 0.3971320092678070
f 209/209/209 220/220/220 221/221/221
f 221/221/221 115/115/115 209/209/209
vt 0.0259579997509718 0.3872140049934387
f 221/221/221 222/222/222 117/117/117
f 117/117/117 115/115/115 221/221/221
vt 0.0253250002861023 0.3797329962253571
f 117/117/117 222/222/222 223/223/223
f 223/223/223 118/118/118 117/117/117
vt 0.0234689991921186 0.3714590072631836
f 223/223/223 224/224/224 86/86/86
f 86/86/86 118/118/118 223/223/223
vt 0.0218150001019239 0.3581700026988983
f 86/86/86 224/224/224 225/225/225
f 225/225/225 83/83/83 86/86/86
f 83/83/83 225/225/225 212/212/212
f 212/212/212 77/77/77 83/83/83
f 115/115/115 117/117/117 116/116/116
f 116/116/116 113/113/113 115/115/115
f 82/82/82 216/216/216 79/79/79
f 79/79/79 131/131/131 82/82/82
f 132/132/132 79/79/79 78/78/78
f 78/78/78 213/213/213 132/132/132
f 79/79/79 132/132/132 131/131/131
f 116/116/116 211/211/211 218/218/218
f 218/218/218 113/113/113 116/116/116
vt 0.0845910012722015 0.6195420026779175
vt 0.0711520016193390 0.6270570158958435
vt 0.0603840015828609 0.5607950091362000
f 226/226/226 227/227/227 228/228/228
vt 0.1061839982867241 0.5975689888000488
f 229/229/229 226/226/226 228/228/228
vt 0.1148549988865852 0.5716699957847595
f 230/230/230 229/229/229 228/228/228
vt 0.1095789968967438 0.5434150099754333
f 231/231/231 230/230/230 228/228/228
vt 0.0839190036058426 0.5235249996185303
f 232/232/232 231/231/231 228/228/228
vt 0.0606339983642101 0.5199360251426697
f 233/233/233 232/232/232 228/228/228
vt 0.0396209992468357 0.5201339721679688
f 234/234/234 233/233/233 228/228/228
vt 0.0271279998123646 0.5356270074844360
f 235/235/235 234/234/234 228/228/228
vt 0.0182150006294250 0.5501819849014282
f 236/236/236 235/235/235 228/228/228
vt 0.0175839997828007 0.5887569785118103
f 237/237/237 236/236/236 228/228/228
vt 0.0266989991068840 0.6103569865226746
f 238/238/238 237/237/237 228/228/228
vt 0.0424499996006489 0.6228290200233459
f 239/239/239 238/238/238 228/228/228
vt 0.0615929998457432 0.6246439814567566
f 227/227/227 240/240/240 228/228/228
f 240/240/240 239/239/239 228/228/228
f 215/215/215 216/216/216 82/82/82
f 84/84/84 215/215/215 214/214/214
f 214/214/214 85/85/85 84/84/84
f 84/84/84 80/80/80 216/216/216
f 216/216/216 215/215/215 84/84/84
f 114/114/114 217/217/217 219/219/219
f 219/219/219 209/209/209 114/114/114
vt 0.0819059982895851 0.4024739861488342
f 217/217/217 241/241/241 219/219/219
f 219/219/219 241/241/241 205/205/205
f 205/205/205 204/204/204 219/219/219
f 112/112/112 130/130/130 129/129/129
f 210/210/210 128/128/128 135/135/135
f 210/210/210 129/129/129 128/128/128
f 207/207/207 210/210/210 127/127/127
vt 0.2766200006008148 0.0693769976496696
vt 0.2781589925289154 0.0881429985165596
vt 0.2708590030670166 0.0880649983882904
f 242/242/242 243/243/243 244/244/244
vt 0.2854360044002533 0.0856020003557205
f 242/242/242 245/245/245 243/243/243
vt 0.2907850146293640 0.0800900012254715
f 242/242/242 246/246/246 245/245/245
vt 0.2945210039615631 0.0738229975104332
f 242/242/242 247/247/247 246/246/246
vt 0.2950420081615448 0.0666930004954338
f 242/242/242 248/248/248 247/247/247
vt 0.2931939959526062 0.0599530003964901
f 242/242/242 249/249/249 248/248/248
vt 0.2884779870510101 0.0541340000927448
f 242/242/242 250/250/250 249/249/249
vt 0.2819089889526367 0.0513360016047955
f 242/242/242 251/251/251 250/250/250
vt 0.2731280028820038 0.0504640005528927
f 242/242/242 252/252/252 251/251/251
vt 0.2656340003013611 0.0545330010354519
f 242/242/242 253/253/253 252/252/252
vt 0.2608669996261597 0.0590949989855289
f 242/242/242 254/254/254 253/253/253
vt 0.2574250102043152 0.0656889975070953
f 242/242/242 255/255/255 254/254/254
vt 0.2571049928665161 0.0724890008568764
f 242/242/242 256/256/256 255/255/255
vt 0.2591269910335541 0.0795229971408844
f 242/242/242 257/257/257 256/256/256
vt 0.2648000121116638 0.0854360014200211
f 242/242/242 258/258/258 257/257/257
f 242/242/242 244/244/244 258/258/258
vt 0.2788589894771576 0.1044450029730797
vt 0.2646780014038086 0.1041819974780083
f 259/259/259 260/260/260 244/244/244
f 244/244/244 243/243/243 259/259/259
vt 0.2924849987030029 0.0989260002970695
f 261/261/261 259/259/259 243/243/243
f 243/243/243 245/245/245 261/261/261
vt 0.3037270009517670 0.0893889963626862
f 262/262/262 261/261/261 245/245/245
f 245/245/245 246/246/246 262/262/262
vt 0.3106099963188171 0.0774139985442162
f 263/263/263 262/262/262 246/246/246
f 246/246/246 247/247/247 263/263/263
vt 0.3115999996662140 0.0621279999613762
f 264/264/264 263/263/263 247/247/247
f 247/247/247 248/248/248 264/264/264
vt 0.3086580038070679 0.0499969981610775
f 265/265/265 264/264/264 248/248/248
f 248/248/248 249/249/249 265/265/265
vt 0.2989560067653656 0.0411229990422726
f 266/266/266 265/265/265 249/249/249
f 249/249/249 250/250/250 266/266/266
vt 0.2853339910507202 0.0358019992709160
f 267/267/267 266/266/266 250/250/250
f 250/250/250 251/251/251 267/267/267
vt 0.2698610126972198 0.0343560017645359
f 268/268/268 267/267/267 251/251/251
f 251/251/251 252/252/252 268/268/268
vt 0.2536230087280273 0.0400010012090206
f 269/269/269 268/268/268 252/252/252
f 252/252/252 253/253/253 269/269/269
vt 0.2431509941816330 0.0489140003919601
f 270/270/270 269/269/269 253/253/253
f 253/253/253 254/254/254 270/270/270
vt 0.2380519956350327 0.0608629994094372
f 271/271/271 270/270/270 254/254/254
f 254/254/254 255/255/255 271/271/271
vt 0.2364320009946823 0.0737790018320084
f 272/272/272 271/271/271 255/255/255
f 255/255/255 256/256/256 272/272/272
vt 0.2418490052223206 0.0883240029215813
f 273/273/273 272/272/272 256/256/256
f 256/256/256 257/257/257 273/273/273
vt 0.2526609897613525 0.0989689975976944
f 274/274/274 273/273/273 257/257/257
f 257/257/257 258/258/258 274/274/274
f 260/260/260 274/274/274 258/258/258
f 258/258/258 244/244/244 260/260/260
vt 0.2808789908885956 0.1192430034279823
vt 0.2611249983310699 0.1187110021710396
f 275/275/275 276/276/276 260/260/260
f 260/260/260 259/259/259 275/275/275
vt 0.3000440001487732 0.1118059977889061
f 277/277/277 275/275/275 259/259/259
f 259/259/259 261/261/261 277/277/277
vt 0.3154399991035461 0.0979600027203560
f 278/278/278 277/277/277 261/261/261
f 261/261/261 262/262/262 278/278/278
vt 0.3238469958305359 0.0798960030078888
f 279/279/279 278/278/278 262/262/262
f 262/262/262 263/263/263 279/279/279
vt 0.3254149854183197 0.0598479993641376
f 280/280/280 279/279/279 263/263/263
f 263/263/263 264/264/264 280/280/280
vt 0.3190740048885345 0.0424599982798100
f 281/281/281 280/280/280 264/264/264
f 264/264/264 265/265/265 281/281/281
vt 0.3063830137252808 0.0269699990749359
f 282/282/282 281/281/281 265/265/265
f 265/265/265 266/266/266 282/282/282
vt 0.2867180109024048 0.0179810002446175
f 283/283/283 282/282/282 266/266/266
f 266/266/266 267/267/267 283/283/283
vt 0.2658909857273102 0.0173979997634888
f 284/284/284 283/283/283 267/267/267
f 267/267/267 268/268/268 284/284/284
vt 0.2448839992284775 0.0249550007283688
f 285/285/285 284/284/284 268/268/268
f 268/268/268 269/269/269 285/285/285
vt 0.2301779985427856 0.0379250012338161
f 286/286/286 285/285/285 269/269/269
f 269/269/269 270/270/270 286/286/286
vt 0.2216890007257462 0.0544710010290146
f 287/287/287 286/286/286 270/270/270
f 270/270/270 271/271/271 287/287/287
vt 0.2195030003786087 0.0737409964203835
f 288/288/288 287/287/287 271/271/271
f 271/271/271 272/272/272 288/288/288
vt 0.2267410010099411 0.0948269963264465
f 289/289/289 288/288/288 272/272/272
f 272/272/272 273/273/273 289/289/289
vt 0.2427099943161011 0.1107669994235039
f 290/290/290 289/289/289 273/273/273
f 273/273/273 274/274/274 290/290/290
f 276/276/276 290/290/290 274/274/274
f 274/274/274 260/260/260 276/276/276
f 291/50/291 292/52/292 293/51/293
f 294/53/294 292/52/292 291/50/291
f 291/50/291 295/54/295 294/53/294
f 296/55/296 297/58/297 298/57/298
f 298/57/298 299/56/299 296/55/296
f 59/59/59 299/56/299 298/57/298
f 298/57/298 60/60/60 59/59/59
f 59/59/59 62/62/62 300/61/300
f 300/61/300 299/56/299 59/59/59
f 296/55/296 299/56/299 300/61/300
f 300/61/300 301/63/301 296/55/296
f 294/53/294 302/66/302 303/65/303
f 303/65/303 304/64/304 294/53/294
f 67/67/67 304/64/304 303/65/303
f 303/65/303 68/68/68 67/67/67
f 305/69/305 306/72/306 307/71/307
f 307/71/307 308/70/308 305/69/305
f 309/73/309 310/74/310 307/71/307
f 307/71/307 306/72/306 76/76/76
f 76/76/76 75/75/75 307/71/307
f 311/77/311 312/80/312 313/79/313
f 313/79/313 314/78/314 311/77/311
f 293/51/293 315/82/315 316/81/316
f 317/83/317 318/86/318 319/85/319
f 319/85/319 320/84/320 317/83/317
f 321/87/321 322/90/322 323/89/323
f 323/89/323 324/88/324 321/87/321
f 325/91/325 326/92/326 324/88/324
f 93/93/93 327/96/327 328/95/328
f 328/95/328 94/94/94 93/93/93
f 97/97/97 94/94/94 328/95/328
f 328/95/328 329/98/329 97/97/97
f 326/92/326 329/98/329 328/95/328
f 328/95/328 321/87/321 326/92/326
f 322/90/322 321/87/321 328/95/328
f 328/95/328 327/96/327 322/90/322
f 76/76/76 306/72/306 330/100/330
f 330/100/330 99/99/99 76/76/76
f 297/58/297 331/103/331 332/102/332
f 332/102/332 333/101/333 297/58/297
f 323/89/323 322/90/322 333/101/333
f 333/101/333 332/102/332 323/89/323
f 295/54/295 334/106/334 335/105/335
f 335/105/335 336/104/336 295/54/295
f 60/60/60 298/57/298 337/108/337
f 337/108/337 107/107/107 60/60/60
f 93/93/93 107/107/107 337/108/337
f 337/108/337 327/96/327 93/93/93
f 322/90/322 327/96/327 337/108/337
f 337/108/337 333/101/333 322/90/322
f 297/58/297 333/101/333 337/108/337
f 337/108/337 298/57/298 297/58/297
f 338/109/338 316/81/316 339/111/339
f 339/111/339 340/110/340 338/109/338
f 340/110/340 341/112/341 338/109/338
f 342/113/342 343/115/343 344/114/344
f 345/116/345 346/118/346 347/117/347
f 294/53/294 295/54/295 336/104/336
f 336/104/336 302/66/302 294/53/294
f 296/55/296 301/63/301 331/103/331
f 331/103/331 297/58/297 296/55/296
f 294/53/294 304/64/304 348/119/348
f 348/119/348 292/52/292 294/53/294
f 349/120/349 292/52/292 348/119/348
f 121/121/121 349/120/349 348/119/348
f 348/119/348 122/122/122 121/121/121
f 67/67/67 122/122/122 348/119/348
f 348/119/348 304/64/304 67/67/67
f 350/123/350 325/91/325 309/73/309
f 350/123/350 124/124/124 97/97/97
f 97/97/97 329/98/329 350/123/350
f 125/125/125 124/124/124 350/123/350
f 350/123/350 309/73/309 125/125/125
f 305/69/305 308/70/308 351/127/351
f 351/127/351 352/126/352 305/69/305
f 353/128/353 334/106/334 354/130/354
f 354/130/354 355/129/355 353/128/353
f 293/51/293 338/109/338 354/130/354
f 354/130/354 291/50/291 293/51/293
f 295/54/295 291/50/291 354/130/354
f 354/130/354 334/106/334 295/54/295
f 293/51/293 349/120/349 356/131/356
f 326/92/326 325/91/325 350/123/350
f 350/123/350 329/98/329 326/92/326
f 125/125/125 309/73/309 307/71/307
f 307/71/307 75/75/75 125/125/125
f 349/120/349 121/121/121 132/132/132
f 132/132/132 356/131/356 349/120/349
f 293/51/293 292/52/292 349/120/349
f 315/82/315 293/51/293 356/131/356
f 357/133/357 358/134/358 308/70/308
f 357/133/357 308/70/308 307/71/307
f 357/133/357 307/71/307 310/74/310
f 358/134/358 359/136/359 360/135/360
f 353/128/353 360/135/360 359/136/359
f 359/136/359 335/105/335 353/128/353
f 353/128/353 335/105/335 334/106/334
f 361/137/361 324/88/324 323/89/323
f 323/89/323 362/138/362 361/137/361
f 363/139/363 310/74/310 325/91/325
f 325/91/325 364/140/364 363/139/363
f 365/141/365 366/144/366 367/143/367
f 367/143/367 368/142/368 365/141/365
f 369/145/369 361/137/361 362/138/362
f 362/138/362 370/146/370 369/145/369
f 371/147/371 363/139/363 364/140/364
f 364/140/364 372/148/372 371/147/371
f 373/149/373 374/151/374 375/150/375
f 376/152/376 377/155/377 378/154/378
f 378/154/378 379/153/379 376/152/376
f 378/154/378 380/157/380 381/156/381
f 381/156/381 379/153/379 378/154/378
f 375/150/375 374/151/374 366/144/366
f 366/144/366 365/141/365 375/150/375
f 382/158/382 381/156/381 383/159/383
f 384/160/384 379/153/379 385/161/385
f 385/161/385 379/153/379 381/156/381
f 381/156/381 386/162/386 385/161/385
f 383/159/383 381/156/381 380/157/380
f 387/163/387 376/152/376 379/153/379
f 379/153/379 384/160/384 387/163/387
f 388/164/388 371/147/371 372/148/372
f 372/148/372 389/165/389 388/164/388
f 369/145/369 370/146/370 390/166/390
f 390/166/390 389/165/389 369/145/369
f 389/165/389 372/148/372 369/145/369
f 372/148/372 364/140/364 361/137/361
f 361/137/361 369/145/369 372/148/372
f 364/140/364 325/91/325 324/88/324
f 324/88/324 361/137/361 364/140/364
f 390/166/390 370/146/370 391/167/391
f 391/167/391 370/146/370 362/138/362
f 362/138/362 392/168/392 391/167/391
f 362/138/362 323/89/323 393/169/393
f 393/169/393 392/168/392 362/138/362
f 323/89/323 332/102/332 393/169/393
f 381/156/381 382/158/382 386/162/386
f 377/155/377 367/143/367 366/144/366
f 366/144/366 378/154/378 377/155/377
f 378/154/378 366/144/366 374/151/374
f 374/151/374 380/157/380 378/154/378
f 374/151/374 383/159/383 380/157/380
f 374/151/374 373/149/373 383/159/383
f 390/166/390 394/171/394 395/170/395
f 388/164/388 396/173/396 397/172/397
f 373/149/373 398/175/398 399/174/399
f 399/174/399 383/159/383 373/149/373
f 383/159/383 399/174/399 400/176/400
f 382/158/382 383/159/383 400/176/400
f 400/176/400 401/177/401 382/158/382
f 382/158/382 401/177/401 402/178/402
f 397/172/397 396/173/396 403/180/403
f 403/180/403 404/179/404 397/172/397
f 399/174/399 398/175/398 405/182/405
f 405/182/405 406/181/406 399/174/399
f 400/176/400 399/174/399 406/181/406
f 406/181/406 407/183/407 400/176/400
f 408/184/408 409/185/409 403/180/403
f 403/180/403 396/173/396 408/184/408
f 402/178/402 401/177/401 410/187/410
f 410/187/410 411/186/411 402/178/402
f 395/170/395 394/171/394 412/189/412
f 412/189/412 413/188/413 395/170/395
f 395/170/395 413/188/413 414/191/414
f 414/191/414 415/190/415 395/170/395
f 396/173/396 395/170/395 416/193/416
f 416/193/416 417/192/417 396/173/396
f 408/184/408 396/173/396 417/192/417
f 417/192/417 418/194/418 408/184/408
f 401/177/401 400/176/400 419/196/419
f 419/196/419 420/195/420 401/177/401
f 415/190/415 421/197/421 416/193/416
f 416/193/416 395/170/395 415/190/415
f 396/173/396 388/164/388 389/165/389
f 390/166/390 395/170/395 389/165/389
f 396/173/396 389/165/389 395/170/395
f 404/179/404 403/180/403 422/198/422
f 406/181/406 405/182/405 423/199/423
f 407/183/407 406/181/406 423/199/423
f 403/180/403 409/185/409 422/198/422
f 411/186/411 410/187/410 424/200/424
f 413/188/413 412/189/412 425/201/425
f 414/191/414 413/188/413 425/201/425
f 417/192/417 416/193/416 426/202/426
f 418/194/418 417/192/417 426/202/426
f 420/195/420 419/196/419 427/203/427
f 416/193/416 421/197/421 426/202/426
f 358/134/358 360/135/360 351/127/351
f 351/127/351 308/70/308 358/134/358
f 324/88/324 326/92/326 321/87/321
f 309/73/309 325/91/325 310/74/310
f 99/99/99 330/100/330 428/205/428
f 428/205/428 204/204/204 99/99/99
f 306/72/306 305/69/305 429/206/429
f 429/206/429 330/100/330 306/72/306
f 351/127/351 430/207/430 352/126/352
f 355/129/355 341/112/341 431/208/431
f 432/209/432 344/114/344 343/115/343
f 429/206/429 305/69/305 352/126/352
f 433/210/433 351/127/351 360/135/360
f 433/210/433 355/129/355 431/208/431
f 341/112/341 354/130/354 338/109/338
f 339/111/339 316/81/316 434/211/434
f 316/81/316 338/109/338 293/51/293
f 311/77/311 314/78/314 213/213/213
f 213/213/213 212/212/212 311/77/311
f 435/214/435 316/81/316 315/82/315
f 315/82/315 436/215/436 435/214/435
f 313/79/313 312/80/312 437/216/437
f 435/214/435 319/85/319 316/81/316
f 316/81/316 319/85/319 345/116/345
f 345/116/345 434/211/434 316/81/316
f 319/85/319 318/86/318 346/118/346
f 346/118/346 345/116/345 319/85/319
f 438/217/438 439/218/439 342/113/342
f 342/113/342 344/114/344 438/217/438
f 432/209/432 220/220/220 219/219/219
f 311/77/311 317/83/317 320/84/320
f 320/84/320 312/80/312 311/77/311
f 432/209/432 343/115/343 221/221/221
f 221/221/221 220/220/220 432/209/432
f 221/221/221 343/115/343 347/117/347
f 347/117/347 222/222/222 221/221/221
f 347/117/347 346/118/346 223/223/223
f 223/223/223 222/222/222 347/117/347
f 223/223/223 346/118/346 318/86/318
f 318/86/318 224/224/224 223/223/223
f 318/86/318 317/83/317 225/225/225
f 225/225/225 224/224/224 318/86/318
f 317/83/317 311/77/311 212/212/212
f 212/212/212 225/225/225 317/83/317
f 343/115/343 342/113/342 345/116/345
f 345/116/345 347/117/347 343/115/343
f 315/82/315 356/131/356 313/79/313
f 313/79/313 437/216/437 315/82/315
f 132/132/132 213/213/213 314/78/314
f 314/78/314 313/79/313 132/132/132
f 313/79/313 356/131/356 132/132/132
f 345/116/345 342/113/342 439/218/439
f 439/218/439 434/211/434 345/116/345
f 440/226/440 441/228/441 442/227/442
f 443/229/443 441/228/441 440/226/440
f 444/230/444 441/228/441 443/229/443
f 445/231/445 441/228/441 444/230/444
f 446/232/446 441/228/441 445/231/445
f 447/233/447 441/228/441 446/232/446
f 448/234/448 441/228/441 447/233/447
f 449/235/449 441/228/441 448/234/448
f 450/236/450 441/228/441 449/235/449
f 451/237/451 441/228/441 450/236/450
f 452/238/452 441/228/441 451/237/451
f 453/239/453 441/228/441 452/238/452
f 442/227/442 441/228/441 454/240/454
f 454/240/454 441/228/441 453/239/453
f 436/215/436 315/82/315 437/216/437
f 320/84/320 319/85/319 435/214/435
f 435/214/435 436/215/436 320/84/320
f 320/84/320 436/215/436 437/216/437
f 437/216/437 312/80/312 320/84/320
f 344/114/344 432/209/432 219/219/219
f 219/219/219 438/217/438 344/114/344
f 438/217/438 219/219/219 455/241/455
f 219/219/219 204/204/204 428/205/428
f 428/205/428 455/241/455 219/219/219
f 341/112/341 355/129/355 354/130/354
f 433/210/433 360/135/360 353/128/353
f 433/210/433 353/128/353 355/129/355
f 430/207/430 351/127/351 433/210/433
vt 0.7700579762458801 0.1803860068321228
vt 0.7034350037574768 0.1795910000801086
vt 0.7109680175781250 0.1360670030117035
f 456/291/456 457/292/457 458/293/458
vt 0.7727789878845215 0.1505299955606461
f 458/293/458 459/294/459 456/291/456
vt 0.5126619935035706 0.3677400052547455
vt 0.5099189877510071 0.3444800078868866
vt 0.5514000058174133 0.3444389998912811
f 460/295/460 461/296/461 462/297/462
vt 0.5331060290336609 0.3682900071144104
f 462/297/462 463/298/463 460/295/460
vt 0.5379009842872620 0.1782020032405853
vt 0.4650839865207672 0.1802089959383011
vt 0.4691419899463654 0.1303550004959106
f 464/299/464 465/300/465 466/301/466
vt 0.5423589944839478 0.1486600041389465
f 466/301/466 467/302/467 464/299/464
vt 0.6291419863700867 0.2836000025272369
vt 0.6289889812469482 0.2528969943523407
vt 0.7050300240516663 0.2493810057640076
f 468/303/468 469/304/469 470/305/470
vt 0.6969730257987976 0.2854439914226532
f 470/305/470 471/306/471 468/303/468
vt 0.7678400278091431 0.2508929967880249
f 471/306/471 470/305/470 472/307/472
vt 0.7630299925804138 0.2920249998569489
f 472/307/472 473/308/473 471/306/471
vt 0.4919860064983368 0.2767890095710754
vt 0.5521619915962219 0.2610610127449036
vt 0.5619419813156128 0.3090110123157501
f 474/309/474 475/310/475 476/311/476
vt 0.5061590075492859 0.3163760006427765
f 476/311/476 477/312/477 474/309/474
vt 0.6869540214538574 0.3387610018253326
vt 0.7125689983367920 0.3332149982452393
vt 0.6840980052947998 0.3715060055255890
f 478/313/478 479/314/479 480/315/480
vt 0.7518519759178162 0.3349600136280060
f 471/306/471 473/308/473 481/316/481
f 481/316/481 479/314/479 471/306/471
f 477/312/477 476/311/476 462/297/462
f 462/297/462 461/296/461 477/312/477
vt 0.6283950209617615 0.2133969962596893
vt 0.6264430284500122 0.1774879992008209
f 482/317/482 483/318/483 457/292/457
vt 0.7063040137290955 0.2124810069799423
f 457/292/457 484/319/484 482/317/482
vt 0.7687429785728455 0.2129520028829575
f 457/292/457 456/291/456 485/320/485
f 485/320/485 484/319/484 457/292/457
vt 0.5399289727210999 0.2163690030574799
f 465/300/465 464/299/464 486/321/486
vt 0.4743260145187378 0.2290329933166504
f 486/321/486 487/322/487 465/300/465
vt 0.6273279786109924 0.1385619938373566
vt 0.6672390103340149 0.1318019926548004
f 483/318/483 488/323/488 489/324/489
vt 0.6804540157318115 0.1468860059976578
f 489/324/489 490/325/490 483/318/483
vt 0.7276809811592102 0.3597179949283600
vt 0.7117400169372559 0.3816959857940674
f 480/315/480 491/326/491 492/327/492
f 469/304/469 468/303/468 476/311/476
f 476/311/476 475/310/475 469/304/469
f 486/321/486 482/317/482 469/304/469
f 469/304/469 475/310/475 486/321/486
f 457/292/457 483/318/483 490/325/490
vt 0.5812180042266846 0.1534290015697479
f 483/318/483 464/299/464 493/328/493
vt 0.6587259769439697 0.2962839901447296
vt 0.6745210289955139 0.3092539906501770
f 494/329/494 471/306/471 495/330/495
vt 0.6043949723243713 0.3052769899368286
f 476/311/476 468/303/468 496/331/496
f 479/314/479 478/313/478 495/330/495
f 495/330/495 471/306/471 479/314/479
f 494/329/494 468/303/468 471/306/471
vt 0.5775690078735352 0.3525359928607941
vt 0.5737550258636475 0.3892279863357544
f 497/332/497 498/333/498 462/297/462
vt 0.5873039960861206 0.3214380145072937
f 496/331/496 499/334/499 476/311/476
f 476/311/476 499/334/499 497/332/497
f 497/332/497 462/297/462 476/311/476
vt 0.1036550030112267 0.0177420005202293
vt 0.1255660057067871 0.0172559991478920
vt 0.1252630054950714 0.0711669996380806
f 500/335/500 501/336/501 502/337/502
vt 0.1047609969973564 0.0820389986038208
f 502/337/502 503/338/503 500/335/500
vt 0.1459960043430328 0.0660329982638359
f 504/339/504 502/337/502 501/336/501
vt 0.1470050066709518 0.0173020008951426
f 501/336/501 505/340/505 504/339/504
vt 0.1663890033960342 0.0714310035109520
f 506/341/506 504/339/504 505/340/505
vt 0.1685229986906052 0.0177740007638931
f 505/340/505 507/342/507 506/341/506
vt 0.1858910024166107 0.0825230032205582
f 508/343/508 506/341/506 507/342/507
vt 0.1907909959554672 0.0187320001423359
f 507/342/507 509/344/509 508/343/508
vt 0.0411220006644726 0.0838309973478317
vt 0.0216099992394447 0.0833500027656555
vt 0.0197310000658035 0.0194329991936684
f 510/345/510 511/346/511 512/347/512
vt 0.0410489998757839 0.0193039998412132
f 512/347/512 513/348/513 510/345/510
vt 0.0615670010447502 0.0837809965014458
f 514/349/514 510/345/510 513/348/513
vt 0.0614739991724491 0.0192089993506670
f 513/348/513 515/350/515 514/349/514
vt 0.0829119980335236 0.0828479975461960
f 516/351/516 514/349/514 515/350/515
vt 0.0820289999246597 0.0185729991644621
f 515/350/515 517/352/517 516/351/516
f 503/338/503 516/351/516 517/352/517
f 517/352/517 500/335/500 503/338/503
vt 0.1046110019087791 0.1274800002574921
vt 0.1253550052642822 0.0926660001277924
f 518/353/518 503/338/503 519/354/519
vt 0.1270010024309158 0.1279059946537018
f 519/354/519 520/355/520 518/353/518
vt 0.1473799943923950 0.1278879940509796
f 521/356/521 520/355/520 519/354/519
vt 0.1457889974117279 0.0982059985399246
f 519/354/519 522/357/522 521/356/521
vt 0.1633139997720718 0.1268399953842163
f 523/358/523 521/356/521 522/357/522
vt 0.1657319962978363 0.0927039980888367
f 522/357/522 524/359/524 523/358/523
vt 0.1845709979534149 0.1251430064439774
f 524/359/524 508/343/508 525/360/525
f 525/360/525 523/358/523 524/359/524
vt 0.0438989996910095 0.1280719935894012
vt 0.0208630003035069 0.1262190043926239
f 526/361/526 527/362/527 511/346/511
f 511/346/511 510/345/510 526/361/526
vt 0.0603500008583069 0.1281850039958954
f 528/363/528 526/361/526 510/345/510
f 510/345/510 514/349/514 528/363/528
vt 0.0820610001683235 0.1280049979686737
f 529/364/529 528/363/528 514/349/514
f 514/349/514 516/351/516 529/364/529
f 518/353/518 529/364/529 516/351/516
f 516/351/516 503/338/503 518/353/518
vt 0.1299979984760284 0.1575890034437180
vt 0.1046810001134872 0.1629460006952286
f 530/365/530 531/366/531 518/353/518
f 518/353/518 520/355/520 530/365/530
vt 0.1504909992218018 0.1443309932947159
f 532/367/532 530/365/530 520/355/520
f 520/355/520 521/356/521 532/367/532
vt 0.1634099930524826 0.1369480043649673
f 533/368/533 532/367/532 521/356/521
f 521/356/521 523/358/523 533/368/533
vt 0.1852799952030182 0.1276469975709915
f 525/360/525 534/369/534 533/368/533
f 533/368/533 523/358/523 525/360/525
vt 0.0426409989595413 0.1371800005435944
vt 0.0196959991008043 0.1291529983282089
f 535/370/535 536/371/536 527/362/527
f 527/362/527 526/361/526 535/370/535
vt 0.0564690008759499 0.1457280069589615
f 537/372/537 535/370/535 526/361/526
f 526/361/526 528/363/528 537/372/537
vt 0.0769200026988983 0.1569620072841644
f 538/373/538 537/372/537 528/363/528
f 528/363/528 529/364/529 538/373/538
f 531/366/531 538/373/538 529/364/529
f 529/364/529 518/353/518 531/366/531
f 502/337/502 519/354/519 503/338/503
f 506/341/506 508/343/508 524/359/524
f 502/337/502 504/339/504 522/357/522
f 522/357/522 519/354/519 502/337/502
f 504/339/504 506/341/506 524/359/524
f 524/359/524 522/357/522 504/339/504
f 462/297/462 498/333/498 463/298/463
vt 0.7471539974212646 0.3599910140037537
f 539/374/539 491/326/491 479/314/479
f 479/314/479 481/316/481 539/374/539
vt 0.4747680127620697 0.0881630033254623
vt 0.5053319931030273 0.0769919976592064
vt 0.5288100242614746 0.1035180017352104
f 540/375/540 541/376/541 542/377/542
f 542/377/542 466/301/466 540/375/540
vt 0.5919920206069946 0.1333580017089844
f 493/328/493 543/378/543 488/323/488
f 488/323/488 483/318/483 493/328/493
vt 0.7308700084686279 0.1173620000481606
f 459/294/459 458/293/458 544/379/544
vt 0.6406360268592834 0.0235750004649162
vt 0.6704199910163879 0.0206150002777576
vt 0.6688119769096375 0.0274349991232157
f 545/380/545 546/381/546 547/382/547
vt 0.6398890018463135 0.0295550003647804
f 547/382/547 548/383/548 545/380/545
vt 0.6969730257987976 0.0192419998347759
vt 0.6968060135841370 0.0253919996321201
f 546/381/546 549/384/549 550/385/550
f 550/385/550 547/382/547 546/381/546
vt 0.7244600057601929 0.0184409990906715
vt 0.7238230109214783 0.0248179994523525
f 551/386/551 552/387/552 550/385/550
f 550/385/550 549/384/549 551/386/551
vt 0.7524470090866089 0.0161729995161295
vt 0.7485370039939880 0.0219129994511604
f 553/388/553 554/389/554 552/387/552
f 552/387/552 551/386/551 553/388/553
vt 0.5587000250816345 0.0147390002384782
vt 0.5585550069808960 0.0207189992070198
vt 0.5356410145759583 0.0138419996947050
f 555/390/555 556/391/556 557/392/557
vt 0.5352410078048706 0.0092219999060035
f 557/392/557 558/393/558 555/390/555
vt 0.5560320019721985 0.0493590012192726
vt 0.5839689970016479 0.0261620003730059
f 559/394/559 556/391/556 560/395/560
vt 0.5823249816894531 0.0549679994583130
f 560/395/560 561/396/561 559/394/559
vt 0.6131290197372437 0.0293509997427464
vt 0.6060050129890442 0.0600260011851788
f 560/395/560 562/397/562 563/398/563
f 563/398/563 561/396/561 560/395/560
vt 0.6144099831581116 0.0237169992178679
f 564/399/564 545/380/545 548/383/548
f 548/383/548 562/397/562 564/399/564
vt 0.6620870232582092 0.1143179982900620
vt 0.6296070218086243 0.1165319979190826
vt 0.6327120065689087 0.0735040009021759
f 565/400/565 566/401/566 567/402/567
vt 0.6624919772148132 0.0717310011386871
f 567/402/567 568/403/568 565/400/565
vt 0.6965910196304321 0.1094079986214638
f 569/404/569 565/400/565 568/403/568
vt 0.6953790187835693 0.0686440020799637
f 568/403/568 570/405/570 569/404/569
vt 0.7270929813385010 0.0674899965524673
vt 0.7266160249710083 0.1032750010490417
f 570/405/570 571/406/571 572/407/572
f 572/407/572 569/404/569 570/405/570
vt 0.7507740259170532 0.0625939965248108
f 572/407/572 571/406/571 573/408/573
vt 0.7522180080413818 0.0940840020775795
f 573/408/573 574/409/574 572/407/572
vt 0.5214170217514038 0.0709209963679314
vt 0.5324270129203796 0.0449079982936382
vt 0.5529389977455139 0.0676679983735085
f 575/410/575 576/411/576 577/412/577
vt 0.5392259955406189 0.0930180028080940
f 577/412/577 578/413/578 575/410/575
vt 0.5764240026473999 0.0810879990458488
vt 0.5652229785919189 0.1140580028295517
f 579/414/579 580/415/580 578/413/578
f 578/413/578 577/412/577 579/414/579
vt 0.6023340225219727 0.0824230015277863
f 580/415/580 579/414/579 581/416/581
vt 0.5963150262832642 0.1202299967408180
f 581/416/581 582/417/582 580/415/580
f 566/401/566 582/417/582 581/416/581
f 581/416/581 567/402/567 566/401/566
f 559/394/559 577/412/577 576/411/576
f 563/398/563 567/402/567 581/416/581
f 577/412/577 559/394/559 561/396/561
f 561/396/561 579/414/579 577/412/577
f 579/414/579 561/396/561 563/398/563
f 563/398/563 581/416/581 579/414/579
f 566/401/566 565/400/565 489/324/489
f 489/324/489 488/323/488 566/401/566
vt 0.7033969759941101 0.1231290027499199
f 565/400/565 569/404/569 583/418/583
f 583/418/583 489/324/489 565/400/565
f 569/404/569 572/407/572 544/379/544
f 544/379/544 583/418/583 569/404/569
f 544/379/544 572/407/572 574/409/574
vt 0.7604830265045166 0.1083770021796227
f 574/409/574 584/419/584 544/379/544
f 541/376/541 575/410/575 578/413/578
f 578/413/578 542/377/542 541/376/541
f 542/377/542 578/413/578 580/415/580
vt 0.5582460165023804 0.1250279992818832
f 580/415/580 585/420/585 542/377/542
f 580/415/580 582/417/582 543/378/543
f 543/378/543 585/420/585 580/415/580
f 582/417/582 566/401/566 488/323/488
f 488/323/488 543/378/543 582/417/582
f 458/293/458 457/292/457 490/325/490
f 583/418/583 544/379/544 458/293/458
f 466/301/466 542/377/542 585/420/585
f 585/420/585 467/302/467 466/301/466
vt 0.8018339872360229 0.1257089972496033
f 544/379/544 584/419/584 586/421/586
f 586/421/586 459/294/459 544/379/544
f 583/418/583 458/293/458 490/325/490
f 490/325/490 489/324/489 583/418/583
vt 0.5168769955635071 0.4026319980621338
f 463/298/463 587/422/587 460/295/460
vt 0.7403540015220642 0.3913849890232086
f 491/326/491 588/423/588 492/327/492
vt 0.5453789830207825 0.3942539989948273
f 589/424/589 587/422/587 463/298/463
f 539/374/539 588/423/588 491/326/491
f 480/315/480 479/314/479 491/326/491
f 498/333/498 589/424/589 463/298/463
f 464/299/464 467/302/467 493/328/493
f 585/420/585 543/378/543 493/328/493
f 493/328/493 467/302/467 585/420/585
f 482/317/482 484/319/484 470/305/470
f 470/305/470 469/304/469 482/317/482
f 484/319/484 485/320/485 472/307/472
f 472/307/472 470/305/470 484/319/484
f 486/321/486 475/310/475 474/309/474
f 474/309/474 487/322/487 486/321/486
f 482/317/482 486/321/486 464/299/464
f 464/299/464 483/318/483 482/317/482
vt 0.3195750117301941 0.9420269727706909
vt 0.3135800063610077 0.9712460041046143
vt 0.2783530056476593 0.9408149719238281
f 590/425/590 591/426/591 592/427/592
vt 0.6054030060768127 0.9334620237350464
vt 0.6322460174560547 0.9520509839057922
vt 0.6211879849433899 0.9789699912071228
f 593/428/593 594/429/594 595/430/595
vt 0.5918200016021729 0.9639970064163208
f 595/430/595 596/431/596 593/428/593
vt 0.5188800096511841 0.9071339964866638
vt 0.5367640256881714 0.9095990061759949
vt 0.5183719992637634 0.9435989856719971
f 597/432/597 598/433/598 599/434/599
vt 0.4794969856739044 0.9455739855766296
vt 0.4841589927673340 0.9052140116691589
vt 0.5009750127792358 0.9092379808425903
f 600/435/600 601/436/601 602/437/602
vt 0.4616859853267670 0.9026229977607727
f 600/435/600 603/438/603 601/436/601
vt 0.3774600028991699 0.9700899720191956
vt 0.4043619930744171 0.9496179819107056
vt 0.4147099852561951 0.9764069914817810
f 604/439/604 605/440/605 606/441/606
vt 0.3921740055084229 0.9871249794960022
f 606/441/606 607/442/607 604/439/604
vt 0.6584299802780151 0.9729639887809753
vt 0.6435999870300293 0.9896280169487000
f 594/429/594 608/443/608 609/444/609
f 609/444/609 595/430/595 594/429/594
vt 0.6206309795379639 0.9002559781074524
vt 0.6468219757080078 0.9240059852600098
f 610/445/610 611/446/611 594/429/594
f 594/429/594 593/428/593 610/445/610
vt 0.5912950038909912 0.8702849745750427
vt 0.5761839747428894 0.9044089913368225
vt 0.5595200061798096 0.8780450224876404
f 612/447/612 613/448/613 614/449/614
vt 0.5658659934997559 0.8457009792327881
f 614/449/614 615/450/615 612/447/612
vt 0.5380269885063171 0.8736960291862488
vt 0.5416110157966614 0.8371539711952209
f 614/449/614 616/451/616 617/452/617
f 617/452/617 615/450/615 614/449/614
vt 0.5194690227508545 0.8688120245933533
vt 0.4999940097332001 0.8734120130538940
vt 0.4970760047435760 0.8368420004844666
f 618/453/618 619/454/619 620/455/620
vt 0.5198379755020142 0.8326479792594910
f 620/455/620 621/456/621 618/453/618
vt 0.4724929928779602 0.8448280096054077
vt 0.4783970117568970 0.8777580261230469
f 622/457/622 623/458/623 603/438/603
vt 0.4476360082626343 0.8679689764976501
f 603/438/603 624/459/624 622/457/622
vt 0.4174470007419586 0.8974059820175171
f 625/460/625 624/459/624 603/438/603
vt 0.4318079948425293 0.9312430024147034
f 603/438/603 626/461/626 625/460/625
vt 0.3904390037059784 0.9208359718322754
f 627/462/627 605/440/605 604/439/604
vt 0.3626489937305450 0.9459829926490784
f 604/439/604 628/463/628 627/462/627
vt 0.6737329959869385 0.9496620297431946
f 629/464/629 608/443/608 594/429/594
f 594/429/594 611/446/611 629/464/629
vt 0.2778219878673553 0.8608509898185730
vt 0.3068569898605347 0.8731200098991394
f 592/427/592 630/465/630 631/466/631
vt 0.3129799962043762 0.9042869806289673
f 631/466/631 632/467/632 592/427/592
vt 0.2928369939327240 0.9766740202903748
f 591/426/591 633/468/633 592/427/592
f 632/467/632 590/425/590 592/427/592
vt 0.6056330204010010 0.8332999944686890
f 610/445/610 612/447/612 634/469/634
vt 0.6380439996719360 0.8666449785232544
f 634/469/634 635/470/635 610/445/610
vt 0.5750939846038818 0.8082259893417358
f 612/447/612 615/450/615 636/471/636
f 636/471/636 634/469/634 612/447/612
vt 0.5203109979629517 0.7921749949455261
vt 0.5463190078735352 0.7964820265769958
f 637/472/637 638/473/638 617/452/617
f 617/452/617 621/456/621 637/472/637
vt 0.4644240140914917 0.8077809810638428
vt 0.4932369887828827 0.7962549924850464
f 639/474/639 640/475/640 620/455/620
f 620/455/620 622/457/622 639/474/639
vt 0.4344789981842041 0.8307539820671082
f 622/457/622 624/459/624 641/476/641
f 641/476/641 639/474/639 622/457/622
vt 0.3751989901065826 0.8911539912223816
f 625/460/625 627/462/627 642/477/642
vt 0.4010939896106720 0.8632590174674988
f 642/477/642 643/478/643 625/460/625
f 642/477/642 627/462/627 628/463/628
vt 0.3541209995746613 0.9176040291786194
f 628/463/628 644/479/644 642/477/642
vt 0.6629139780998230 0.8949840068817139
f 629/464/629 611/446/611 645/480/645
vt 0.6832559704780579 0.9219710230827332
f 645/480/645 646/481/646 629/464/629
f 610/445/610 593/428/593 613/448/613
f 613/448/613 612/447/612 610/445/610
f 625/460/625 626/461/626 605/440/605
f 605/440/605 627/462/627 625/460/625
f 610/445/610 635/470/635 645/480/645
f 645/480/645 611/446/611 610/445/610
f 625/460/625 643/478/643 641/476/641
f 641/476/641 624/459/624 625/460/625
f 613/448/613 593/428/593 596/431/596
vt 0.5572810173034668 0.9467650055885315
f 596/431/596 647/482/647 613/448/613
vt 0.4445419907569885 0.9618430137634277
f 605/440/605 626/461/626 648/483/648
f 648/483/648 606/441/606 605/440/605
vt 0.5537379980087280 0.9061480164527893
f 647/482/647 649/484/649 613/448/613
f 603/438/603 600/435/600 648/483/648
f 648/483/648 626/461/626 603/438/603
f 603/438/603 623/458/623 601/436/601
f 623/458/623 619/454/619 602/437/602
f 602/437/602 601/436/601 623/458/623
f 597/432/597 618/453/618 616/451/616
f 616/451/616 598/433/598 597/432/597
f 649/484/649 614/449/614 613/448/613
f 618/453/618 621/456/621 617/452/617
f 617/452/617 616/451/616 618/453/618
f 623/458/623 622/457/622 620/455/620
f 620/455/620 619/454/619 623/458/623
f 636/471/636 615/450/615 617/452/617
f 617/452/617 638/473/638 636/471/636
f 637/472/637 621/456/621 620/455/620
f 620/455/620 640/475/640 637/472/637
f 619/454/619 618/453/618 597/432/597
f 597/432/597 602/437/602 619/454/619
f 614/449/614 649/484/649 598/433/598
f 598/433/598 616/451/616 614/449/614
vt 0.2633680105209351 0.9770609736442566
vt 0.2424860000610352 0.9703879952430725
f 650/485/650 651/486/651 592/427/592
vt 0.2365069985389709 0.9431509971618652
f 592/427/592 651/486/651 652/487/652
vt 0.2420769929885864 0.9052469730377197
f 592/427/592 652/487/652 653/488/653
vt 0.2481189966201782 0.8739150166511536
f 592/427/592 653/488/653 654/489/654
f 654/489/654 630/465/630 592/427/592
vt 0.2791459858417511 0.9868599772453308
f 633/468/633 655/490/655 592/427/592
f 592/427/592 655/490/655 650/485/650
f 598/433/598 647/482/647 599/434/599
f 602/437/602 597/432/597 599/434/599
f 598/433/598 649/484/649 647/482/647
f 602/437/602 599/434/599 600/435/600
f 568/403/568 567/402/567 548/383/548
f 548/383/548 547/382/547 568/403/568
f 570/405/570 568/403/568 547/382/547
f 547/382/547 550/385/550 570/405/570
f 552/387/552 571/406/571 570/405/570
f 570/405/570 550/385/550 552/387/552
f 554/389/554 573/408/573 571/406/571
f 571/406/571 552/387/552 554/389/554
f 559/394/559 576/411/576 557/392/557
f 557/392/557 556/391/556 559/394/559
vt 0.5829430222511292 0.0217320006340742
f 556/391/556 555/390/555 656/491/656
f 656/491/656 560/395/560 556/391/556
f 656/491/656 564/399/564 562/397/562
f 562/397/562 560/395/560 656/491/656
f 548/383/548 567/402/567 563/398/563
f 563/398/563 562/397/562 548/383/548
f 456/291/456 459/294/459 657/293/657
f 657/293/657 658/292/658 456/291/456
f 460/295/460 659/298/659 660/297/660
f 660/297/660 461/296/461 460/295/460
f 661/299/661 662/302/662 466/301/466
f 466/301/466 465/300/465 661/299/661
f 663/303/663 664/306/664 665/305/665
f 665/305/665 666/304/666 663/303/663
f 664/306/664 473/308/473 472/307/472
f 472/307/472 665/305/665 664/306/664
f 474/309/474 477/312/477 667/311/667
f 667/311/667 668/310/668 474/309/474
f 669/313/669 670/315/670 671/314/671
f 664/306/664 671/314/671 481/316/481
f 481/316/481 473/308/473 664/306/664
f 477/312/477 461/296/461 660/297/660
f 660/297/660 667/311/667 477/312/477
f 672/317/672 673/319/673 658/292/658
f 658/292/658 674/318/674 672/317/672
f 658/292/658 673/319/673 485/320/485
f 485/320/485 456/291/456 658/292/658
f 465/300/465 487/322/487 675/321/675
f 675/321/675 661/299/661 465/300/465
f 674/318/674 676/325/676 677/324/677
f 677/324/677 678/323/678 674/318/674
f 670/315/670 679/327/679 680/326/680
f 666/304/666 668/310/668 667/311/667
f 667/311/667 663/303/663 666/304/666
f 675/321/675 668/310/668 666/304/666
f 666/304/666 672/317/672 675/321/675
f 658/292/658 676/325/676 674/318/674
f 674/318/674 681/328/681 661/299/661
f 682/329/682 683/330/683 664/306/664
f 667/311/667 684/331/684 663/303/663
f 671/314/671 664/306/664 683/330/683
f 683/330/683 669/313/669 671/314/671
f 682/329/682 664/306/664 663/303/663
f 685/332/685 660/297/660 686/333/686
f 684/331/684 667/311/667 687/334/687
f 667/311/667 660/297/660 685/332/685
f 685/332/685 687/334/687 667/311/667
f 688/335/688 689/338/689 690/337/690
f 690/337/690 691/336/691 688/335/688
f 692/339/692 693/340/693 691/336/691
f 691/336/691 690/337/690 692/339/692
f 694/341/694 695/342/695 693/340/693
f 693/340/693 692/339/692 694/341/694
f 696/343/696 697/344/697 695/342/695
f 695/342/695 694/341/694 696/343/696
f 698/345/698 699/348/699 700/347/700
f 700/347/700 701/346/701 698/345/698
f 702/349/702 703/350/703 699/348/699
f 699/348/699 698/345/698 702/349/702
f 704/351/704 705/352/705 703/350/703
f 703/350/703 702/349/702 704/351/704
f 689/338/689 688/335/688 705/352/705
f 705/352/705 704/351/704 689/338/689
f 706/353/706 707/355/707 708/354/708
f 708/354/708 689/338/689 706/353/706
f 709/356/709 710/357/710 708/354/708
f 708/354/708 707/355/707 709/356/709
f 711/358/711 712/359/712 710/357/710
f 710/357/710 709/356/709 711/358/711
f 712/359/712 711/358/711 713/360/713
f 713/360/713 696/343/696 712/359/712
f 714/361/714 698/345/698 701/346/701
f 701/346/701 715/362/715 714/361/714
f 716/363/716 702/349/702 698/345/698
f 698/345/698 714/361/714 716/363/716
f 717/364/717 704/351/704 702/349/702
f 702/349/702 716/363/716 717/364/717
f 706/353/706 689/338/689 704/351/704
f 704/351/704 717/364/717 706/353/706
f 718/365/718 707/355/707 706/353/706
f 706/353/706 719/366/719 718/365/718
f 720/367/720 709/356/709 707/355/707
f 707/355/707 718/365/718 720/367/720
f 721/368/721 711/358/711 709/356/709
f 709/356/709 720/367/720 721/368/721
f 713/360/713 711/358/711 721/368/721
f 721/368/721 722/369/722 713/360/713
f 723/370/723 714/361/714 715/362/715
f 715/362/715 724/371/724 723/370/723
f 725/372/725 716/363/716 714/361/714
f 714/361/714 723/370/723 725/372/725
f 726/373/726 717/364/717 716/363/716
f 716/363/716 725/372/725 726/373/726
f 719/366/719 706/353/706 717/364/717
f 717/364/717 726/373/726 719/366/719
f 690/337/690 689/338/689 708/354/708
f 694/341/694 712/359/712 696/343/696
f 690/337/690 708/354/708 710/357/710
f 710/357/710 692/339/692 690/337/690
f 692/339/692 710/357/710 712/359/712
f 712/359/712 694/341/694 692/339/692
f 660/297/660 659/298/659 686/333/686
f 539/374/539 481/316/481 671/314/671
f 671/314/671 680/326/680 539/374/539
f 540/375/540 466/301/466 727/377/727
f 727/377/727 728/376/728 540/375/540
f 681/328/681 674/318/674 678/323/678
f 678/323/678 729/378/729 681/328/681
f 459/294/459 730/379/730 657/293/657
f 731/380/731 732/383/732 733/382/733
f 733/382/733 734/381/734 731/380/731
f 734/381/734 733/382/733 735/385/735
f 735/385/735 736/384/736 734/381/734
f 737/386/737 736/384/736 735/385/735
f 735/385/735 738/387/738 737/386/737
f 739/388/739 737/386/737 738/387/738
f 738/387/738 740/389/740 739/388/739
f 741/390/741 742/393/742 743/392/743
f 743/392/743 744/391/744 741/390/741
f 745/394/745 746/396/746 747/395/747
f 747/395/747 744/391/744 745/394/745
f 747/395/747 746/396/746 748/398/748
f 748/398/748 749/397/749 747/395/747
f 750/399/750 749/397/749 732/383/732
f 732/383/732 731/380/731 750/399/750
f 751/400/751 752/403/752 753/402/753
f 753/402/753 754/401/754 751/400/751
f 755/404/755 756/405/756 752/403/752
f 752/403/752 751/400/751 755/404/755
f 756/405/756 755/404/755 757/407/757
f 757/407/757 758/406/758 756/405/756
f 757/407/757 759/409/759 760/408/760
f 760/408/760 758/406/758 757/407/757
f 761/410/761 762/413/762 763/412/763
f 763/412/763 764/411/764 761/410/761
f 765/414/765 763/412/763 762/413/762
f 762/413/762 766/415/766 765/414/765
f 766/415/766 767/417/767 768/416/768
f 768/416/768 765/414/765 766/415/766
f 754/401/754 753/402/753 768/416/768
f 768/416/768 767/417/767 754/401/754
f 745/394/745 764/411/764 763/412/763
f 748/398/748 768/416/768 753/402/753
f 763/412/763 765/414/765 746/396/746
f 746/396/746 745/394/745 763/412/763
f 765/414/765 768/416/768 748/398/748
f 748/398/748 746/396/746 765/414/765
f 754/401/754 678/323/678 677/324/677
f 677/324/677 751/400/751 754/401/754
f 751/400/751 677/324/677 769/418/769
f 769/418/769 755/404/755 751/400/751
f 755/404/755 769/418/769 730/379/730
f 730/379/730 757/407/757 755/404/755
f 730/379/730 770/419/770 759/409/759
f 759/409/759 757/407/757 730/379/730
f 728/376/728 727/377/727 762/413/762
f 762/413/762 761/410/761 728/376/728
f 727/377/727 771/420/771 766/415/766
f 766/415/766 762/413/762 727/377/727
f 766/415/766 771/420/771 729/378/729
f 729/378/729 767/417/767 766/415/766
f 767/417/767 729/378/729 678/323/678
f 678/323/678 754/401/754 767/417/767
f 657/293/657 676/325/676 658/292/658
f 769/418/769 657/293/657 730/379/730
f 466/301/466 662/302/662 771/420/771
f 771/420/771 727/377/727 466/301/466
f 730/379/730 459/294/459 586/421/586
f 586/421/586 770/419/770 730/379/730
f 769/418/769 677/324/677 676/325/676
f 676/325/676 657/293/657 769/418/769
f 659/298/659 460/295/460 587/422/587
f 680/326/680 679/327/679 588/423/588
f 772/424/772 659/298/659 587/422/587
f 539/374/539 680/326/680 588/423/588
f 670/315/670 680/326/680 671/314/671
f 686/333/686 659/298/659 772/424/772
f 661/299/661 681/328/681 662/302/662
f 771/420/771 662/302/662 681/328/681
f 681/328/681 729/378/729 771/420/771
f 672/317/672 666/304/666 665/305/665
f 665/305/665 673/319/673 672/317/672
f 673/319/673 665/305/665 472/307/472
f 472/307/472 485/320/485 673/319/673
f 675/321/675 487/322/487 474/309/474
f 474/309/474 668/310/668 675/321/675
f 672/317/672 674/318/674 661/299/661
f 661/299/661 675/321/675 672/317/672
f 773/425/773 774/427/774 775/426/775
f 776/428/776 777/431/777 778/430/778
f 778/430/778 779/429/779 776/428/776
f 780/432/780 781/434/781 782/433/782
f 783/435/783 784/437/784 785/436/785
f 783/435/783 785/436/785 786/438/786
f 787/439/787 788/442/788 789/441/789
f 789/441/789 790/440/790 787/439/787
f 779/429/779 778/430/778 791/444/791
f 791/444/791 792/443/792 779/429/779
f 793/445/793 776/428/776 779/429/779
f 779/429/779 794/446/794 793/445/793
f 795/447/795 796/450/796 797/449/797
f 797/449/797 798/448/798 795/447/795
f 797/449/797 796/450/796 799/452/799
f 799/452/799 800/451/800 797/449/797
f 801/453/801 802/456/802 803/455/803
f 803/455/803 804/454/804 801/453/801
f 805/457/805 806/459/806 786/438/786
f 786/438/786 807/458/807 805/457/805
f 808/460/808 809/461/809 786/438/786
f 786/438/786 806/459/806 808/460/808
f 810/462/810 811/463/811 787/439/787
f 787/439/787 790/440/790 810/462/810
f 812/464/812 794/446/794 779/429/779
f 779/429/779 792/443/792 812/464/812
f 774/427/774 813/467/813 814/466/814
f 814/466/814 815/465/815 774/427/774
f 775/426/775 774/427/774 816/468/816
f 813/467/813 774/427/774 773/425/773
f 793/445/793 817/470/817 818/469/818
f 818/469/818 795/447/795 793/445/793
f 795/447/795 818/469/818 819/471/819
f 819/471/819 796/450/796 795/447/795
f 820/472/820 802/456/802 799/452/799
f 799/452/799 821/473/821 820/472/820
f 822/474/822 805/457/805 803/455/803
f 803/455/803 823/475/823 822/474/822
f 805/457/805 822/474/822 824/476/824
f 824/476/824 806/459/806 805/457/805
f 808/460/808 825/478/825 826/477/826
f 826/477/826 810/462/810 808/460/808
f 826/477/826 827/479/827 811/463/811
f 811/463/811 810/462/810 826/477/826
f 812/464/812 828/481/828 829/480/829
f 829/480/829 794/446/794 812/464/812
f 793/445/793 795/447/795 798/448/798
f 798/448/798 776/428/776 793/445/793
f 808/460/808 810/462/810 790/440/790
f 790/440/790 809/461/809 808/460/808
f 793/445/793 794/446/794 829/480/829
f 829/480/829 817/470/817 793/445/793
f 808/460/808 806/459/806 824/476/824
f 824/476/824 825/478/825 808/460/808
f 798/448/798 830/482/830 777/431/777
f 777/431/777 776/428/776 798/448/798
f 790/440/790 789/441/789 831/483/831
f 831/483/831 809/461/809 790/440/790
f 830/482/830 798/448/798 832/484/832
f 786/438/786 809/461/809 831/483/831
f 831/483/831 783/435/783 786/438/786
f 786/438/786 785/436/785 807/458/807
f 807/458/807 785/436/785 784/437/784
f 784/437/784 804/454/804 807/458/807
f 780/432/780 782/433/782 800/451/800
f 800/451/800 801/453/801 780/432/780
f 832/484/832 798/448/798 797/449/797
f 801/453/801 800/451/800 799/452/799
f 799/452/799 802/456/802 801/453/801
f 807/458/807 804/454/804 803/455/803
f 803/455/803 805/457/805 807/458/807
f 819/471/819 821/473/821 799/452/799
f 799/452/799 796/450/796 819/471/819
f 820/472/820 823/475/823 803/455/803
f 803/455/803 802/456/802 820/472/820
f 804/454/804 784/437/784 780/432/780
f 780/432/780 801/453/801 804/454/804
f 797/449/797 800/451/800 782/433/782
f 782/433/782 832/484/832 797/449/797
f 833/485/833 774/427/774 834/486/834
f 774/427/774 835/487/835 834/486/834
f 774/427/774 836/488/836 835/487/835
f 774/427/774 815/465/815 837/489/837
f 837/489/837 836/488/836 774/427/774
f 816/468/816 774/427/774 838/490/838
f 774/427/774 833/485/833 838/490/838
f 782/433/782 781/434/781 830/482/830
f 784/437/784 781/434/781 780/432/780
f 782/433/782 830/482/830 832/484/832
f 784/437/784 783/435/783 781/434/781
f 752/403/752 733/382/733 732/383/732
f 732/383/732 753/402/753 752/403/752
f 756/405/756 735/385/735 733/382/733
f 733/382/733 752/403/752 756/405/756
f 738/387/738 735/385/735 756/405/756
f 756/405/756 758/406/758 738/387/738
f 740/389/740 738/387/738 758/406/758
f 758/406/758 760/408/760 740/389/740
f 745/394/745 744/391/744 743/392/743
f 743/392/743 764/411/764 745/394/745
f 744/391/744 747/395/747 839/491/839
f 839/491/839 741/390/741 744/391/744
f 839/491/839 747/395/747 749/397/749
f 749/397/749 750/399/750 839/491/839
f 732/383/732 749/397/749 748/398/748
f 748/398/748 753/402/753 732/383/732
vt 0.8320850133895874 0.4656989872455597
vt 0.8445960283279419 0.4687269926071167
vt 0.8445960283279419 0.4400539994239807
f 840/492/840 841/493/841 842/494/842
vt 0.8320850133895874 0.4407700002193451
f 842/494/842 843/495/843 840/492/840
vt 0.8570989966392517 0.4658010005950928
vt 0.8570989966392517 0.4412859976291656
f 844/496/844 845/497/845 842/494/842
f 842/494/842 841/493/841 844/496/844
vt 0.8695080280303955 0.4653179943561554
vt 0.8695080280303955 0.4458999931812286
f 846/498/846 847/499/847 845/497/845
f 845/497/845 844/496/844 846/498/846
vt 0.8196650147438049 0.4644269943237305
f 848/500/848 840/492/840 843/495/843
vt 0.8196650147438049 0.4446420073509216
f 843/495/843 849/501/849 848/500/848
vt 0.8445960283279419 0.0906940028071404
vt 0.8445960283279419 0.0245660003274679
vt 0.8320850133895874 0.0225620009005070
f 850/502/850 851/503/851 852/504/852
vt 0.8320850133895874 0.0885199978947639
f 852/504/852 853/505/853 850/502/850
vt 0.8570989966392517 0.0892139971256256
vt 0.8570989966392517 0.0223050005733967
f 854/506/854 855/507/855 851/503/851
f 851/503/851 850/502/850 854/506/854
vt 0.8695080280303955 0.0835580006241798
vt 0.8695080280303955 0.0192140005528927
f 856/508/856 857/509/857 855/507/855
f 855/507/855 854/506/854 856/508/856
vt 0.8196650147438049 0.0194129999727011
f 853/505/853 852/504/852 858/510/858
vt 0.8196650147438049 0.0820429995656013
f 858/510/858 859/511/859 853/505/853
vt 0.8445960283279419 0.1614280045032501
vt 0.8320850133895874 0.1598259955644608
vt 0.8320850133895874 0.2461130023002625
f 860/512/860 861/513/861 862/514/862
vt 0.8445960283279419 0.2455829977989197
f 862/514/862 863/515/863 860/512/860
vt 0.8570989966392517 0.1609040051698685
f 864/516/864 860/512/860 863/515/863
vt 0.8570989966392517 0.2471549957990646
f 863/515/863 865/517/865 864/516/864
vt 0.8695080280303955 0.1573410034179688
f 866/518/866 864/516/864 865/517/865
vt 0.8695080280303955 0.2491279989480972
f 865/517/865 867/519/867 866/518/866
vt 0.8196650147438049 0.1550969928503036
vt 0.8196650147438049 0.2470329999923706
f 861/513/861 868/520/868 869/521/869
f 869/521/869 862/514/862 861/513/861
vt 0.8445960283279419 0.3497369885444641
vt 0.8320850133895874 0.3513329923152924
vt 0.8320850133895874 0.4174459874629974
f 870/522/870 871/523/871 872/524/872
vt 0.8445960283279419 0.4162069857120514
f 872/524/872 873/525/873 870/522/870
vt 0.8570989966392517 0.4181939959526062
vt 0.8570989966392517 0.3524020016193390
f 874/526/874 875/527/875 870/522/870
f 870/522/870 873/525/873 874/526/874
vt 0.8695080280303955 0.4237839877605438
vt 0.8695080280303955 0.3585720062255859
f 876/528/876 877/529/877 875/527/875
f 875/527/875 874/526/874 876/528/876
vt 0.8196650147438049 0.3563989996910095
vt 0.8196650147438049 0.4222550094127655
f 871/523/871 878/530/878 879/531/879
f 879/531/879 872/524/872 871/523/871
f 842/494/842 873/525/873 872/524/872
f 872/524/872 843/495/843 842/494/842
f 874/526/874 873/525/873 842/494/842
f 842/494/842 845/497/845 874/526/874
f 876/528/876 874/526/874 845/497/845
f 845/497/845 847/499/847 876/528/876
f 843/495/843 872/524/872 879/531/879
f 879/531/879 849/501/849 843/495/843
f 863/515/863 862/514/862 871/523/871
f 871/523/871 870/522/870 863/515/863
f 875/527/875 865/517/865 863/515/863
f 863/515/863 870/522/870 875/527/875
f 877/529/877 867/519/867 865/517/865
f 865/517/865 875/527/875 877/529/877
f 862/514/862 869/521/869 878/530/878
f 878/530/878 871/523/871 862/514/862
f 850/502/850 853/505/853 861/513/861
f 861/513/861 860/512/860 850/502/850
f 864/516/864 854/506/854 850/502/850
f 850/502/850 860/512/860 864/516/864
f 866/518/866 856/508/856 854/506/854
f 854/506/854 864/516/864 866/518/866
f 853/505/853 859/511/859 868/520/868
f 868/520/868 861/513/861 853/505/853
vt 0.3721629977226257 0.2906189858913422
vt 0.3891609907150269 0.2213329970836639
vt 0.3896839916706085 0.2900319993495941
f 880/532/880 881/533/881 882/534/882
vt 0.4077909886837006 0.2903540134429932
f 882/534/882 881/533/881 883/535/883
vt 0.3902710080146790 0.3591969907283783
f 880/532/880 882/534/882 884/536/884
f 884/536/884 882/534/882 883/535/883
vt 0.3753440082073212 0.3594309985637665
vt 0.3461470007896423 0.3034310042858124
vt 0.3612709939479828 0.3011539876461029
f 885/537/885 886/538/886 887/539/887
f 887/539/887 884/536/884 885/537/885
f 884/536/884 887/539/887 880/532/880
vt 0.4192270040512085 0.3007229864597321
vt 0.4344840049743652 0.3027740120887756
f 884/536/884 888/540/888 889/541/889
vt 0.4053080081939697 0.3592079877853394
f 889/541/889 890/542/890 884/536/884
f 884/536/884 883/535/883 888/540/888
vt 0.3212040066719055 0.2418249994516373
f 886/538/886 891/543/891 887/539/887
f 887/539/887 891/543/891 880/532/880
vt 0.4593119919300079 0.2407969981431961
f 888/540/888 892/544/892 889/541/889
f 883/535/883 892/544/892 888/540/888
vt 0.3898000121116638 0.2902890145778656
f 893/545/893 881/533/881 880/532/880
f 883/535/883 881/533/881 893/545/893
vt 0.3903810083866119 0.3594419956207275
f 894/546/894 893/545/893 880/532/880
f 883/535/883 893/545/893 894/546/894
vt 0.3613690137863159 0.3013710081577301
f 894/546/894 895/547/895 886/538/886
f 886/538/886 885/537/885 894/546/894
f 894/546/894 880/532/880 895/547/895
vt 0.4193249940872192 0.3009389936923981
f 894/546/894 896/548/896 883/535/883
f 894/546/894 890/542/890 889/541/889
f 889/541/889 896/548/896 894/546/894
f 895/547/895 891/543/891 886/538/886
f 880/532/880 891/543/891 895/547/895
f 896/548/896 892/544/892 883/535/883
f 889/541/889 892/544/892 896/548/896
vt 0.8989480137825012 0.4191580116748810
vt 0.8989480137825012 0.4507299959659576
vt 0.9783849716186523 0.4507299959659576
f 897/549/897 898/550/898 899/551/899
vt 0.9783849716186523 0.4191580116748810
f 899/551/899 900/552/900 897/549/897
vt 0.8989480137825012 0.4771359860897064
vt 0.9783849716186523 0.4771359860897064
f 898/550/898 901/553/901 902/554/902
f 902/554/902 899/551/899 898/550/898
vt 0.8989480137825012 0.2151529937982559
vt 0.8989480137825012 0.2412890046834946
vt 0.9783849716186523 0.2412890046834946
f 903/555/903 904/556/904 905/557/905
vt 0.9783849716186523 0.2151529937982559
f 905/557/905 906/558/906 903/555/903
vt 0.8989480137825012 0.2725929915904999
vt 0.9783849716186523 0.2725929915904999
f 904/556/904 907/559/907 908/560/908
f 908/560/908 905/557/905 904/556/904
vt 0.8989480137825012 0.3080469965934753
vt 0.9783849716186523 0.3080469965934753
f 907/559/907 909/561/909 910/562/910
f 910/562/910 908/560/908 907/559/907
vt 0.8989480137825012 0.3457770049571991
vt 0.9783849716186523 0.3457770049571991
f 909/561/909 911/563/911 912/564/912
f 912/564/912 910/562/910 909/561/909
vt 0.8989480137825012 0.3835520148277283
vt 0.9783849716186523 0.3835520148277283
f 911/563/911 913/565/913 914/566/914
f 914/566/914 912/564/912 911/563/911
f 913/565/913 897/549/897 900/552/900
f 900/552/900 914/566/914 913/565/913
vt 0.6013190150260925 0.4014390110969543
vt 0.6013190150260925 0.3750340044498444
vt 0.6203020215034485 0.3558529913425446
f 915/567/915 916/568/916 917/569/917
vt 0.6467080116271973 0.3559829890727997
vt 0.6650670170783997 0.3750340044498444
f 917/569/917 918/570/918 919/571/919
vt 0.6650670170783997 0.4014390110969543
vt 0.6460829973220825 0.4205540120601654
f 919/571/919 920/572/920 921/573/921
f 917/569/917 919/571/919 921/573/921
f 915/567/915 917/569/917 921/573/921
vt 0.6196780204772949 0.4205540120601654
f 922/574/922 915/567/915 921/573/921
f 923/574/923 924/567/924 925/568/925
f 925/568/925 926/569/926 927/570/927
f 927/570/927 928/571/928 929/572/929
f 925/568/925 927/570/927 929/572/929
f 923/574/923 925/568/925 929/572/929
f 930/573/930 923/574/923 929/572/929
vt 0.8818659782409668 0.9756140112876892
vt 0.8482469916343689 0.9749349951744080
vt 0.8481360077857971 0.9229019880294800
f 931/575/931 932/576/932 933/577/933
vt 0.8833400011062622 0.9252259731292725
f 933/577/933 934/578/934 931/575/931
vt 0.9118750095367432 0.9766010046005249
f 935/579/935 931/575/931 934/578/934
vt 0.9148070216178894 0.9291189908981323
f 934/578/934 936/580/936 935/579/935
vt 0.9440379738807678 0.9755169749259949
f 937/581/937 935/579/935 936/580/936
vt 0.9513429999351501 0.9333869814872742
f 936/580/936 938/582/938 937/581/937
vt 0.8282189965248108 0.5236120223999023
vt 0.7967259883880615 0.5174319744110107
vt 0.7883790135383606 0.5675939917564392
f 939/583/939 940/584/940 941/585/941
vt 0.8287259936332703 0.5775169730186462
f 941/585/941 942/586/942 939/583/939
vt 0.8599820137023926 0.5216839909553528
f 943/587/943 939/583/939 942/586/942
vt 0.8689529895782471 0.5711830258369446
f 942/586/942 944/588/944 943/587/943
vt 0.7845739722251892 0.9771029949188232
vt 0.7523099780082703 0.9764320254325867
vt 0.7449240088462830 0.9342409968376160
f 945/589/945 946/590/946 947/591/947
vt 0.7814880013465881 0.9296560287475586
f 947/591/947 948/592/948 945/589/945
vt 0.8146209716796875 0.9758380055427551
f 949/593/949 945/589/945 948/592/948
vt 0.8129349946975708 0.9254969954490662
f 948/592/948 950/594/950 949/593/949
f 932/576/932 949/593/949 950/594/950
f 950/594/950 933/577/933 932/576/932
vt 0.9124770164489746 0.5999600291252136
vt 0.9414200186729431 0.5749269723892212
vt 0.9550719857215881 0.6149600148200989
f 951/595/951 952/596/952 953/597/953
vt 0.8480209708213806 0.8474500179290771
vt 0.8920270204544067 0.8551980257034302
vt 0.8850219845771790 0.9040619730949402
f 954/598/954 955/599/955 956/600/956
vt 0.8480949997901917 0.8989220261573792
f 956/600/956 957/601/957 954/598/954
vt 0.9293889999389648 0.8680959939956665
vt 0.9173399806022644 0.9121720194816589
f 955/599/955 958/602/958 959/603/959
f 959/603/959 956/600/956 955/599/955
vt 0.9679639935493469 0.8770949840545654
vt 0.9539939761161804 0.9185240268707275
f 960/604/960 961/605/961 959/603/959
f 959/603/959 958/602/958 960/604/960
vt 0.8319000005722046 0.6465439796447754
vt 0.8294219970703125 0.5945690274238586
vt 0.7871459722518921 0.5819209814071655
f 962/606/962 963/607/963 964/608/964
vt 0.7737780213356018 0.6332960128784180
f 964/608/964 965/609/965 962/606/962
vt 0.8898310065269470 0.6360279917716980
vt 0.8715320229530334 0.5852919816970825
f 962/606/962 966/610/966 967/611/967
f 967/611/967 963/607/963 962/606/962
vt 0.7282379865646362 0.8779609799385071
vt 0.7667850255966187 0.8687409758567810
vt 0.7789199948310852 0.9127449989318848
f 968/612/968 969/613/969 970/614/970
vt 0.7422540187835693 0.9193590283393860
f 970/614/970 971/615/971 968/612/968
vt 0.8040770292282104 0.8555759787559509
vt 0.8111910223960876 0.9043679833412170
f 972/616/972 973/617/973 970/614/970
f 970/614/970 969/613/969 972/616/972
f 954/598/954 957/601/957 973/617/973
f 973/617/973 972/616/972 954/598/954
vt 0.9357740283012390 0.8070470094680786
vt 0.9184209704399109 0.8048790097236633
vt 0.9379990100860596 0.7845029830932617
f 974/618/974 975/619/975 976/620/976
vt 0.8478980064392090 0.8069000244140625
vt 0.8788520097732544 0.8054280281066895
f 954/598/954 977/621/977 978/622/978
vt 0.9182199835777283 0.8259080052375793
f 958/602/958 955/599/955 979/623/979
vt 0.9471560120582581 0.8326299786567688
f 979/623/979 980/624/980 958/602/958
vt 0.9742789864540100 0.8403239846229553
f 981/625/981 960/604/960 958/602/958
f 958/602/958 980/624/980 981/625/981
vt 0.7426859736442566 0.6594099998474121
vt 0.7691649794578552 0.6685140132904053
f 965/609/965 982/626/982 983/627/983
vt 0.8321160078048706 0.6822959780693054
vt 0.8668419718742371 0.6849129796028137
f 962/606/962 984/628/984 985/629/985
vt 0.7218409776687622 0.8412430286407471
f 969/613/969 968/612/968 986/630/986
vt 0.7488930225372314 0.8334220051765442
f 986/630/986 987/631/987 969/613/969
vt 0.7777770161628723 0.8264870047569275
f 988/632/988 972/616/972 969/613/969
f 969/613/969 987/631/987 988/632/988
vt 0.7969819903373718 0.8187069892883301
f 972/616/972 988/632/988 989/633/989
vt 0.9348589777946472 0.6555299758911133
vt 0.9103509783744812 0.6331089735031128
f 990/634/990 991/635/991 953/597/953
vt 0.9710220098495483 0.5763800144195557
vt 0.9932289719581604 0.5997279882431030
f 992/636/992 993/637/993 953/597/953
vt 0.9934039711952209 0.6319500207901001
vt 0.9730730056762695 0.6535149812698364
f 994/638/994 995/639/995 953/597/953
vt 0.7773039937019348 0.8053460121154785
vt 0.7576519846916199 0.7852780222892761
vt 0.7846739888191223 0.7901030182838440
f 996/640/996 997/641/997 998/642/998
vt 0.8651750087738037 0.7739989757537842
vt 0.8476570248603821 0.7534440159797668
vt 0.8711100220680237 0.7534649968147278
f 999/643/999 1000/644/1000 1001/645/1001
vt 0.8169339895248413 0.8056889772415161
f 1002/646/1002 977/621/977 954/598/954
f 978/622/978 955/599/955 954/598/954
f 985/629/985 966/610/966 962/606/962
vt 0.7973790168762207 0.6825940012931824
f 1003/647/1003 984/628/984 962/606/962
vt 0.9563670158386230 0.8048999905586243
vt 0.9745780229568481 0.8149960041046143
f 1004/648/1004 1005/649/1005 981/625/981
f 981/625/981 980/624/980 1004/648/1004
f 974/618/974 1004/648/1004 980/624/980
f 980/624/980 979/623/979 974/618/974
f 975/619/975 974/618/974 979/623/979
vt 0.8989440202713013 0.8182790279388428
f 979/623/979 1006/650/1006 975/619/975
vt 0.9109510183334351 0.7895699739456177
vt 0.8937249779701233 0.7682430148124695
f 1007/651/1007 978/622/978 1008/652/1008
vt 0.9207940101623535 0.7711269855499268
f 1008/652/1008 1009/653/1009 1007/651/1007
vt 0.7653220295906067 0.6983289718627930
f 1010/654/1010 1003/647/1003 983/627/983
vt 0.7489939928054810 0.6840400099754333
f 983/627/983 1011/655/1011 1010/654/1010
f 998/642/998 1002/646/1002 989/633/989
f 989/633/989 996/640/996 998/642/998
vt 0.7394750118255615 0.8057979941368103
vt 0.7600589990615845 0.8077229857444763
f 1012/656/1012 1013/657/1013 988/632/988
f 988/632/988 987/631/987 1012/656/1012
vt 0.7214739918708801 0.8160139918327332
f 1014/658/1014 1012/656/1012 987/631/987
f 987/631/987 986/630/986 1014/658/1014
vt 0.9167060256004333 0.6881700158119202
vt 0.9391530156135559 0.6871110200881958
vt 0.9225620031356812 0.6625440120697021
f 1015/659/1015 1016/660/1016 1017/661/1017
vt 0.8960710167884827 0.6716240048408508
f 1017/661/1017 1018/662/1018 1015/659/1015
vt 0.8997409939765930 0.7022609710693359
vt 0.8791229724884033 0.7237399816513062
f 1019/663/1019 985/629/985 1020/664/1020
vt 0.9080950021743774 0.7231990098953247
f 1020/664/1020 1021/665/1021 1019/663/1019
vt 0.8477820158004761 0.7826319932937622
f 1022/666/1022 999/643/999 978/622/978
f 978/622/978 977/621/977 1022/666/1022
vt 0.8303139805793762 0.7741299867630005
f 1023/667/1023 1022/666/1022 977/621/977
f 977/621/977 1002/646/1002 1023/667/1023
vt 0.8017259836196899 0.7686210274696350
f 1023/667/1023 1002/646/1002 1024/668/1024
vt 0.8241819739341736 0.7536169886589050
f 1024/668/1024 1025/669/1025 1023/667/1023
vt 0.8316680192947388 0.7098219990730286
vt 0.8517979979515076 0.7172589898109436
f 1026/670/1026 1027/671/1027 985/629/985
f 985/629/985 984/628/984 1026/670/1026
vt 0.8110179901123047 0.7154930233955383
f 1028/672/1028 1026/670/1026 984/628/984
f 984/628/984 1003/647/1003 1028/672/1028
vt 0.7840430140495300 0.7199270129203796
f 1028/672/1028 1003/647/1003 1029/673/1029
vt 0.8057879805564880 0.7381740212440491
f 1029/673/1029 1030/674/1030 1028/672/1028
f 1007/651/1007 975/619/975 1006/650/1006
f 1006/650/1006 978/622/978 1007/651/1007
f 1011/655/1011 983/627/983 982/626/982
vt 0.7273899912834167 0.6829929947853088
f 982/626/982 1031/675/1031 1011/655/1011
f 996/640/996 989/633/989 988/632/988
f 988/632/988 1013/657/1013 996/640/996
f 1019/663/1019 1015/659/1015 1018/662/1018
f 1018/662/1018 985/629/985 1019/663/1019
f 989/633/989 1002/646/1002 972/616/972
f 1006/650/1006 979/623/979 955/599/955
f 983/627/983 1003/647/1003 965/609/965
f 1018/662/1018 1017/661/1017 966/610/966
vt 0.8306229710578918 0.7381349802017212
f 1026/670/1026 1028/672/1028 1032/676/1032
vt 0.7562810182571411 0.7183750271797180
f 1010/654/1010 1033/677/1033 1029/673/1029
f 1029/673/1029 1003/647/1003 1010/654/1010
vt 0.7747079730033875 0.7717990279197693
f 998/642/998 1034/678/1034 1024/668/1024
f 1024/668/1024 1002/646/1002 998/642/998
vt 0.8556039929389954 0.7406330108642578
f 1027/671/1027 1035/679/1035 1020/664/1020
f 1020/664/1020 985/629/985 1027/671/1027
f 999/643/999 1001/645/1001 1008/652/1008
f 1008/652/1008 978/622/978 999/643/999
vt 0.9278630018234253 0.7124630212783813
f 1015/659/1015 1019/663/1019 1036/680/1036
vt 0.7152720093727112 0.6979709863662720
vt 0.7379800081253052 0.7076159715652466
f 1031/675/1031 1037/681/1037 1038/682/1038
f 978/622/978 1006/650/1006 955/599/955
f 1002/646/1002 954/598/954 972/616/972
f 1003/647/1003 962/606/962 965/609/965
f 985/629/985 1018/662/1018 966/610/966
f 1013/657/1013 1012/656/1012 997/641/997
vt 0.9518510103225708 0.7029299736022949
f 1036/680/1036 1039/683/1039 1016/660/1016
f 1023/667/1023 1025/669/1025 1000/644/1000
f 1032/676/1032 1027/671/1027 1026/670/1026
f 1007/651/1007 1009/653/1009 976/620/976
f 1038/682/1038 1033/677/1033 1010/654/1010
f 999/643/999 1022/666/1022 1000/644/1000
f 1028/672/1028 1030/674/1030 1032/676/1032
f 1032/676/1032 1035/679/1035 1027/671/1027
f 1000/644/1000 1022/666/1022 1023/667/1023
f 997/641/997 1034/678/1034 998/642/998
f 997/641/997 996/640/996 1013/657/1013
f 1016/660/1016 1015/659/1015 1036/680/1036
f 1019/663/1019 1021/665/1021 1036/680/1036
f 976/620/976 975/619/975 1007/651/1007
f 976/620/976 1004/648/1004 974/618/974
f 1038/682/1038 1011/655/1011 1031/675/1031
f 1010/654/1010 1011/655/1011 1038/682/1038
f 956/600/956 934/578/934 933/577/933
f 933/577/933 957/601/957 956/600/956
f 959/603/959 936/580/936 934/578/934
f 934/578/934 956/600/956 959/603/959
f 961/605/961 938/582/938 936/580/936
f 936/580/936 959/603/959 961/605/961
f 963/607/963 942/586/942 941/585/941
f 941/585/941 964/608/964 963/607/963
f 967/611/967 944/588/944 942/586/942
f 942/586/942 963/607/963 967/611/967
f 970/614/970 948/592/948 947/591/947
f 947/591/947 971/615/971 970/614/970
f 973/617/973 950/594/950 948/592/948
f 948/592/948 970/614/970 973/617/973
f 957/601/957 933/577/933 950/594/950
f 950/594/950 973/617/973 957/601/957
f 953/597/953 993/637/993 994/638/994
f 953/597/953 952/596/952 992/636/992
f 953/597/953 995/639/995 990/634/990
f 953/597/953 991/635/991 951/595/951
vt 0.9367160201072693 0.5275970101356506
vt 0.9477419853210449 0.5249729752540588
vt 0.9541090130805969 0.5557259917259216
f 1040/684/1040 1041/685/1041 1042/686/1042
vt 0.9362279772758484 0.5608890056610107
f 1042/686/1042 1043/687/1043 1040/684/1040
f 1044/684/1044 1045/685/1045 1046/686/1046
f 1046/686/1046 1047/687/1047 1044/684/1044
vt 0.9563030004501343 0.5195890069007874
vt 0.9689509868621826 0.5449709892272949
f 1048/685/1048 1049/688/1049 1050/689/1050
f 1050/689/1050 1051/686/1051 1048/685/1048
vt 0.9627220034599304 0.5113769769668579
vt 0.9672660231590271 0.4998239874839783
vt 0.9838700294494629 0.5190240144729614
f 1052/690/1052 1053/691/1053 1054/692/1054
vt 0.9784100055694580 0.5329989790916443
f 1054/692/1054 1055/693/1055 1052/690/1052
f 1056/690/1056 1057/691/1057 1058/692/1058
f 1058/692/1058 1059/693/1059 1056/690/1056
f 1060/688/1060 1061/690/1061 1062/693/1062
f 1062/693/1062 1063/689/1063 1060/688/1060
vt 0.9173560142517090 0.5190209746360779
vt 0.9257760047912598 0.5246459841728210
vt 0.9185039997100830 0.5551559925079346
f 1064/694/1064 1065/695/1065 1066/696/1066
vt 0.9038770198822021 0.5439559817314148
f 1066/696/1066 1067/697/1067 1064/694/1064
vt 0.9372230172157288 0.4934009909629822
vt 0.9111790060997009 0.5106610059738159
f 1068/698/1068 1064/694/1064 1069/699/1069
f 1070/694/1070 1071/695/1071 1072/696/1072
f 1072/696/1072 1073/697/1073 1070/694/1070
vt 0.9070199728012085 0.4989899992942810
f 1074/698/1074 1075/699/1075 1076/700/1076
f 1077/694/1077 1078/695/1078 1079/696/1079
f 1079/696/1079 1080/697/1080 1077/694/1077
f 1081/698/1081 1077/694/1077 1082/699/1082
f 1048/685/1048 1051/686/1051 1083/687/1083
f 1083/687/1083 1084/684/1084 1048/685/1048
f 1049/688/1049 1052/690/1052 1055/693/1055
f 1055/693/1055 1050/689/1050 1049/688/1049
f 1074/698/1074 1070/694/1070 1075/699/1075
f 1074/698/1074 1084/684/1084 1071/695/1071
f 1068/698/1068 1085/688/1085 1045/685/1045
f 1068/698/1068 1044/684/1044 1065/695/1065
vt 0.8946400284767151 0.5317090153694153
f 1086/700/1086 1069/699/1069 1087/701/1087
vt 0.8895930051803589 0.5175120234489441
f 1087/701/1087 1088/702/1088 1086/700/1086
f 1056/690/1056 1059/693/1059 1089/689/1089
f 1089/689/1089 1085/688/1085 1056/690/1056
f 1081/698/1081 1040/684/1040 1078/695/1078
f 1081/698/1081 1060/688/1060 1041/685/1041
f 1081/698/1081 1090/691/1090 1061/690/1061
f 1082/699/1082 1091/701/1091 1092/702/1092
f 1092/702/1092 1093/700/1093 1082/699/1082
f 1040/684/1040 1081/698/1081 1041/685/1041
f 1044/684/1044 1068/698/1068 1045/685/1045
f 1048/685/1048 1074/698/1074 1049/688/1049
f 1052/690/1052 1074/698/1074 1053/691/1053
f 1056/690/1056 1068/698/1068 1057/691/1057
f 1060/688/1060 1081/698/1081 1061/690/1061
f 1064/694/1064 1068/698/1068 1065/695/1065
f 1064/694/1064 1067/697/1067 1087/701/1087
f 1087/701/1087 1069/699/1069 1064/694/1064
f 1070/694/1070 1074/698/1074 1071/695/1071
f 1076/700/1076 1075/699/1075 1094/701/1094
f 1094/701/1094 1095/702/1095 1076/700/1076
f 1077/694/1077 1081/698/1081 1078/695/1078
f 1077/694/1077 1080/697/1080 1091/701/1091
f 1091/701/1091 1082/699/1082 1077/694/1077
f 1084/684/1084 1074/698/1074 1048/685/1048
f 1049/688/1049 1074/698/1074 1052/690/1052
f 1070/694/1070 1073/697/1073 1094/701/1094
f 1094/701/1094 1075/699/1075 1070/694/1070
f 1071/695/1071 1084/684/1084 1083/687/1083
f 1083/687/1083 1072/696/1072 1071/695/1071
f 1045/685/1045 1085/688/1085 1089/689/1089
f 1089/689/1089 1046/686/1046 1045/685/1045
f 1044/684/1044 1047/687/1047 1066/696/1066
f 1066/696/1066 1065/695/1065 1044/684/1044
f 1086/700/1086 1068/698/1068 1069/699/1069
f 1085/688/1085 1068/698/1068 1056/690/1056
f 1040/684/1040 1043/687/1043 1079/696/1079
f 1079/696/1079 1078/695/1078 1040/684/1040
f 1041/685/1041 1060/688/1060 1063/689/1063
f 1063/689/1063 1042/686/1042 1041/685/1041
f 1061/690/1061 1090/691/1090 1096/692/1096
f 1096/692/1096 1062/693/1062 1061/690/1061
f 1093/700/1093 1081/698/1081 1082/699/1082
f 1097/575/1097 1098/578/1098 1099/577/1099
f 1099/577/1099 1100/576/1100 1097/575/1097
f 1101/579/1101 1102/580/1102 1098/578/1098
f 1098/578/1098 1097/575/1097 1101/579/1101
f 1103/581/1103 1104/582/1104 1102/580/1102
f 1102/580/1102 1101/579/1101 1103/581/1103
f 1105/583/1105 1106/586/1106 1107/585/1107
f 1107/585/1107 1108/584/1108 1105/583/1105
f 1109/587/1109 1110/588/1110 1106/586/1106
f 1106/586/1106 1105/583/1105 1109/587/1109
f 1111/589/1111 1112/592/1112 1113/591/1113
f 1113/591/1113 1114/590/1114 1111/589/1111
f 1115/593/1115 1116/594/1116 1112/592/1112
f 1112/592/1112 1111/589/1111 1115/593/1115
f 1100/576/1100 1099/577/1099 1116/594/1116
f 1116/594/1116 1115/593/1115 1100/576/1100
f 1117/595/1117 1118/597/1118 1119/596/1119
f 1120/598/1120 1121/601/1121 1122/600/1122
f 1122/600/1122 1123/599/1123 1120/598/1120
f 1123/599/1123 1122/600/1122 1124/603/1124
f 1124/603/1124 1125/602/1125 1123/599/1123
f 1126/604/1126 1125/602/1125 1124/603/1124
f 1124/603/1124 1127/605/1127 1126/604/1126
f 1128/606/1128 1129/609/1129 1130/608/1130
f 1130/608/1130 1131/607/1131 1128/606/1128
f 1128/606/1128 1131/607/1131 1132/611/1132
f 1132/611/1132 1133/610/1133 1128/606/1128
f 1134/612/1134 1135/615/1135 1136/614/1136
f 1136/614/1136 1137/613/1137 1134/612/1134
f 1138/616/1138 1137/613/1137 1136/614/1136
f 1136/614/1136 1139/617/1139 1138/616/1138
f 1120/598/1120 1138/616/1138 1139/617/1139
f 1139/617/1139 1121/601/1121 1120/598/1120
f 1140/618/1140 1141/620/1141 1142/619/1142
f 1120/598/1120 1143/622/1143 1144/621/1144
f 1125/602/1125 1145/624/1145 1146/623/1146
f 1146/623/1146 1123/599/1123 1125/602/1125
f 1147/625/1147 1145/624/1145 1125/602/1125
f 1125/602/1125 1126/604/1126 1147/625/1147
f 1129/609/1129 1148/627/1148 1149/626/1149
f 1128/606/1128 1150/629/1150 1151/628/1151
f 1137/613/1137 1152/631/1152 1153/630/1153
f 1153/630/1153 1134/612/1134 1137/613/1137
f 1154/632/1154 1152/631/1152 1137/613/1137
f 1137/613/1137 1138/616/1138 1154/632/1154
f 1138/616/1138 1155/633/1155 1154/632/1154
f 1156/634/1156 1118/597/1118 1157/635/1157
f 1158/636/1158 1118/597/1118 1159/637/1159
f 1160/638/1160 1118/597/1118 1161/639/1161
f 1162/640/1162 1163/642/1163 1164/641/1164
f 1165/643/1165 1166/645/1166 1167/644/1167
f 1168/646/1168 1120/598/1120 1144/621/1144
f 1143/622/1143 1120/598/1120 1123/599/1123
f 1150/629/1150 1128/606/1128 1133/610/1133
f 1169/647/1169 1128/606/1128 1151/628/1151
f 1170/648/1170 1145/624/1145 1147/625/1147
f 1147/625/1147 1171/649/1171 1170/648/1170
f 1140/618/1140 1146/623/1146 1145/624/1145
f 1145/624/1145 1170/648/1170 1140/618/1140
f 1142/619/1142 1172/650/1172 1146/623/1146
f 1146/623/1146 1140/618/1140 1142/619/1142
f 1173/651/1173 1174/653/1174 1175/652/1175
f 1175/652/1175 1143/622/1143 1173/651/1173
f 1176/654/1176 1177/655/1177 1148/627/1148
f 1148/627/1148 1169/647/1169 1176/654/1176
f 1163/642/1163 1162/640/1162 1155/633/1155
f 1155/633/1155 1168/646/1168 1163/642/1163
f 1178/656/1178 1152/631/1152 1154/632/1154
f 1154/632/1154 1179/657/1179 1178/656/1178
f 1180/658/1180 1153/630/1153 1152/631/1152
f 1152/631/1152 1178/656/1178 1180/658/1180
f 1181/659/1181 1182/662/1182 1183/661/1183
f 1183/661/1183 1184/660/1184 1181/659/1181
f 1185/663/1185 1186/665/1186 1187/664/1187
f 1187/664/1187 1150/629/1150 1185/663/1185
f 1188/666/1188 1144/621/1144 1143/622/1143
f 1143/622/1143 1165/643/1165 1188/666/1188
f 1189/667/1189 1168/646/1168 1144/621/1144
f 1144/621/1144 1188/666/1188 1189/667/1189
f 1189/667/1189 1190/669/1190 1191/668/1191
f 1191/668/1191 1168/646/1168 1189/667/1189
f 1192/670/1192 1151/628/1151 1150/629/1150
f 1150/629/1150 1193/671/1193 1192/670/1192
f 1194/672/1194 1169/647/1169 1151/628/1151
f 1151/628/1151 1192/670/1192 1194/672/1194
f 1194/672/1194 1195/674/1195 1196/673/1196
f 1196/673/1196 1169/647/1169 1194/672/1194
f 1173/651/1173 1143/622/1143 1172/650/1172
f 1172/650/1172 1142/619/1142 1173/651/1173
f 1177/655/1177 1197/675/1197 1149/626/1149
f 1149/626/1149 1148/627/1148 1177/655/1177
f 1162/640/1162 1179/657/1179 1154/632/1154
f 1154/632/1154 1155/633/1155 1162/640/1162
f 1185/663/1185 1150/629/1150 1182/662/1182
f 1182/662/1182 1181/659/1181 1185/663/1185
f 1155/633/1155 1138/616/1138 1168/646/1168
f 1172/650/1172 1123/599/1123 1146/623/1146
f 1148/627/1148 1129/609/1129 1169/647/1169
f 1182/662/1182 1133/610/1133 1183/661/1183
f 1192/670/1192 1198/676/1198 1194/672/1194
f 1176/654/1176 1169/647/1169 1196/673/1196
f 1196/673/1196 1199/677/1199 1176/654/1176
f 1163/642/1163 1168/646/1168 1191/668/1191
f 1191/668/1191 1200/678/1200 1163/642/1163
f 1193/671/1193 1150/629/1150 1187/664/1187
f 1187/664/1187 1201/679/1201 1193/671/1193
f 1165/643/1165 1143/622/1143 1175/652/1175
f 1175/652/1175 1166/645/1166 1165/643/1165
f 1181/659/1181 1202/680/1202 1185/663/1185
f 1197/675/1197 1203/682/1203 1204/681/1204
f 1143/622/1143 1123/599/1123 1172/650/1172
f 1168/646/1168 1138/616/1138 1120/598/1120
f 1169/647/1169 1129/609/1129 1128/606/1128
f 1150/629/1150 1133/610/1133 1182/662/1182
f 1179/657/1179 1164/641/1164 1178/656/1178
f 1202/680/1202 1184/660/1184 1205/683/1205
f 1189/667/1189 1167/644/1167 1190/669/1190
f 1198/676/1198 1192/670/1192 1193/671/1193
f 1173/651/1173 1141/620/1141 1174/653/1174
f 1203/682/1203 1176/654/1176 1199/677/1199
f 1165/643/1165 1167/644/1167 1188/666/1188
f 1194/672/1194 1198/676/1198 1195/674/1195
f 1198/676/1198 1193/671/1193 1201/679/1201
f 1167/644/1167 1189/667/1189 1188/666/1188
f 1164/641/1164 1163/642/1163 1200/678/1200
f 1164/641/1164 1179/657/1179 1162/640/1162
f 1184/660/1184 1202/680/1202 1181/659/1181
f 1185/663/1185 1202/680/1202 1186/665/1186
f 1141/620/1141 1173/651/1173 1142/619/1142
f 1141/620/1141 1140/618/1140 1170/648/1170
f 1203/682/1203 1197/675/1197 1177/655/1177
f 1176/654/1176 1203/682/1203 1177/655/1177
f 1122/600/1122 1121/601/1121 1099/577/1099
f 1099/577/1099 1098/578/1098 1122/600/1122
f 1124/603/1124 1122/600/1122 1098/578/1098
f 1098/578/1098 1102/580/1102 1124/603/1124
f 1127/605/1127 1124/603/1124 1102/580/1102
f 1102/580/1102 1104/582/1104 1127/605/1127
f 1131/607/1131 1130/608/1130 1107/585/1107
f 1107/585/1107 1106/586/1106 1131/607/1131
f 1132/611/1132 1131/607/1131 1106/586/1106
f 1106/586/1106 1110/588/1110 1132/611/1132
f 1136/614/1136 1135/615/1135 1113/591/1113
f 1113/591/1113 1112/592/1112 1136/614/1136
f 1139/617/1139 1136/614/1136 1112/592/1112
f 1112/592/1112 1116/594/1116 1139/617/1139
f 1121/601/1121 1139/617/1139 1116/594/1116
f 1116/594/1116 1099/577/1099 1121/601/1121
f 1118/597/1118 1160/638/1160 1159/637/1159
f 1118/597/1118 1158/636/1158 1119/596/1119
f 1118/597/1118 1156/634/1156 1161/639/1161
f 1118/597/1118 1117/595/1117 1157/635/1157
f 1206/684/1206 1207/687/1207 1208/686/1208
f 1208/686/1208 1209/685/1209 1206/684/1206
f 1210/684/1210 1211/687/1211 1212/686/1212
f 1212/686/1212 1213/685/1213 1210/684/1210
f 1214/685/1214 1215/686/1215 1216/689/1216
f 1216/689/1216 1217/688/1217 1214/685/1214
f 1218/690/1218 1219/693/1219 1220/692/1220
f 1220/692/1220 1221/691/1221 1218/690/1218
f 1222/690/1222 1223/693/1223 1224/692/1224
f 1224/692/1224 1225/691/1225 1222/690/1222
f 1226/688/1226 1227/689/1227 1228/693/1228
f 1228/693/1228 1229/690/1229 1226/688/1226
f 1230/694/1230 1231/697/1231 1232/696/1232
f 1232/696/1232 1233/695/1233 1230/694/1230
f 1234/698/1234 1235/699/1235 1230/694/1230
f 1236/694/1236 1237/697/1237 1238/696/1238
f 1238/696/1238 1239/695/1239 1236/694/1236
f 1240/698/1240 1241/700/1241 1242/699/1242
f 1243/694/1243 1244/697/1244 1245/696/1245
f 1245/696/1245 1246/695/1246 1243/694/1243
f 1247/698/1247 1248/699/1248 1243/694/1243
f 1214/685/1214 1249/684/1249 1250/687/1250
f 1250/687/1250 1215/686/1215 1214/685/1214
f 1217/688/1217 1216/689/1216 1219/693/1219
f 1219/693/1219 1218/690/1218 1217/688/1217
f 1240/698/1240 1242/699/1242 1236/694/1236
f 1240/698/1240 1239/695/1239 1249/684/1249
f 1234/698/1234 1213/685/1213 1251/688/1251
f 1234/698/1234 1233/695/1233 1210/684/1210
f 1252/700/1252 1253/702/1253 1254/701/1254
f 1254/701/1254 1235/699/1235 1252/700/1252
f 1222/690/1222 1251/688/1251 1255/689/1255
f 1255/689/1255 1223/693/1223 1222/690/1222
f 1247/698/1247 1246/695/1246 1206/684/1206
f 1247/698/1247 1209/685/1209 1226/688/1226
f 1247/698/1247 1229/690/1229 1256/691/1256
f 1248/699/1248 1257/700/1257 1258/702/1258
f 1258/702/1258 1259/701/1259 1248/699/1248
f 1206/684/1206 1209/685/1209 1247/698/1247
f 1210/684/1210 1213/685/1213 1234/698/1234
f 1214/685/1214 1217/688/1217 1240/698/1240
f 1218/690/1218 1221/691/1221 1240/698/1240
f 1222/690/1222 1225/691/1225 1234/698/1234
f 1226/688/1226 1229/690/1229 1247/698/1247
f 1230/694/1230 1233/695/1233 1234/698/1234
f 1230/694/1230 1235/699/1235 1254/701/1254
f 1254/701/1254 1231/697/1231 1230/694/1230
f 1236/694/1236 1239/695/1239 1240/698/1240
f 1241/700/1241 1260/702/1260 1261/701/1261
f 1261/701/1261 1242/699/1242 1241/700/1241
f 1243/694/1243 1246/695/1246 1247/698/1247
f 1243/694/1243 1248/699/1248 1259/701/1259
f 1259/701/1259 1244/697/1244 1243/694/1243
f 1249/684/1249 1214/685/1214 1240/698/1240
f 1217/688/1217 1218/690/1218 1240/698/1240
f 1236/694/1236 1242/699/1242 1261/701/1261
f 1261/701/1261 1237/697/1237 1236/694/1236
f 1239/695/1239 1238/696/1238 1250/687/1250
f 1250/687/1250 1249/684/1249 1239/695/1239
f 1213/685/1213 1212/686/1212 1255/689/1255
f 1255/689/1255 1251/688/1251 1213/685/1213
f 1210/684/1210 1233/695/1233 1232/696/1232
f 1232/696/1232 1211/687/1211 1210/684/1210
f 1252/700/1252 1235/699/1235 1234/698/1234
f 1251/688/1251 1222/690/1222 1234/698/1234
f 1206/684/1206 1246/695/1246 1245/696/1245
f 1245/696/1245 1207/687/1207 1206/684/1206
f 1209/685/1209 1208/686/1208 1227/689/1227
f 1227/689/1227 1226/688/1226 1209/685/1209
f 1229/690/1229 1228/693/1228 1262/692/1262
f 1262/692/1262 1256/691/1256 1229/690/1229
f 1257/700/1257 1248/699/1248 1247/698/1247
vt 0.8034430146217346 0.1811009943485260
vt 0.8024550080299377 0.2357109934091568
vt 0.8035860061645508 0.2361789941787720
f 1263/703/1263 1264/704/1264 1265/705/1265
vt 0.8049520254135132 0.1817259937524796
f 1265/705/1265 1266/706/1266 1263/703/1263
vt 0.7998780012130737 0.1810420006513596
vt 0.7997800111770630 0.2356660068035126
f 1267/707/1267 1268/708/1268 1264/704/1264
f 1264/704/1264 1263/703/1263 1267/707/1267
vt 0.7963430285453796 0.1815830022096634
vt 0.7971289753913879 0.2360720038414001
f 1269/709/1269 1270/710/1270 1268/708/1268
f 1268/708/1268 1267/707/1267 1269/709/1269
vt 0.7949110269546509 0.1824070066213608
vt 0.7960550189018250 0.2366899996995926
f 1271/711/1271 1272/712/1272 1270/710/1270
f 1270/710/1270 1269/709/1269 1271/711/1271
vt 0.7964190244674683 0.1830320060253143
vt 0.7971860170364380 0.2371589988470078
f 1273/713/1273 1274/714/1274 1272/712/1272
f 1272/712/1272 1271/711/1271 1273/713/1273
vt 0.7999849915504456 0.1830919981002808
vt 0.7998610138893127 0.2372030019760132
f 1273/713/1273 1275/715/1275 1276/716/1276
f 1276/716/1276 1274/714/1274 1273/713/1273
vt 0.8035190105438232 0.1825509965419769
vt 0.8025119900703430 0.2367980033159256
f 1275/715/1275 1277/717/1277 1278/718/1278
f 1278/718/1278 1276/716/1276 1275/715/1275
f 1277/717/1277 1266/706/1266 1265/705/1265
f 1265/705/1265 1278/718/1278 1277/717/1277
vt 0.8024669885635376 0.2912229895591736
vt 0.8026909828186035 0.3553310036659241
vt 0.8032130002975464 0.2915549874305725
f 1279/719/1279 1280/720/1280 1281/721/1281
vt 0.8006860017776489 0.2911469936370850
f 1282/722/1282 1280/720/1280 1279/719/1279
vt 0.7989119887351990 0.2913709878921509
f 1283/723/1283 1280/720/1280 1282/722/1282
vt 0.7981849908828735 0.2917650043964386
f 1284/724/1284 1280/720/1280 1283/723/1283
vt 0.7989310026168823 0.2920970022678375
f 1285/725/1285 1280/720/1280 1284/724/1284
vt 0.8007130026817322 0.2921729981899261
f 1286/726/1286 1280/720/1280 1285/725/1285
vt 0.8024860024452209 0.2919490039348602
f 1287/727/1287 1280/720/1280 1286/726/1286
f 1281/721/1281 1280/720/1280 1287/727/1287
vt 0.7844939827919006 0.4923020005226135
vt 0.7830340266227722 0.4445320069789886
vt 0.7839670181274414 0.4440709948539734
f 1288/728/1288 1289/729/1289 1290/730/1290
vt 0.7857260107994080 0.4916650056838989
f 1290/730/1290 1291/731/1291 1288/728/1288
vt 0.7813500165939331 0.4924669861793518
vt 0.7806739807128906 0.4446150064468384
f 1292/732/1292 1293/733/1293 1289/729/1289
f 1289/729/1289 1288/728/1288 1292/732/1292
vt 0.7781360149383545 0.4920639991760254
vt 0.7782689929008484 0.4442700147628784
f 1294/734/1294 1295/735/1295 1293/733/1293
f 1293/733/1293 1292/732/1292 1294/734/1294
vt 0.7767350077629089 0.4913290143013000
vt 0.7772279977798462 0.4437009990215302
f 1296/736/1296 1297/737/1297 1295/735/1295
f 1295/735/1295 1294/734/1294 1296/736/1296
vt 0.7779669761657715 0.4906919896602631
vt 0.7781609892845154 0.4432390034198761
f 1298/738/1298 1299/739/1299 1297/737/1297
f 1297/737/1297 1296/736/1296 1298/738/1298
vt 0.7811110019683838 0.4905270040035248
vt 0.7805209755897522 0.4431569874286652
f 1298/738/1298 1300/740/1300 1301/741/1301
f 1301/741/1301 1299/739/1299 1298/738/1298
vt 0.7843250036239624 0.4909299910068512
vt 0.7829260230064392 0.4435009956359863
f 1300/740/1300 1302/742/1302 1303/743/1303
f 1303/743/1303 1301/741/1301 1300/740/1300
f 1302/742/1302 1291/731/1291 1290/730/1290
f 1290/730/1290 1303/743/1303 1302/742/1302
vt 0.7812740206718445 0.3887059986591339
vt 0.7798249721527100 0.3181250095367432
vt 0.7819039821624756 0.3884150087833405
f 1304/744/1304 1305/745/1305 1306/746/1306
vt 0.7796999812126160 0.3887200057506561
f 1307/747/1307 1305/745/1305 1304/744/1304
vt 0.7781029939651489 0.3884479999542236
f 1308/748/1308 1305/745/1305 1307/747/1307
vt 0.7774199843406677 0.3880499899387360
f 1309/749/1309 1305/745/1305 1308/748/1308
vt 0.7780489921569824 0.3877590000629425
f 1310/750/1310 1305/745/1305 1309/749/1309
vt 0.7796229720115662 0.3877449929714203
f 1311/751/1311 1305/745/1305 1310/750/1310
vt 0.7812200188636780 0.3880169987678528
f 1312/752/1312 1305/745/1305 1311/751/1311
f 1306/746/1306 1305/745/1305 1312/752/1312
f 1279/719/1279 1281/721/1281 1265/705/1265
f 1265/705/1265 1264/704/1264 1279/719/1279
f 1268/708/1268 1282/722/1282 1279/719/1279
f 1279/719/1279 1264/704/1264 1268/708/1268
f 1270/710/1270 1283/723/1283 1282/722/1282
f 1282/722/1282 1268/708/1268 1270/710/1270
f 1272/712/1272 1284/724/1284 1283/723/1283
f 1283/723/1283 1270/710/1270 1272/712/1272
f 1285/725/1285 1284/724/1284 1272/712/1272
f 1272/712/1272 1274/714/1274 1285/725/1285
f 1286/726/1286 1285/725/1285 1274/714/1274
f 1274/714/1274 1276/716/1276 1286/726/1286
f 1287/727/1287 1286/726/1286 1276/716/1276
f 1276/716/1276 1278/718/1278 1287/727/1287
f 1281/721/1281 1287/727/1287 1278/718/1278
f 1278/718/1278 1265/705/1265 1281/721/1281
f 1304/744/1304 1306/746/1306 1290/730/1290
f 1290/730/1290 1289/729/1289 1304/744/1304
f 1293/733/1293 1307/747/1307 1304/744/1304
f 1304/744/1304 1289/729/1289 1293/733/1293
f 1295/735/1295 1308/748/1308 1307/747/1307
f 1307/747/1307 1293/733/1293 1295/735/1295
f 1297/737/1297 1309/749/1309 1308/748/1308
f 1308/748/1308 1295/735/1295 1297/737/1297
f 1310/750/1310 1309/749/1309 1297/737/1297
f 1297/737/1297 1299/739/1299 1310/750/1310
f 1311/751/1311 1310/750/1310 1299/739/1299
f 1299/739/1299 1301/741/1301 1311/751/1311
f 1312/752/1312 1311/751/1311 1301/741/1301
f 1301/741/1301 1303/743/1303 1312/752/1312
f 1306/746/1306 1312/752/1312 1303/743/1303
f 1303/743/1303 1290/730/1290 1306/746/1306
f 1313/703/1313 1314/706/1314 1315/705/1315
f 1315/705/1315 1316/704/1316 1313/703/1313
f 1317/707/1317 1313/703/1313 1316/704/1316
f 1316/704/1316 1318/708/1318 1317/707/1317
f 1319/709/1319 1317/707/1317 1318/708/1318
f 1318/708/1318 1320/710/1320 1319/709/1319
f 1321/711/1321 1319/709/1319 1320/710/1320
f 1320/710/1320 1322/712/1322 1321/711/1321
f 1323/713/1323 1321/711/1321 1322/712/1322
f 1322/712/1322 1324/714/1324 1323/713/1323
f 1323/713/1323 1324/714/1324 1325/716/1325
f 1325/716/1325 1326/715/1326 1323/713/1323
f 1326/715/1326 1325/716/1325 1327/718/1327
f 1327/718/1327 1328/717/1328 1326/715/1326
f 1328/717/1328 1327/718/1327 1315/705/1315
f 1315/705/1315 1314/706/1314 1328/717/1328
f 1329/719/1329 1330/721/1330 1331/720/1331
f 1332/722/1332 1329/719/1329 1331/720/1331
f 1333/723/1333 1332/722/1332 1331/720/1331
f 1334/724/1334 1333/723/1333 1331/720/1331
f 1335/725/1335 1334/724/1334 1331/720/1331
f 1336/726/1336 1335/725/1335 1331/720/1331
f 1337/727/1337 1336/726/1336 1331/720/1331
f 1330/721/1330 1337/727/1337 1331/720/1331
f 1338/728/1338 1339/731/1339 1340/730/1340
f 1340/730/1340 1341/729/1341 1338/728/1338
f 1342/732/1342 1338/728/1338 1341/729/1341
f 1341/729/1341 1343/733/1343 1342/732/1342
f 1344/734/1344 1342/732/1342 1343/733/1343
f 1343/733/1343 1345/735/1345 1344/734/1344
f 1346/736/1346 1344/734/1344 1345/735/1345
f 1345/735/1345 1347/737/1347 1346/736/1346
f 1348/738/1348 1346/736/1346 1347/737/1347
f 1347/737/1347 1349/739/1349 1348/738/1348
f 1348/738/1348 1349/739/1349 1350/741/1350
f 1350/741/1350 1351/740/1351 1348/738/1348
f 1351/740/1351 1350/741/1350 1352/743/1352
f 1352/743/1352 1353/742/1353 1351/740/1351
f 1353/742/1353 1352/743/1352 1340/730/1340
f 1340/730/1340 1339/731/1339 1353/742/1353
f 1354/744/1354 1355/746/1355 1356/745/1356
f 1357/747/1357 1354/744/1354 1356/745/1356
f 1358/748/1358 1357/747/1357 1356/745/1356
f 1359/749/1359 1358/748/1358 1356/745/1356
f 1360/750/1360 1359/749/1359 1356/745/1356
f 1361/751/1361 1360/750/1360 1356/745/1356
f 1362/752/1362 1361/751/1361 1356/745/1356
f 1355/746/1355 1362/752/1362 1356/745/1356
f 1329/719/1329 1316/704/1316 1315/705/1315
f 1315/705/1315 1330/721/1330 1329/719/1329
f 1318/708/1318 1316/704/1316 1329/719/1329
f 1329/719/1329 1332/722/1332 1318/708/1318
f 1320/710/1320 1318/708/1318 1332/722/1332
f 1332/722/1332 1333/723/1333 1320/710/1320
f 1322/712/1322 1320/710/1320 1333/723/1333
f 1333/723/1333 1334/724/1334 1322/712/1322
f 1335/725/1335 1324/714/1324 1322/712/1322
f 1322/712/1322 1334/724/1334 1335/725/1335
f 1336/726/1336 1325/716/1325 1324/714/1324
f 1324/714/1324 1335/725/1335 1336/726/1336
f 1337/727/1337 1327/718/1327 1325/716/1325
f 1325/716/1325 1336/726/1336 1337/727/1337
f 1330/721/1330 1315/705/1315 1327/718/1327
f 1327/718/1327 1337/727/1337 1330/721/1330
f 1354/744/1354 1341/729/1341 1340/730/1340
f 1340/730/1340 1355/746/1355 1354/744/1354
f 1343/733/1343 1341/729/1341 1354/744/1354
f 1354/744/1354 1357/747/1357 1343/733/1343
f 1345/735/1345 1343/733/1343 1357/747/1357
f 1357/747/1357 1358/748/1358 1345/735/1345
f 1347/737/1347 1345/735/1345 1358/748/1358
f 1358/748/1358 1359/749/1359 1347/737/1347
f 1360/750/1360 1349/739/1349 1347/737/1347
f 1347/737/1347 1359/749/1359 1360/750/1360
f 1361/751/1361 1350/741/1350 1349/739/1349
f 1349/739/1349 1360/750/1360 1361/751/1361
f 1362/752/1362 1352/743/1352 1350/741/1350
f 1350/741/1350 1361/751/1361 1362/752/1362
f 1355/746/1355 1340/730/1340 1352/743/1352
f 1352/743/1352 1362/752/1362 1355/746/1355
# 1992 faces, 752 coords texture

# End of File
