# Blender 4.4.3
# www.blender.org
mtllib menu.mtl
o Plane
v -1.444371 0.000000 1.251788
v -1.444371 0.000000 -1.251788
v 1.444371 0.000000 -1.251788
v -1.462914 0.000000 -1.063637
v -1.462914 0.000000 -0.827274
v -1.462914 0.000000 -0.590909
v -1.462914 0.000000 -0.354545
v -1.462914 0.000000 -0.118182
v -1.462914 0.000000 0.118182
v -1.462914 0.000000 0.354545
v -1.462914 0.000000 0.590909
v -1.462914 0.000000 0.827273
v -1.462914 0.000000 1.063637
v -1.227273 0.000000 1.267859
v -0.954546 0.000000 1.267859
v 1.462914 0.000000 -0.827273
v 1.462914 0.000000 -1.063637
v 1.227273 0.000000 -1.267859
v 0.954547 0.000000 -1.267859
v 0.681818 0.000000 -1.267859
v 0.409091 0.000000 -1.267859
v 0.136364 0.000000 -1.267859
v -0.136364 0.000000 -1.267859
v -0.409091 0.000000 -1.267859
v -0.681818 0.000000 -1.267859
v -0.954546 0.000000 -1.267859
v -1.227273 0.000000 -1.267859
v -1.227272 0.000000 1.063636
v -1.227272 0.000000 0.827273
v -1.227272 0.000000 0.590909
v -1.227272 0.000000 0.354545
v -1.227272 0.000000 0.118182
v -1.227272 0.000000 -0.118182
v -1.227272 0.000000 -0.354545
v -1.227272 0.000000 -0.590909
v -1.227272 0.000000 -0.827273
v -1.227272 0.000000 -1.063636
v -0.954546 0.000000 1.063636
v -0.954546 0.000000 0.827273
v -0.954546 0.000000 0.590909
v -0.954546 0.000000 0.354545
v -0.954546 0.000000 0.118182
v -0.954546 0.000000 -0.118182
v -0.954546 0.000000 -0.354545
v -0.954546 0.000000 -0.590909
v -0.954546 0.000000 -0.827273
v -0.954546 0.000000 -1.063636
v -0.681818 0.000000 -0.827273
v -0.681818 0.000000 -1.063636
v -0.409091 0.000000 -0.827273
v -0.409091 0.000000 -1.063636
v -0.136364 0.000000 -0.827273
v -0.136364 0.000000 -1.063636
v 0.136364 0.000000 -0.827273
v 0.136364 0.000000 -1.063636
v 0.409091 0.000000 -0.827273
v 0.409091 0.000000 -1.063636
v 0.681819 0.000000 -0.827273
v 0.681818 0.000000 -1.063636
v 0.954546 0.000000 -0.827273
v 0.954546 0.000000 -1.063636
v 1.227272 0.000000 -0.827273
v 1.227272 0.000000 -1.063636
v -1.462914 0.000000 1.142424
v -1.462914 0.000000 1.221212
v 1.462914 0.000000 -1.142424
v 1.462914 0.000000 -1.221212
v -1.318182 0.000000 -1.267859
v -1.409091 0.000000 -1.267859
v -1.462914 0.000000 -1.221212
v -1.462914 0.000000 -1.142425
v -1.462914 0.000000 -0.984849
v -1.462914 0.000000 -0.906060
v -1.462914 0.000000 -0.748485
v -1.462914 0.000000 -0.669697
v -1.462914 0.000000 -0.512121
v -1.462914 0.000000 -0.433333
v -1.462914 0.000000 -0.275758
v -1.462914 0.000000 -0.196970
v -1.462914 0.000000 -0.039394
v -1.462914 0.000000 0.039394
v -1.462914 0.000000 0.196970
v -1.462914 0.000000 0.275758
v -1.462914 0.000000 0.433333
v -1.462914 0.000000 0.512122
v -1.462914 0.000000 0.669697
v -1.462914 0.000000 0.748485
v -1.462914 0.000000 0.906060
v -1.462914 0.000000 0.984849
v -1.409090 0.000000 1.267859
v -1.318182 0.000000 1.267859
v -1.136364 0.000000 1.267859
v -1.045454 0.000000 1.267859
v -0.863637 0.000000 1.267859
v -0.828357 0.000000 1.251788
v 1.444371 0.000000 -0.717909
v 1.462914 0.000000 -0.748485
v 1.462914 0.000000 -0.906060
v 1.462914 0.000000 -0.984849
v 1.409090 0.000000 -1.267859
v 1.318183 0.000000 -1.267859
v 1.136364 0.000000 -1.267859
v 1.045454 0.000000 -1.267859
v 0.863636 0.000000 -1.267859
v 0.772727 0.000000 -1.267859
v 0.590909 0.000000 -1.267859
v 0.500000 0.000000 -1.267859
v 0.318182 0.000000 -1.267859
v 0.227273 0.000000 -1.267859
v 0.045455 0.000000 -1.267859
v -0.045455 0.000000 -1.267859
v -0.227273 0.000000 -1.267859
v -0.318182 0.000000 -1.267859
v -0.500000 0.000000 -1.267859
v -0.590910 0.000000 -1.267859
v -0.772727 0.000000 -1.267859
v -0.863637 0.000000 -1.267859
v -1.045454 0.000000 -1.267859
v -1.136364 0.000000 -1.267859
v -1.227272 0.000000 -1.142424
v -1.227272 0.000000 -1.221212
v -1.227272 0.000000 1.221212
v -1.227272 0.000000 1.142424
v -1.227272 0.000000 0.984849
v -1.227272 0.000000 0.906060
v -1.227272 0.000000 0.748485
v -1.227272 0.000000 0.669697
v -1.227272 0.000000 0.512121
v -1.227272 0.000000 0.433333
v -1.227272 0.000000 0.275758
v -1.227272 0.000000 0.196970
v -1.227272 0.000000 0.039394
v -1.227272 0.000000 -0.039394
v -1.227272 0.000000 -0.196970
v -1.227272 0.000000 -0.275758
v -1.227272 0.000000 -0.433333
v -1.227272 0.000000 -0.512121
v -1.227272 0.000000 -0.669697
v -1.227272 0.000000 -0.748485
v -1.227272 0.000000 -0.906060
v -1.227272 0.000000 -0.984849
v -0.954546 0.000000 -1.142424
v -0.954546 0.000000 -1.221212
v -0.954546 0.000000 1.221212
v -0.954546 0.000000 1.142424
v -0.954546 0.000000 0.984849
v -0.954546 0.000000 0.906060
v -0.954546 0.000000 0.748485
v -0.954546 0.000000 0.669697
v -0.954546 0.000000 0.512121
v -0.954546 0.000000 0.433333
v -0.954546 0.000000 0.275758
v -0.954546 0.000000 0.196970
v -0.954546 0.000000 0.039394
v -0.954546 0.000000 -0.039394
v -0.954546 0.000000 -0.196970
v -0.954546 0.000000 -0.275758
v -0.954546 0.000000 -0.433333
v -0.954546 0.000000 -0.512121
v -0.954546 0.000000 -0.669697
v -0.954546 0.000000 -0.748485
v -0.954546 0.000000 -0.906060
v -0.954546 0.000000 -0.984849
v -0.681818 0.000000 -1.142424
v -0.681818 0.000000 -1.221212
v -0.681818 0.000000 -0.701839
v -0.681818 0.000000 -0.748485
v -0.681818 0.000000 -0.906060
v -0.681818 0.000000 -0.984849
v -0.409091 0.000000 -1.142424
v -0.409091 0.000000 -1.221212
v -0.409091 0.000000 -0.701839
v -0.409091 0.000000 -0.748485
v -0.409091 0.000000 -0.906060
v -0.409091 0.000000 -0.984849
v -0.136364 0.000000 -1.142424
v -0.136364 0.000000 -1.221212
v -0.136364 0.000000 -0.701839
v -0.136364 0.000000 -0.748485
v -0.136364 0.000000 -0.906060
v -0.136364 0.000000 -0.984849
v 0.136364 0.000000 -1.142424
v 0.136364 0.000000 -1.221212
v 0.136364 0.000000 -0.701839
v 0.136364 0.000000 -0.748485
v 0.136364 0.000000 -0.906060
v 0.136364 0.000000 -0.984849
v 0.409091 0.000000 -1.142424
v 0.409091 0.000000 -1.221212
v 0.409091 0.000000 -0.701839
v 0.409091 0.000000 -0.748485
v 0.409091 0.000000 -0.906060
v 0.409091 0.000000 -0.984849
v 0.681818 0.000000 -1.142424
v 0.681818 0.000000 -1.221212
v 0.681819 0.000000 -0.701839
v 0.681819 0.000000 -0.748485
v 0.681819 0.000000 -0.906060
v 0.681818 0.000000 -0.984849
v 0.954546 0.000000 -1.142424
v 0.954546 0.000000 -1.221212
v 0.954547 0.000000 -0.701839
v 0.954546 0.000000 -0.748485
v 0.954546 0.000000 -0.906060
v 0.954546 0.000000 -0.984849
v 1.227272 0.000000 -1.142424
v 1.227272 0.000000 -1.221212
v 1.227273 0.000000 -0.701839
v 1.227272 0.000000 -0.748485
v 1.227272 0.000000 -0.906060
v 1.227272 0.000000 -0.984849
v -1.318182 0.000000 1.063635
v -1.409091 0.000000 1.063635
v -1.318182 0.000000 0.827273
v -1.409091 0.000000 0.827273
v -1.318182 0.000000 0.590909
v -1.409091 0.000000 0.590909
v -1.318182 0.000000 0.354545
v -1.409091 0.000000 0.354545
v -1.318182 0.000000 0.118182
v -1.409091 0.000000 0.118182
v -1.318182 0.000000 -0.118182
v -1.409091 0.000000 -0.118182
v -1.318182 0.000000 -0.354545
v -1.409091 0.000000 -0.354545
v -1.318182 0.000000 -0.590909
v -1.409091 0.000000 -0.590909
v -1.318182 0.000000 -0.827273
v -1.409091 0.000000 -0.827273
v -1.318182 0.000000 -1.063636
v -1.409091 0.000000 -1.063636
v -1.045454 0.000000 1.063635
v -1.136364 0.000000 1.063635
v -1.045454 0.000000 0.827273
v -1.136364 0.000000 0.827273
v -1.045454 0.000000 0.590909
v -1.136364 0.000000 0.590909
v -1.045454 0.000000 0.354545
v -1.136364 0.000000 0.354545
v -1.045454 0.000000 0.118182
v -1.136364 0.000000 0.118182
v -1.045454 0.000000 -0.118182
v -1.136364 0.000000 -0.118182
v -1.045454 0.000000 -0.354545
v -1.136364 0.000000 -0.354545
v -1.045454 0.000000 -0.590909
v -1.136364 0.000000 -0.590909
v -1.045454 0.000000 -0.827273
v -1.136364 0.000000 -0.827273
v -1.045454 0.000000 -1.063636
v -1.136364 0.000000 -1.063636
v -0.809814 0.000000 1.063637
v -0.863636 0.000000 1.063635
v -0.809814 0.000000 0.827274
v -0.863636 0.000000 0.827273
v -0.809814 0.000000 0.590909
v -0.863636 0.000000 0.590909
v -0.809814 0.000000 0.354545
v -0.863636 0.000000 0.354545
v -0.809814 0.000000 0.118182
v -0.863636 0.000000 0.118182
v -0.809814 0.000000 -0.118182
v -0.863636 0.000000 -0.118182
v -0.809814 0.000000 -0.354545
v -0.863636 0.000000 -0.354545
v -0.809814 0.000000 -0.590909
v -0.863636 0.000000 -0.590909
v -0.772727 0.000000 -0.827273
v -0.863636 0.000000 -0.827273
v -0.772727 0.000000 -1.063636
v -0.863636 0.000000 -1.063636
v -0.500000 0.000000 -0.827273
v -0.590909 0.000000 -0.827273
v -0.500000 0.000000 -1.063636
v -0.590909 0.000000 -1.063636
v -0.227273 0.000000 -0.827273
v -0.318182 0.000000 -0.827273
v -0.227273 0.000000 -1.063636
v -0.318182 0.000000 -1.063636
v 0.045455 0.000000 -0.827273
v -0.045455 0.000000 -0.827273
v 0.045455 0.000000 -1.063636
v -0.045455 0.000000 -1.063636
v 0.318182 0.000000 -0.827273
v 0.227273 0.000000 -0.827273
v 0.318182 0.000000 -1.063636
v 0.227273 0.000000 -1.063636
v 0.590909 0.000000 -0.827273
v 0.500000 0.000000 -0.827273
v 0.590909 0.000000 -1.063636
v 0.500000 0.000000 -1.063636
v 0.863636 0.000000 -0.827273
v 0.772727 0.000000 -0.827273
v 0.863636 0.000000 -1.063636
v 0.772727 0.000000 -1.063636
v 1.136364 0.000000 -0.827273
v 1.045454 0.000000 -0.827273
v 1.136364 0.000000 -1.063636
v 1.045454 0.000000 -1.063636
v 1.409090 0.000000 -0.827273
v 1.318182 0.000000 -0.827273
v 1.409090 0.000000 -1.063636
v 1.318182 0.000000 -1.063636
v 1.318183 0.000000 -0.906060
v 1.318183 0.000000 -0.984849
v 1.409090 0.000000 -0.906060
v 1.409090 0.000000 -0.984849
v 1.318183 0.000000 -0.701839
v 1.318183 0.000000 -0.748485
v 1.409090 0.000000 -0.701839
v 1.409090 0.000000 -0.748485
v 1.045454 0.000000 -0.906060
v 1.045454 0.000000 -0.984849
v 1.136364 0.000000 -0.906060
v 1.136364 0.000000 -0.984849
v 1.045454 0.000000 -0.701839
v 1.045454 0.000000 -0.748485
v 1.136364 0.000000 -0.701839
v 1.136364 0.000000 -0.748485
v 0.772727 0.000000 -0.906060
v 0.772727 0.000000 -0.984849
v 0.863636 0.000000 -0.906060
v 0.863636 0.000000 -0.984849
v 0.772727 0.000000 -0.701839
v 0.772727 0.000000 -0.748485
v 0.863636 0.000000 -0.701839
v 0.863636 0.000000 -0.748485
v 0.500000 0.000000 -0.906060
v 0.500000 0.000000 -0.984849
v 0.590909 0.000000 -0.906060
v 0.590909 0.000000 -0.984849
v 0.500000 0.000000 -0.701839
v 0.500000 0.000000 -0.748485
v 0.590910 0.000000 -0.701839
v 0.590909 0.000000 -0.748485
v 0.227273 0.000000 -0.906060
v 0.227273 0.000000 -0.984849
v 0.318182 0.000000 -0.906060
v 0.318182 0.000000 -0.984849
v 0.227273 0.000000 -0.701839
v 0.227273 0.000000 -0.748485
v 0.318182 0.000000 -0.701839
v 0.318182 0.000000 -0.748485
v -0.045455 0.000000 -0.906060
v -0.045455 0.000000 -0.984849
v 0.045455 0.000000 -0.906060
v 0.045455 0.000000 -0.984849
v -0.045455 0.000000 -0.701839
v -0.045455 0.000000 -0.748485
v 0.045455 0.000000 -0.701839
v 0.045455 0.000000 -0.748485
v -0.318182 0.000000 -0.906060
v -0.318182 0.000000 -0.984849
v -0.227273 0.000000 -0.906060
v -0.227273 0.000000 -0.984849
v -0.318182 0.000000 -0.701839
v -0.318182 0.000000 -0.748485
v -0.227273 0.000000 -0.701839
v -0.227273 0.000000 -0.748485
v -0.590909 0.000000 -0.906060
v -0.590909 0.000000 -0.984849
v -0.500000 0.000000 -0.906060
v -0.500000 0.000000 -0.984849
v -0.590909 0.000000 -0.701839
v -0.590909 0.000000 -0.748485
v -0.500000 0.000000 -0.701839
v -0.500000 0.000000 -0.748485
v -0.863636 0.000000 -0.906060
v -0.863636 0.000000 -0.984849
v -0.772727 0.000000 -0.906060
v -0.772727 0.000000 -0.984849
v -0.863636 0.000000 -0.669697
v -0.863636 0.000000 -0.748485
v -0.772727 0.000000 -0.669697
v -0.772727 0.000000 -0.748485
v -0.863636 0.000000 -0.433333
v -0.863636 0.000000 -0.512121
v -0.809814 0.000000 -0.433333
v -0.809814 0.000000 -0.512122
v -0.863636 0.000000 -0.196970
v -0.863636 0.000000 -0.275758
v -0.809814 0.000000 -0.196970
v -0.809814 0.000000 -0.275758
v -0.863636 0.000000 0.039394
v -0.863636 0.000000 -0.039394
v -0.809814 0.000000 0.039394
v -0.809814 0.000000 -0.039394
v -0.863636 0.000000 0.275758
v -0.863636 0.000000 0.196970
v -0.809814 0.000000 0.275758
v -0.809814 0.000000 0.196970
v -0.863636 0.000000 0.512121
v -0.863636 0.000000 0.433333
v -0.809814 0.000000 0.512121
v -0.809814 0.000000 0.433333
v -0.863636 0.000000 0.748485
v -0.863636 0.000000 0.669697
v -0.809814 0.000000 0.748485
v -0.809814 0.000000 0.669697
v -0.863636 0.000000 0.984849
v -0.863636 0.000000 0.906060
v -0.809814 0.000000 0.984849
v -0.809814 0.000000 0.906060
v -0.863636 0.000000 1.221212
v -0.863636 0.000000 1.142424
v -0.809814 0.000000 1.221212
v -0.809814 0.000000 1.142424
v -1.136364 0.000000 -0.906060
v -1.136364 0.000000 -0.984849
v -1.045455 0.000000 -0.906060
v -1.045455 0.000000 -0.984849
v -1.136364 0.000000 -0.669697
v -1.136364 0.000000 -0.748485
v -1.045455 0.000000 -0.669697
v -1.045455 0.000000 -0.748485
v -1.136364 0.000000 -0.433333
v -1.136364 0.000000 -0.512121
v -1.045455 0.000000 -0.433333
v -1.045455 0.000000 -0.512121
v -1.136364 0.000000 -0.196970
v -1.136364 0.000000 -0.275758
v -1.045455 0.000000 -0.196970
v -1.045455 0.000000 -0.275758
v -1.136364 0.000000 0.039394
v -1.136364 0.000000 -0.039394
v -1.045455 0.000000 0.039394
v -1.045455 0.000000 -0.039394
v -1.136364 0.000000 0.275758
v -1.136364 0.000000 0.196970
v -1.045455 0.000000 0.275758
v -1.045455 0.000000 0.196970
v -1.136364 0.000000 0.512121
v -1.136364 0.000000 0.433333
v -1.045455 0.000000 0.512121
v -1.045455 0.000000 0.433333
v -1.136364 0.000000 0.748485
v -1.136364 0.000000 0.669697
v -1.045455 0.000000 0.748485
v -1.045455 0.000000 0.669697
v -1.136364 0.000000 0.984849
v -1.136364 0.000000 0.906060
v -1.045455 0.000000 0.984849
v -1.045455 0.000000 0.906060
v -1.136364 0.000000 1.221212
v -1.136364 0.000000 1.142424
v -1.045455 0.000000 1.221212
v -1.045455 0.000000 1.142424
v -1.409091 0.000000 -0.906060
v -1.409091 0.000000 -0.984849
v -1.318182 0.000000 -0.906060
v -1.318182 0.000000 -0.984849
v -1.409091 0.000000 -0.669697
v -1.409091 0.000000 -0.748485
v -1.318182 0.000000 -0.669697
v -1.318182 0.000000 -0.748485
v -1.409091 0.000000 -0.433333
v -1.409091 0.000000 -0.512121
v -1.318182 0.000000 -0.433333
v -1.318182 0.000000 -0.512121
v -1.409091 0.000000 -0.196970
v -1.409091 0.000000 -0.275758
v -1.318182 0.000000 -0.196970
v -1.318182 0.000000 -0.275758
v -1.409091 0.000000 0.039394
v -1.409091 0.000000 -0.039394
v -1.318182 0.000000 0.039394
v -1.318182 0.000000 -0.039394
v -1.409091 0.000000 0.275758
v -1.409091 0.000000 0.196970
v -1.318182 0.000000 0.275758
v -1.318182 0.000000 0.196970
v -1.409091 0.000000 0.512121
v -1.409091 0.000000 0.433333
v -1.318182 0.000000 0.512121
v -1.318182 0.000000 0.433333
v -1.409091 0.000000 0.748485
v -1.409091 0.000000 0.669697
v -1.318182 0.000000 0.748485
v -1.318182 0.000000 0.669697
v -1.409091 0.000000 0.984849
v -1.409091 0.000000 0.906060
v -1.318182 0.000000 0.984849
v -1.318182 0.000000 0.906060
v -1.409091 0.000000 1.221212
v -1.409091 0.000000 1.142424
v -1.318182 0.000000 1.221212
v -1.318182 0.000000 1.142424
v 1.045454 0.000000 -1.142424
v 1.045454 0.000000 -1.221212
v 1.136364 0.000000 -1.142424
v 1.136364 0.000000 -1.221212
v 0.772727 0.000000 -1.142424
v 0.772727 0.000000 -1.221212
v 0.863636 0.000000 -1.142424
v 0.863636 0.000000 -1.221212
v 0.500000 0.000000 -1.142424
v 0.500000 0.000000 -1.221212
v 0.590909 0.000000 -1.142424
v 0.590909 0.000000 -1.221212
v 0.227273 0.000000 -1.142424
v 0.227273 0.000000 -1.221212
v 0.318182 0.000000 -1.142424
v 0.318182 0.000000 -1.221212
v -0.045455 0.000000 -1.142424
v -0.045455 0.000000 -1.221212
v 0.045455 0.000000 -1.142424
v 0.045455 0.000000 -1.221212
v -0.318182 0.000000 -1.142424
v -0.318182 0.000000 -1.221212
v -0.227273 0.000000 -1.142424
v -0.227273 0.000000 -1.221212
v -0.590909 0.000000 -1.142424
v -0.590909 0.000000 -1.221212
v -0.500000 0.000000 -1.142424
v -0.500000 0.000000 -1.221212
v -0.863636 0.000000 -1.142424
v -0.863636 0.000000 -1.221212
v -0.772727 0.000000 -1.142424
v -0.772727 0.000000 -1.221212
v -1.136364 0.000000 -1.142424
v -1.136364 0.000000 -1.221212
v -1.045455 0.000000 -1.142424
v -1.045455 0.000000 -1.221212
v -1.409091 0.000000 -1.142424
v -1.409091 0.000000 -1.221212
v -1.318182 0.000000 -1.142424
v -1.318182 0.000000 -1.221212
v 1.318183 0.000000 -1.142424
v 1.318183 0.000000 -1.221212
v 1.409090 0.000000 -1.142424
v 1.409090 0.000000 -1.221212
v -1.462914 0.000000 1.247475
v -1.462914 0.000000 1.273738
v 1.462914 0.000000 -1.247475
v 1.462914 0.000000 -1.273738
v -1.439394 0.000000 -1.267859
v -1.469697 0.000000 -1.267859
v -1.462914 0.000000 -1.116162
v -1.462914 0.000000 -1.089899
v -1.462914 0.000000 -0.879798
v -1.462914 0.000000 -0.853535
v -1.462914 0.000000 -0.643435
v -1.462914 0.000000 -0.617172
v -1.462914 0.000000 -0.407071
v -1.462914 0.000000 -0.380808
v -1.462914 0.000000 -0.170707
v -1.462914 0.000000 -0.144445
v -1.462914 0.000000 0.065657
v -1.462914 0.000000 0.091919
v -1.462914 0.000000 0.302020
v -1.462914 0.000000 0.328283
v -1.462914 0.000000 0.538384
v -1.462914 0.000000 0.564646
v -1.462914 0.000000 0.774748
v -1.462914 0.000000 0.801010
v -1.462914 0.000000 1.011112
v -1.462914 0.000000 1.037374
v -1.287879 0.000000 1.267859
v -1.257576 0.000000 1.267859
v -1.015152 0.000000 1.267859
v -0.984848 0.000000 1.267859
v 1.462914 0.000000 -0.774748
v 1.462914 0.000000 -0.801010
v 1.462914 0.000000 -1.011112
v 1.462914 0.000000 -1.037374
v 1.287879 0.000000 -1.267859
v 1.257576 0.000000 -1.267859
v 1.015152 0.000000 -1.267859
v 0.984848 0.000000 -1.267859
v 0.742425 0.000000 -1.267859
v 0.712121 0.000000 -1.267859
v 0.469697 0.000000 -1.267859
v 0.439394 0.000000 -1.267859
v 0.196970 0.000000 -1.267859
v 0.166667 0.000000 -1.267859
v -0.075758 0.000000 -1.267859
v -0.106061 0.000000 -1.267859
v -0.348485 0.000000 -1.267859
v -0.378788 0.000000 -1.267859
v -0.621212 0.000000 -1.267859
v -0.651515 0.000000 -1.267859
v -0.893939 0.000000 -1.267859
v -0.924242 0.000000 -1.267859
v -1.166668 0.000000 -1.267859
v -1.196970 0.000000 -1.267859
v -1.227272 0.000000 -1.247474
v -1.227272 0.000000 -1.273737
v -1.227272 0.000000 1.116162
v -1.227272 0.000000 1.089899
v -1.227272 0.000000 0.879798
v -1.227272 0.000000 0.853535
v -1.227272 0.000000 0.643434
v -1.227272 0.000000 0.617172
v -1.227272 0.000000 0.407071
v -1.227272 0.000000 0.380808
v -1.227272 0.000000 0.170707
v -1.227272 0.000000 0.144445
v -1.227272 0.000000 -0.065657
v -1.227272 0.000000 -0.091919
v -1.227272 0.000000 -0.302020
v -1.227272 0.000000 -0.328283
v -1.227272 0.000000 -0.538384
v -1.227272 0.000000 -0.564646
v -1.227272 0.000000 -0.774748
v -1.227272 0.000000 -0.801010
v -1.227272 0.000000 -1.011111
v -1.227272 0.000000 -1.037374
v -0.954546 0.000000 -1.247474
v -0.954546 0.000000 -1.273737
v -0.954546 0.000000 1.116162
v -0.954546 0.000000 1.089899
v -0.954546 0.000000 0.879798
v -0.954546 0.000000 0.853535
v -0.954546 0.000000 0.643434
v -0.954546 0.000000 0.617172
v -0.954546 0.000000 0.407071
v -0.954546 0.000000 0.380808
v -0.954546 0.000000 0.170707
v -0.954546 0.000000 0.144444
v -0.954546 0.000000 -0.065657
v -0.954546 0.000000 -0.091919
v -0.954546 0.000000 -0.302020
v -0.954546 0.000000 -0.328283
v -0.954546 0.000000 -0.538384
v -0.954546 0.000000 -0.564646
v -0.954546 0.000000 -0.774748
v -0.954546 0.000000 -0.801010
v -0.954546 0.000000 -1.011111
v -0.954546 0.000000 -1.037374
v -0.681818 0.000000 -1.247474
v -0.681818 0.000000 -1.273737
v -0.681818 0.000000 -0.774748
v -0.681818 0.000000 -0.801010
v -0.681818 0.000000 -1.011111
v -0.681818 0.000000 -1.037374
v -0.409091 0.000000 -1.247474
v -0.409091 0.000000 -1.273737
v -0.409091 0.000000 -0.774748
v -0.409091 0.000000 -0.801010
v -0.409091 0.000000 -1.011111
v -0.409091 0.000000 -1.037374
v -0.136364 0.000000 -1.247474
v -0.136364 0.000000 -1.273737
v -0.136364 0.000000 -0.774748
v -0.136364 0.000000 -0.801010
v -0.136364 0.000000 -1.011111
v -0.136364 0.000000 -1.037374
v 0.136364 0.000000 -1.247474
v 0.136364 0.000000 -1.273737
v 0.136364 0.000000 -0.774748
v 0.136364 0.000000 -0.801010
v 0.136364 0.000000 -1.011111
v 0.136364 0.000000 -1.037374
v 0.409091 0.000000 -1.247474
v 0.409091 0.000000 -1.273737
v 0.409091 0.000000 -0.774748
v 0.409091 0.000000 -0.801010
v 0.409091 0.000000 -1.011111
v 0.409091 0.000000 -1.037374
v 0.681818 0.000000 -1.247474
v 0.681818 0.000000 -1.273737
v 0.681818 0.000000 -0.774748
v 0.681818 0.000000 -0.801010
v 0.681818 0.000000 -1.011111
v 0.681818 0.000000 -1.037374
v 0.954546 0.000000 -1.247474
v 0.954546 0.000000 -1.273737
v 0.954546 0.000000 -0.774748
v 0.954546 0.000000 -0.801010
v 0.954546 0.000000 -1.011111
v 0.954546 0.000000 -1.037374
v 1.227272 0.000000 -1.247474
v 1.227272 0.000000 -1.273737
v 1.227272 0.000000 -0.774748
v 1.227272 0.000000 -0.801010
v 1.227272 0.000000 -1.011111
v 1.227272 0.000000 -1.037374
v -1.439394 0.000000 1.063635
v -1.469697 0.000000 1.063635
v -1.439394 0.000000 0.827273
v -1.469697 0.000000 0.827273
v -1.439394 0.000000 0.590909
v -1.469697 0.000000 0.590909
v -1.439394 0.000000 0.354545
v -1.469697 0.000000 0.354545
v -1.439394 0.000000 0.118182
v -1.469697 0.000000 0.118182
v -1.439394 0.000000 -0.118182
v -1.469697 0.000000 -0.118182
v -1.439394 0.000000 -0.354545
v -1.469697 0.000000 -0.354545
v -1.439394 0.000000 -0.590909
v -1.469697 0.000000 -0.590909
v -1.439394 0.000000 -0.827273
v -1.469697 0.000000 -0.827273
v -1.439394 0.000000 -1.063635
v -1.469697 0.000000 -1.063635
v -1.166667 0.000000 1.063635
v -1.196970 0.000000 1.063635
v -1.166667 0.000000 0.827273
v -1.196970 0.000000 0.827273
v -1.166667 0.000000 0.590909
v -1.196970 0.000000 0.590909
v -1.166667 0.000000 0.354545
v -1.196970 0.000000 0.354545
v -1.166667 0.000000 0.118182
v -1.196970 0.000000 0.118182
v -1.166667 0.000000 -0.118182
v -1.196970 0.000000 -0.118182
v -1.166667 0.000000 -0.354545
v -1.196970 0.000000 -0.354545
v -1.166667 0.000000 -0.590909
v -1.196970 0.000000 -0.590909
v -1.166667 0.000000 -0.827273
v -1.196970 0.000000 -0.827273
v -1.166667 0.000000 -1.063635
v -1.196970 0.000000 -1.063635
v -0.893939 0.000000 1.063635
v -0.924242 0.000000 1.063635
v -0.893939 0.000000 0.827273
v -0.924242 0.000000 0.827273
v -0.893939 0.000000 0.590909
v -0.924242 0.000000 0.590909
v -0.893939 0.000000 0.354545
v -0.924242 0.000000 0.354545
v -0.893939 0.000000 0.118182
v -0.924242 0.000000 0.118182
v -0.893939 0.000000 -0.118182
v -0.924242 0.000000 -0.118182
v -0.893939 0.000000 -0.354545
v -0.924242 0.000000 -0.354545
v -0.893939 0.000000 -0.590909
v -0.924242 0.000000 -0.590909
v -0.893939 0.000000 -0.827273
v -0.924242 0.000000 -0.827273
v -0.893939 0.000000 -1.063635
v -0.924242 0.000000 -1.063635
v -0.621212 0.000000 -0.827273
v -0.651515 0.000000 -0.827273
v -0.621212 0.000000 -1.063635
v -0.651515 0.000000 -1.063635
v -0.348485 0.000000 -0.827273
v -0.378788 0.000000 -0.827273
v -0.348485 0.000000 -1.063635
v -0.378788 0.000000 -1.063635
v -0.075758 0.000000 -0.827273
v -0.106061 0.000000 -0.827273
v -0.075758 0.000000 -1.063635
v -0.106061 0.000000 -1.063635
v 0.196970 0.000000 -0.827273
v 0.166667 0.000000 -0.827273
v 0.196970 0.000000 -1.063635
v 0.166667 0.000000 -1.063635
v 0.469697 0.000000 -0.827273
v 0.439394 0.000000 -0.827273
v 0.469697 0.000000 -1.063635
v 0.439394 0.000000 -1.063635
v 0.742424 0.000000 -0.827273
v 0.712121 0.000000 -0.827273
v 0.742424 0.000000 -1.063635
v 0.712121 0.000000 -1.063635
v 1.015151 0.000000 -0.827273
v 0.984848 0.000000 -0.827273
v 1.015151 0.000000 -1.063635
v 0.984848 0.000000 -1.063635
v 1.287879 0.000000 -0.827273
v 1.257576 0.000000 -0.827273
v 1.287879 0.000000 -1.063635
v 1.257576 0.000000 -1.063635
v -1.462914 0.000000 1.089899
v -1.462914 0.000000 1.116162
v -1.462914 0.000000 1.168687
v -1.462914 0.000000 1.194950
v 1.462914 0.000000 -1.089899
v 1.462914 0.000000 -1.116162
v 1.462914 0.000000 -1.168687
v 1.462914 0.000000 -1.194950
v -1.257576 0.000000 -1.267859
v -1.287879 0.000000 -1.267859
v -1.348485 0.000000 -1.267859
v -1.378788 0.000000 -1.267859
v -1.462914 0.000000 -1.273738
v -1.462914 0.000000 -1.247474
v -1.462914 0.000000 -1.194950
v -1.462914 0.000000 -1.168687
v -1.462914 0.000000 -1.037374
v -1.462914 0.000000 -1.011112
v -1.462914 0.000000 -0.958586
v -1.462914 0.000000 -0.932323
v -1.462914 0.000000 -0.801010
v -1.462914 0.000000 -0.774747
v -1.462914 0.000000 -0.722223
v -1.462914 0.000000 -0.695960
v -1.462914 0.000000 -0.564647
v -1.462914 0.000000 -0.538384
v -1.462914 0.000000 -0.485859
v -1.462914 0.000000 -0.459596
v -1.462914 0.000000 -0.328283
v -1.462914 0.000000 -0.302020
v -1.462914 0.000000 -0.249495
v -1.462914 0.000000 -0.223232
v -1.462914 0.000000 -0.091919
v -1.462914 0.000000 -0.065657
v -1.462914 0.000000 -0.013131
v -1.462914 0.000000 0.013131
v -1.462914 0.000000 0.144444
v -1.462914 0.000000 0.170707
v -1.462914 0.000000 0.223232
v -1.462914 0.000000 0.249495
v -1.462914 0.000000 0.380808
v -1.462914 0.000000 0.407071
v -1.462914 0.000000 0.459596
v -1.462914 0.000000 0.485859
v -1.462914 0.000000 0.617172
v -1.462914 0.000000 0.643435
v -1.462914 0.000000 0.695960
v -1.462914 0.000000 0.722222
v -1.462914 0.000000 0.853535
v -1.462914 0.000000 0.879798
v -1.462914 0.000000 0.932323
v -1.462914 0.000000 0.958586
v -1.469697 0.000000 1.267859
v -1.439394 0.000000 1.267859
v -1.378788 0.000000 1.267859
v -1.348485 0.000000 1.267859
v -1.196970 0.000000 1.267859
v -1.166668 0.000000 1.267859
v -1.106061 0.000000 1.267859
v -1.075758 0.000000 1.267859
v -0.924242 0.000000 1.267859
v -0.893939 0.000000 1.267859
v -0.833333 0.000000 1.267859
v -0.803030 0.000000 1.267859
v 1.462914 0.000000 -0.695960
v 1.462914 0.000000 -0.722222
v 1.462914 0.000000 -0.853535
v 1.462914 0.000000 -0.879798
v 1.462914 0.000000 -0.932324
v 1.462914 0.000000 -0.958586
v 1.469697 0.000000 -1.267859
v 1.439394 0.000000 -1.267859
v 1.378788 0.000000 -1.267859
v 1.348485 0.000000 -1.267859
v 1.196970 0.000000 -1.267859
v 1.166668 0.000000 -1.267859
v 1.106061 0.000000 -1.267859
v 1.075758 0.000000 -1.267859
v 0.924242 0.000000 -1.267859
v 0.893939 0.000000 -1.267859
v 0.833333 0.000000 -1.267859
v 0.803030 0.000000 -1.267859
v 0.651515 0.000000 -1.267859
v 0.621212 0.000000 -1.267859
v 0.560606 0.000000 -1.267859
v 0.530303 0.000000 -1.267859
v 0.378788 0.000000 -1.267859
v 0.348485 0.000000 -1.267859
v 0.287879 0.000000 -1.267859
v 0.257576 0.000000 -1.267859
v 0.106061 0.000000 -1.267859
v 0.075758 0.000000 -1.267859
v 0.015151 0.000000 -1.267859
v -0.015152 0.000000 -1.267859
v -0.166667 0.000000 -1.267859
v -0.196970 0.000000 -1.267859
v -0.257576 0.000000 -1.267859
v -0.287879 0.000000 -1.267859
v -0.439394 0.000000 -1.267859
v -0.469697 0.000000 -1.267859
v -0.530303 0.000000 -1.267859
v -0.560606 0.000000 -1.267859
v -0.712121 0.000000 -1.267859
v -0.742425 0.000000 -1.267859
v -0.803030 0.000000 -1.267859
v -0.833333 0.000000 -1.267859
v -0.984848 0.000000 -1.267859
v -1.015151 0.000000 -1.267859
v -1.075758 0.000000 -1.267859
v -1.106061 0.000000 -1.267859
v -1.227272 0.000000 -1.089899
v -1.227272 0.000000 -1.116162
v -1.227272 0.000000 -1.168687
v -1.227272 0.000000 -1.194950
v -1.227272 0.000000 1.273737
v -1.227272 0.000000 1.247474
v -1.227272 0.000000 1.194949
v -1.227272 0.000000 1.168687
v -1.227272 0.000000 1.037374
v -1.227272 0.000000 1.011111
v -1.227272 0.000000 0.958586
v -1.227272 0.000000 0.932323
v -1.227272 0.000000 0.801010
v -1.227272 0.000000 0.774747
v -1.227272 0.000000 0.722222
v -1.227272 0.000000 0.695960
v -1.227272 0.000000 0.564647
v -1.227272 0.000000 0.538384
v -1.227272 0.000000 0.485859
v -1.227272 0.000000 0.459596
v -1.227272 0.000000 0.328283
v -1.227272 0.000000 0.302020
v -1.227272 0.000000 0.249495
v -1.227272 0.000000 0.223232
v -1.227272 0.000000 0.091919
v -1.227272 0.000000 0.065657
v -1.227272 0.000000 0.013131
v -1.227272 0.000000 -0.013131
v -1.227272 0.000000 -0.144444
v -1.227272 0.000000 -0.170707
v -1.227272 0.000000 -0.223232
v -1.227272 0.000000 -0.249495
v -1.227272 0.000000 -0.380808
v -1.227272 0.000000 -0.407071
v -1.227272 0.000000 -0.459596
v -1.227272 0.000000 -0.485859
v -1.227272 0.000000 -0.617172
v -1.227272 0.000000 -0.643434
v -1.227272 0.000000 -0.695960
v -1.227272 0.000000 -0.722222
v -1.227272 0.000000 -0.853535
v -1.227272 0.000000 -0.879798
v -1.227272 0.000000 -0.932323
v -1.227272 0.000000 -0.958586
v -0.954546 0.000000 -1.089899
v -0.954546 0.000000 -1.116162
v -0.954546 0.000000 -1.168687
v -0.954546 0.000000 -1.194950
v -0.954546 0.000000 1.273737
v -0.954546 0.000000 1.247474
v -0.954546 0.000000 1.194949
v -0.954546 0.000000 1.168687
v -0.954546 0.000000 1.037374
v -0.954546 0.000000 1.011111
v -0.954546 0.000000 0.958586
v -0.954546 0.000000 0.932323
v -0.954546 0.000000 0.801010
v -0.954546 0.000000 0.774747
v -0.954546 0.000000 0.722222
v -0.954546 0.000000 0.695960
v -0.954546 0.000000 0.564647
v -0.954546 0.000000 0.538384
v -0.954546 0.000000 0.485859
v -0.954546 0.000000 0.459596
v -0.954546 0.000000 0.328283
v -0.954546 0.000000 0.302020
v -0.954546 0.000000 0.249495
v -0.954546 0.000000 0.223232
v -0.954546 0.000000 0.091919
v -0.954546 0.000000 0.065657
v -0.954546 0.000000 0.013131
v -0.954546 0.000000 -0.013131
v -0.954546 0.000000 -0.144444
v -0.954546 0.000000 -0.170707
v -0.954546 0.000000 -0.223232
v -0.954546 0.000000 -0.249495
v -0.954546 0.000000 -0.380808
v -0.954546 0.000000 -0.407071
v -0.954546 0.000000 -0.459596
v -0.954546 0.000000 -0.485859
v -0.954546 0.000000 -0.617172
v -0.954546 0.000000 -0.643434
v -0.954546 0.000000 -0.695960
v -0.954546 0.000000 -0.722222
v -0.954546 0.000000 -0.853535
v -0.954546 0.000000 -0.879798
v -0.954546 0.000000 -0.932323
v -0.954546 0.000000 -0.958586
v -0.681818 0.000000 -1.089899
v -0.681818 0.000000 -1.116162
v -0.681818 0.000000 -1.168687
v -0.681818 0.000000 -1.194950
v -0.681818 0.000000 -0.695960
v -0.681818 0.000000 -0.722222
v -0.681818 0.000000 -0.853535
v -0.681818 0.000000 -0.879798
v -0.681818 0.000000 -0.932323
v -0.681818 0.000000 -0.958586
v -0.409091 0.000000 -1.089899
v -0.409091 0.000000 -1.116162
v -0.409091 0.000000 -1.168687
v -0.409091 0.000000 -1.194950
v -0.409091 0.000000 -0.695960
v -0.409091 0.000000 -0.722222
v -0.409091 0.000000 -0.853535
v -0.409091 0.000000 -0.879798
v -0.409091 0.000000 -0.932323
v -0.409091 0.000000 -0.958586
v -0.136364 0.000000 -1.089899
v -0.136364 0.000000 -1.116162
v -0.136364 0.000000 -1.168687
v -0.136364 0.000000 -1.194950
v -0.136364 0.000000 -0.695960
v -0.136364 0.000000 -0.722222
v -0.136364 0.000000 -0.853535
v -0.136364 0.000000 -0.879798
v -0.136364 0.000000 -0.932323
v -0.136364 0.000000 -0.958586
v 0.136364 0.000000 -1.089899
v 0.136364 0.000000 -1.116162
v 0.136364 0.000000 -1.168687
v 0.136364 0.000000 -1.194950
v 0.136364 0.000000 -0.695960
v 0.136364 0.000000 -0.722222
v 0.136364 0.000000 -0.853535
v 0.136364 0.000000 -0.879798
v 0.136364 0.000000 -0.932323
v 0.136364 0.000000 -0.958586
v 0.409091 0.000000 -1.089899
v 0.409091 0.000000 -1.116162
v 0.409091 0.000000 -1.168687
v 0.409091 0.000000 -1.194950
v 0.409091 0.000000 -0.695960
v 0.409091 0.000000 -0.722222
v 0.409091 0.000000 -0.853535
v 0.409091 0.000000 -0.879798
v 0.409091 0.000000 -0.932323
v 0.409091 0.000000 -0.958586
v 0.681818 0.000000 -1.089899
v 0.681818 0.000000 -1.116162
v 0.681818 0.000000 -1.168687
v 0.681818 0.000000 -1.194950
v 0.681818 0.000000 -0.695960
v 0.681818 0.000000 -0.722222
v 0.681818 0.000000 -0.853535
v 0.681818 0.000000 -0.879798
v 0.681818 0.000000 -0.932323
v 0.681818 0.000000 -0.958586
v 0.954546 0.000000 -1.089899
v 0.954546 0.000000 -1.116162
v 0.954546 0.000000 -1.168687
v 0.954546 0.000000 -1.194950
v 0.954546 0.000000 -0.695960
v 0.954546 0.000000 -0.722222
v 0.954546 0.000000 -0.853535
v 0.954546 0.000000 -0.879798
v 0.954546 0.000000 -0.932323
v 0.954546 0.000000 -0.958586
v 1.227272 0.000000 -1.089899
v 1.227272 0.000000 -1.116162
v 1.227272 0.000000 -1.168687
v 1.227272 0.000000 -1.194950
v 1.227272 0.000000 -0.695960
v 1.227272 0.000000 -0.722222
v 1.227272 0.000000 -0.853535
v 1.227272 0.000000 -0.879798
v 1.227272 0.000000 -0.932323
v 1.227272 0.000000 -0.958586
v -1.257576 0.000000 1.063636
v -1.287879 0.000000 1.063636
v -1.348485 0.000000 1.063635
v -1.378788 0.000000 1.063635
v -1.257576 0.000000 0.827273
v -1.287879 0.000000 0.827273
v -1.348485 0.000000 0.827273
v -1.378788 0.000000 0.827273
v -1.257576 0.000000 0.590909
v -1.287879 0.000000 0.590909
v -1.348485 0.000000 0.590909
v -1.378788 0.000000 0.590909
v -1.257576 0.000000 0.354545
v -1.287879 0.000000 0.354545
v -1.348485 0.000000 0.354545
v -1.378788 0.000000 0.354545
v -1.257576 0.000000 0.118182
v -1.287879 0.000000 0.118182
v -1.348485 0.000000 0.118182
v -1.378788 0.000000 0.118182
v -1.257576 0.000000 -0.118182
v -1.287879 0.000000 -0.118182
v -1.348485 0.000000 -0.118182
v -1.378788 0.000000 -0.118182
v -1.257576 0.000000 -0.354545
v -1.287879 0.000000 -0.354545
v -1.348485 0.000000 -0.354545
v -1.378788 0.000000 -0.354545
v -1.257576 0.000000 -0.590909
v -1.287879 0.000000 -0.590909
v -1.348485 0.000000 -0.590909
v -1.378788 0.000000 -0.590909
v -1.257576 0.000000 -0.827273
v -1.287879 0.000000 -0.827273
v -1.348485 0.000000 -0.827273
v -1.378788 0.000000 -0.827273
v -1.257576 0.000000 -1.063635
v -1.287879 0.000000 -1.063635
v -1.348485 0.000000 -1.063635
v -1.378788 0.000000 -1.063635
v -0.984848 0.000000 1.063636
v -1.015151 0.000000 1.063636
v -1.075758 0.000000 1.063635
v -1.106061 0.000000 1.063635
v -0.984848 0.000000 0.827273
v -1.015151 0.000000 0.827273
v -1.075758 0.000000 0.827273
v -1.106061 0.000000 0.827273
v -0.984848 0.000000 0.590909
v -1.015151 0.000000 0.590909
v -1.075758 0.000000 0.590909
v -1.106061 0.000000 0.590909
v -0.984848 0.000000 0.354545
v -1.015151 0.000000 0.354545
v -1.075758 0.000000 0.354545
v -1.106061 0.000000 0.354545
v -0.984848 0.000000 0.118182
v -1.015151 0.000000 0.118182
v -1.075758 0.000000 0.118182
v -1.106061 0.000000 0.118182
v -0.984848 0.000000 -0.118182
v -1.015151 0.000000 -0.118182
v -1.075758 0.000000 -0.118182
v -1.106061 0.000000 -0.118182
v -0.984848 0.000000 -0.354545
v -1.015151 0.000000 -0.354545
v -1.075758 0.000000 -0.354545
v -1.106061 0.000000 -0.354545
v -0.984848 0.000000 -0.590909
v -1.015151 0.000000 -0.590909
v -1.075758 0.000000 -0.590909
v -1.106061 0.000000 -0.590909
v -0.984848 0.000000 -0.827273
v -1.015151 0.000000 -0.827273
v -1.075758 0.000000 -0.827273
v -1.106061 0.000000 -0.827273
v -0.984848 0.000000 -1.063635
v -1.015151 0.000000 -1.063635
v -1.075758 0.000000 -1.063635
v -1.106061 0.000000 -1.063635
v -0.803030 0.000000 1.063635
v -0.833333 0.000000 1.063635
v -0.803030 0.000000 0.827273
v -0.833333 0.000000 0.827273
v -0.803030 0.000000 0.590909
v -0.833333 0.000000 0.590909
v -0.803030 0.000000 0.354545
v -0.833333 0.000000 0.354545
v -0.803030 0.000000 0.118182
v -0.833333 0.000000 0.118182
v -0.803030 0.000000 -0.118182
v -0.833333 0.000000 -0.118182
v -0.803030 0.000000 -0.354545
v -0.833333 0.000000 -0.354545
v -0.803030 0.000000 -0.590909
v -0.833333 0.000000 -0.590909
v -0.712121 0.000000 -0.827273
v -0.742424 0.000000 -0.827273
v -0.803030 0.000000 -0.827273
v -0.833333 0.000000 -0.827273
v -0.712121 0.000000 -1.063635
v -0.742424 0.000000 -1.063635
v -0.803030 0.000000 -1.063635
v -0.833333 0.000000 -1.063635
v -0.439394 0.000000 -0.827273
v -0.469697 0.000000 -0.827273
v -0.530303 0.000000 -0.827273
v -0.560606 0.000000 -0.827273
v -0.439394 0.000000 -1.063635
v -0.469697 0.000000 -1.063635
v -0.530303 0.000000 -1.063635
v -0.560606 0.000000 -1.063635
v -0.166667 0.000000 -0.827273
v -0.196970 0.000000 -0.827273
v -0.257576 0.000000 -0.827273
v -0.287879 0.000000 -0.827273
v -0.166667 0.000000 -1.063635
v -0.196970 0.000000 -1.063635
v -0.257576 0.000000 -1.063635
v -0.287879 0.000000 -1.063635
v 0.106061 0.000000 -0.827273
v 0.075758 0.000000 -0.827273
v 0.015151 0.000000 -0.827273
v -0.015152 0.000000 -0.827273
v 0.106061 0.000000 -1.063635
v 0.075758 0.000000 -1.063635
v 0.015151 0.000000 -1.063635
v -0.015152 0.000000 -1.063635
v 0.378788 0.000000 -0.827273
v 0.348485 0.000000 -0.827273
v 0.287879 0.000000 -0.827273
v 0.257576 0.000000 -0.827273
v 0.378788 0.000000 -1.063635
v 0.348485 0.000000 -1.063635
v 0.287879 0.000000 -1.063635
v 0.257576 0.000000 -1.063635
v 0.651515 0.000000 -0.827273
v 0.621212 0.000000 -0.827273
v 0.560606 0.000000 -0.827273
v 0.530303 0.000000 -0.827273
v 0.651515 0.000000 -1.063635
v 0.621212 0.000000 -1.063635
v 0.560606 0.000000 -1.063635
v 0.530303 0.000000 -1.063635
v 0.924242 0.000000 -0.827273
v 0.893939 0.000000 -0.827273
v 0.833333 0.000000 -0.827273
v 0.803030 0.000000 -0.827273
v 0.924242 0.000000 -1.063635
v 0.893939 0.000000 -1.063635
v 0.833333 0.000000 -1.063635
v 0.803030 0.000000 -1.063635
v 1.196970 0.000000 -0.827273
v 1.166667 0.000000 -0.827273
v 1.106061 0.000000 -0.827273
v 1.075758 0.000000 -0.827273
v 1.196970 0.000000 -1.063635
v 1.166667 0.000000 -1.063635
v 1.106061 0.000000 -1.063635
v 1.075758 0.000000 -1.063635
v 1.469697 0.000000 -0.827273
v 1.439394 0.000000 -0.827273
v 1.378788 0.000000 -0.827273
v 1.348485 0.000000 -0.827273
v 1.469697 0.000000 -1.063635
v 1.439394 0.000000 -1.063635
v 1.378788 0.000000 -1.063635
v 1.348485 0.000000 -1.063635
v 1.318182 0.000000 -1.011111
v 1.318182 0.000000 -1.037374
v 1.318182 0.000000 -0.853535
v 1.318182 0.000000 -0.879798
v 1.318182 0.000000 -0.932323
v 1.318182 0.000000 -0.958586
v 1.409090 0.000000 -1.011111
v 1.409090 0.000000 -1.037374
v 1.409090 0.000000 -0.853535
v 1.409090 0.000000 -0.879798
v 1.409090 0.000000 -0.932323
v 1.409090 0.000000 -0.958586
v 1.287879 0.000000 -0.906060
v 1.257576 0.000000 -0.906060
v 1.287879 0.000000 -0.984849
v 1.257576 0.000000 -0.984849
v 1.378788 0.000000 -0.906060
v 1.348485 0.000000 -0.906060
v 1.378788 0.000000 -0.984849
v 1.348485 0.000000 -0.984849
v 1.469697 0.000000 -0.906060
v 1.439394 0.000000 -0.906060
v 1.469697 0.000000 -0.984849
v 1.439394 0.000000 -0.984849
v 1.318182 0.000000 -0.774748
v 1.318182 0.000000 -0.801010
v 1.318182 0.000000 -0.695960
v 1.318182 0.000000 -0.722222
v 1.409090 0.000000 -0.774748
v 1.409090 0.000000 -0.801010
v 1.409090 0.000000 -0.695960
v 1.409090 0.000000 -0.722222
v 1.287879 0.000000 -0.701839
v 1.257576 0.000000 -0.701839
v 1.287879 0.000000 -0.748485
v 1.257576 0.000000 -0.748485
v 1.378788 0.000000 -0.701839
v 1.348485 0.000000 -0.701839
v 1.378788 0.000000 -0.748485
v 1.348485 0.000000 -0.748485
v 1.469697 0.000000 -0.701839
v 1.439394 0.000000 -0.701839
v 1.469697 0.000000 -0.748485
v 1.439394 0.000000 -0.748485
v 1.045454 0.000000 -1.011111
v 1.045454 0.000000 -1.037374
v 1.045454 0.000000 -0.853535
v 1.045454 0.000000 -0.879798
v 1.045454 0.000000 -0.932323
v 1.045454 0.000000 -0.958586
v 1.136364 0.000000 -1.011111
v 1.136364 0.000000 -1.037374
v 1.136364 0.000000 -0.853535
v 1.136364 0.000000 -0.879798
v 1.136364 0.000000 -0.932323
v 1.136364 0.000000 -0.958586
v 1.015151 0.000000 -0.906060
v 0.984848 0.000000 -0.906060
v 1.015151 0.000000 -0.984849
v 0.984848 0.000000 -0.984849
v 1.106061 0.000000 -0.906060
v 1.075758 0.000000 -0.906060
v 1.106061 0.000000 -0.984849
v 1.075758 0.000000 -0.984849
v 1.196970 0.000000 -0.906060
v 1.166667 0.000000 -0.906060
v 1.196970 0.000000 -0.984849
v 1.166667 0.000000 -0.984849
v 1.045454 0.000000 -0.774748
v 1.045454 0.000000 -0.801010
v 1.045454 0.000000 -0.695960
v 1.045454 0.000000 -0.722222
v 1.136364 0.000000 -0.774748
v 1.136364 0.000000 -0.801010
v 1.136364 0.000000 -0.695960
v 1.136364 0.000000 -0.722222
v 1.015152 0.000000 -0.701839
v 0.984848 0.000000 -0.701839
v 1.015151 0.000000 -0.748485
v 0.984848 0.000000 -0.748485
v 1.106061 0.000000 -0.701839
v 1.075758 0.000000 -0.701839
v 1.106061 0.000000 -0.748485
v 1.075758 0.000000 -0.748485
v 1.196970 0.000000 -0.701839
v 1.166668 0.000000 -0.701839
v 1.196970 0.000000 -0.748485
v 1.166667 0.000000 -0.748485
v 0.772727 0.000000 -1.011111
v 0.772727 0.000000 -1.037374
v 0.772727 0.000000 -0.853535
v 0.772727 0.000000 -0.879798
v 0.772727 0.000000 -0.932323
v 0.772727 0.000000 -0.958586
v 0.863636 0.000000 -1.011111
v 0.863636 0.000000 -1.037374
v 0.863636 0.000000 -0.853535
v 0.863636 0.000000 -0.879798
v 0.863636 0.000000 -0.932323
v 0.863636 0.000000 -0.958586
v 0.742424 0.000000 -0.906060
v 0.712121 0.000000 -0.906060
v 0.742424 0.000000 -0.984849
v 0.712121 0.000000 -0.984849
v 0.833333 0.000000 -0.906060
v 0.803030 0.000000 -0.906060
v 0.833333 0.000000 -0.984849
v 0.803030 0.000000 -0.984849
v 0.924242 0.000000 -0.906060
v 0.893939 0.000000 -0.906060
v 0.924242 0.000000 -0.984849
v 0.893939 0.000000 -0.984849
v 0.772727 0.000000 -0.774748
v 0.772727 0.000000 -0.801010
v 0.772727 0.000000 -0.695960
v 0.772727 0.000000 -0.722222
v 0.863636 0.000000 -0.774748
v 0.863636 0.000000 -0.801010
v 0.863636 0.000000 -0.695960
v 0.863636 0.000000 -0.722222
v 0.742425 0.000000 -0.701839
v 0.712121 0.000000 -0.701839
v 0.742424 0.000000 -0.748485
v 0.712121 0.000000 -0.748485
v 0.833333 0.000000 -0.701839
v 0.803030 0.000000 -0.701839
v 0.833333 0.000000 -0.748485
v 0.803030 0.000000 -0.748485
v 0.924242 0.000000 -0.701839
v 0.893939 0.000000 -0.701839
v 0.924242 0.000000 -0.748485
v 0.893939 0.000000 -0.748485
v 0.500000 0.000000 -1.011111
v 0.500000 0.000000 -1.037374
v 0.500000 0.000000 -0.853535
v 0.500000 0.000000 -0.879798
v 0.500000 0.000000 -0.932323
v 0.500000 0.000000 -0.958586
v 0.590909 0.000000 -1.011111
v 0.590909 0.000000 -1.037374
v 0.590909 0.000000 -0.853535
v 0.590909 0.000000 -0.879798
v 0.590909 0.000000 -0.932323
v 0.590909 0.000000 -0.958586
v 0.469697 0.000000 -0.906060
v 0.439394 0.000000 -0.906060
v 0.469697 0.000000 -0.984849
v 0.439394 0.000000 -0.984849
v 0.560606 0.000000 -0.906060
v 0.530303 0.000000 -0.906060
v 0.560606 0.000000 -0.984849
v 0.530303 0.000000 -0.984849
v 0.651515 0.000000 -0.906060
v 0.621212 0.000000 -0.906060
v 0.651515 0.000000 -0.984849
v 0.621212 0.000000 -0.984849
v 0.500000 0.000000 -0.774748
v 0.500000 0.000000 -0.801010
v 0.500000 0.000000 -0.695960
v 0.500000 0.000000 -0.722222
v 0.590909 0.000000 -0.774748
v 0.590909 0.000000 -0.801010
v 0.590909 0.000000 -0.695960
v 0.590909 0.000000 -0.722222
v 0.469697 0.000000 -0.701839
v 0.439394 0.000000 -0.701839
v 0.469697 0.000000 -0.748485
v 0.439394 0.000000 -0.748485
v 0.560606 0.000000 -0.701839
v 0.530303 0.000000 -0.701839
v 0.560606 0.000000 -0.748485
v 0.530303 0.000000 -0.748485
v 0.651515 0.000000 -0.701839
v 0.621212 0.000000 -0.701839
v 0.651515 0.000000 -0.748485
v 0.621212 0.000000 -0.748485
v 0.227273 0.000000 -1.011111
v 0.227273 0.000000 -1.037374
v 0.227273 0.000000 -0.853535
v 0.227273 0.000000 -0.879798
v 0.227273 0.000000 -0.932323
v 0.227273 0.000000 -0.958586
v 0.318182 0.000000 -1.011111
v 0.318182 0.000000 -1.037374
v 0.318182 0.000000 -0.853535
v 0.318182 0.000000 -0.879798
v 0.318182 0.000000 -0.932323
v 0.318182 0.000000 -0.958586
v 0.196970 0.000000 -0.906060
v 0.166667 0.000000 -0.906060
v 0.196970 0.000000 -0.984849
v 0.166667 0.000000 -0.984849
v 0.287879 0.000000 -0.906060
v 0.257576 0.000000 -0.906060
v 0.287879 0.000000 -0.984849
v 0.257576 0.000000 -0.984849
v 0.378788 0.000000 -0.906060
v 0.348485 0.000000 -0.906060
v 0.378788 0.000000 -0.984849
v 0.348485 0.000000 -0.984849
v 0.227273 0.000000 -0.774748
v 0.227273 0.000000 -0.801010
v 0.227273 0.000000 -0.695960
v 0.227273 0.000000 -0.722222
v 0.318182 0.000000 -0.774748
v 0.318182 0.000000 -0.801010
v 0.318182 0.000000 -0.695960
v 0.318182 0.000000 -0.722222
v 0.196970 0.000000 -0.701839
v 0.166667 0.000000 -0.701839
v 0.196970 0.000000 -0.748485
v 0.166667 0.000000 -0.748485
v 0.287879 0.000000 -0.701839
v 0.257576 0.000000 -0.701839
v 0.287879 0.000000 -0.748485
v 0.257576 0.000000 -0.748485
v 0.378788 0.000000 -0.701839
v 0.348485 0.000000 -0.701839
v 0.378788 0.000000 -0.748485
v 0.348485 0.000000 -0.748485
v -0.045455 0.000000 -1.011111
v -0.045455 0.000000 -1.037374
v -0.045455 0.000000 -0.853535
v -0.045455 0.000000 -0.879798
v -0.045455 0.000000 -0.932323
v -0.045455 0.000000 -0.958586
v 0.045455 0.000000 -1.011111
v 0.045455 0.000000 -1.037374
v 0.045455 0.000000 -0.853535
v 0.045455 0.000000 -0.879798
v 0.045455 0.000000 -0.932323
v 0.045455 0.000000 -0.958586
v -0.075758 0.000000 -0.906060
v -0.106061 0.000000 -0.906060
v -0.075758 0.000000 -0.984849
v -0.106061 0.000000 -0.984849
v 0.015151 0.000000 -0.906060
v -0.015152 0.000000 -0.906060
v 0.015151 0.000000 -0.984849
v -0.015152 0.000000 -0.984849
v 0.106061 0.000000 -0.906060
v 0.075758 0.000000 -0.906060
v 0.106061 0.000000 -0.984849
v 0.075758 0.000000 -0.984849
v -0.045455 0.000000 -0.774748
v -0.045455 0.000000 -0.801010
v -0.045455 0.000000 -0.695960
v -0.045455 0.000000 -0.722222
v 0.045455 0.000000 -0.774748
v 0.045455 0.000000 -0.801010
v 0.045455 0.000000 -0.695960
v 0.045455 0.000000 -0.722222
v -0.075758 0.000000 -0.701839
v -0.106061 0.000000 -0.701839
v -0.075758 0.000000 -0.748485
v -0.106061 0.000000 -0.748485
v 0.015151 0.000000 -0.701839
v -0.015152 0.000000 -0.701839
v 0.015151 0.000000 -0.748485
v -0.015152 0.000000 -0.748485
v 0.106061 0.000000 -0.701839
v 0.075758 0.000000 -0.701839
v 0.106061 0.000000 -0.748485
v 0.075758 0.000000 -0.748485
v -0.318182 0.000000 -1.011111
v -0.318182 0.000000 -1.037374
v -0.318182 0.000000 -0.853535
v -0.318182 0.000000 -0.879798
v -0.318182 0.000000 -0.932323
v -0.318182 0.000000 -0.958586
v -0.227273 0.000000 -1.011111
v -0.227273 0.000000 -1.037374
v -0.227273 0.000000 -0.853535
v -0.227273 0.000000 -0.879798
v -0.227273 0.000000 -0.932323
v -0.227273 0.000000 -0.958586
v -0.348485 0.000000 -0.906060
v -0.378788 0.000000 -0.906060
v -0.348485 0.000000 -0.984849
v -0.378788 0.000000 -0.984849
v -0.257576 0.000000 -0.906060
v -0.287879 0.000000 -0.906060
v -0.257576 0.000000 -0.984849
v -0.287879 0.000000 -0.984849
v -0.166667 0.000000 -0.906060
v -0.196970 0.000000 -0.906060
v -0.166667 0.000000 -0.984849
v -0.196970 0.000000 -0.984849
v -0.318182 0.000000 -0.774748
v -0.318182 0.000000 -0.801010
v -0.318182 0.000000 -0.695960
v -0.318182 0.000000 -0.722222
v -0.227273 0.000000 -0.774748
v -0.227273 0.000000 -0.801010
v -0.227273 0.000000 -0.695960
v -0.227273 0.000000 -0.722222
v -0.348485 0.000000 -0.701839
v -0.378788 0.000000 -0.701839
v -0.348485 0.000000 -0.748485
v -0.378788 0.000000 -0.748485
v -0.257576 0.000000 -0.701839
v -0.287879 0.000000 -0.701839
v -0.257576 0.000000 -0.748485
v -0.287879 0.000000 -0.748485
v -0.166667 0.000000 -0.701839
v -0.196970 0.000000 -0.701839
v -0.166667 0.000000 -0.748485
v -0.196970 0.000000 -0.748485
v -0.590909 0.000000 -1.011111
v -0.590909 0.000000 -1.037374
v -0.590909 0.000000 -0.853535
v -0.590909 0.000000 -0.879798
v -0.590909 0.000000 -0.932323
v -0.590909 0.000000 -0.958586
v -0.500000 0.000000 -1.011111
v -0.500000 0.000000 -1.037374
v -0.500000 0.000000 -0.853535
v -0.500000 0.000000 -0.879798
v -0.500000 0.000000 -0.932323
v -0.500000 0.000000 -0.958586
v -0.621212 0.000000 -0.906060
v -0.651515 0.000000 -0.906060
v -0.621212 0.000000 -0.984849
v -0.651515 0.000000 -0.984849
v -0.530303 0.000000 -0.906060
v -0.560606 0.000000 -0.906060
v -0.530303 0.000000 -0.984849
v -0.560606 0.000000 -0.984849
v -0.439394 0.000000 -0.906060
v -0.469697 0.000000 -0.906060
v -0.439394 0.000000 -0.984849
v -0.469697 0.000000 -0.984849
v -0.590909 0.000000 -0.774748
v -0.590909 0.000000 -0.801010
v -0.590909 0.000000 -0.695960
v -0.590909 0.000000 -0.722222
v -0.500000 0.000000 -0.774748
v -0.500000 0.000000 -0.801010
v -0.500000 0.000000 -0.695960
v -0.500000 0.000000 -0.722222
v -0.621212 0.000000 -0.701839
v -0.651516 0.000000 -0.701839
v -0.621212 0.000000 -0.748485
v -0.651515 0.000000 -0.748485
v -0.530303 0.000000 -0.701839
v -0.560606 0.000000 -0.701839
v -0.530303 0.000000 -0.748485
v -0.560606 0.000000 -0.748485
v -0.439394 0.000000 -0.701839
v -0.469697 0.000000 -0.701839
v -0.439394 0.000000 -0.748485
v -0.469697 0.000000 -0.748485
v -0.863636 0.000000 -1.011111
v -0.863636 0.000000 -1.037374
v -0.863636 0.000000 -0.853535
v -0.863636 0.000000 -0.879798
v -0.863636 0.000000 -0.932323
v -0.863636 0.000000 -0.958586
v -0.772727 0.000000 -1.011111
v -0.772727 0.000000 -1.037374
v -0.772727 0.000000 -0.853535
v -0.772727 0.000000 -0.879798
v -0.772727 0.000000 -0.932323
v -0.772727 0.000000 -0.958586
v -0.893939 0.000000 -0.906060
v -0.924242 0.000000 -0.906060
v -0.893939 0.000000 -0.984849
v -0.924242 0.000000 -0.984849
v -0.803030 0.000000 -0.906060
v -0.833333 0.000000 -0.906060
v -0.803030 0.000000 -0.984849
v -0.833333 0.000000 -0.984849
v -0.712121 0.000000 -0.906060
v -0.742424 0.000000 -0.906060
v -0.712121 0.000000 -0.984849
v -0.742424 0.000000 -0.984849
v -0.863636 0.000000 -0.774748
v -0.863636 0.000000 -0.801010
v -0.863636 0.000000 -0.617172
v -0.863636 0.000000 -0.643434
v -0.863636 0.000000 -0.695960
v -0.863636 0.000000 -0.722222
v -0.772727 0.000000 -0.774748
v -0.772727 0.000000 -0.801010
v -0.809814 0.000000 -0.617172
v -0.809814 0.000000 -0.643435
v -0.772727 0.000000 -0.695960
v -0.772727 0.000000 -0.722222
v -0.893939 0.000000 -0.669697
v -0.924242 0.000000 -0.669697
v -0.893939 0.000000 -0.748485
v -0.924242 0.000000 -0.748485
v -0.803030 0.000000 -0.669697
v -0.833333 0.000000 -0.669697
v -0.803030 0.000000 -0.748485
v -0.833333 0.000000 -0.748485
v -0.712121 0.000000 -0.701839
v -0.742424 0.000000 -0.701839
v -0.712121 0.000000 -0.748485
v -0.742424 0.000000 -0.748485
v -0.863636 0.000000 -0.538384
v -0.863636 0.000000 -0.564646
v -0.863636 0.000000 -0.380808
v -0.863636 0.000000 -0.407071
v -0.863636 0.000000 -0.459596
v -0.863636 0.000000 -0.485859
v -0.809814 0.000000 -0.538384
v -0.809814 0.000000 -0.564646
v -0.809814 0.000000 -0.380808
v -0.809814 0.000000 -0.407071
v -0.809814 0.000000 -0.459596
v -0.809814 0.000000 -0.485859
v -0.893939 0.000000 -0.433334
v -0.924242 0.000000 -0.433334
v -0.893939 0.000000 -0.512121
v -0.924242 0.000000 -0.512121
v -0.803030 0.000000 -0.433334
v -0.833333 0.000000 -0.433334
v -0.803030 0.000000 -0.512121
v -0.833333 0.000000 -0.512121
v -0.863636 0.000000 -0.302020
v -0.863636 0.000000 -0.328283
v -0.863636 0.000000 -0.144444
v -0.863636 0.000000 -0.170707
v -0.863636 0.000000 -0.223232
v -0.863636 0.000000 -0.249495
v -0.809814 0.000000 -0.302020
v -0.809814 0.000000 -0.328283
v -0.809814 0.000000 -0.144444
v -0.809814 0.000000 -0.170707
v -0.809814 0.000000 -0.223232
v -0.809814 0.000000 -0.249495
v -0.893939 0.000000 -0.196970
v -0.924242 0.000000 -0.196970
v -0.893939 0.000000 -0.275758
v -0.924242 0.000000 -0.275758
v -0.803030 0.000000 -0.196970
v -0.833333 0.000000 -0.196970
v -0.803030 0.000000 -0.275758
v -0.833333 0.000000 -0.275758
v -0.863636 0.000000 -0.065657
v -0.863636 0.000000 -0.091919
v -0.863636 0.000000 0.091919
v -0.863636 0.000000 0.065657
v -0.863636 0.000000 0.013131
v -0.863636 0.000000 -0.013131
v -0.809814 0.000000 -0.065657
v -0.809814 0.000000 -0.091919
v -0.809814 0.000000 0.091919
v -0.809814 0.000000 0.065657
v -0.809814 0.000000 0.013131
v -0.809814 0.000000 -0.013131
v -0.893939 0.000000 0.039394
v -0.924242 0.000000 0.039394
v -0.893939 0.000000 -0.039394
v -0.924242 0.000000 -0.039394
v -0.803030 0.000000 0.039394
v -0.833333 0.000000 0.039394
v -0.803030 0.000000 -0.039394
v -0.833333 0.000000 -0.039394
v -0.863636 0.000000 0.170707
v -0.863636 0.000000 0.144444
v -0.863636 0.000000 0.328283
v -0.863636 0.000000 0.302020
v -0.863636 0.000000 0.249495
v -0.863636 0.000000 0.223232
v -0.809814 0.000000 0.170707
v -0.809814 0.000000 0.144445
v -0.809814 0.000000 0.328283
v -0.809814 0.000000 0.302020
v -0.809814 0.000000 0.249495
v -0.809814 0.000000 0.223232
v -0.893939 0.000000 0.275758
v -0.924242 0.000000 0.275758
v -0.893939 0.000000 0.196970
v -0.924242 0.000000 0.196970
v -0.803030 0.000000 0.275758
v -0.833333 0.000000 0.275758
v -0.803030 0.000000 0.196970
v -0.833333 0.000000 0.196970
v -0.863636 0.000000 0.407071
v -0.863636 0.000000 0.380808
v -0.863636 0.000000 0.564647
v -0.863636 0.000000 0.538384
v -0.863636 0.000000 0.485859
v -0.863636 0.000000 0.459596
v -0.809814 0.000000 0.407071
v -0.809814 0.000000 0.380808
v -0.809814 0.000000 0.564647
v -0.809814 0.000000 0.538384
v -0.809814 0.000000 0.485859
v -0.809814 0.000000 0.459596
v -0.893939 0.000000 0.512121
v -0.924242 0.000000 0.512121
v -0.893939 0.000000 0.433333
v -0.924242 0.000000 0.433333
v -0.803030 0.000000 0.512121
v -0.833333 0.000000 0.512121
v -0.803030 0.000000 0.433333
v -0.833333 0.000000 0.433333
v -0.863636 0.000000 0.643434
v -0.863636 0.000000 0.617172
v -0.863636 0.000000 0.801010
v -0.863636 0.000000 0.774747
v -0.863636 0.000000 0.722222
v -0.863636 0.000000 0.695960
v -0.809814 0.000000 0.643435
v -0.809814 0.000000 0.617172
v -0.809814 0.000000 0.801010
v -0.809814 0.000000 0.774747
v -0.809814 0.000000 0.722222
v -0.809814 0.000000 0.695960
v -0.893939 0.000000 0.748485
v -0.924242 0.000000 0.748485
v -0.893939 0.000000 0.669697
v -0.924242 0.000000 0.669697
v -0.803030 0.000000 0.748485
v -0.833333 0.000000 0.748485
v -0.803030 0.000000 0.669697
v -0.833333 0.000000 0.669697
v -0.863636 0.000000 0.879798
v -0.863636 0.000000 0.853535
v -0.863636 0.000000 1.037374
v -0.863636 0.000000 1.011111
v -0.863636 0.000000 0.958586
v -0.863636 0.000000 0.932323
v -0.809814 0.000000 0.879798
v -0.809814 0.000000 0.853535
v -0.809814 0.000000 1.037374
v -0.809814 0.000000 1.011112
v -0.809814 0.000000 0.958586
v -0.809814 0.000000 0.932323
v -0.893939 0.000000 0.984849
v -0.924242 0.000000 0.984849
v -0.893939 0.000000 0.906060
v -0.924242 0.000000 0.906060
v -0.803030 0.000000 0.984849
v -0.833333 0.000000 0.984849
v -0.803030 0.000000 0.906060
v -0.833333 0.000000 0.906060
v -0.863636 0.000000 1.116162
v -0.863636 0.000000 1.089899
v -0.863636 0.000000 1.273737
v -0.863636 0.000000 1.247474
v -0.863636 0.000000 1.194949
v -0.863636 0.000000 1.168687
v -0.809814 0.000000 1.116162
v -0.809814 0.000000 1.089899
v -0.809814 0.000000 1.273738
v -0.809814 0.000000 1.247474
v -0.809814 0.000000 1.194950
v -0.809814 0.000000 1.168687
v -0.893939 0.000000 1.221212
v -0.924242 0.000000 1.221212
v -0.893939 0.000000 1.142424
v -0.924242 0.000000 1.142424
v -0.803030 0.000000 1.221212
v -0.833333 0.000000 1.221212
v -0.803030 0.000000 1.142424
v -0.833333 0.000000 1.142424
v -1.136364 0.000000 -1.011111
v -1.136364 0.000000 -1.037374
v -1.136364 0.000000 -0.853535
v -1.136364 0.000000 -0.879798
v -1.136364 0.000000 -0.932323
v -1.136364 0.000000 -0.958586
v -1.045454 0.000000 -1.011111
v -1.045454 0.000000 -1.037374
v -1.045455 0.000000 -0.853535
v -1.045455 0.000000 -0.879798
v -1.045455 0.000000 -0.932323
v -1.045455 0.000000 -0.958586
v -1.166667 0.000000 -0.906060
v -1.196970 0.000000 -0.906060
v -1.166667 0.000000 -0.984849
v -1.196970 0.000000 -0.984849
v -1.075758 0.000000 -0.906060
v -1.106061 0.000000 -0.906060
v -1.075758 0.000000 -0.984849
v -1.106061 0.000000 -0.984849
v -0.984848 0.000000 -0.906060
v -1.015151 0.000000 -0.906060
v -0.984848 0.000000 -0.984849
v -1.015151 0.000000 -0.984849
v -1.136364 0.000000 -0.774748
v -1.136364 0.000000 -0.801010
v -1.136364 0.000000 -0.617172
v -1.136364 0.000000 -0.643434
v -1.136364 0.000000 -0.695960
v -1.136364 0.000000 -0.722222
v -1.045454 0.000000 -0.774748
v -1.045454 0.000000 -0.801010
v -1.045455 0.000000 -0.617172
v -1.045455 0.000000 -0.643434
v -1.045455 0.000000 -0.695960
v -1.045455 0.000000 -0.722222
v -1.166667 0.000000 -0.669697
v -1.196970 0.000000 -0.669697
v -1.166667 0.000000 -0.748485
v -1.196970 0.000000 -0.748485
v -1.075758 0.000000 -0.669697
v -1.106061 0.000000 -0.669697
v -1.075758 0.000000 -0.748485
v -1.106061 0.000000 -0.748485
v -0.984848 0.000000 -0.669697
v -1.015151 0.000000 -0.669697
v -0.984848 0.000000 -0.748485
v -1.015151 0.000000 -0.748485
v -1.136364 0.000000 -0.538384
v -1.136364 0.000000 -0.564646
v -1.136364 0.000000 -0.380808
v -1.136364 0.000000 -0.407071
v -1.136364 0.000000 -0.459596
v -1.136364 0.000000 -0.485859
v -1.045454 0.000000 -0.538384
v -1.045454 0.000000 -0.564646
v -1.045455 0.000000 -0.380808
v -1.045455 0.000000 -0.407071
v -1.045455 0.000000 -0.459596
v -1.045455 0.000000 -0.485859
v -1.166667 0.000000 -0.433334
v -1.196970 0.000000 -0.433334
v -1.166667 0.000000 -0.512121
v -1.196970 0.000000 -0.512121
v -1.075758 0.000000 -0.433334
v -1.106061 0.000000 -0.433334
v -1.075758 0.000000 -0.512121
v -1.106061 0.000000 -0.512121
v -0.984848 0.000000 -0.433334
v -1.015151 0.000000 -0.433334
v -0.984848 0.000000 -0.512121
v -1.015151 0.000000 -0.512121
v -1.136364 0.000000 -0.302020
v -1.136364 0.000000 -0.328283
v -1.136364 0.000000 -0.144444
v -1.136364 0.000000 -0.170707
v -1.136364 0.000000 -0.223232
v -1.136364 0.000000 -0.249495
v -1.045454 0.000000 -0.302020
v -1.045454 0.000000 -0.328283
v -1.045455 0.000000 -0.144444
v -1.045455 0.000000 -0.170707
v -1.045455 0.000000 -0.223232
v -1.045455 0.000000 -0.249495
v -1.166667 0.000000 -0.196970
v -1.196970 0.000000 -0.196970
v -1.166667 0.000000 -0.275758
v -1.196970 0.000000 -0.275758
v -1.075758 0.000000 -0.196970
v -1.106061 0.000000 -0.196970
v -1.075758 0.000000 -0.275758
v -1.106061 0.000000 -0.275758
v -0.984848 0.000000 -0.196970
v -1.015151 0.000000 -0.196970
v -0.984848 0.000000 -0.275758
v -1.015151 0.000000 -0.275758
v -1.136364 0.000000 -0.065657
v -1.136364 0.000000 -0.091919
v -1.136364 0.000000 0.091919
v -1.136364 0.000000 0.065657
v -1.136364 0.000000 0.013131
v -1.136364 0.000000 -0.013131
v -1.045454 0.000000 -0.065657
v -1.045454 0.000000 -0.091919
v -1.045455 0.000000 0.091919
v -1.045455 0.000000 0.065657
v -1.045455 0.000000 0.013131
v -1.045455 0.000000 -0.013131
v -1.166667 0.000000 0.039394
v -1.196970 0.000000 0.039394
v -1.166667 0.000000 -0.039394
v -1.196970 0.000000 -0.039394
v -1.075758 0.000000 0.039394
v -1.106061 0.000000 0.039394
v -1.075758 0.000000 -0.039394
v -1.106061 0.000000 -0.039394
v -0.984848 0.000000 0.039394
v -1.015151 0.000000 0.039394
v -0.984848 0.000000 -0.039394
v -1.015151 0.000000 -0.039394
v -1.136364 0.000000 0.170707
v -1.136364 0.000000 0.144444
v -1.136364 0.000000 0.328283
v -1.136364 0.000000 0.302020
v -1.136364 0.000000 0.249495
v -1.136364 0.000000 0.223232
v -1.045454 0.000000 0.170707
v -1.045454 0.000000 0.144444
v -1.045455 0.000000 0.328283
v -1.045455 0.000000 0.302020
v -1.045455 0.000000 0.249495
v -1.045455 0.000000 0.223232
v -1.166667 0.000000 0.275758
v -1.196970 0.000000 0.275758
v -1.166667 0.000000 0.196970
v -1.196970 0.000000 0.196970
v -1.075758 0.000000 0.275758
v -1.106061 0.000000 0.275758
v -1.075758 0.000000 0.196970
v -1.106061 0.000000 0.196970
v -0.984848 0.000000 0.275758
v -1.015151 0.000000 0.275758
v -0.984848 0.000000 0.196970
v -1.015151 0.000000 0.196970
v -1.136364 0.000000 0.407071
v -1.136364 0.000000 0.380808
v -1.136364 0.000000 0.564647
v -1.136364 0.000000 0.538384
v -1.136364 0.000000 0.485859
v -1.136364 0.000000 0.459596
v -1.045454 0.000000 0.407071
v -1.045454 0.000000 0.380808
v -1.045455 0.000000 0.564647
v -1.045455 0.000000 0.538384
v -1.045455 0.000000 0.485859
v -1.045455 0.000000 0.459596
v -1.166667 0.000000 0.512121
v -1.196970 0.000000 0.512121
v -1.166667 0.000000 0.433333
v -1.196970 0.000000 0.433333
v -1.075758 0.000000 0.512121
v -1.106061 0.000000 0.512121
v -1.075758 0.000000 0.433333
v -1.106061 0.000000 0.433333
v -0.984848 0.000000 0.512121
v -1.015151 0.000000 0.512121
v -0.984848 0.000000 0.433333
v -1.015151 0.000000 0.433333
v -1.136364 0.000000 0.643434
v -1.136364 0.000000 0.617172
v -1.136364 0.000000 0.801010
v -1.136364 0.000000 0.774747
v -1.136364 0.000000 0.722222
v -1.136364 0.000000 0.695960
v -1.045454 0.000000 0.643434
v -1.045454 0.000000 0.617172
v -1.045455 0.000000 0.801010
v -1.045455 0.000000 0.774747
v -1.045455 0.000000 0.722222
v -1.045455 0.000000 0.695960
v -1.166667 0.000000 0.748485
v -1.196970 0.000000 0.748485
v -1.166667 0.000000 0.669697
v -1.196970 0.000000 0.669697
v -1.075758 0.000000 0.748485
v -1.106061 0.000000 0.748485
v -1.075758 0.000000 0.669697
v -1.106061 0.000000 0.669697
v -0.984848 0.000000 0.748485
v -1.015151 0.000000 0.748485
v -0.984848 0.000000 0.669697
v -1.015151 0.000000 0.669697
v -1.136364 0.000000 0.879798
v -1.136364 0.000000 0.853535
v -1.136364 0.000000 1.037374
v -1.136364 0.000000 1.011111
v -1.136364 0.000000 0.958586
v -1.136364 0.000000 0.932323
v -1.045454 0.000000 0.879798
v -1.045454 0.000000 0.853535
v -1.045455 0.000000 1.037374
v -1.045455 0.000000 1.011111
v -1.045455 0.000000 0.958586
v -1.045455 0.000000 0.932323
v -1.166667 0.000000 0.984849
v -1.196970 0.000000 0.984849
v -1.166667 0.000000 0.906060
v -1.196970 0.000000 0.906060
v -1.075758 0.000000 0.984849
v -1.106061 0.000000 0.984849
v -1.075758 0.000000 0.906060
v -1.106061 0.000000 0.906060
v -0.984848 0.000000 0.984849
v -1.015151 0.000000 0.984849
v -0.984848 0.000000 0.906060
v -1.015151 0.000000 0.906060
v -1.136364 0.000000 1.116162
v -1.136364 0.000000 1.089899
v -1.136364 0.000000 1.273737
v -1.136364 0.000000 1.247474
v -1.136364 0.000000 1.194949
v -1.136364 0.000000 1.168687
v -1.045454 0.000000 1.116162
v -1.045454 0.000000 1.089899
v -1.045455 0.000000 1.273737
v -1.045455 0.000000 1.247474
v -1.045455 0.000000 1.194949
v -1.045455 0.000000 1.168687
v -1.166667 0.000000 1.221212
v -1.196970 0.000000 1.221212
v -1.166667 0.000000 1.142424
v -1.196970 0.000000 1.142424
v -1.075758 0.000000 1.221212
v -1.106061 0.000000 1.221212
v -1.075758 0.000000 1.142424
v -1.106061 0.000000 1.142424
v -0.984848 0.000000 1.221212
v -1.015151 0.000000 1.221212
v -0.984848 0.000000 1.142424
v -1.015151 0.000000 1.142424
v -1.409090 0.000000 -1.011111
v -1.409090 0.000000 -1.037374
v -1.409090 0.000000 -0.853535
v -1.409090 0.000000 -0.879798
v -1.409090 0.000000 -0.932323
v -1.409090 0.000000 -0.958586
v -1.318182 0.000000 -1.011111
v -1.318182 0.000000 -1.037374
v -1.318182 0.000000 -0.853535
v -1.318182 0.000000 -0.879798
v -1.318182 0.000000 -0.932323
v -1.318182 0.000000 -0.958586
v -1.439394 0.000000 -0.906060
v -1.469697 0.000000 -0.906060
v -1.439394 0.000000 -0.984849
v -1.469697 0.000000 -0.984849
v -1.348485 0.000000 -0.906060
v -1.378788 0.000000 -0.906060
v -1.348485 0.000000 -0.984849
v -1.378788 0.000000 -0.984849
v -1.257576 0.000000 -0.906060
v -1.287879 0.000000 -0.906060
v -1.257576 0.000000 -0.984849
v -1.287879 0.000000 -0.984849
v -1.409090 0.000000 -0.774748
v -1.409090 0.000000 -0.801010
v -1.409090 0.000000 -0.617172
v -1.409090 0.000000 -0.643434
v -1.409090 0.000000 -0.695960
v -1.409090 0.000000 -0.722222
v -1.318182 0.000000 -0.774748
v -1.318182 0.000000 -0.801010
v -1.318182 0.000000 -0.617172
v -1.318182 0.000000 -0.643434
v -1.318182 0.000000 -0.695960
v -1.318182 0.000000 -0.722222
v -1.439394 0.000000 -0.669697
v -1.469697 0.000000 -0.669697
v -1.439394 0.000000 -0.748485
v -1.469697 0.000000 -0.748485
v -1.348485 0.000000 -0.669697
v -1.378788 0.000000 -0.669697
v -1.348485 0.000000 -0.748485
v -1.378788 0.000000 -0.748485
v -1.257576 0.000000 -0.669697
v -1.287879 0.000000 -0.669697
v -1.257576 0.000000 -0.748485
v -1.287879 0.000000 -0.748485
v -1.409090 0.000000 -0.538384
v -1.409090 0.000000 -0.564647
v -1.409090 0.000000 -0.380808
v -1.409090 0.000000 -0.407071
v -1.409090 0.000000 -0.459596
v -1.409090 0.000000 -0.485859
v -1.318182 0.000000 -0.538384
v -1.318182 0.000000 -0.564646
v -1.318182 0.000000 -0.380808
v -1.318182 0.000000 -0.407071
v -1.318182 0.000000 -0.459596
v -1.318182 0.000000 -0.485859
v -1.439394 0.000000 -0.433333
v -1.469697 0.000000 -0.433333
v -1.439394 0.000000 -0.512121
v -1.469697 0.000000 -0.512121
v -1.348485 0.000000 -0.433333
v -1.378788 0.000000 -0.433333
v -1.348485 0.000000 -0.512121
v -1.378788 0.000000 -0.512121
v -1.257576 0.000000 -0.433334
v -1.287879 0.000000 -0.433334
v -1.257576 0.000000 -0.512121
v -1.287879 0.000000 -0.512121
v -1.409090 0.000000 -0.302020
v -1.409090 0.000000 -0.328283
v -1.409090 0.000000 -0.144444
v -1.409090 0.000000 -0.170707
v -1.409090 0.000000 -0.223232
v -1.409090 0.000000 -0.249495
v -1.318182 0.000000 -0.302020
v -1.318182 0.000000 -0.328283
v -1.318182 0.000000 -0.144444
v -1.318182 0.000000 -0.170707
v -1.318182 0.000000 -0.223232
v -1.318182 0.000000 -0.249495
v -1.439394 0.000000 -0.196970
v -1.469697 0.000000 -0.196970
v -1.439394 0.000000 -0.275758
v -1.469697 0.000000 -0.275758
v -1.348485 0.000000 -0.196970
v -1.378788 0.000000 -0.196970
v -1.348485 0.000000 -0.275758
v -1.378788 0.000000 -0.275758
v -1.257576 0.000000 -0.196970
v -1.287879 0.000000 -0.196970
v -1.257576 0.000000 -0.275758
v -1.287879 0.000000 -0.275758
v -1.409090 0.000000 -0.065657
v -1.409090 0.000000 -0.091919
v -1.409090 0.000000 0.091919
v -1.409090 0.000000 0.065657
v -1.409090 0.000000 0.013131
v -1.409090 0.000000 -0.013131
v -1.318182 0.000000 -0.065657
v -1.318182 0.000000 -0.091919
v -1.318182 0.000000 0.091919
v -1.318182 0.000000 0.065657
v -1.318182 0.000000 0.013131
v -1.318182 0.000000 -0.013131
v -1.439394 0.000000 0.039394
v -1.469697 0.000000 0.039394
v -1.439394 0.000000 -0.039394
v -1.469697 0.000000 -0.039394
v -1.348485 0.000000 0.039394
v -1.378788 0.000000 0.039394
v -1.348485 0.000000 -0.039394
v -1.378788 0.000000 -0.039394
v -1.257576 0.000000 0.039394
v -1.287879 0.000000 0.039394
v -1.257576 0.000000 -0.039394
v -1.287879 0.000000 -0.039394
v -1.409090 0.000000 0.170707
v -1.409090 0.000000 0.144444
v -1.409090 0.000000 0.328283
v -1.409090 0.000000 0.302020
v -1.409090 0.000000 0.249495
v -1.409090 0.000000 0.223232
v -1.318182 0.000000 0.170707
v -1.318182 0.000000 0.144444
v -1.318182 0.000000 0.328283
v -1.318182 0.000000 0.302020
v -1.318182 0.000000 0.249495
v -1.318182 0.000000 0.223232
v -1.439394 0.000000 0.275758
v -1.469697 0.000000 0.275758
v -1.439394 0.000000 0.196970
v -1.469697 0.000000 0.196970
v -1.348485 0.000000 0.275758
v -1.378788 0.000000 0.275758
v -1.348485 0.000000 0.196970
v -1.378788 0.000000 0.196970
v -1.257576 0.000000 0.275758
v -1.287879 0.000000 0.275758
v -1.257576 0.000000 0.196970
v -1.287879 0.000000 0.196970
v -1.409090 0.000000 0.407071
v -1.409090 0.000000 0.380808
v -1.409090 0.000000 0.564647
v -1.409090 0.000000 0.538384
v -1.409090 0.000000 0.485859
v -1.409090 0.000000 0.459596
v -1.318182 0.000000 0.407071
v -1.318182 0.000000 0.380808
v -1.318182 0.000000 0.564647
v -1.318182 0.000000 0.538384
v -1.318182 0.000000 0.485859
v -1.318182 0.000000 0.459596
v -1.439394 0.000000 0.512121
v -1.469697 0.000000 0.512121
v -1.439394 0.000000 0.433333
v -1.469697 0.000000 0.433333
v -1.348485 0.000000 0.512121
v -1.378788 0.000000 0.512121
v -1.348485 0.000000 0.433333
v -1.378788 0.000000 0.433333
v -1.257576 0.000000 0.512121
v -1.287879 0.000000 0.512121
v -1.257576 0.000000 0.433333
v -1.287879 0.000000 0.433333
v -1.409090 0.000000 0.643434
v -1.409090 0.000000 0.617172
v -1.409090 0.000000 0.801010
v -1.409090 0.000000 0.774747
v -1.409090 0.000000 0.722222
v -1.409090 0.000000 0.695960
v -1.318182 0.000000 0.643434
v -1.318182 0.000000 0.617172
v -1.318182 0.000000 0.801010
v -1.318182 0.000000 0.774747
v -1.318182 0.000000 0.722222
v -1.318182 0.000000 0.695960
v -1.439394 0.000000 0.748485
v -1.469697 0.000000 0.748485
v -1.439394 0.000000 0.669697
v -1.469697 0.000000 0.669697
v -1.348485 0.000000 0.748485
v -1.378788 0.000000 0.748485
v -1.348485 0.000000 0.669697
v -1.378788 0.000000 0.669697
v -1.257576 0.000000 0.748485
v -1.287879 0.000000 0.748485
v -1.257576 0.000000 0.669697
v -1.287879 0.000000 0.669697
v -1.409090 0.000000 0.879798
v -1.409090 0.000000 0.853535
v -1.409090 0.000000 1.037374
v -1.409090 0.000000 1.011111
v -1.409090 0.000000 0.958586
v -1.409090 0.000000 0.932323
v -1.318182 0.000000 0.879798
v -1.318182 0.000000 0.853535
v -1.318182 0.000000 1.037374
v -1.318182 0.000000 1.011111
v -1.318182 0.000000 0.958586
v -1.318182 0.000000 0.932323
v -1.439394 0.000000 0.984849
v -1.469697 0.000000 0.984849
v -1.439394 0.000000 0.906060
v -1.469697 0.000000 0.906060
v -1.348485 0.000000 0.984849
v -1.378788 0.000000 0.984849
v -1.348485 0.000000 0.906060
v -1.378788 0.000000 0.906060
v -1.257576 0.000000 0.984849
v -1.287879 0.000000 0.984849
v -1.257576 0.000000 0.906060
v -1.287879 0.000000 0.906060
v -1.409090 0.000000 1.116162
v -1.409090 0.000000 1.089899
v -1.409090 0.000000 1.273737
v -1.409090 0.000000 1.247474
v -1.409090 0.000000 1.194949
v -1.409090 0.000000 1.168687
v -1.318182 0.000000 1.116162
v -1.318182 0.000000 1.089899
v -1.318182 0.000000 1.273737
v -1.318182 0.000000 1.247474
v -1.318182 0.000000 1.194949
v -1.318182 0.000000 1.168687
v -1.439394 0.000000 1.221212
v -1.469697 0.000000 1.221212
v -1.439394 0.000000 1.142424
v -1.469697 0.000000 1.142424
v -1.348485 0.000000 1.221212
v -1.378788 0.000000 1.221212
v -1.348485 0.000000 1.142424
v -1.378788 0.000000 1.142424
v -1.257575 0.000000 1.221212
v -1.287879 0.000000 1.221212
v -1.257576 0.000000 1.142424
v -1.287879 0.000000 1.142424
v 1.045454 0.000000 -1.247474
v 1.045454 0.000000 -1.273737
v 1.045454 0.000000 -1.089899
v 1.045454 0.000000 -1.116162
v 1.045454 0.000000 -1.168687
v 1.045454 0.000000 -1.194950
v 1.136364 0.000000 -1.247474
v 1.136364 0.000000 -1.273737
v 1.136364 0.000000 -1.089899
v 1.136364 0.000000 -1.116162
v 1.136364 0.000000 -1.168687
v 1.136364 0.000000 -1.194950
v 1.015151 0.000000 -1.142424
v 0.984848 0.000000 -1.142424
v 1.015151 0.000000 -1.221212
v 0.984848 0.000000 -1.221212
v 1.106061 0.000000 -1.142424
v 1.075758 0.000000 -1.142424
v 1.106061 0.000000 -1.221212
v 1.075758 0.000000 -1.221212
v 1.196970 0.000000 -1.142424
v 1.166667 0.000000 -1.142424
v 1.196970 0.000000 -1.221212
v 1.166667 0.000000 -1.221212
v 0.772727 0.000000 -1.247474
v 0.772727 0.000000 -1.273737
v 0.772727 0.000000 -1.089899
v 0.772727 0.000000 -1.116162
v 0.772727 0.000000 -1.168687
v 0.772727 0.000000 -1.194950
v 0.863636 0.000000 -1.247474
v 0.863636 0.000000 -1.273737
v 0.863636 0.000000 -1.089899
v 0.863636 0.000000 -1.116162
v 0.863636 0.000000 -1.168687
v 0.863636 0.000000 -1.194950
v 0.742424 0.000000 -1.142424
v 0.712121 0.000000 -1.142424
v 0.742424 0.000000 -1.221212
v 0.712121 0.000000 -1.221212
v 0.833333 0.000000 -1.142424
v 0.803030 0.000000 -1.142424
v 0.833333 0.000000 -1.221212
v 0.803030 0.000000 -1.221212
v 0.924242 0.000000 -1.142424
v 0.893939 0.000000 -1.142424
v 0.924242 0.000000 -1.221212
v 0.893939 0.000000 -1.221212
v 0.500000 0.000000 -1.247474
v 0.500000 0.000000 -1.273737
v 0.500000 0.000000 -1.089899
v 0.500000 0.000000 -1.116162
v 0.500000 0.000000 -1.168687
v 0.500000 0.000000 -1.194950
v 0.590909 0.000000 -1.247474
v 0.590909 0.000000 -1.273737
v 0.590909 0.000000 -1.089899
v 0.590909 0.000000 -1.116162
v 0.590909 0.000000 -1.168687
v 0.590909 0.000000 -1.194950
v 0.469697 0.000000 -1.142424
v 0.439394 0.000000 -1.142424
v 0.469697 0.000000 -1.221212
v 0.439394 0.000000 -1.221212
v 0.560606 0.000000 -1.142424
v 0.530303 0.000000 -1.142424
v 0.560606 0.000000 -1.221212
v 0.530303 0.000000 -1.221212
v 0.651515 0.000000 -1.142424
v 0.621212 0.000000 -1.142424
v 0.651515 0.000000 -1.221212
v 0.621212 0.000000 -1.221212
v 0.227273 0.000000 -1.247474
v 0.227273 0.000000 -1.273737
v 0.227273 0.000000 -1.089899
v 0.227273 0.000000 -1.116162
v 0.227273 0.000000 -1.168687
v 0.227273 0.000000 -1.194950
v 0.318182 0.000000 -1.247474
v 0.318182 0.000000 -1.273737
v 0.318182 0.000000 -1.089899
v 0.318182 0.000000 -1.116162
v 0.318182 0.000000 -1.168687
v 0.318182 0.000000 -1.194950
v 0.196970 0.000000 -1.142424
v 0.166667 0.000000 -1.142424
v 0.196970 0.000000 -1.221212
v 0.166667 0.000000 -1.221212
v 0.287879 0.000000 -1.142424
v 0.257576 0.000000 -1.142424
v 0.287879 0.000000 -1.221212
v 0.257576 0.000000 -1.221212
v 0.378788 0.000000 -1.142424
v 0.348485 0.000000 -1.142424
v 0.378788 0.000000 -1.221212
v 0.348485 0.000000 -1.221212
v -0.045455 0.000000 -1.247474
v -0.045455 0.000000 -1.273737
v -0.045455 0.000000 -1.089899
v -0.045455 0.000000 -1.116162
v -0.045455 0.000000 -1.168687
v -0.045455 0.000000 -1.194950
v 0.045455 0.000000 -1.247474
v 0.045455 0.000000 -1.273737
v 0.045455 0.000000 -1.089899
v 0.045455 0.000000 -1.116162
v 0.045455 0.000000 -1.168687
v 0.045455 0.000000 -1.194950
v -0.075758 0.000000 -1.142424
v -0.106061 0.000000 -1.142424
v -0.075758 0.000000 -1.221212
v -0.106061 0.000000 -1.221212
v 0.015151 0.000000 -1.142424
v -0.015152 0.000000 -1.142424
v 0.015151 0.000000 -1.221212
v -0.015152 0.000000 -1.221212
v 0.106061 0.000000 -1.142424
v 0.075758 0.000000 -1.142424
v 0.106061 0.000000 -1.221212
v 0.075758 0.000000 -1.221212
v -0.318182 0.000000 -1.247474
v -0.318182 0.000000 -1.273737
v -0.318182 0.000000 -1.089899
v -0.318182 0.000000 -1.116162
v -0.318182 0.000000 -1.168687
v -0.318182 0.000000 -1.194950
v -0.227273 0.000000 -1.247474
v -0.227273 0.000000 -1.273737
v -0.227273 0.000000 -1.089899
v -0.227273 0.000000 -1.116162
v -0.227273 0.000000 -1.168687
v -0.227273 0.000000 -1.194950
v -0.348485 0.000000 -1.142424
v -0.378788 0.000000 -1.142424
v -0.348485 0.000000 -1.221212
v -0.378788 0.000000 -1.221212
v -0.257576 0.000000 -1.142424
v -0.287879 0.000000 -1.142424
v -0.257576 0.000000 -1.221212
v -0.287879 0.000000 -1.221212
v -0.166667 0.000000 -1.142424
v -0.196970 0.000000 -1.142424
v -0.166667 0.000000 -1.221212
v -0.196970 0.000000 -1.221212
v -0.590909 0.000000 -1.247474
v -0.590909 0.000000 -1.273737
v -0.590909 0.000000 -1.089899
v -0.590909 0.000000 -1.116162
v -0.590909 0.000000 -1.168687
v -0.590909 0.000000 -1.194950
v -0.500000 0.000000 -1.247474
v -0.500000 0.000000 -1.273737
v -0.500000 0.000000 -1.089899
v -0.500000 0.000000 -1.116162
v -0.500000 0.000000 -1.168687
v -0.500000 0.000000 -1.194950
v -0.621212 0.000000 -1.142424
v -0.651515 0.000000 -1.142424
v -0.621212 0.000000 -1.221212
v -0.651515 0.000000 -1.221212
v -0.530303 0.000000 -1.142424
v -0.560606 0.000000 -1.142424
v -0.530303 0.000000 -1.221212
v -0.560606 0.000000 -1.221212
v -0.439394 0.000000 -1.142424
v -0.469697 0.000000 -1.142424
v -0.439394 0.000000 -1.221212
v -0.469697 0.000000 -1.221212
v -0.863636 0.000000 -1.247474
v -0.863636 0.000000 -1.273737
v -0.863636 0.000000 -1.089899
v -0.863636 0.000000 -1.116162
v -0.863636 0.000000 -1.168687
v -0.863636 0.000000 -1.194950
v -0.772727 0.000000 -1.247474
v -0.772727 0.000000 -1.273737
v -0.772727 0.000000 -1.089899
v -0.772727 0.000000 -1.116162
v -0.772727 0.000000 -1.168687
v -0.772727 0.000000 -1.194950
v -0.893939 0.000000 -1.142424
v -0.924242 0.000000 -1.142424
v -0.893939 0.000000 -1.221212
v -0.924242 0.000000 -1.221212
v -0.803030 0.000000 -1.142424
v -0.833333 0.000000 -1.142424
v -0.803030 0.000000 -1.221212
v -0.833333 0.000000 -1.221212
v -0.712121 0.000000 -1.142424
v -0.742424 0.000000 -1.142424
v -0.712121 0.000000 -1.221212
v -0.742424 0.000000 -1.221212
v -1.136364 0.000000 -1.247474
v -1.136364 0.000000 -1.273737
v -1.136364 0.000000 -1.089899
v -1.136364 0.000000 -1.116162
v -1.136364 0.000000 -1.168687
v -1.136364 0.000000 -1.194950
v -1.045454 0.000000 -1.247474
v -1.045454 0.000000 -1.273737
v -1.045455 0.000000 -1.089899
v -1.045455 0.000000 -1.116162
v -1.045455 0.000000 -1.168687
v -1.045455 0.000000 -1.194950
v -1.166667 0.000000 -1.142424
v -1.196970 0.000000 -1.142424
v -1.166667 0.000000 -1.221212
v -1.196970 0.000000 -1.221212
v -1.075758 0.000000 -1.142424
v -1.106061 0.000000 -1.142424
v -1.075758 0.000000 -1.221212
v -1.106061 0.000000 -1.221212
v -0.984848 0.000000 -1.142424
v -1.015151 0.000000 -1.142424
v -0.984848 0.000000 -1.221212
v -1.015151 0.000000 -1.221212
v -1.409090 0.000000 -1.247474
v -1.409090 0.000000 -1.273737
v -1.409090 0.000000 -1.089899
v -1.409090 0.000000 -1.116162
v -1.409090 0.000000 -1.168687
v -1.409090 0.000000 -1.194950
v -1.318182 0.000000 -1.247474
v -1.318182 0.000000 -1.273737
v -1.318182 0.000000 -1.089899
v -1.318182 0.000000 -1.116162
v -1.318182 0.000000 -1.168687
v -1.318182 0.000000 -1.194950
v -1.439394 0.000000 -1.142424
v -1.469697 0.000000 -1.142424
v -1.439394 0.000000 -1.221212
v -1.469697 0.000000 -1.221212
v -1.348485 0.000000 -1.142424
v -1.378788 0.000000 -1.142424
v -1.348485 0.000000 -1.221212
v -1.378788 0.000000 -1.221212
v -1.257576 0.000000 -1.142424
v -1.287879 0.000000 -1.142424
v -1.257576 0.000000 -1.221212
v -1.287879 0.000000 -1.221212
v 1.318182 0.000000 -1.247474
v 1.318182 0.000000 -1.273737
v 1.318182 0.000000 -1.089899
v 1.318182 0.000000 -1.116162
v 1.318182 0.000000 -1.168687
v 1.318182 0.000000 -1.194950
v 1.409090 0.000000 -1.247474
v 1.409090 0.000000 -1.273737
v 1.409090 0.000000 -1.089899
v 1.409090 0.000000 -1.116162
v 1.409090 0.000000 -1.168687
v 1.409090 0.000000 -1.194950
v 1.287879 0.000000 -1.142424
v 1.257576 0.000000 -1.142424
v 1.287879 0.000000 -1.221212
v 1.257576 0.000000 -1.221212
v 1.378788 0.000000 -1.142424
v 1.348485 0.000000 -1.142424
v 1.378788 0.000000 -1.221212
v 1.348485 0.000000 -1.221212
v 1.469697 0.000000 -1.142424
v 1.439394 0.000000 -1.142424
v 1.469697 0.000000 -1.221212
v 1.439394 0.000000 -1.221212
v 1.439394 0.000000 -1.168687
v 1.439394 0.000000 -1.194950
v 1.469697 0.000000 -1.168687
v 1.469697 0.000000 -1.194950
v 1.439394 0.000000 -1.089899
v 1.439394 0.000000 -1.116162
v 1.469697 0.000000 -1.089899
v 1.469697 0.000000 -1.116162
v 1.348485 0.000000 -1.168687
v 1.348485 0.000000 -1.194950
v 1.378788 0.000000 -1.168687
v 1.378788 0.000000 -1.194950
v 1.348485 0.000000 -1.089899
v 1.348485 0.000000 -1.116162
v 1.378788 0.000000 -1.089899
v 1.378788 0.000000 -1.116162
v 1.257576 0.000000 -1.168687
v 1.257576 0.000000 -1.194950
v 1.287879 0.000000 -1.168687
v 1.287879 0.000000 -1.194950
v 1.257576 0.000000 -1.089899
v 1.257576 0.000000 -1.116162
v 1.287879 0.000000 -1.089899
v 1.287879 0.000000 -1.116162
v 1.348485 0.000000 -1.247474
v 1.348485 0.000000 -1.273737
v 1.378788 0.000000 -1.247474
v 1.378788 0.000000 -1.273737
v 1.257576 0.000000 -1.247474
v 1.257576 0.000000 -1.273737
v 1.287879 0.000000 -1.247474
v 1.287879 0.000000 -1.273737
v -1.287879 0.000000 -1.168687
v -1.287879 0.000000 -1.194950
v -1.257576 0.000000 -1.168687
v -1.257576 0.000000 -1.194950
v -1.287879 0.000000 -1.089899
v -1.287879 0.000000 -1.116162
v -1.257576 0.000000 -1.089899
v -1.257576 0.000000 -1.116162
v -1.378788 0.000000 -1.168687
v -1.378788 0.000000 -1.194950
v -1.348485 0.000000 -1.168687
v -1.348485 0.000000 -1.194950
v -1.378788 0.000000 -1.089899
v -1.378788 0.000000 -1.116162
v -1.348485 0.000000 -1.089899
v -1.348485 0.000000 -1.116162
v -1.469697 0.000000 -1.168687
v -1.469697 0.000000 -1.194950
v -1.439393 0.000000 -1.168687
v -1.439393 0.000000 -1.194950
v -1.469697 0.000000 -1.089899
v -1.469697 0.000000 -1.116162
v -1.439393 0.000000 -1.089899
v -1.439393 0.000000 -1.116162
v -1.378788 0.000000 -1.247474
v -1.378788 0.000000 -1.273737
v -1.348485 0.000000 -1.247474
v -1.348485 0.000000 -1.273737
v -1.469697 0.000000 -1.247474
v -1.469697 0.000000 -1.273737
v -1.439393 0.000000 -1.247474
v -1.439393 0.000000 -1.273737
v -1.015151 0.000000 -1.168687
v -1.015151 0.000000 -1.194950
v -0.984848 0.000000 -1.168687
v -0.984848 0.000000 -1.194950
v -1.015151 0.000000 -1.089899
v -1.015151 0.000000 -1.116162
v -0.984848 0.000000 -1.089899
v -0.984848 0.000000 -1.116162
v -1.106061 0.000000 -1.168687
v -1.106061 0.000000 -1.194950
v -1.075758 0.000000 -1.168687
v -1.075758 0.000000 -1.194950
v -1.106061 0.000000 -1.089899
v -1.106061 0.000000 -1.116162
v -1.075758 0.000000 -1.089899
v -1.075758 0.000000 -1.116162
v -1.196970 0.000000 -1.168687
v -1.196970 0.000000 -1.194950
v -1.166667 0.000000 -1.168687
v -1.166667 0.000000 -1.194950
v -1.196970 0.000000 -1.089899
v -1.196970 0.000000 -1.116162
v -1.166667 0.000000 -1.089899
v -1.166667 0.000000 -1.116162
v -1.106061 0.000000 -1.247474
v -1.106061 0.000000 -1.273737
v -1.075758 0.000000 -1.247474
v -1.075758 0.000000 -1.273737
v -1.196970 0.000000 -1.247474
v -1.196970 0.000000 -1.273737
v -1.166667 0.000000 -1.247474
v -1.166667 0.000000 -1.273737
v -0.742424 0.000000 -1.168687
v -0.742424 0.000000 -1.194950
v -0.712121 0.000000 -1.168687
v -0.712121 0.000000 -1.194950
v -0.742424 0.000000 -1.089899
v -0.742424 0.000000 -1.116162
v -0.712121 0.000000 -1.089899
v -0.712121 0.000000 -1.116162
v -0.833333 0.000000 -1.168687
v -0.833333 0.000000 -1.194950
v -0.803030 0.000000 -1.168687
v -0.803030 0.000000 -1.194950
v -0.833333 0.000000 -1.089899
v -0.833333 0.000000 -1.116162
v -0.803030 0.000000 -1.089899
v -0.803030 0.000000 -1.116162
v -0.924242 0.000000 -1.168687
v -0.924242 0.000000 -1.194950
v -0.893939 0.000000 -1.168687
v -0.893939 0.000000 -1.194950
v -0.924242 0.000000 -1.089899
v -0.924242 0.000000 -1.116162
v -0.893939 0.000000 -1.089899
v -0.893939 0.000000 -1.116162
v -0.833333 0.000000 -1.247474
v -0.833333 0.000000 -1.273737
v -0.803030 0.000000 -1.247474
v -0.803030 0.000000 -1.273737
v -0.924242 0.000000 -1.247474
v -0.924242 0.000000 -1.273737
v -0.893939 0.000000 -1.247474
v -0.893939 0.000000 -1.273737
v -0.469697 0.000000 -1.168687
v -0.469697 0.000000 -1.194950
v -0.439394 0.000000 -1.168687
v -0.439394 0.000000 -1.194950
v -0.469697 0.000000 -1.089899
v -0.469697 0.000000 -1.116162
v -0.439394 0.000000 -1.089899
v -0.439394 0.000000 -1.116162
v -0.560606 0.000000 -1.168687
v -0.560606 0.000000 -1.194950
v -0.530303 0.000000 -1.168687
v -0.530303 0.000000 -1.194950
v -0.560606 0.000000 -1.089899
v -0.560606 0.000000 -1.116162
v -0.530303 0.000000 -1.089899
v -0.530303 0.000000 -1.116162
v -0.651515 0.000000 -1.168687
v -0.651515 0.000000 -1.194950
v -0.621212 0.000000 -1.168687
v -0.621212 0.000000 -1.194950
v -0.651515 0.000000 -1.089899
v -0.651515 0.000000 -1.116162
v -0.621212 0.000000 -1.089899
v -0.621212 0.000000 -1.116162
v -0.560606 0.000000 -1.247474
v -0.560606 0.000000 -1.273737
v -0.530303 0.000000 -1.247474
v -0.530303 0.000000 -1.273737
v -0.651515 0.000000 -1.247474
v -0.651515 0.000000 -1.273737
v -0.621212 0.000000 -1.247474
v -0.621212 0.000000 -1.273737
v -0.196970 0.000000 -1.168687
v -0.196970 0.000000 -1.194950
v -0.166667 0.000000 -1.168687
v -0.166667 0.000000 -1.194950
v -0.196970 0.000000 -1.089899
v -0.196970 0.000000 -1.116162
v -0.166667 0.000000 -1.089899
v -0.166667 0.000000 -1.116162
v -0.287879 0.000000 -1.168687
v -0.287879 0.000000 -1.194950
v -0.257576 0.000000 -1.168687
v -0.257576 0.000000 -1.194950
v -0.287879 0.000000 -1.089899
v -0.287879 0.000000 -1.116162
v -0.257576 0.000000 -1.089899
v -0.257576 0.000000 -1.116162
v -0.378788 0.000000 -1.168687
v -0.378788 0.000000 -1.194950
v -0.348485 0.000000 -1.168687
v -0.348485 0.000000 -1.194950
v -0.378788 0.000000 -1.089899
v -0.378788 0.000000 -1.116162
v -0.348485 0.000000 -1.089899
v -0.348485 0.000000 -1.116162
v -0.287879 0.000000 -1.247474
v -0.287879 0.000000 -1.273737
v -0.257576 0.000000 -1.247474
v -0.257576 0.000000 -1.273737
v -0.378788 0.000000 -1.247474
v -0.378788 0.000000 -1.273737
v -0.348485 0.000000 -1.247474
v -0.348485 0.000000 -1.273737
v 0.075758 0.000000 -1.168687
v 0.075758 0.000000 -1.194950
v 0.106061 0.000000 -1.168687
v 0.106061 0.000000 -1.194950
v 0.075758 0.000000 -1.089899
v 0.075758 0.000000 -1.116162
v 0.106061 0.000000 -1.089899
v 0.106061 0.000000 -1.116162
v -0.015152 0.000000 -1.168687
v -0.015152 0.000000 -1.194950
v 0.015151 0.000000 -1.168687
v 0.015151 0.000000 -1.194950
v -0.015152 0.000000 -1.089899
v -0.015152 0.000000 -1.116162
v 0.015151 0.000000 -1.089899
v 0.015151 0.000000 -1.116162
v -0.106061 0.000000 -1.168687
v -0.106061 0.000000 -1.194950
v -0.075758 0.000000 -1.168687
v -0.075758 0.000000 -1.194950
v -0.106061 0.000000 -1.089899
v -0.106061 0.000000 -1.116162
v -0.075758 0.000000 -1.089899
v -0.075758 0.000000 -1.116162
v -0.015152 0.000000 -1.247474
v -0.015152 0.000000 -1.273737
v 0.015151 0.000000 -1.247474
v 0.015151 0.000000 -1.273737
v -0.106061 0.000000 -1.247474
v -0.106061 0.000000 -1.273737
v -0.075758 0.000000 -1.247474
v -0.075758 0.000000 -1.273737
v 0.348485 0.000000 -1.168687
v 0.348485 0.000000 -1.194950
v 0.378788 0.000000 -1.168687
v 0.378788 0.000000 -1.194950
v 0.348485 0.000000 -1.089899
v 0.348485 0.000000 -1.116162
v 0.378788 0.000000 -1.089899
v 0.378788 0.000000 -1.116162
v 0.257576 0.000000 -1.168687
v 0.257576 0.000000 -1.194950
v 0.287879 0.000000 -1.168687
v 0.287879 0.000000 -1.194950
v 0.257576 0.000000 -1.089899
v 0.257576 0.000000 -1.116162
v 0.287879 0.000000 -1.089899
v 0.287879 0.000000 -1.116162
v 0.166667 0.000000 -1.168687
v 0.166667 0.000000 -1.194950
v 0.196970 0.000000 -1.168687
v 0.196970 0.000000 -1.194950
v 0.166667 0.000000 -1.089899
v 0.166667 0.000000 -1.116162
v 0.196970 0.000000 -1.089899
v 0.196970 0.000000 -1.116162
v 0.257576 0.000000 -1.247474
v 0.257576 0.000000 -1.273737
v 0.287879 0.000000 -1.247474
v 0.287879 0.000000 -1.273737
v 0.166667 0.000000 -1.247474
v 0.166667 0.000000 -1.273737
v 0.196970 0.000000 -1.247474
v 0.196970 0.000000 -1.273737
v 0.621212 0.000000 -1.168687
v 0.621212 0.000000 -1.194950
v 0.651515 0.000000 -1.168687
v 0.651515 0.000000 -1.194950
v 0.621212 0.000000 -1.089899
v 0.621212 0.000000 -1.116162
v 0.651515 0.000000 -1.089899
v 0.651515 0.000000 -1.116162
v 0.530303 0.000000 -1.168687
v 0.530303 0.000000 -1.194950
v 0.560606 0.000000 -1.168687
v 0.560606 0.000000 -1.194950
v 0.530303 0.000000 -1.089899
v 0.530303 0.000000 -1.116162
v 0.560606 0.000000 -1.089899
v 0.560606 0.000000 -1.116162
v 0.439394 0.000000 -1.168687
v 0.439394 0.000000 -1.194950
v 0.469697 0.000000 -1.168687
v 0.469697 0.000000 -1.194950
v 0.439394 0.000000 -1.089899
v 0.439394 0.000000 -1.116162
v 0.469697 0.000000 -1.089899
v 0.469697 0.000000 -1.116162
v 0.530303 0.000000 -1.247474
v 0.530303 0.000000 -1.273737
v 0.560606 0.000000 -1.247474
v 0.560606 0.000000 -1.273737
v 0.439394 0.000000 -1.247474
v 0.439394 0.000000 -1.273737
v 0.469697 0.000000 -1.247474
v 0.469697 0.000000 -1.273737
v 0.893939 0.000000 -1.168687
v 0.893939 0.000000 -1.194950
v 0.924242 0.000000 -1.168687
v 0.924242 0.000000 -1.194950
v 0.893939 0.000000 -1.089899
v 0.893939 0.000000 -1.116162
v 0.924242 0.000000 -1.089899
v 0.924242 0.000000 -1.116162
v 0.803030 0.000000 -1.168687
v 0.803030 0.000000 -1.194950
v 0.833333 0.000000 -1.168687
v 0.833333 0.000000 -1.194950
v 0.803030 0.000000 -1.089899
v 0.803030 0.000000 -1.116162
v 0.833333 0.000000 -1.089899
v 0.833333 0.000000 -1.116162
v 0.712121 0.000000 -1.168687
v 0.712121 0.000000 -1.194950
v 0.742424 0.000000 -1.168687
v 0.742424 0.000000 -1.194950
v 0.712121 0.000000 -1.089899
v 0.712121 0.000000 -1.116162
v 0.742424 0.000000 -1.089899
v 0.742424 0.000000 -1.116162
v 0.803030 0.000000 -1.247474
v 0.803030 0.000000 -1.273737
v 0.833333 0.000000 -1.247474
v 0.833333 0.000000 -1.273737
v 0.712121 0.000000 -1.247474
v 0.712121 0.000000 -1.273737
v 0.742424 0.000000 -1.247474
v 0.742424 0.000000 -1.273737
v 1.166667 0.000000 -1.168687
v 1.166667 0.000000 -1.194950
v 1.196969 0.000000 -1.168687
v 1.196969 0.000000 -1.194950
v 1.166667 0.000000 -1.089899
v 1.166667 0.000000 -1.116162
v 1.196969 0.000000 -1.089899
v 1.196969 0.000000 -1.116162
v 1.075758 0.000000 -1.168687
v 1.075758 0.000000 -1.194950
v 1.106061 0.000000 -1.168687
v 1.106061 0.000000 -1.194950
v 1.075758 0.000000 -1.089899
v 1.075758 0.000000 -1.116162
v 1.106061 0.000000 -1.089899
v 1.106061 0.000000 -1.116162
v 0.984848 0.000000 -1.168687
v 0.984848 0.000000 -1.194950
v 1.015151 0.000000 -1.168687
v 1.015151 0.000000 -1.194950
v 0.984848 0.000000 -1.089899
v 0.984848 0.000000 -1.116162
v 1.015151 0.000000 -1.089899
v 1.015151 0.000000 -1.116162
v 1.075758 0.000000 -1.247474
v 1.075758 0.000000 -1.273737
v 1.106061 0.000000 -1.247474
v 1.106061 0.000000 -1.273737
v 0.984848 0.000000 -1.247474
v 0.984848 0.000000 -1.273737
v 1.015151 0.000000 -1.247474
v 1.015151 0.000000 -1.273737
v -1.287879 0.000000 1.194949
v -1.287879 0.000000 1.168687
v -1.257576 0.000000 1.194949
v -1.257576 0.000000 1.168687
v -1.287879 0.000000 1.273737
v -1.287879 0.000000 1.247474
v -1.257576 0.000000 1.273737
v -1.257576 0.000000 1.247474
v -1.378788 0.000000 1.194949
v -1.378788 0.000000 1.168687
v -1.348485 0.000000 1.194949
v -1.348485 0.000000 1.168687
v -1.378788 0.000000 1.273737
v -1.378788 0.000000 1.247474
v -1.348485 0.000000 1.273737
v -1.348485 0.000000 1.247474
v -1.469697 0.000000 1.194949
v -1.469697 0.000000 1.168687
v -1.439393 0.000000 1.194949
v -1.439393 0.000000 1.168687
v -1.469697 0.000000 1.273737
v -1.469697 0.000000 1.247474
v -1.439394 0.000000 1.273737
v -1.439394 0.000000 1.247474
v -1.378788 0.000000 1.116162
v -1.378788 0.000000 1.089899
v -1.348485 0.000000 1.116162
v -1.348485 0.000000 1.089899
v -1.469697 0.000000 1.116162
v -1.469697 0.000000 1.089899
v -1.439393 0.000000 1.116162
v -1.439393 0.000000 1.089899
v -1.287879 0.000000 0.958586
v -1.287879 0.000000 0.932323
v -1.257576 0.000000 0.958586
v -1.257576 0.000000 0.932323
v -1.287879 0.000000 1.037374
v -1.287879 0.000000 1.011111
v -1.257576 0.000000 1.037374
v -1.257576 0.000000 1.011111
v -1.378788 0.000000 0.958586
v -1.378788 0.000000 0.932323
v -1.348485 0.000000 0.958586
v -1.348485 0.000000 0.932323
v -1.378788 0.000000 1.037374
v -1.378788 0.000000 1.011111
v -1.348485 0.000000 1.037374
v -1.348485 0.000000 1.011111
v -1.469697 0.000000 0.958586
v -1.469697 0.000000 0.932323
v -1.439393 0.000000 0.958586
v -1.439393 0.000000 0.932323
v -1.469697 0.000000 1.037374
v -1.469697 0.000000 1.011111
v -1.439393 0.000000 1.037374
v -1.439393 0.000000 1.011111
v -1.378788 0.000000 0.879798
v -1.378788 0.000000 0.853535
v -1.348485 0.000000 0.879798
v -1.348485 0.000000 0.853535
v -1.469697 0.000000 0.879798
v -1.469697 0.000000 0.853535
v -1.439393 0.000000 0.879798
v -1.439393 0.000000 0.853535
v -1.287879 0.000000 0.722222
v -1.287879 0.000000 0.695960
v -1.257576 0.000000 0.722222
v -1.257576 0.000000 0.695960
v -1.287879 0.000000 0.801010
v -1.287879 0.000000 0.774747
v -1.257576 0.000000 0.801010
v -1.257576 0.000000 0.774747
v -1.378788 0.000000 0.722222
v -1.378788 0.000000 0.695960
v -1.348485 0.000000 0.722222
v -1.348485 0.000000 0.695960
v -1.378788 0.000000 0.801010
v -1.378788 0.000000 0.774747
v -1.348485 0.000000 0.801010
v -1.348485 0.000000 0.774747
v -1.469697 0.000000 0.722222
v -1.469697 0.000000 0.695960
v -1.439393 0.000000 0.722222
v -1.439393 0.000000 0.695960
v -1.469697 0.000000 0.801010
v -1.469697 0.000000 0.774747
v -1.439393 0.000000 0.801010
v -1.439393 0.000000 0.774747
v -1.378788 0.000000 0.643434
v -1.378788 0.000000 0.617172
v -1.348485 0.000000 0.643434
v -1.348485 0.000000 0.617172
v -1.469697 0.000000 0.643434
v -1.469697 0.000000 0.617172
v -1.439393 0.000000 0.643434
v -1.439393 0.000000 0.617172
v -1.287879 0.000000 0.485859
v -1.287879 0.000000 0.459596
v -1.257576 0.000000 0.485859
v -1.257576 0.000000 0.459596
v -1.287879 0.000000 0.564647
v -1.287879 0.000000 0.538384
v -1.257576 0.000000 0.564647
v -1.257576 0.000000 0.538384
v -1.378788 0.000000 0.485859
v -1.378788 0.000000 0.459596
v -1.348485 0.000000 0.485859
v -1.348485 0.000000 0.459596
v -1.378788 0.000000 0.564647
v -1.378788 0.000000 0.538384
v -1.348485 0.000000 0.564647
v -1.348485 0.000000 0.538384
v -1.469697 0.000000 0.485859
v -1.469697 0.000000 0.459596
v -1.439393 0.000000 0.485859
v -1.439393 0.000000 0.459596
v -1.469697 0.000000 0.564647
v -1.469697 0.000000 0.538384
v -1.439393 0.000000 0.564647
v -1.439393 0.000000 0.538384
v -1.378788 0.000000 0.407071
v -1.378788 0.000000 0.380808
v -1.348485 0.000000 0.407071
v -1.348485 0.000000 0.380808
v -1.469697 0.000000 0.407071
v -1.469697 0.000000 0.380808
v -1.439393 0.000000 0.407071
v -1.439393 0.000000 0.380808
v -1.287879 0.000000 0.249495
v -1.287879 0.000000 0.223232
v -1.257576 0.000000 0.249495
v -1.257576 0.000000 0.223232
v -1.287879 0.000000 0.328283
v -1.287879 0.000000 0.302020
v -1.257576 0.000000 0.328283
v -1.257576 0.000000 0.302020
v -1.378788 0.000000 0.249495
v -1.378788 0.000000 0.223232
v -1.348485 0.000000 0.249495
v -1.348485 0.000000 0.223232
v -1.378788 0.000000 0.328283
v -1.378788 0.000000 0.302020
v -1.348485 0.000000 0.328283
v -1.348485 0.000000 0.302020
v -1.469697 0.000000 0.249495
v -1.469697 0.000000 0.223232
v -1.439393 0.000000 0.249495
v -1.439393 0.000000 0.223232
v -1.469697 0.000000 0.328283
v -1.469697 0.000000 0.302020
v -1.439393 0.000000 0.328283
v -1.439393 0.000000 0.302020
v -1.378788 0.000000 0.170707
v -1.378788 0.000000 0.144444
v -1.348485 0.000000 0.170707
v -1.348485 0.000000 0.144444
v -1.469697 0.000000 0.170707
v -1.469697 0.000000 0.144444
v -1.439393 0.000000 0.170707
v -1.439393 0.000000 0.144444
v -1.287879 0.000000 0.013131
v -1.287879 0.000000 -0.013131
v -1.257576 0.000000 0.013131
v -1.257576 0.000000 -0.013131
v -1.287879 0.000000 0.091919
v -1.287879 0.000000 0.065657
v -1.257576 0.000000 0.091919
v -1.257576 0.000000 0.065657
v -1.378788 0.000000 0.013131
v -1.378788 0.000000 -0.013131
v -1.348485 0.000000 0.013131
v -1.348485 0.000000 -0.013131
v -1.378788 0.000000 0.091919
v -1.378788 0.000000 0.065657
v -1.348485 0.000000 0.091919
v -1.348485 0.000000 0.065657
v -1.469697 0.000000 0.013131
v -1.469697 0.000000 -0.013131
v -1.439393 0.000000 0.013131
v -1.439393 0.000000 -0.013131
v -1.469697 0.000000 0.091919
v -1.469697 0.000000 0.065657
v -1.439393 0.000000 0.091919
v -1.439393 0.000000 0.065657
v -1.378788 0.000000 -0.065657
v -1.378788 0.000000 -0.091919
v -1.348485 0.000000 -0.065657
v -1.348485 0.000000 -0.091919
v -1.469697 0.000000 -0.065657
v -1.469697 0.000000 -0.091919
v -1.439393 0.000000 -0.065657
v -1.439393 0.000000 -0.091919
v -1.287879 0.000000 -0.223232
v -1.287879 0.000000 -0.249495
v -1.257576 0.000000 -0.223232
v -1.257576 0.000000 -0.249495
v -1.287879 0.000000 -0.144444
v -1.287879 0.000000 -0.170707
v -1.257576 0.000000 -0.144444
v -1.257576 0.000000 -0.170707
v -1.378788 0.000000 -0.223232
v -1.378788 0.000000 -0.249495
v -1.348485 0.000000 -0.223232
v -1.348485 0.000000 -0.249495
v -1.378788 0.000000 -0.144444
v -1.378788 0.000000 -0.170707
v -1.348485 0.000000 -0.144444
v -1.348485 0.000000 -0.170707
v -1.469697 0.000000 -0.223232
v -1.469697 0.000000 -0.249495
v -1.439393 0.000000 -0.223232
v -1.439393 0.000000 -0.249495
v -1.469697 0.000000 -0.144444
v -1.469697 0.000000 -0.170707
v -1.439393 0.000000 -0.144444
v -1.439393 0.000000 -0.170707
v -1.378788 0.000000 -0.302020
v -1.378788 0.000000 -0.328283
v -1.348485 0.000000 -0.302020
v -1.348485 0.000000 -0.328283
v -1.469697 0.000000 -0.302020
v -1.469697 0.000000 -0.328283
v -1.439393 0.000000 -0.302020
v -1.439393 0.000000 -0.328283
v -1.287879 0.000000 -0.459596
v -1.287879 0.000000 -0.485859
v -1.257576 0.000000 -0.459596
v -1.257576 0.000000 -0.485859
v -1.287879 0.000000 -0.380808
v -1.287879 0.000000 -0.407071
v -1.257576 0.000000 -0.380808
v -1.257576 0.000000 -0.407071
v -1.378788 0.000000 -0.459596
v -1.378788 0.000000 -0.485859
v -1.348485 0.000000 -0.459596
v -1.348485 0.000000 -0.485859
v -1.378788 0.000000 -0.380808
v -1.378788 0.000000 -0.407071
v -1.348485 0.000000 -0.380808
v -1.348485 0.000000 -0.407071
v -1.469697 0.000000 -0.459596
v -1.469697 0.000000 -0.485859
v -1.439393 0.000000 -0.459596
v -1.439393 0.000000 -0.485859
v -1.469697 0.000000 -0.380808
v -1.469697 0.000000 -0.407071
v -1.439393 0.000000 -0.380808
v -1.439393 0.000000 -0.407071
v -1.378788 0.000000 -0.538384
v -1.378788 0.000000 -0.564647
v -1.348485 0.000000 -0.538384
v -1.348485 0.000000 -0.564646
v -1.469697 0.000000 -0.538384
v -1.469697 0.000000 -0.564647
v -1.439393 0.000000 -0.538384
v -1.439393 0.000000 -0.564647
v -1.287879 0.000000 -0.695960
v -1.287879 0.000000 -0.722222
v -1.257576 0.000000 -0.695960
v -1.257576 0.000000 -0.722222
v -1.287879 0.000000 -0.617172
v -1.287879 0.000000 -0.643434
v -1.257576 0.000000 -0.617172
v -1.257576 0.000000 -0.643434
v -1.378788 0.000000 -0.695960
v -1.378788 0.000000 -0.722222
v -1.348485 0.000000 -0.695960
v -1.348485 0.000000 -0.722222
v -1.378788 0.000000 -0.617172
v -1.378788 0.000000 -0.643434
v -1.348485 0.000000 -0.617172
v -1.348485 0.000000 -0.643434
v -1.469697 0.000000 -0.695960
v -1.469697 0.000000 -0.722222
v -1.439393 0.000000 -0.695960
v -1.439393 0.000000 -0.722222
v -1.469697 0.000000 -0.617172
v -1.469697 0.000000 -0.643434
v -1.439393 0.000000 -0.617172
v -1.439393 0.000000 -0.643434
v -1.378788 0.000000 -0.774748
v -1.378788 0.000000 -0.801010
v -1.348485 0.000000 -0.774748
v -1.348485 0.000000 -0.801010
v -1.469697 0.000000 -0.774748
v -1.469697 0.000000 -0.801010
v -1.439393 0.000000 -0.774748
v -1.439393 0.000000 -0.801010
v -1.287879 0.000000 -0.932323
v -1.287879 0.000000 -0.958586
v -1.257576 0.000000 -0.932323
v -1.257576 0.000000 -0.958586
v -1.287879 0.000000 -0.853535
v -1.287879 0.000000 -0.879798
v -1.257576 0.000000 -0.853535
v -1.257576 0.000000 -0.879798
v -1.378788 0.000000 -0.932323
v -1.378788 0.000000 -0.958586
v -1.348485 0.000000 -0.932323
v -1.348485 0.000000 -0.958586
v -1.378788 0.000000 -0.853535
v -1.378788 0.000000 -0.879798
v -1.348485 0.000000 -0.853535
v -1.348485 0.000000 -0.879798
v -1.469697 0.000000 -0.932323
v -1.469697 0.000000 -0.958586
v -1.439393 0.000000 -0.932323
v -1.439393 0.000000 -0.958586
v -1.469697 0.000000 -0.853535
v -1.469697 0.000000 -0.879798
v -1.439393 0.000000 -0.853535
v -1.439393 0.000000 -0.879798
v -1.378788 0.000000 -1.011111
v -1.378788 0.000000 -1.037374
v -1.348485 0.000000 -1.011111
v -1.348485 0.000000 -1.037374
v -1.469697 0.000000 -1.011111
v -1.469697 0.000000 -1.037374
v -1.439393 0.000000 -1.011111
v -1.439393 0.000000 -1.037374
v -1.015151 0.000000 1.194949
v -1.015151 0.000000 1.168687
v -0.984848 0.000000 1.194949
v -0.984848 0.000000 1.168687
v -1.015152 0.000000 1.273737
v -1.015151 0.000000 1.247474
v -0.984848 0.000000 1.273737
v -0.984848 0.000000 1.247474
v -1.106061 0.000000 1.194949
v -1.106061 0.000000 1.168687
v -1.075758 0.000000 1.194949
v -1.075758 0.000000 1.168687
v -1.106061 0.000000 1.273737
v -1.106061 0.000000 1.247474
v -1.075758 0.000000 1.273737
v -1.075758 0.000000 1.247474
v -1.196970 0.000000 1.194949
v -1.196970 0.000000 1.168687
v -1.166667 0.000000 1.194949
v -1.166667 0.000000 1.168687
v -1.196970 0.000000 1.273737
v -1.196970 0.000000 1.247474
v -1.166667 0.000000 1.273737
v -1.166667 0.000000 1.247474
v -1.106061 0.000000 1.116162
v -1.106061 0.000000 1.089899
v -1.075758 0.000000 1.116162
v -1.075758 0.000000 1.089899
v -1.196970 0.000000 1.116162
v -1.196970 0.000000 1.089899
v -1.166667 0.000000 1.116162
v -1.166667 0.000000 1.089899
v -1.015151 0.000000 0.958586
v -1.015151 0.000000 0.932323
v -0.984848 0.000000 0.958586
v -0.984848 0.000000 0.932323
v -1.015151 0.000000 1.037374
v -1.015151 0.000000 1.011111
v -0.984848 0.000000 1.037374
v -0.984848 0.000000 1.011111
v -1.106061 0.000000 0.958586
v -1.106061 0.000000 0.932323
v -1.075758 0.000000 0.958586
v -1.075758 0.000000 0.932323
v -1.106061 0.000000 1.037374
v -1.106061 0.000000 1.011111
v -1.075758 0.000000 1.037374
v -1.075758 0.000000 1.011111
v -1.196970 0.000000 0.958586
v -1.196970 0.000000 0.932323
v -1.166667 0.000000 0.958586
v -1.166667 0.000000 0.932323
v -1.196970 0.000000 1.037374
v -1.196970 0.000000 1.011111
v -1.166667 0.000000 1.037374
v -1.166667 0.000000 1.011111
v -1.106061 0.000000 0.879798
v -1.106061 0.000000 0.853535
v -1.075758 0.000000 0.879798
v -1.075758 0.000000 0.853535
v -1.196970 0.000000 0.879798
v -1.196970 0.000000 0.853535
v -1.166667 0.000000 0.879798
v -1.166667 0.000000 0.853535
v -1.015151 0.000000 0.722222
v -1.015151 0.000000 0.695960
v -0.984848 0.000000 0.722222
v -0.984848 0.000000 0.695960
v -1.015151 0.000000 0.801010
v -1.015151 0.000000 0.774747
v -0.984848 0.000000 0.801010
v -0.984848 0.000000 0.774747
v -1.106061 0.000000 0.722222
v -1.106061 0.000000 0.695960
v -1.075758 0.000000 0.722222
v -1.075758 0.000000 0.695960
v -1.106061 0.000000 0.801010
v -1.106061 0.000000 0.774747
v -1.075758 0.000000 0.801010
v -1.075758 0.000000 0.774747
v -1.196970 0.000000 0.722222
v -1.196970 0.000000 0.695960
v -1.166667 0.000000 0.722222
v -1.166667 0.000000 0.695960
v -1.196970 0.000000 0.801010
v -1.196970 0.000000 0.774747
v -1.166667 0.000000 0.801010
v -1.166667 0.000000 0.774747
v -1.106061 0.000000 0.643434
v -1.106061 0.000000 0.617172
v -1.075758 0.000000 0.643434
v -1.075758 0.000000 0.617172
v -1.196970 0.000000 0.643434
v -1.196970 0.000000 0.617172
v -1.166667 0.000000 0.643434
v -1.166667 0.000000 0.617172
v -1.015151 0.000000 0.485859
v -1.015151 0.000000 0.459596
v -0.984848 0.000000 0.485859
v -0.984848 0.000000 0.459596
v -1.015151 0.000000 0.564647
v -1.015151 0.000000 0.538384
v -0.984848 0.000000 0.564647
v -0.984848 0.000000 0.538384
v -1.106061 0.000000 0.485859
v -1.106061 0.000000 0.459596
v -1.075758 0.000000 0.485859
v -1.075758 0.000000 0.459596
v -1.106061 0.000000 0.564647
v -1.106061 0.000000 0.538384
v -1.075758 0.000000 0.564647
v -1.075758 0.000000 0.538384
v -1.196970 0.000000 0.485859
v -1.196970 0.000000 0.459596
v -1.166667 0.000000 0.485859
v -1.166667 0.000000 0.459596
v -1.196970 0.000000 0.564647
v -1.196970 0.000000 0.538384
v -1.166667 0.000000 0.564647
v -1.166667 0.000000 0.538384
v -1.106061 0.000000 0.407071
v -1.106061 0.000000 0.380808
v -1.075758 0.000000 0.407071
v -1.075758 0.000000 0.380808
v -1.196970 0.000000 0.407071
v -1.196970 0.000000 0.380808
v -1.166667 0.000000 0.407071
v -1.166667 0.000000 0.380808
v -1.015151 0.000000 0.249495
v -1.015151 0.000000 0.223232
v -0.984848 0.000000 0.249495
v -0.984848 0.000000 0.223232
v -1.015151 0.000000 0.328283
v -1.015151 0.000000 0.302020
v -0.984848 0.000000 0.328283
v -0.984848 0.000000 0.302020
v -1.106061 0.000000 0.249495
v -1.106061 0.000000 0.223232
v -1.075758 0.000000 0.249495
v -1.075758 0.000000 0.223232
v -1.106061 0.000000 0.328283
v -1.106061 0.000000 0.302020
v -1.075758 0.000000 0.328283
v -1.075758 0.000000 0.302020
v -1.196970 0.000000 0.249495
v -1.196970 0.000000 0.223232
v -1.166667 0.000000 0.249495
v -1.166667 0.000000 0.223232
v -1.196970 0.000000 0.328283
v -1.196970 0.000000 0.302020
v -1.166667 0.000000 0.328283
v -1.166667 0.000000 0.302020
v -1.106061 0.000000 0.170707
v -1.106061 0.000000 0.144444
v -1.075758 0.000000 0.170707
v -1.075758 0.000000 0.144444
v -1.196970 0.000000 0.170707
v -1.196970 0.000000 0.144444
v -1.166667 0.000000 0.170707
v -1.166667 0.000000 0.144444
v -1.015151 0.000000 0.013131
v -1.015151 0.000000 -0.013131
v -0.984848 0.000000 0.013131
v -0.984848 0.000000 -0.013131
v -1.015151 0.000000 0.091919
v -1.015151 0.000000 0.065657
v -0.984848 0.000000 0.091919
v -0.984848 0.000000 0.065657
v -1.106061 0.000000 0.013131
v -1.106061 0.000000 -0.013131
v -1.075758 0.000000 0.013131
v -1.075758 0.000000 -0.013131
v -1.106061 0.000000 0.091919
v -1.106061 0.000000 0.065657
v -1.075758 0.000000 0.091919
v -1.075758 0.000000 0.065657
v -1.196970 0.000000 0.013131
v -1.196970 0.000000 -0.013131
v -1.166667 0.000000 0.013131
v -1.166667 0.000000 -0.013131
v -1.196970 0.000000 0.091919
v -1.196970 0.000000 0.065657
v -1.166667 0.000000 0.091919
v -1.166667 0.000000 0.065657
v -1.106061 0.000000 -0.065657
v -1.106061 0.000000 -0.091919
v -1.075758 0.000000 -0.065657
v -1.075758 0.000000 -0.091919
v -1.196970 0.000000 -0.065657
v -1.196970 0.000000 -0.091919
v -1.166667 0.000000 -0.065657
v -1.166667 0.000000 -0.091919
v -1.015151 0.000000 -0.223232
v -1.015151 0.000000 -0.249495
v -0.984848 0.000000 -0.223232
v -0.984848 0.000000 -0.249495
v -1.015151 0.000000 -0.144444
v -1.015151 0.000000 -0.170707
v -0.984848 0.000000 -0.144444
v -0.984848 0.000000 -0.170707
v -1.106061 0.000000 -0.223232
v -1.106061 0.000000 -0.249495
v -1.075758 0.000000 -0.223232
v -1.075758 0.000000 -0.249495
v -1.106061 0.000000 -0.144444
v -1.106061 0.000000 -0.170707
v -1.075758 0.000000 -0.144444
v -1.075758 0.000000 -0.170707
v -1.196970 0.000000 -0.223232
v -1.196970 0.000000 -0.249495
v -1.166667 0.000000 -0.223232
v -1.166667 0.000000 -0.249495
v -1.196970 0.000000 -0.144444
v -1.196970 0.000000 -0.170707
v -1.166667 0.000000 -0.144444
v -1.166667 0.000000 -0.170707
v -1.106061 0.000000 -0.302020
v -1.106061 0.000000 -0.328283
v -1.075758 0.000000 -0.302020
v -1.075758 0.000000 -0.328283
v -1.196970 0.000000 -0.302020
v -1.196970 0.000000 -0.328283
v -1.166667 0.000000 -0.302020
v -1.166667 0.000000 -0.328283
v -1.015151 0.000000 -0.459596
v -1.015151 0.000000 -0.485859
v -0.984848 0.000000 -0.459596
v -0.984848 0.000000 -0.485859
v -1.015151 0.000000 -0.380808
v -1.015151 0.000000 -0.407071
v -0.984848 0.000000 -0.380808
v -0.984848 0.000000 -0.407071
v -1.106061 0.000000 -0.459596
v -1.106061 0.000000 -0.485859
v -1.075758 0.000000 -0.459596
v -1.075758 0.000000 -0.485859
v -1.106061 0.000000 -0.380808
v -1.106061 0.000000 -0.407071
v -1.075758 0.000000 -0.380808
v -1.075758 0.000000 -0.407071
v -1.196970 0.000000 -0.459596
v -1.196970 0.000000 -0.485859
v -1.166667 0.000000 -0.459596
v -1.166667 0.000000 -0.485859
v -1.196970 0.000000 -0.380808
v -1.196970 0.000000 -0.407071
v -1.166667 0.000000 -0.380808
v -1.166667 0.000000 -0.407071
v -1.106061 0.000000 -0.538384
v -1.106061 0.000000 -0.564646
v -1.075758 0.000000 -0.538384
v -1.075758 0.000000 -0.564646
v -1.196970 0.000000 -0.538384
v -1.196970 0.000000 -0.564646
v -1.166667 0.000000 -0.538384
v -1.166667 0.000000 -0.564646
v -1.015151 0.000000 -0.695960
v -1.015151 0.000000 -0.722222
v -0.984848 0.000000 -0.695960
v -0.984848 0.000000 -0.722222
v -1.015151 0.000000 -0.617172
v -1.015151 0.000000 -0.643434
v -0.984848 0.000000 -0.617172
v -0.984848 0.000000 -0.643434
v -1.106061 0.000000 -0.695960
v -1.106061 0.000000 -0.722222
v -1.075758 0.000000 -0.695960
v -1.075758 0.000000 -0.722222
v -1.106061 0.000000 -0.617172
v -1.106061 0.000000 -0.643434
v -1.075758 0.000000 -0.617172
v -1.075758 0.000000 -0.643434
v -1.196970 0.000000 -0.695960
v -1.196970 0.000000 -0.722222
v -1.166667 0.000000 -0.695960
v -1.166667 0.000000 -0.722222
v -1.196970 0.000000 -0.617172
v -1.196970 0.000000 -0.643434
v -1.166667 0.000000 -0.617172
v -1.166667 0.000000 -0.643434
v -1.106061 0.000000 -0.774748
v -1.106061 0.000000 -0.801010
v -1.075758 0.000000 -0.774748
v -1.075758 0.000000 -0.801010
v -1.196970 0.000000 -0.774748
v -1.196970 0.000000 -0.801010
v -1.166667 0.000000 -0.774748
v -1.166667 0.000000 -0.801010
v -1.015151 0.000000 -0.932323
v -1.015151 0.000000 -0.958586
v -0.984848 0.000000 -0.932323
v -0.984848 0.000000 -0.958586
v -1.015151 0.000000 -0.853535
v -1.015151 0.000000 -0.879798
v -0.984848 0.000000 -0.853535
v -0.984848 0.000000 -0.879798
v -1.106061 0.000000 -0.932323
v -1.106061 0.000000 -0.958586
v -1.075758 0.000000 -0.932323
v -1.075758 0.000000 -0.958586
v -1.106061 0.000000 -0.853535
v -1.106061 0.000000 -0.879798
v -1.075758 0.000000 -0.853535
v -1.075758 0.000000 -0.879798
v -1.196970 0.000000 -0.932323
v -1.196970 0.000000 -0.958586
v -1.166667 0.000000 -0.932323
v -1.166667 0.000000 -0.958586
v -1.196970 0.000000 -0.853535
v -1.196970 0.000000 -0.879798
v -1.166667 0.000000 -0.853535
v -1.166667 0.000000 -0.879798
v -1.106061 0.000000 -1.011111
v -1.106061 0.000000 -1.037374
v -1.075758 0.000000 -1.011111
v -1.075758 0.000000 -1.037374
v -1.196970 0.000000 -1.011111
v -1.196970 0.000000 -1.037374
v -1.166667 0.000000 -1.011111
v -1.166667 0.000000 -1.037374
v -0.833333 0.000000 1.194949
v -0.833333 0.000000 1.168687
v -0.803030 0.000000 1.194949
v -0.803030 0.000000 1.168687
v -0.833334 0.000000 1.273737
v -0.833333 0.000000 1.247474
v -0.803030 0.000000 1.273737
v -0.803030 0.000000 1.247474
v -0.924242 0.000000 1.194949
v -0.924242 0.000000 1.168687
v -0.893939 0.000000 1.194949
v -0.893939 0.000000 1.168687
v -0.924242 0.000000 1.273737
v -0.924242 0.000000 1.247474
v -0.893939 0.000000 1.273737
v -0.893939 0.000000 1.247474
v -0.833333 0.000000 1.116162
v -0.833333 0.000000 1.089899
v -0.803030 0.000000 1.116162
v -0.803030 0.000000 1.089899
v -0.924242 0.000000 1.116162
v -0.924242 0.000000 1.089899
v -0.893939 0.000000 1.116162
v -0.893939 0.000000 1.089899
v -0.833333 0.000000 0.958586
v -0.833333 0.000000 0.932323
v -0.803030 0.000000 0.958586
v -0.803030 0.000000 0.932323
v -0.833333 0.000000 1.037374
v -0.833333 0.000000 1.011111
v -0.803030 0.000000 1.037374
v -0.803030 0.000000 1.011111
v -0.924242 0.000000 0.958586
v -0.924242 0.000000 0.932323
v -0.893939 0.000000 0.958586
v -0.893939 0.000000 0.932323
v -0.924242 0.000000 1.037374
v -0.924242 0.000000 1.011111
v -0.893939 0.000000 1.037374
v -0.893939 0.000000 1.011111
v -0.833333 0.000000 0.879798
v -0.833333 0.000000 0.853535
v -0.803030 0.000000 0.879798
v -0.803030 0.000000 0.853535
v -0.924242 0.000000 0.879798
v -0.924242 0.000000 0.853535
v -0.893939 0.000000 0.879798
v -0.893939 0.000000 0.853535
v -0.833333 0.000000 0.722222
v -0.833333 0.000000 0.695960
v -0.803030 0.000000 0.722222
v -0.803030 0.000000 0.695960
v -0.833333 0.000000 0.801010
v -0.833333 0.000000 0.774747
v -0.803030 0.000000 0.801010
v -0.803030 0.000000 0.774747
v -0.924242 0.000000 0.722222
v -0.924242 0.000000 0.695960
v -0.893939 0.000000 0.722222
v -0.893939 0.000000 0.695960
v -0.924242 0.000000 0.801010
v -0.924242 0.000000 0.774747
v -0.893939 0.000000 0.801010
v -0.893939 0.000000 0.774747
v -0.833333 0.000000 0.643434
v -0.833333 0.000000 0.617172
v -0.803030 0.000000 0.643434
v -0.803030 0.000000 0.617172
v -0.924242 0.000000 0.643434
v -0.924242 0.000000 0.617172
v -0.893939 0.000000 0.643434
v -0.893939 0.000000 0.617172
v -0.833333 0.000000 0.485859
v -0.833333 0.000000 0.459596
v -0.803030 0.000000 0.485859
v -0.803030 0.000000 0.459596
v -0.833333 0.000000 0.564647
v -0.833333 0.000000 0.538384
v -0.803030 0.000000 0.564647
v -0.803030 0.000000 0.538384
v -0.924242 0.000000 0.485859
v -0.924242 0.000000 0.459596
v -0.893939 0.000000 0.485859
v -0.893939 0.000000 0.459596
v -0.924242 0.000000 0.564647
v -0.924242 0.000000 0.538384
v -0.893939 0.000000 0.564647
v -0.893939 0.000000 0.538384
v -0.833333 0.000000 0.407071
v -0.833333 0.000000 0.380808
v -0.803030 0.000000 0.407071
v -0.803030 0.000000 0.380808
v -0.924242 0.000000 0.407071
v -0.924242 0.000000 0.380808
v -0.893939 0.000000 0.407071
v -0.893939 0.000000 0.380808
v -0.833333 0.000000 0.249495
v -0.833333 0.000000 0.223232
v -0.803030 0.000000 0.249495
v -0.803030 0.000000 0.223232
v -0.833333 0.000000 0.328283
v -0.833333 0.000000 0.302020
v -0.803030 0.000000 0.328283
v -0.803030 0.000000 0.302020
v -0.924242 0.000000 0.249495
v -0.924242 0.000000 0.223232
v -0.893939 0.000000 0.249495
v -0.893939 0.000000 0.223232
v -0.924242 0.000000 0.328283
v -0.924242 0.000000 0.302020
v -0.893939 0.000000 0.328283
v -0.893939 0.000000 0.302020
v -0.833333 0.000000 0.170707
v -0.833333 0.000000 0.144444
v -0.803030 0.000000 0.170707
v -0.803030 0.000000 0.144444
v -0.924242 0.000000 0.170707
v -0.924242 0.000000 0.144444
v -0.893939 0.000000 0.170707
v -0.893939 0.000000 0.144444
v -0.833333 0.000000 0.013131
v -0.833333 0.000000 -0.013131
v -0.803030 0.000000 0.013131
v -0.803030 0.000000 -0.013131
v -0.833333 0.000000 0.091919
v -0.833333 0.000000 0.065657
v -0.803030 0.000000 0.091919
v -0.803030 0.000000 0.065657
v -0.924242 0.000000 0.013131
v -0.924242 0.000000 -0.013131
v -0.893939 0.000000 0.013131
v -0.893939 0.000000 -0.013131
v -0.924242 0.000000 0.091919
v -0.924242 0.000000 0.065657
v -0.893939 0.000000 0.091919
v -0.893939 0.000000 0.065657
v -0.833333 0.000000 -0.065657
v -0.833333 0.000000 -0.091919
v -0.803030 0.000000 -0.065657
v -0.803030 0.000000 -0.091919
v -0.924242 0.000000 -0.065657
v -0.924242 0.000000 -0.091919
v -0.893939 0.000000 -0.065657
v -0.893939 0.000000 -0.091919
v -0.833333 0.000000 -0.223232
v -0.833333 0.000000 -0.249495
v -0.803030 0.000000 -0.223232
v -0.803030 0.000000 -0.249495
v -0.833333 0.000000 -0.144444
v -0.833333 0.000000 -0.170707
v -0.803030 0.000000 -0.144444
v -0.803030 0.000000 -0.170707
v -0.924242 0.000000 -0.223232
v -0.924242 0.000000 -0.249495
v -0.893939 0.000000 -0.223232
v -0.893939 0.000000 -0.249495
v -0.924242 0.000000 -0.144444
v -0.924242 0.000000 -0.170707
v -0.893939 0.000000 -0.144444
v -0.893939 0.000000 -0.170707
v -0.833333 0.000000 -0.302020
v -0.833333 0.000000 -0.328283
v -0.803030 0.000000 -0.302020
v -0.803030 0.000000 -0.328283
v -0.924242 0.000000 -0.302020
v -0.924242 0.000000 -0.328283
v -0.893939 0.000000 -0.302020
v -0.893939 0.000000 -0.328283
v -0.833333 0.000000 -0.459596
v -0.833333 0.000000 -0.485859
v -0.803030 0.000000 -0.459596
v -0.803030 0.000000 -0.485859
v -0.833333 0.000000 -0.380808
v -0.833333 0.000000 -0.407071
v -0.803030 0.000000 -0.380808
v -0.803030 0.000000 -0.407071
v -0.924242 0.000000 -0.459596
v -0.924242 0.000000 -0.485859
v -0.893939 0.000000 -0.459596
v -0.893939 0.000000 -0.485859
v -0.924242 0.000000 -0.380808
v -0.924242 0.000000 -0.407071
v -0.893939 0.000000 -0.380808
v -0.893939 0.000000 -0.407071
v -0.833333 0.000000 -0.538384
v -0.833333 0.000000 -0.564646
v -0.803030 0.000000 -0.538384
v -0.803030 0.000000 -0.564646
v -0.924242 0.000000 -0.538384
v -0.924242 0.000000 -0.564646
v -0.893939 0.000000 -0.538384
v -0.893939 0.000000 -0.564646
v -0.742424 0.000000 -0.695960
v -0.742424 0.000000 -0.722222
v -0.712121 0.000000 -0.695960
v -0.712121 0.000000 -0.722222
v -0.833333 0.000000 -0.695960
v -0.833333 0.000000 -0.722222
v -0.803030 0.000000 -0.695960
v -0.803030 0.000000 -0.722222
v -0.833333 0.000000 -0.617172
v -0.833333 0.000000 -0.643434
v -0.803030 0.000000 -0.617172
v -0.803030 0.000000 -0.643434
v -0.924242 0.000000 -0.695960
v -0.924242 0.000000 -0.722222
v -0.893939 0.000000 -0.695960
v -0.893939 0.000000 -0.722222
v -0.924242 0.000000 -0.617172
v -0.924242 0.000000 -0.643434
v -0.893939 0.000000 -0.617172
v -0.893939 0.000000 -0.643434
v -0.833333 0.000000 -0.774748
v -0.833333 0.000000 -0.801010
v -0.803030 0.000000 -0.774748
v -0.803030 0.000000 -0.801010
v -0.924242 0.000000 -0.774748
v -0.924242 0.000000 -0.801010
v -0.893939 0.000000 -0.774748
v -0.893939 0.000000 -0.801010
v -0.742424 0.000000 -0.932323
v -0.742424 0.000000 -0.958586
v -0.712121 0.000000 -0.932323
v -0.712121 0.000000 -0.958586
v -0.742424 0.000000 -0.853535
v -0.742424 0.000000 -0.879798
v -0.712121 0.000000 -0.853535
v -0.712121 0.000000 -0.879798
v -0.833333 0.000000 -0.932323
v -0.833333 0.000000 -0.958586
v -0.803030 0.000000 -0.932323
v -0.803030 0.000000 -0.958586
v -0.833333 0.000000 -0.853535
v -0.833333 0.000000 -0.879798
v -0.803030 0.000000 -0.853535
v -0.803030 0.000000 -0.879798
v -0.924242 0.000000 -0.932323
v -0.924242 0.000000 -0.958586
v -0.893939 0.000000 -0.932323
v -0.893939 0.000000 -0.958586
v -0.924242 0.000000 -0.853535
v -0.924242 0.000000 -0.879798
v -0.893939 0.000000 -0.853535
v -0.893939 0.000000 -0.879798
v -0.833333 0.000000 -1.011111
v -0.833333 0.000000 -1.037374
v -0.803030 0.000000 -1.011111
v -0.803030 0.000000 -1.037374
v -0.924242 0.000000 -1.011111
v -0.924242 0.000000 -1.037374
v -0.893939 0.000000 -1.011111
v -0.893939 0.000000 -1.037374
v -0.469697 0.000000 -0.695960
v -0.469697 0.000000 -0.722222
v -0.439394 0.000000 -0.695960
v -0.439394 0.000000 -0.722222
v -0.560606 0.000000 -0.695960
v -0.560606 0.000000 -0.722222
v -0.530303 0.000000 -0.695960
v -0.530303 0.000000 -0.722222
v -0.651515 0.000000 -0.695960
v -0.651515 0.000000 -0.722222
v -0.621212 0.000000 -0.695960
v -0.621212 0.000000 -0.722222
v -0.560606 0.000000 -0.774748
v -0.560606 0.000000 -0.801010
v -0.530303 0.000000 -0.774748
v -0.530303 0.000000 -0.801010
v -0.651515 0.000000 -0.774748
v -0.651515 0.000000 -0.801010
v -0.621212 0.000000 -0.774748
v -0.621212 0.000000 -0.801010
v -0.469697 0.000000 -0.932323
v -0.469697 0.000000 -0.958586
v -0.439394 0.000000 -0.932323
v -0.439394 0.000000 -0.958586
v -0.469697 0.000000 -0.853535
v -0.469697 0.000000 -0.879798
v -0.439394 0.000000 -0.853535
v -0.439394 0.000000 -0.879798
v -0.560606 0.000000 -0.932323
v -0.560606 0.000000 -0.958586
v -0.530303 0.000000 -0.932323
v -0.530303 0.000000 -0.958586
v -0.560606 0.000000 -0.853535
v -0.560606 0.000000 -0.879798
v -0.530303 0.000000 -0.853535
v -0.530303 0.000000 -0.879798
v -0.651515 0.000000 -0.932323
v -0.651515 0.000000 -0.958586
v -0.621212 0.000000 -0.932323
v -0.621212 0.000000 -0.958586
v -0.651515 0.000000 -0.853535
v -0.651515 0.000000 -0.879798
v -0.621212 0.000000 -0.853535
v -0.621212 0.000000 -0.879798
v -0.560606 0.000000 -1.011111
v -0.560606 0.000000 -1.037374
v -0.530303 0.000000 -1.011111
v -0.530303 0.000000 -1.037374
v -0.651515 0.000000 -1.011111
v -0.651515 0.000000 -1.037374
v -0.621212 0.000000 -1.011111
v -0.621212 0.000000 -1.037374
v -0.196970 0.000000 -0.695960
v -0.196970 0.000000 -0.722222
v -0.166667 0.000000 -0.695960
v -0.166667 0.000000 -0.722222
v -0.287879 0.000000 -0.695960
v -0.287879 0.000000 -0.722222
v -0.257576 0.000000 -0.695960
v -0.257576 0.000000 -0.722222
v -0.378788 0.000000 -0.695960
v -0.378788 0.000000 -0.722222
v -0.348485 0.000000 -0.695960
v -0.348485 0.000000 -0.722222
v -0.287879 0.000000 -0.774748
v -0.287879 0.000000 -0.801010
v -0.257576 0.000000 -0.774748
v -0.257576 0.000000 -0.801010
v -0.378788 0.000000 -0.774748
v -0.378788 0.000000 -0.801010
v -0.348485 0.000000 -0.774748
v -0.348485 0.000000 -0.801010
v -0.196970 0.000000 -0.932323
v -0.196970 0.000000 -0.958586
v -0.166667 0.000000 -0.932323
v -0.166667 0.000000 -0.958586
v -0.196970 0.000000 -0.853535
v -0.196970 0.000000 -0.879798
v -0.166667 0.000000 -0.853535
v -0.166667 0.000000 -0.879798
v -0.287879 0.000000 -0.932323
v -0.287879 0.000000 -0.958586
v -0.257576 0.000000 -0.932323
v -0.257576 0.000000 -0.958586
v -0.287879 0.000000 -0.853535
v -0.287879 0.000000 -0.879798
v -0.257576 0.000000 -0.853535
v -0.257576 0.000000 -0.879798
v -0.378788 0.000000 -0.932323
v -0.378788 0.000000 -0.958586
v -0.348485 0.000000 -0.932323
v -0.348485 0.000000 -0.958586
v -0.378788 0.000000 -0.853535
v -0.378788 0.000000 -0.879798
v -0.348485 0.000000 -0.853535
v -0.348485 0.000000 -0.879798
v -0.287879 0.000000 -1.011111
v -0.287879 0.000000 -1.037374
v -0.257576 0.000000 -1.011111
v -0.257576 0.000000 -1.037374
v -0.378788 0.000000 -1.011111
v -0.378788 0.000000 -1.037374
v -0.348485 0.000000 -1.011111
v -0.348485 0.000000 -1.037374
v 0.075758 0.000000 -0.695960
v 0.075758 0.000000 -0.722222
v 0.106061 0.000000 -0.695960
v 0.106061 0.000000 -0.722222
v -0.015152 0.000000 -0.695960
v -0.015152 0.000000 -0.722222
v 0.015152 0.000000 -0.695960
v 0.015151 0.000000 -0.722222
v -0.106061 0.000000 -0.695960
v -0.106061 0.000000 -0.722222
v -0.075758 0.000000 -0.695960
v -0.075758 0.000000 -0.722222
v -0.015152 0.000000 -0.774748
v -0.015152 0.000000 -0.801010
v 0.015151 0.000000 -0.774748
v 0.015151 0.000000 -0.801010
v -0.106061 0.000000 -0.774748
v -0.106061 0.000000 -0.801010
v -0.075758 0.000000 -0.774748
v -0.075758 0.000000 -0.801010
v 0.075757 0.000000 -0.932323
v 0.075758 0.000000 -0.958586
v 0.106061 0.000000 -0.932323
v 0.106061 0.000000 -0.958586
v 0.075758 0.000000 -0.853535
v 0.075758 0.000000 -0.879798
v 0.106061 0.000000 -0.853535
v 0.106061 0.000000 -0.879798
v -0.015152 0.000000 -0.932323
v -0.015152 0.000000 -0.958586
v 0.015151 0.000000 -0.932323
v 0.015151 0.000000 -0.958586
v -0.015152 0.000000 -0.853535
v -0.015152 0.000000 -0.879798
v 0.015151 0.000000 -0.853535
v 0.015151 0.000000 -0.879798
v -0.106061 0.000000 -0.932323
v -0.106061 0.000000 -0.958586
v -0.075758 0.000000 -0.932323
v -0.075758 0.000000 -0.958586
v -0.106061 0.000000 -0.853535
v -0.106061 0.000000 -0.879798
v -0.075758 0.000000 -0.853535
v -0.075758 0.000000 -0.879798
v -0.015152 0.000000 -1.011111
v -0.015152 0.000000 -1.037374
v 0.015151 0.000000 -1.011111
v 0.015151 0.000000 -1.037374
v -0.106061 0.000000 -1.011111
v -0.106061 0.000000 -1.037374
v -0.075758 0.000000 -1.011111
v -0.075758 0.000000 -1.037374
v 0.348485 0.000000 -0.695960
v 0.348485 0.000000 -0.722222
v 0.378788 0.000000 -0.695960
v 0.378788 0.000000 -0.722222
v 0.257576 0.000000 -0.695960
v 0.257576 0.000000 -0.722222
v 0.287879 0.000000 -0.695960
v 0.287879 0.000000 -0.722222
v 0.166667 0.000000 -0.695960
v 0.166667 0.000000 -0.722222
v 0.196970 0.000000 -0.695960
v 0.196970 0.000000 -0.722222
v 0.257576 0.000000 -0.774748
v 0.257576 0.000000 -0.801010
v 0.287879 0.000000 -0.774748
v 0.287879 0.000000 -0.801010
v 0.166667 0.000000 -0.774748
v 0.166667 0.000000 -0.801010
v 0.196970 0.000000 -0.774748
v 0.196970 0.000000 -0.801010
v 0.348485 0.000000 -0.932323
v 0.348485 0.000000 -0.958586
v 0.378788 0.000000 -0.932323
v 0.378788 0.000000 -0.958586
v 0.348485 0.000000 -0.853535
v 0.348485 0.000000 -0.879798
v 0.378788 0.000000 -0.853535
v 0.378788 0.000000 -0.879798
v 0.257576 0.000000 -0.932323
v 0.257576 0.000000 -0.958586
v 0.287879 0.000000 -0.932323
v 0.287879 0.000000 -0.958586
v 0.257576 0.000000 -0.853535
v 0.257576 0.000000 -0.879798
v 0.287879 0.000000 -0.853535
v 0.287879 0.000000 -0.879798
v 0.166667 0.000000 -0.932323
v 0.166667 0.000000 -0.958586
v 0.196970 0.000000 -0.932323
v 0.196970 0.000000 -0.958586
v 0.166667 0.000000 -0.853535
v 0.166667 0.000000 -0.879798
v 0.196970 0.000000 -0.853535
v 0.196970 0.000000 -0.879798
v 0.257576 0.000000 -1.011111
v 0.257576 0.000000 -1.037374
v 0.287879 0.000000 -1.011111
v 0.287879 0.000000 -1.037374
v 0.166667 0.000000 -1.011111
v 0.166667 0.000000 -1.037374
v 0.196970 0.000000 -1.011111
v 0.196970 0.000000 -1.037374
v 0.621212 0.000000 -0.695960
v 0.621212 0.000000 -0.722222
v 0.651515 0.000000 -0.695960
v 0.651515 0.000000 -0.722222
v 0.530303 0.000000 -0.695960
v 0.530303 0.000000 -0.722222
v 0.560606 0.000000 -0.695960
v 0.560606 0.000000 -0.722222
v 0.439394 0.000000 -0.695960
v 0.439394 0.000000 -0.722222
v 0.469697 0.000000 -0.695960
v 0.469697 0.000000 -0.722222
v 0.530303 0.000000 -0.774748
v 0.530303 0.000000 -0.801010
v 0.560606 0.000000 -0.774748
v 0.560606 0.000000 -0.801010
v 0.439394 0.000000 -0.774748
v 0.439394 0.000000 -0.801010
v 0.469697 0.000000 -0.774748
v 0.469697 0.000000 -0.801010
v 0.621212 0.000000 -0.932323
v 0.621212 0.000000 -0.958586
v 0.651515 0.000000 -0.932323
v 0.651515 0.000000 -0.958586
v 0.621212 0.000000 -0.853535
v 0.621212 0.000000 -0.879798
v 0.651515 0.000000 -0.853535
v 0.651515 0.000000 -0.879798
v 0.530303 0.000000 -0.932323
v 0.530303 0.000000 -0.958586
v 0.560606 0.000000 -0.932323
v 0.560606 0.000000 -0.958586
v 0.530303 0.000000 -0.853535
v 0.530303 0.000000 -0.879798
v 0.560606 0.000000 -0.853535
v 0.560606 0.000000 -0.879798
v 0.439394 0.000000 -0.932323
v 0.439394 0.000000 -0.958586
v 0.469697 0.000000 -0.932323
v 0.469697 0.000000 -0.958586
v 0.439394 0.000000 -0.853535
v 0.439394 0.000000 -0.879798
v 0.469697 0.000000 -0.853535
v 0.469697 0.000000 -0.879798
v 0.530303 0.000000 -1.011111
v 0.530303 0.000000 -1.037374
v 0.560606 0.000000 -1.011111
v 0.560606 0.000000 -1.037374
v 0.439394 0.000000 -1.011111
v 0.439394 0.000000 -1.037374
v 0.469697 0.000000 -1.011111
v 0.469697 0.000000 -1.037374
v 0.893939 0.000000 -0.695960
v 0.893939 0.000000 -0.722222
v 0.924242 0.000000 -0.695960
v 0.924242 0.000000 -0.722222
v 0.803030 0.000000 -0.695960
v 0.803030 0.000000 -0.722222
v 0.833333 0.000000 -0.695960
v 0.833333 0.000000 -0.722222
v 0.712121 0.000000 -0.695960
v 0.712121 0.000000 -0.722222
v 0.742424 0.000000 -0.695960
v 0.742424 0.000000 -0.722222
v 0.803030 0.000000 -0.774748
v 0.803030 0.000000 -0.801010
v 0.833333 0.000000 -0.774748
v 0.833333 0.000000 -0.801010
v 0.712121 0.000000 -0.774748
v 0.712121 0.000000 -0.801010
v 0.742424 0.000000 -0.774748
v 0.742424 0.000000 -0.801010
v 0.893939 0.000000 -0.932323
v 0.893939 0.000000 -0.958586
v 0.924242 0.000000 -0.932323
v 0.924242 0.000000 -0.958586
v 0.893939 0.000000 -0.853535
v 0.893939 0.000000 -0.879798
v 0.924242 0.000000 -0.853535
v 0.924242 0.000000 -0.879798
v 0.803030 0.000000 -0.932323
v 0.803030 0.000000 -0.958586
v 0.833333 0.000000 -0.932323
v 0.833333 0.000000 -0.958586
v 0.803030 0.000000 -0.853535
v 0.803030 0.000000 -0.879798
v 0.833333 0.000000 -0.853535
v 0.833333 0.000000 -0.879798
v 0.712121 0.000000 -0.932323
v 0.712121 0.000000 -0.958586
v 0.742424 0.000000 -0.932323
v 0.742424 0.000000 -0.958586
v 0.712121 0.000000 -0.853535
v 0.712121 0.000000 -0.879798
v 0.742424 0.000000 -0.853535
v 0.742424 0.000000 -0.879798
v 0.803030 0.000000 -1.011111
v 0.803030 0.000000 -1.037374
v 0.833333 0.000000 -1.011111
v 0.833333 0.000000 -1.037374
v 0.712121 0.000000 -1.011111
v 0.712121 0.000000 -1.037374
v 0.742424 0.000000 -1.011111
v 0.742424 0.000000 -1.037374
v 1.166667 0.000000 -0.695960
v 1.166667 0.000000 -0.722222
v 1.196969 0.000000 -0.695960
v 1.196969 0.000000 -0.722222
v 1.075758 0.000000 -0.695960
v 1.075758 0.000000 -0.722222
v 1.106061 0.000000 -0.695960
v 1.106061 0.000000 -0.722222
v 0.984848 0.000000 -0.695960
v 0.984848 0.000000 -0.722222
v 1.015151 0.000000 -0.695960
v 1.015151 0.000000 -0.722222
v 1.075758 0.000000 -0.774748
v 1.075758 0.000000 -0.801010
v 1.106061 0.000000 -0.774748
v 1.106061 0.000000 -0.801010
v 0.984848 0.000000 -0.774748
v 0.984848 0.000000 -0.801010
v 1.015151 0.000000 -0.774748
v 1.015151 0.000000 -0.801010
v 1.166667 0.000000 -0.932323
v 1.166667 0.000000 -0.958586
v 1.196969 0.000000 -0.932323
v 1.196969 0.000000 -0.958586
v 1.166667 0.000000 -0.853535
v 1.166667 0.000000 -0.879798
v 1.196969 0.000000 -0.853535
v 1.196969 0.000000 -0.879798
v 1.075758 0.000000 -0.932323
v 1.075758 0.000000 -0.958586
v 1.106061 0.000000 -0.932323
v 1.106061 0.000000 -0.958586
v 1.075758 0.000000 -0.853535
v 1.075758 0.000000 -0.879798
v 1.106061 0.000000 -0.853535
v 1.106061 0.000000 -0.879798
v 0.984848 0.000000 -0.932323
v 0.984848 0.000000 -0.958586
v 1.015151 0.000000 -0.932323
v 1.015151 0.000000 -0.958586
v 0.984848 0.000000 -0.853535
v 0.984848 0.000000 -0.879798
v 1.015151 0.000000 -0.853535
v 1.015151 0.000000 -0.879798
v 1.075758 0.000000 -1.011111
v 1.075758 0.000000 -1.037374
v 1.106061 0.000000 -1.011111
v 1.106061 0.000000 -1.037374
v 0.984848 0.000000 -1.011111
v 0.984848 0.000000 -1.037374
v 1.015151 0.000000 -1.011111
v 1.015151 0.000000 -1.037374
v 1.439394 0.000000 -0.695960
v 1.439394 0.000000 -0.722222
v 1.469697 0.000000 -0.695960
v 1.469697 0.000000 -0.722222
v 1.348485 0.000000 -0.695960
v 1.348485 0.000000 -0.722222
v 1.378788 0.000000 -0.695960
v 1.378788 0.000000 -0.722222
v 1.257576 0.000000 -0.695960
v 1.257576 0.000000 -0.722222
v 1.287879 0.000000 -0.695960
v 1.287879 0.000000 -0.722222
v 1.348485 0.000000 -0.774748
v 1.348485 0.000000 -0.801010
v 1.378788 0.000000 -0.774748
v 1.378788 0.000000 -0.801010
v 1.257576 0.000000 -0.774748
v 1.257576 0.000000 -0.801010
v 1.287879 0.000000 -0.774748
v 1.287879 0.000000 -0.801010
v 1.439394 0.000000 -0.932323
v 1.439394 0.000000 -0.958586
v 1.469697 0.000000 -0.932323
v 1.469697 0.000000 -0.958586
v 1.439394 0.000000 -0.853535
v 1.439394 0.000000 -0.879798
v 1.469697 0.000000 -0.853535
v 1.469697 0.000000 -0.879798
v 1.348485 0.000000 -0.932323
v 1.348485 0.000000 -0.958586
v 1.378788 0.000000 -0.932323
v 1.378788 0.000000 -0.958586
v 1.348485 0.000000 -0.853535
v 1.348485 0.000000 -0.879798
v 1.378788 0.000000 -0.853535
v 1.378788 0.000000 -0.879798
v 1.257576 0.000000 -0.932323
v 1.257576 0.000000 -0.958586
v 1.287879 0.000000 -0.932323
v 1.287879 0.000000 -0.958586
v 1.257576 0.000000 -0.853535
v 1.257576 0.000000 -0.879798
v 1.287879 0.000000 -0.853535
v 1.287879 0.000000 -0.879798
v 1.348485 0.000000 -1.011111
v 1.348485 0.000000 -1.037374
v 1.378788 0.000000 -1.011111
v 1.378788 0.000000 -1.037374
v 1.257576 0.000000 -1.011111
v 1.257576 0.000000 -1.037374
v 1.287879 0.000000 -1.011111
v 1.287879 0.000000 -1.037374
v 1.439394 0.000000 -1.011111
v 1.439394 0.000000 -1.037374
v 1.469697 0.000000 -1.011111
v 1.469697 0.000000 -1.037374
v 1.439394 0.000000 -0.774748
v 1.439394 0.000000 -0.801010
v 1.469697 0.000000 -0.774748
v 1.469697 0.000000 -0.801010
v 1.166667 0.000000 -1.011111
v 1.166667 0.000000 -1.037374
v 1.196969 0.000000 -1.011111
v 1.196969 0.000000 -1.037374
v 1.166667 0.000000 -0.774748
v 1.166667 0.000000 -0.801010
v 1.196969 0.000000 -0.774748
v 1.196969 0.000000 -0.801010
v 0.893939 0.000000 -1.011111
v 0.893939 0.000000 -1.037374
v 0.924242 0.000000 -1.011111
v 0.924242 0.000000 -1.037374
v 0.893939 0.000000 -0.774748
v 0.893939 0.000000 -0.801010
v 0.924242 0.000000 -0.774748
v 0.924242 0.000000 -0.801010
v 0.621212 0.000000 -1.011111
v 0.621212 0.000000 -1.037374
v 0.651515 0.000000 -1.011111
v 0.651515 0.000000 -1.037374
v 0.621212 0.000000 -0.774748
v 0.621212 0.000000 -0.801010
v 0.651515 0.000000 -0.774748
v 0.651515 0.000000 -0.801010
v 0.348485 0.000000 -1.011111
v 0.348485 0.000000 -1.037374
v 0.378788 0.000000 -1.011111
v 0.378788 0.000000 -1.037374
v 0.348485 0.000000 -0.774748
v 0.348485 0.000000 -0.801010
v 0.378788 0.000000 -0.774748
v 0.378788 0.000000 -0.801010
v 0.075758 0.000000 -1.011111
v 0.075758 0.000000 -1.037374
v 0.106061 0.000000 -1.011111
v 0.106061 0.000000 -1.037374
v 0.075758 0.000000 -0.774748
v 0.075758 0.000000 -0.801010
v 0.106061 0.000000 -0.774748
v 0.106061 0.000000 -0.801010
v -0.196970 0.000000 -1.011111
v -0.196970 0.000000 -1.037374
v -0.166667 0.000000 -1.011111
v -0.166667 0.000000 -1.037374
v -0.196970 0.000000 -0.774748
v -0.196970 0.000000 -0.801010
v -0.166667 0.000000 -0.774748
v -0.166667 0.000000 -0.801010
v -0.469697 0.000000 -1.011111
v -0.469697 0.000000 -1.037374
v -0.439394 0.000000 -1.011111
v -0.439394 0.000000 -1.037374
v -0.469697 0.000000 -0.774748
v -0.469697 0.000000 -0.801010
v -0.439394 0.000000 -0.774748
v -0.439394 0.000000 -0.801010
v -0.742424 0.000000 -1.011111
v -0.742424 0.000000 -1.037374
v -0.712121 0.000000 -1.011111
v -0.712121 0.000000 -1.037374
v -0.742424 0.000000 -0.774748
v -0.742424 0.000000 -0.801010
v -0.712121 0.000000 -0.774748
v -0.712121 0.000000 -0.801010
v -1.015151 0.000000 -1.011111
v -1.015151 0.000000 -1.037374
v -0.984848 0.000000 -1.011111
v -0.984848 0.000000 -1.037374
v -1.015151 0.000000 -0.774748
v -1.015151 0.000000 -0.801010
v -0.984848 0.000000 -0.774748
v -0.984848 0.000000 -0.801010
v -1.015151 0.000000 -0.538384
v -1.015151 0.000000 -0.564646
v -0.984848 0.000000 -0.538384
v -0.984848 0.000000 -0.564646
v -1.015151 0.000000 -0.302020
v -1.015151 0.000000 -0.328283
v -0.984848 0.000000 -0.302020
v -0.984848 0.000000 -0.328283
v -1.015151 0.000000 -0.065657
v -1.015151 0.000000 -0.091919
v -0.984848 0.000000 -0.065657
v -0.984848 0.000000 -0.091919
v -1.015151 0.000000 0.170707
v -1.015151 0.000000 0.144444
v -0.984848 0.000000 0.170707
v -0.984848 0.000000 0.144444
v -1.015151 0.000000 0.407071
v -1.015151 0.000000 0.380808
v -0.984848 0.000000 0.407071
v -0.984848 0.000000 0.380808
v -1.015151 0.000000 0.643434
v -1.015151 0.000000 0.617172
v -0.984848 0.000000 0.643434
v -0.984848 0.000000 0.617172
v -1.015151 0.000000 0.879798
v -1.015151 0.000000 0.853535
v -0.984848 0.000000 0.879798
v -0.984848 0.000000 0.853535
v -1.015151 0.000000 1.116162
v -1.015151 0.000000 1.089899
v -0.984848 0.000000 1.116162
v -0.984848 0.000000 1.089899
v -1.287879 0.000000 -1.011111
v -1.287879 0.000000 -1.037374
v -1.257576 0.000000 -1.011111
v -1.257576 0.000000 -1.037374
v -1.287879 0.000000 -0.774748
v -1.287879 0.000000 -0.801010
v -1.257576 0.000000 -0.774748
v -1.257576 0.000000 -0.801010
v -1.287879 0.000000 -0.538384
v -1.287879 0.000000 -0.564646
v -1.257576 0.000000 -0.538384
v -1.257576 0.000000 -0.564646
v -1.287879 0.000000 -0.302020
v -1.287879 0.000000 -0.328283
v -1.257576 0.000000 -0.302020
v -1.257576 0.000000 -0.328283
v -1.287879 0.000000 -0.065657
v -1.287879 0.000000 -0.091919
v -1.257576 0.000000 -0.065657
v -1.257576 0.000000 -0.091919
v -1.287879 0.000000 0.170707
v -1.287879 0.000000 0.144444
v -1.257576 0.000000 0.170707
v -1.257576 0.000000 0.144444
v -1.287879 0.000000 0.407071
v -1.287879 0.000000 0.380808
v -1.257576 0.000000 0.407071
v -1.257576 0.000000 0.380808
v -1.287879 0.000000 0.643434
v -1.287879 0.000000 0.617172
v -1.257576 0.000000 0.643434
v -1.257576 0.000000 0.617172
v -1.287879 0.000000 0.879798
v -1.287879 0.000000 0.853535
v -1.257576 0.000000 0.879798
v -1.257576 0.000000 0.853535
v -1.287879 0.000000 1.116162
v -1.287879 0.000000 1.089899
v -1.257576 0.000000 1.116162
v -1.257576 0.000000 1.089899
v 1.166667 0.000000 -1.247474
v 1.166667 0.000000 -1.273737
v 1.196969 0.000000 -1.247474
v 1.196969 0.000000 -1.273737
v 0.893939 0.000000 -1.247474
v 0.893939 0.000000 -1.273737
v 0.924242 0.000000 -1.247474
v 0.924242 0.000000 -1.273737
v 0.621212 0.000000 -1.247474
v 0.621212 0.000000 -1.273737
v 0.651515 0.000000 -1.247474
v 0.651515 0.000000 -1.273737
v 0.348485 0.000000 -1.247474
v 0.348485 0.000000 -1.273737
v 0.378788 0.000000 -1.247474
v 0.378788 0.000000 -1.273737
v 0.075758 0.000000 -1.247474
v 0.075758 0.000000 -1.273737
v 0.106061 0.000000 -1.247474
v 0.106061 0.000000 -1.273737
v -0.196970 0.000000 -1.247474
v -0.196970 0.000000 -1.273737
v -0.166667 0.000000 -1.247474
v -0.166667 0.000000 -1.273737
v -0.469697 0.000000 -1.247474
v -0.469697 0.000000 -1.273737
v -0.439394 0.000000 -1.247474
v -0.439394 0.000000 -1.273737
v -0.742424 0.000000 -1.247474
v -0.742424 0.000000 -1.273737
v -0.712121 0.000000 -1.247474
v -0.712121 0.000000 -1.273737
v -1.015151 0.000000 -1.247474
v -1.015151 0.000000 -1.273737
v -0.984848 0.000000 -1.247474
v -0.984848 0.000000 -1.273737
v -1.287879 0.000000 -1.247474
v -1.287879 0.000000 -1.273737
v -1.257576 0.000000 -1.247474
v -1.257576 0.000000 -1.273737
v 1.439394 0.000000 -1.247474
v 1.439394 0.000000 -1.273737
v 1.469697 0.000000 -1.247474
v 1.469697 0.000000 -1.273737
vn -0.0000 1.0000 -0.0000
vn -0.0000 -1.0000 -0.0000
vt 0.989899 0.989899
vt 1.000000 0.989899
vt 1.000000 1.000000
vt 0.989899 1.000000
vt 0.080808 0.989899
vt 0.090909 0.989899
vt 0.090909 1.000000
vt 0.080808 1.000000
vt 0.171717 0.989899
vt 0.181818 0.989899
vt 0.181818 1.000000
vt 0.171717 1.000000
vt 0.262626 0.989899
vt 0.272727 0.989899
vt 0.272727 1.000000
vt 0.262626 1.000000
vt 0.353535 0.989899
vt 0.363636 0.989899
vt 0.363636 1.000000
vt 0.353535 1.000000
vt 0.444444 0.989899
vt 0.454545 0.989899
vt 0.454545 1.000000
vt 0.444444 1.000000
vt 0.535354 0.989899
vt 0.545455 0.989899
vt 0.545455 1.000000
vt 0.535354 1.000000
vt 0.626263 0.989899
vt 0.636364 0.989899
vt 0.636364 1.000000
vt 0.626263 1.000000
vt 0.717172 0.989899
vt 0.727273 0.989899
vt 0.727273 1.000000
vt 0.717172 1.000000
vt 0.808081 0.989899
vt 0.818182 0.989899
vt 0.818182 1.000000
vt 0.808081 1.000000
vt 0.898990 0.989899
vt 0.909091 0.989899
vt 0.909091 1.000000
vt 0.898990 1.000000
vt 0.080808 0.080808
vt 0.090909 0.080808
vt 0.090909 0.090909
vt 0.080808 0.090909
vt 0.080808 0.171717
vt 0.090909 0.171717
vt 0.090909 0.181818
vt 0.080808 0.181818
vt 0.080808 0.262626
vt 0.090909 0.262626
vt 0.090909 0.272727
vt 0.080808 0.272727
vt 0.080808 0.353535
vt 0.090909 0.353535
vt 0.090909 0.363636
vt 0.080808 0.363636
vt 0.080808 0.444444
vt 0.090909 0.444444
vt 0.090909 0.454545
vt 0.080808 0.454545
vt 0.080808 0.535353
vt 0.090909 0.535354
vt 0.090909 0.545455
vt 0.080808 0.545455
vt 0.080808 0.626263
vt 0.090909 0.626263
vt 0.090909 0.636364
vt 0.080808 0.636364
vt 0.080808 0.717172
vt 0.090909 0.717172
vt 0.090909 0.727273
vt 0.080808 0.727273
vt 0.080808 0.808081
vt 0.090909 0.808081
vt 0.090909 0.818182
vt 0.080808 0.818182
vt 0.080808 0.898990
vt 0.090909 0.898990
vt 0.090909 0.909091
vt 0.080808 0.909091
vt 0.171717 0.080808
vt 0.181818 0.080808
vt 0.181818 0.090909
vt 0.171717 0.090909
vt 0.171717 0.171717
vt 0.181818 0.171717
vt 0.181818 0.181818
vt 0.171717 0.181818
vt 0.171717 0.262626
vt 0.181818 0.262626
vt 0.181818 0.272727
vt 0.171717 0.272727
vt 0.171717 0.353535
vt 0.181818 0.353535
vt 0.181818 0.363636
vt 0.171717 0.363636
vt 0.171717 0.444444
vt 0.181818 0.444444
vt 0.181818 0.454545
vt 0.171717 0.454545
vt 0.171717 0.535353
vt 0.181818 0.535354
vt 0.181818 0.545455
vt 0.171717 0.545455
vt 0.171717 0.626263
vt 0.181818 0.626263
vt 0.181818 0.636364
vt 0.171717 0.636364
vt 0.171717 0.717172
vt 0.181818 0.717172
vt 0.181818 0.727273
vt 0.171717 0.727273
vt 0.171717 0.808081
vt 0.181818 0.808081
vt 0.181818 0.818182
vt 0.171717 0.818182
vt 0.171717 0.898990
vt 0.181818 0.898990
vt 0.181818 0.909091
vt 0.171717 0.909091
vt 0.262626 0.808081
vt 0.272727 0.808081
vt 0.272727 0.818182
vt 0.262626 0.818182
vt 0.262626 0.898990
vt 0.272727 0.898990
vt 0.272727 0.909091
vt 0.262626 0.909091
vt 0.353535 0.808081
vt 0.363636 0.808081
vt 0.363636 0.818182
vt 0.353535 0.818182
vt 0.353535 0.898990
vt 0.363636 0.898990
vt 0.363636 0.909091
vt 0.353535 0.909091
vt 0.444444 0.808081
vt 0.454545 0.808081
vt 0.454545 0.818182
vt 0.444444 0.818182
vt 0.444444 0.898990
vt 0.454545 0.898990
vt 0.454545 0.909091
vt 0.444444 0.909091
vt 0.535353 0.808081
vt 0.545455 0.808081
vt 0.545455 0.818182
vt 0.535353 0.818182
vt 0.535353 0.898990
vt 0.545455 0.898990
vt 0.545455 0.909091
vt 0.535353 0.909091
vt 0.626263 0.808081
vt 0.636364 0.808081
vt 0.636364 0.818182
vt 0.626263 0.818182
vt 0.626263 0.898990
vt 0.636364 0.898990
vt 0.636364 0.909091
vt 0.626263 0.909091
vt 0.717172 0.808081
vt 0.727273 0.808081
vt 0.727273 0.818182
vt 0.717172 0.818182
vt 0.717172 0.898990
vt 0.727273 0.898990
vt 0.727273 0.909091
vt 0.717172 0.909091
vt 0.808081 0.808081
vt 0.818182 0.808081
vt 0.818182 0.818182
vt 0.808081 0.818182
vt 0.808081 0.898990
vt 0.818182 0.898990
vt 0.818182 0.909091
vt 0.808081 0.909091
vt 0.898990 0.808081
vt 0.909091 0.808081
vt 0.909091 0.818182
vt 0.898990 0.818182
vt 0.898990 0.898990
vt 0.909091 0.898990
vt 0.909091 0.909091
vt 0.898990 0.909091
vt 0.989899 0.808081
vt 1.000000 0.808081
vt 1.000000 0.818182
vt 0.989899 0.818182
vt 0.989899 0.898990
vt 1.000000 0.898990
vt 1.000000 0.909091
vt 0.989899 0.909091
vt 0.929293 0.898990
vt 0.939394 0.898990
vt 0.939394 0.909091
vt 0.929293 0.909091
vt 0.959596 0.898990
vt 0.969697 0.898990
vt 0.969697 0.909091
vt 0.959596 0.909091
vt 0.929293 0.838384
vt 0.939394 0.838384
vt 0.939394 0.848485
vt 0.929293 0.848485
vt 0.929293 0.868687
vt 0.939394 0.868687
vt 0.939394 0.878788
vt 0.929293 0.878788
vt 0.959596 0.838384
vt 0.969697 0.838384
vt 0.969697 0.848485
vt 0.959596 0.848485
vt 0.959596 0.868687
vt 0.969697 0.868687
vt 0.969697 0.878788
vt 0.959596 0.878788
vt 0.989899 0.838384
vt 1.000000 0.838384
vt 1.000000 0.848485
vt 0.989899 0.848485
vt 0.989899 0.868687
vt 1.000000 0.868687
vt 1.000000 0.878788
vt 0.989899 0.878788
vt 0.929293 0.808081
vt 0.939394 0.808081
vt 0.939394 0.818182
vt 0.929293 0.818182
vt 0.959596 0.808081
vt 0.969697 0.808081
vt 0.969697 0.818182
vt 0.959596 0.818182
vt 0.929293 0.777778
vt 0.939394 0.777778
vt 0.939394 0.787879
vt 0.929293 0.787879
vt 0.959596 0.777778
vt 0.969697 0.777778
vt 0.969697 0.787879
vt 0.959596 0.787879
vt 0.989899 0.777778
vt 1.000000 0.777778
vt 1.000000 0.787879
vt 0.989899 0.787879
vt 0.838384 0.898990
vt 0.848485 0.898990
vt 0.848485 0.909091
vt 0.838384 0.909091
vt 0.868687 0.898990
vt 0.878788 0.898990
vt 0.878788 0.909091
vt 0.868687 0.909091
vt 0.838384 0.838384
vt 0.848485 0.838384
vt 0.848485 0.848485
vt 0.838384 0.848485
vt 0.838384 0.868687
vt 0.848485 0.868687
vt 0.848485 0.878788
vt 0.838384 0.878788
vt 0.868687 0.838384
vt 0.878788 0.838384
vt 0.878788 0.848485
vt 0.868687 0.848485
vt 0.868687 0.868687
vt 0.878788 0.868687
vt 0.878788 0.878788
vt 0.868687 0.878788
vt 0.898990 0.838384
vt 0.909091 0.838384
vt 0.909091 0.848485
vt 0.898990 0.848485
vt 0.898990 0.868687
vt 0.909091 0.868687
vt 0.909091 0.878788
vt 0.898990 0.878788
vt 0.838384 0.808081
vt 0.848485 0.808081
vt 0.848485 0.818182
vt 0.838384 0.818182
vt 0.868687 0.808081
vt 0.878788 0.808081
vt 0.878788 0.818182
vt 0.868687 0.818182
vt 0.838384 0.777778
vt 0.848485 0.777778
vt 0.848485 0.787879
vt 0.838384 0.787879
vt 0.868687 0.777778
vt 0.878788 0.777778
vt 0.878788 0.787879
vt 0.868687 0.787879
vt 0.898990 0.777778
vt 0.909091 0.777778
vt 0.909091 0.787879
vt 0.898990 0.787879
vt 0.747475 0.898990
vt 0.757576 0.898990
vt 0.757576 0.909091
vt 0.747475 0.909091
vt 0.777778 0.898990
vt 0.787879 0.898990
vt 0.787879 0.909091
vt 0.777778 0.909091
vt 0.747475 0.838384
vt 0.757576 0.838384
vt 0.757576 0.848485
vt 0.747475 0.848485
vt 0.747475 0.868687
vt 0.757576 0.868687
vt 0.757576 0.878788
vt 0.747475 0.878788
vt 0.777778 0.838384
vt 0.787879 0.838384
vt 0.787879 0.848485
vt 0.777778 0.848485
vt 0.777778 0.868687
vt 0.787879 0.868687
vt 0.787879 0.878788
vt 0.777778 0.878788
vt 0.808081 0.838384
vt 0.818182 0.838384
vt 0.818182 0.848485
vt 0.808081 0.848485
vt 0.808081 0.868687
vt 0.818182 0.868687
vt 0.818182 0.878788
vt 0.808081 0.878788
vt 0.747475 0.808081
vt 0.757576 0.808081
vt 0.757576 0.818182
vt 0.747475 0.818182
vt 0.777778 0.808081
vt 0.787879 0.808081
vt 0.787879 0.818182
vt 0.777778 0.818182
vt 0.747475 0.777778
vt 0.757576 0.777778
vt 0.757576 0.787879
vt 0.747475 0.787879
vt 0.777778 0.777778
vt 0.787879 0.777778
vt 0.787879 0.787879
vt 0.777778 0.787879
vt 0.808081 0.777778
vt 0.818182 0.777778
vt 0.818182 0.787879
vt 0.808081 0.787879
vt 0.656566 0.898990
vt 0.666667 0.898990
vt 0.666667 0.909091
vt 0.656566 0.909091
vt 0.686869 0.898990
vt 0.696970 0.898990
vt 0.696970 0.909091
vt 0.686869 0.909091
vt 0.656566 0.838384
vt 0.666667 0.838384
vt 0.666667 0.848485
vt 0.656566 0.848485
vt 0.656566 0.868687
vt 0.666667 0.868687
vt 0.666667 0.878788
vt 0.656566 0.878788
vt 0.686869 0.838384
vt 0.696970 0.838384
vt 0.696970 0.848485
vt 0.686869 0.848485
vt 0.686869 0.868687
vt 0.696970 0.868687
vt 0.696970 0.878788
vt 0.686869 0.878788
vt 0.717172 0.838384
vt 0.727273 0.838384
vt 0.727273 0.848485
vt 0.717172 0.848485
vt 0.717172 0.868687
vt 0.727273 0.868687
vt 0.727273 0.878788
vt 0.717172 0.878788
vt 0.656566 0.808081
vt 0.666667 0.808081
vt 0.666667 0.818182
vt 0.656566 0.818182
vt 0.686869 0.808081
vt 0.696970 0.808081
vt 0.696970 0.818182
vt 0.686869 0.818182
vt 0.656566 0.777778
vt 0.666667 0.777778
vt 0.666667 0.787879
vt 0.656566 0.787879
vt 0.686869 0.777778
vt 0.696970 0.777778
vt 0.696970 0.787879
vt 0.686869 0.787879
vt 0.717172 0.777778
vt 0.727273 0.777778
vt 0.727273 0.787879
vt 0.717172 0.787879
vt 0.565656 0.898990
vt 0.575758 0.898990
vt 0.575758 0.909091
vt 0.565656 0.909091
vt 0.595960 0.898990
vt 0.606061 0.898990
vt 0.606061 0.909091
vt 0.595960 0.909091
vt 0.565657 0.838384
vt 0.575758 0.838384
vt 0.575758 0.848485
vt 0.565656 0.848485
vt 0.565656 0.868687
vt 0.575758 0.868687
vt 0.575758 0.878788
vt 0.565656 0.878788
vt 0.595960 0.838384
vt 0.606061 0.838384
vt 0.606061 0.848485
vt 0.595960 0.848485
vt 0.595960 0.868687
vt 0.606061 0.868687
vt 0.606061 0.878788
vt 0.595960 0.878788
vt 0.626263 0.838384
vt 0.636364 0.838384
vt 0.636364 0.848485
vt 0.626263 0.848485
vt 0.626263 0.868687
vt 0.636364 0.868687
vt 0.636364 0.878788
vt 0.626263 0.878788
vt 0.565657 0.808081
vt 0.575758 0.808081
vt 0.575758 0.818182
vt 0.565657 0.818182
vt 0.595960 0.808081
vt 0.606061 0.808081
vt 0.606061 0.818182
vt 0.595960 0.818182
vt 0.565657 0.777778
vt 0.575758 0.777778
vt 0.575758 0.787879
vt 0.565657 0.787879
vt 0.595960 0.777778
vt 0.606061 0.777778
vt 0.606061 0.787879
vt 0.595960 0.787879
vt 0.626263 0.777778
vt 0.636364 0.777778
vt 0.636364 0.787879
vt 0.626263 0.787879
vt 0.474747 0.898990
vt 0.484848 0.898990
vt 0.484848 0.909091
vt 0.474747 0.909091
vt 0.505050 0.898990
vt 0.515152 0.898990
vt 0.515152 0.909091
vt 0.505050 0.909091
vt 0.474747 0.838384
vt 0.484848 0.838384
vt 0.484848 0.848485
vt 0.474747 0.848485
vt 0.474747 0.868687
vt 0.484848 0.868687
vt 0.484848 0.878788
vt 0.474747 0.878788
vt 0.505050 0.838384
vt 0.515152 0.838384
vt 0.515152 0.848485
vt 0.505050 0.848485
vt 0.505050 0.868687
vt 0.515152 0.868687
vt 0.515152 0.878788
vt 0.505050 0.878788
vt 0.535353 0.838384
vt 0.545455 0.838384
vt 0.545455 0.848485
vt 0.535353 0.848485
vt 0.535353 0.868687
vt 0.545455 0.868687
vt 0.545455 0.878788
vt 0.535353 0.878788
vt 0.474747 0.808081
vt 0.484848 0.808081
vt 0.484848 0.818182
vt 0.474747 0.818182
vt 0.505050 0.808081
vt 0.515152 0.808081
vt 0.515152 0.818182
vt 0.505050 0.818182
vt 0.474747 0.777778
vt 0.484848 0.777778
vt 0.484848 0.787879
vt 0.474747 0.787879
vt 0.505050 0.777778
vt 0.515152 0.777778
vt 0.515152 0.787879
vt 0.505050 0.787879
vt 0.535353 0.777778
vt 0.545455 0.777778
vt 0.545455 0.787879
vt 0.535353 0.787879
vt 0.383838 0.898990
vt 0.393939 0.898990
vt 0.393939 0.909091
vt 0.383838 0.909091
vt 0.414141 0.898990
vt 0.424242 0.898990
vt 0.424242 0.909091
vt 0.414141 0.909091
vt 0.383838 0.838384
vt 0.393939 0.838384
vt 0.393939 0.848485
vt 0.383838 0.848485
vt 0.383838 0.868687
vt 0.393939 0.868687
vt 0.393939 0.878788
vt 0.383838 0.878788
vt 0.414141 0.838384
vt 0.424242 0.838384
vt 0.424242 0.848485
vt 0.414141 0.848485
vt 0.414141 0.868687
vt 0.424242 0.868687
vt 0.424242 0.878788
vt 0.414141 0.878788
vt 0.444444 0.838384
vt 0.454545 0.838384
vt 0.454545 0.848485
vt 0.444444 0.848485
vt 0.444444 0.868687
vt 0.454545 0.868687
vt 0.454545 0.878788
vt 0.444444 0.878788
vt 0.383838 0.808081
vt 0.393939 0.808081
vt 0.393939 0.818182
vt 0.383838 0.818182
vt 0.414141 0.808081
vt 0.424242 0.808081
vt 0.424242 0.818182
vt 0.414141 0.818182
vt 0.383838 0.777778
vt 0.393939 0.777778
vt 0.393939 0.787879
vt 0.383838 0.787879
vt 0.414141 0.777778
vt 0.424242 0.777778
vt 0.424242 0.787879
vt 0.414141 0.787879
vt 0.444444 0.777778
vt 0.454545 0.777778
vt 0.454545 0.787879
vt 0.444444 0.787879
vt 0.292929 0.898990
vt 0.303030 0.898990
vt 0.303030 0.909091
vt 0.292929 0.909091
vt 0.323232 0.898990
vt 0.333333 0.898990
vt 0.333333 0.909091
vt 0.323232 0.909091
vt 0.292929 0.838384
vt 0.303030 0.838384
vt 0.303030 0.848485
vt 0.292929 0.848485
vt 0.292929 0.868687
vt 0.303030 0.868687
vt 0.303030 0.878788
vt 0.292929 0.878788
vt 0.323232 0.838384
vt 0.333333 0.838384
vt 0.333333 0.848485
vt 0.323232 0.848485
vt 0.323232 0.868687
vt 0.333333 0.868687
vt 0.333333 0.878788
vt 0.323232 0.878788
vt 0.353535 0.838384
vt 0.363636 0.838384
vt 0.363636 0.848485
vt 0.353535 0.848485
vt 0.353535 0.868687
vt 0.363636 0.868687
vt 0.363636 0.878788
vt 0.353535 0.878788
vt 0.292929 0.808081
vt 0.303030 0.808081
vt 0.303030 0.818182
vt 0.292929 0.818182
vt 0.323232 0.808081
vt 0.333333 0.808081
vt 0.333333 0.818182
vt 0.323232 0.818182
vt 0.292929 0.777778
vt 0.303030 0.777778
vt 0.303030 0.787879
vt 0.292929 0.787879
vt 0.323232 0.777778
vt 0.333333 0.777778
vt 0.333333 0.787879
vt 0.323232 0.787879
vt 0.353535 0.777778
vt 0.363636 0.777778
vt 0.363636 0.787879
vt 0.353535 0.787879
vt 0.202020 0.898990
vt 0.212121 0.898990
vt 0.212121 0.909091
vt 0.202020 0.909091
vt 0.232323 0.898990
vt 0.242424 0.898990
vt 0.242424 0.909091
vt 0.232323 0.909091
vt 0.202020 0.838384
vt 0.212121 0.838384
vt 0.212121 0.848485
vt 0.202020 0.848485
vt 0.202020 0.868687
vt 0.212121 0.868687
vt 0.212121 0.878788
vt 0.202020 0.878788
vt 0.232323 0.838384
vt 0.242424 0.838384
vt 0.242424 0.848485
vt 0.232323 0.848485
vt 0.232323 0.868687
vt 0.242424 0.868687
vt 0.242424 0.878788
vt 0.232323 0.878788
vt 0.262626 0.838384
vt 0.272727 0.838384
vt 0.272727 0.848485
vt 0.262626 0.848485
vt 0.262626 0.868687
vt 0.272727 0.868687
vt 0.272727 0.878788
vt 0.262626 0.878788
vt 0.202020 0.808081
vt 0.212121 0.808081
vt 0.212121 0.818182
vt 0.202020 0.818182
vt 0.232323 0.808081
vt 0.242424 0.808081
vt 0.242424 0.818182
vt 0.232323 0.818182
vt 0.202020 0.747475
vt 0.212121 0.747475
vt 0.212121 0.757576
vt 0.202020 0.757576
vt 0.202020 0.777778
vt 0.212121 0.777778
vt 0.212121 0.787879
vt 0.202020 0.787879
vt 0.232323 0.747475
vt 0.242424 0.747475
vt 0.242424 0.757576
vt 0.232323 0.757576
vt 0.232323 0.777778
vt 0.242424 0.777778
vt 0.242424 0.787879
vt 0.232323 0.787879
vt 0.262626 0.777778
vt 0.272727 0.777778
vt 0.272727 0.787879
vt 0.262626 0.787879
vt 0.202020 0.717172
vt 0.212121 0.717172
vt 0.212121 0.727273
vt 0.202020 0.727273
vt 0.232323 0.717172
vt 0.242424 0.717172
vt 0.242424 0.727273
vt 0.232323 0.727273
vt 0.202020 0.656566
vt 0.212121 0.656566
vt 0.212121 0.666667
vt 0.202020 0.666667
vt 0.202020 0.686869
vt 0.212121 0.686869
vt 0.212121 0.696970
vt 0.202020 0.696970
vt 0.232323 0.656566
vt 0.242424 0.656566
vt 0.242424 0.666667
vt 0.232323 0.666667
vt 0.232323 0.686869
vt 0.242424 0.686869
vt 0.242424 0.696970
vt 0.232323 0.696970
vt 0.202020 0.626263
vt 0.212121 0.626263
vt 0.212121 0.636364
vt 0.202020 0.636364
vt 0.232323 0.626263
vt 0.242424 0.626263
vt 0.242424 0.636364
vt 0.232323 0.636364
vt 0.202020 0.565657
vt 0.212121 0.565657
vt 0.212121 0.575758
vt 0.202020 0.575758
vt 0.202020 0.595960
vt 0.212121 0.595960
vt 0.212121 0.606061
vt 0.202020 0.606061
vt 0.232323 0.565657
vt 0.242424 0.565657
vt 0.242424 0.575758
vt 0.232323 0.575758
vt 0.232323 0.595960
vt 0.242424 0.595960
vt 0.242424 0.606061
vt 0.232323 0.606061
vt 0.202020 0.535353
vt 0.212121 0.535353
vt 0.212121 0.545455
vt 0.202020 0.545455
vt 0.232323 0.535353
vt 0.242424 0.535353
vt 0.242424 0.545455
vt 0.232323 0.545455
vt 0.202020 0.474747
vt 0.212121 0.474747
vt 0.212121 0.484848
vt 0.202020 0.484848
vt 0.202020 0.505050
vt 0.212121 0.505050
vt 0.212121 0.515152
vt 0.202020 0.515152
vt 0.232323 0.474747
vt 0.242424 0.474747
vt 0.242424 0.484848
vt 0.232323 0.484848
vt 0.232323 0.505050
vt 0.242424 0.505050
vt 0.242424 0.515152
vt 0.232323 0.515152
vt 0.202020 0.444444
vt 0.212121 0.444444
vt 0.212121 0.454545
vt 0.202020 0.454545
vt 0.232323 0.444444
vt 0.242424 0.444444
vt 0.242424 0.454545
vt 0.232323 0.454545
vt 0.202020 0.383838
vt 0.212121 0.383838
vt 0.212121 0.393939
vt 0.202020 0.393939
vt 0.202020 0.414141
vt 0.212121 0.414141
vt 0.212121 0.424242
vt 0.202020 0.424242
vt 0.232323 0.383838
vt 0.242424 0.383838
vt 0.242424 0.393939
vt 0.232323 0.393939
vt 0.232323 0.414141
vt 0.242424 0.414141
vt 0.242424 0.424242
vt 0.232323 0.424242
vt 0.202020 0.353535
vt 0.212121 0.353535
vt 0.212121 0.363636
vt 0.202020 0.363636
vt 0.232323 0.353535
vt 0.242424 0.353535
vt 0.242424 0.363636
vt 0.232323 0.363636
vt 0.202020 0.292929
vt 0.212121 0.292929
vt 0.212121 0.303030
vt 0.202020 0.303030
vt 0.202020 0.323232
vt 0.212121 0.323232
vt 0.212121 0.333333
vt 0.202020 0.333333
vt 0.232323 0.292929
vt 0.242424 0.292929
vt 0.242424 0.303030
vt 0.232323 0.303030
vt 0.232323 0.323232
vt 0.242424 0.323232
vt 0.242424 0.333333
vt 0.232323 0.333333
vt 0.202020 0.262626
vt 0.212121 0.262626
vt 0.212121 0.272727
vt 0.202020 0.272727
vt 0.232323 0.262626
vt 0.242424 0.262626
vt 0.242424 0.272727
vt 0.232323 0.272727
vt 0.202020 0.202020
vt 0.212121 0.202020
vt 0.212121 0.212121
vt 0.202020 0.212121
vt 0.202020 0.232323
vt 0.212121 0.232323
vt 0.212121 0.242424
vt 0.202020 0.242424
vt 0.232323 0.202020
vt 0.242424 0.202020
vt 0.242424 0.212121
vt 0.232323 0.212121
vt 0.232323 0.232323
vt 0.242424 0.232323
vt 0.242424 0.242424
vt 0.232323 0.242424
vt 0.202020 0.171717
vt 0.212121 0.171717
vt 0.212121 0.181818
vt 0.202020 0.181818
vt 0.232323 0.171717
vt 0.242424 0.171717
vt 0.242424 0.181818
vt 0.232323 0.181818
vt 0.202020 0.111111
vt 0.212121 0.111111
vt 0.212121 0.121212
vt 0.202020 0.121212
vt 0.202020 0.141414
vt 0.212121 0.141414
vt 0.212121 0.151515
vt 0.202020 0.151515
vt 0.232323 0.111111
vt 0.242424 0.111111
vt 0.242424 0.121212
vt 0.232323 0.121212
vt 0.232323 0.141414
vt 0.242424 0.141414
vt 0.242424 0.151515
vt 0.232323 0.151515
vt 0.202020 0.080808
vt 0.212121 0.080808
vt 0.212121 0.090909
vt 0.202020 0.090909
vt 0.232323 0.080808
vt 0.242424 0.080808
vt 0.242424 0.090909
vt 0.232323 0.090909
vt 0.202020 0.020202
vt 0.212121 0.020202
vt 0.212121 0.030303
vt 0.202020 0.030303
vt 0.202020 0.050505
vt 0.212121 0.050505
vt 0.212121 0.060606
vt 0.202020 0.060606
vt 0.232323 0.020202
vt 0.242424 0.020202
vt 0.242424 0.030303
vt 0.232323 0.030303
vt 0.232323 0.050505
vt 0.242424 0.050505
vt 0.242424 0.060606
vt 0.232323 0.060606
vt 0.111111 0.898990
vt 0.121212 0.898990
vt 0.121212 0.909091
vt 0.111111 0.909091
vt 0.141414 0.898990
vt 0.151515 0.898990
vt 0.151515 0.909091
vt 0.141414 0.909091
vt 0.111111 0.838384
vt 0.121212 0.838384
vt 0.121212 0.848485
vt 0.111111 0.848485
vt 0.111111 0.868687
vt 0.121212 0.868687
vt 0.121212 0.878788
vt 0.111111 0.878788
vt 0.141414 0.838384
vt 0.151515 0.838384
vt 0.151515 0.848485
vt 0.141414 0.848485
vt 0.141414 0.868687
vt 0.151515 0.868687
vt 0.151515 0.878788
vt 0.141414 0.878788
vt 0.171717 0.838384
vt 0.181818 0.838384
vt 0.181818 0.848485
vt 0.171717 0.848485
vt 0.171717 0.868687
vt 0.181818 0.868687
vt 0.181818 0.878788
vt 0.171717 0.878788
vt 0.111111 0.808081
vt 0.121212 0.808081
vt 0.121212 0.818182
vt 0.111111 0.818182
vt 0.141414 0.808081
vt 0.151515 0.808081
vt 0.151515 0.818182
vt 0.141414 0.818182
vt 0.111111 0.747475
vt 0.121212 0.747475
vt 0.121212 0.757576
vt 0.111111 0.757576
vt 0.111111 0.777778
vt 0.121212 0.777778
vt 0.121212 0.787879
vt 0.111111 0.787879
vt 0.141414 0.747475
vt 0.151515 0.747475
vt 0.151515 0.757576
vt 0.141414 0.757576
vt 0.141414 0.777778
vt 0.151515 0.777778
vt 0.151515 0.787879
vt 0.141414 0.787879
vt 0.171717 0.747475
vt 0.181818 0.747475
vt 0.181818 0.757576
vt 0.171717 0.757576
vt 0.171717 0.777778
vt 0.181818 0.777778
vt 0.181818 0.787879
vt 0.171717 0.787879
vt 0.111111 0.717172
vt 0.121212 0.717172
vt 0.121212 0.727273
vt 0.111111 0.727273
vt 0.141414 0.717172
vt 0.151515 0.717172
vt 0.151515 0.727273
vt 0.141414 0.727273
vt 0.111111 0.656566
vt 0.121212 0.656566
vt 0.121212 0.666667
vt 0.111111 0.666667
vt 0.111111 0.686869
vt 0.121212 0.686869
vt 0.121212 0.696970
vt 0.111111 0.696970
vt 0.141414 0.656566
vt 0.151515 0.656566
vt 0.151515 0.666667
vt 0.141414 0.666667
vt 0.141414 0.686869
vt 0.151515 0.686869
vt 0.151515 0.696970
vt 0.141414 0.696970
vt 0.171717 0.656566
vt 0.181818 0.656566
vt 0.181818 0.666667
vt 0.171717 0.666667
vt 0.171717 0.686869
vt 0.181818 0.686869
vt 0.181818 0.696970
vt 0.171717 0.696970
vt 0.111111 0.626263
vt 0.121212 0.626263
vt 0.121212 0.636364
vt 0.111111 0.636364
vt 0.141414 0.626263
vt 0.151515 0.626263
vt 0.151515 0.636364
vt 0.141414 0.636364
vt 0.111111 0.565657
vt 0.121212 0.565657
vt 0.121212 0.575758
vt 0.111111 0.575758
vt 0.111111 0.595960
vt 0.121212 0.595960
vt 0.121212 0.606061
vt 0.111111 0.606061
vt 0.141414 0.565657
vt 0.151515 0.565657
vt 0.151515 0.575758
vt 0.141414 0.575758
vt 0.141414 0.595960
vt 0.151515 0.595960
vt 0.151515 0.606061
vt 0.141414 0.606061
vt 0.171717 0.565657
vt 0.181818 0.565657
vt 0.181818 0.575758
vt 0.171717 0.575758
vt 0.171717 0.595960
vt 0.181818 0.595960
vt 0.181818 0.606061
vt 0.171717 0.606061
vt 0.111111 0.535353
vt 0.121212 0.535353
vt 0.121212 0.545455
vt 0.111111 0.545455
vt 0.141414 0.535353
vt 0.151515 0.535353
vt 0.151515 0.545455
vt 0.141414 0.545455
vt 0.111111 0.474747
vt 0.121212 0.474747
vt 0.121212 0.484848
vt 0.111111 0.484848
vt 0.111111 0.505050
vt 0.121212 0.505050
vt 0.121212 0.515152
vt 0.111111 0.515152
vt 0.141414 0.474747
vt 0.151515 0.474747
vt 0.151515 0.484848
vt 0.141414 0.484848
vt 0.141414 0.505050
vt 0.151515 0.505050
vt 0.151515 0.515152
vt 0.141414 0.515152
vt 0.171717 0.474747
vt 0.181818 0.474747
vt 0.181818 0.484848
vt 0.171717 0.484848
vt 0.171717 0.505050
vt 0.181818 0.505050
vt 0.181818 0.515152
vt 0.171717 0.515152
vt 0.111111 0.444444
vt 0.121212 0.444444
vt 0.121212 0.454545
vt 0.111111 0.454545
vt 0.141414 0.444444
vt 0.151515 0.444444
vt 0.151515 0.454545
vt 0.141414 0.454545
vt 0.111111 0.383838
vt 0.121212 0.383838
vt 0.121212 0.393939
vt 0.111111 0.393939
vt 0.111111 0.414141
vt 0.121212 0.414141
vt 0.121212 0.424242
vt 0.111111 0.424242
vt 0.141414 0.383838
vt 0.151515 0.383838
vt 0.151515 0.393939
vt 0.141414 0.393939
vt 0.141414 0.414141
vt 0.151515 0.414141
vt 0.151515 0.424242
vt 0.141414 0.424242
vt 0.171717 0.383838
vt 0.181818 0.383838
vt 0.181818 0.393939
vt 0.171717 0.393939
vt 0.171717 0.414141
vt 0.181818 0.414141
vt 0.181818 0.424242
vt 0.171717 0.424242
vt 0.111111 0.353535
vt 0.121212 0.353535
vt 0.121212 0.363636
vt 0.111111 0.363636
vt 0.141414 0.353535
vt 0.151515 0.353535
vt 0.151515 0.363636
vt 0.141414 0.363636
vt 0.111111 0.292929
vt 0.121212 0.292929
vt 0.121212 0.303030
vt 0.111111 0.303030
vt 0.111111 0.323232
vt 0.121212 0.323232
vt 0.121212 0.333333
vt 0.111111 0.333333
vt 0.141414 0.292929
vt 0.151515 0.292929
vt 0.151515 0.303030
vt 0.141414 0.303030
vt 0.141414 0.323232
vt 0.151515 0.323232
vt 0.151515 0.333333
vt 0.141414 0.333333
vt 0.171717 0.292929
vt 0.181818 0.292929
vt 0.181818 0.303030
vt 0.171717 0.303030
vt 0.171717 0.323232
vt 0.181818 0.323232
vt 0.181818 0.333333
vt 0.171717 0.333333
vt 0.111111 0.262626
vt 0.121212 0.262626
vt 0.121212 0.272727
vt 0.111111 0.272727
vt 0.141414 0.262626
vt 0.151515 0.262626
vt 0.151515 0.272727
vt 0.141414 0.272727
vt 0.111111 0.202020
vt 0.121212 0.202020
vt 0.121212 0.212121
vt 0.111111 0.212121
vt 0.111111 0.232323
vt 0.121212 0.232323
vt 0.121212 0.242424
vt 0.111111 0.242424
vt 0.141414 0.202020
vt 0.151515 0.202020
vt 0.151515 0.212121
vt 0.141414 0.212121
vt 0.141414 0.232323
vt 0.151515 0.232323
vt 0.151515 0.242424
vt 0.141414 0.242424
vt 0.171717 0.202020
vt 0.181818 0.202020
vt 0.181818 0.212121
vt 0.171717 0.212121
vt 0.171717 0.232323
vt 0.181818 0.232323
vt 0.181818 0.242424
vt 0.171717 0.242424
vt 0.111111 0.171717
vt 0.121212 0.171717
vt 0.121212 0.181818
vt 0.111111 0.181818
vt 0.141414 0.171717
vt 0.151515 0.171717
vt 0.151515 0.181818
vt 0.141414 0.181818
vt 0.111111 0.111111
vt 0.121212 0.111111
vt 0.121212 0.121212
vt 0.111111 0.121212
vt 0.111111 0.141414
vt 0.121212 0.141414
vt 0.121212 0.151515
vt 0.111111 0.151515
vt 0.141414 0.111111
vt 0.151515 0.111111
vt 0.151515 0.121212
vt 0.141414 0.121212
vt 0.141414 0.141414
vt 0.151515 0.141414
vt 0.151515 0.151515
vt 0.141414 0.151515
vt 0.171717 0.111111
vt 0.181818 0.111111
vt 0.181818 0.121212
vt 0.171717 0.121212
vt 0.171717 0.141414
vt 0.181818 0.141414
vt 0.181818 0.151515
vt 0.171717 0.151515
vt 0.111111 0.080808
vt 0.121212 0.080808
vt 0.121212 0.090909
vt 0.111111 0.090909
vt 0.141414 0.080808
vt 0.151515 0.080808
vt 0.151515 0.090909
vt 0.141414 0.090909
vt 0.111111 0.020202
vt 0.121212 0.020202
vt 0.121212 0.030303
vt 0.111111 0.030303
vt 0.111111 0.050505
vt 0.121212 0.050505
vt 0.121212 0.060606
vt 0.111111 0.060606
vt 0.141414 0.020202
vt 0.151515 0.020202
vt 0.151515 0.030303
vt 0.141414 0.030303
vt 0.141414 0.050505
vt 0.151515 0.050505
vt 0.151515 0.060606
vt 0.141414 0.060606
vt 0.171717 0.020202
vt 0.181818 0.020202
vt 0.181818 0.030303
vt 0.171717 0.030303
vt 0.171717 0.050505
vt 0.181818 0.050505
vt 0.181818 0.060606
vt 0.171717 0.060606
vt 0.020202 0.898990
vt 0.030303 0.898990
vt 0.030303 0.909091
vt 0.020202 0.909091
vt 0.050505 0.898990
vt 0.060606 0.898990
vt 0.060606 0.909091
vt 0.050505 0.909091
vt 0.020202 0.838384
vt 0.030303 0.838384
vt 0.030303 0.848485
vt 0.020202 0.848485
vt 0.020202 0.868687
vt 0.030303 0.868687
vt 0.030303 0.878788
vt 0.020202 0.878788
vt 0.050505 0.838384
vt 0.060606 0.838384
vt 0.060606 0.848485
vt 0.050505 0.848485
vt 0.050505 0.868687
vt 0.060606 0.868687
vt 0.060606 0.878788
vt 0.050505 0.878788
vt 0.080808 0.838384
vt 0.090909 0.838384
vt 0.090909 0.848485
vt 0.080808 0.848485
vt 0.080808 0.868687
vt 0.090909 0.868687
vt 0.090909 0.878788
vt 0.080808 0.878788
vt 0.020202 0.808081
vt 0.030303 0.808081
vt 0.030303 0.818182
vt 0.020202 0.818182
vt 0.050505 0.808081
vt 0.060606 0.808081
vt 0.060606 0.818182
vt 0.050505 0.818182
vt 0.020202 0.747475
vt 0.030303 0.747475
vt 0.030303 0.757576
vt 0.020202 0.757576
vt 0.020202 0.777778
vt 0.030303 0.777778
vt 0.030303 0.787879
vt 0.020202 0.787879
vt 0.050505 0.747475
vt 0.060606 0.747475
vt 0.060606 0.757576
vt 0.050505 0.757576
vt 0.050505 0.777778
vt 0.060606 0.777778
vt 0.060606 0.787879
vt 0.050505 0.787879
vt 0.080808 0.747475
vt 0.090909 0.747475
vt 0.090909 0.757576
vt 0.080808 0.757576
vt 0.080808 0.777778
vt 0.090909 0.777778
vt 0.090909 0.787879
vt 0.080808 0.787879
vt 0.020202 0.717172
vt 0.030303 0.717172
vt 0.030303 0.727273
vt 0.020202 0.727273
vt 0.050505 0.717172
vt 0.060606 0.717172
vt 0.060606 0.727273
vt 0.050505 0.727273
vt 0.020202 0.656566
vt 0.030303 0.656566
vt 0.030303 0.666667
vt 0.020202 0.666667
vt 0.020202 0.686869
vt 0.030303 0.686869
vt 0.030303 0.696970
vt 0.020202 0.696970
vt 0.050505 0.656566
vt 0.060606 0.656566
vt 0.060606 0.666667
vt 0.050505 0.666667
vt 0.050505 0.686869
vt 0.060606 0.686869
vt 0.060606 0.696970
vt 0.050505 0.696970
vt 0.080808 0.656566
vt 0.090909 0.656566
vt 0.090909 0.666667
vt 0.080808 0.666667
vt 0.080808 0.686869
vt 0.090909 0.686869
vt 0.090909 0.696970
vt 0.080808 0.696970
vt 0.020202 0.626263
vt 0.030303 0.626263
vt 0.030303 0.636364
vt 0.020202 0.636364
vt 0.050505 0.626263
vt 0.060606 0.626263
vt 0.060606 0.636364
vt 0.050505 0.636364
vt 0.020202 0.565656
vt 0.030303 0.565656
vt 0.030303 0.575758
vt 0.020202 0.575758
vt 0.020202 0.595960
vt 0.030303 0.595960
vt 0.030303 0.606061
vt 0.020202 0.606061
vt 0.050505 0.565656
vt 0.060606 0.565656
vt 0.060606 0.575758
vt 0.050505 0.575758
vt 0.050505 0.595960
vt 0.060606 0.595960
vt 0.060606 0.606061
vt 0.050505 0.606061
vt 0.080808 0.565656
vt 0.090909 0.565657
vt 0.090909 0.575758
vt 0.080808 0.575758
vt 0.080808 0.595960
vt 0.090909 0.595960
vt 0.090909 0.606061
vt 0.080808 0.606061
vt 0.020202 0.535353
vt 0.030303 0.535353
vt 0.030303 0.545455
vt 0.020202 0.545455
vt 0.050505 0.535353
vt 0.060606 0.535353
vt 0.060606 0.545455
vt 0.050505 0.545455
vt 0.020202 0.474747
vt 0.030303 0.474747
vt 0.030303 0.484848
vt 0.020202 0.484848
vt 0.020202 0.505050
vt 0.030303 0.505050
vt 0.030303 0.515152
vt 0.020202 0.515152
vt 0.050505 0.474747
vt 0.060606 0.474747
vt 0.060606 0.484848
vt 0.050505 0.484848
vt 0.050505 0.505050
vt 0.060606 0.505050
vt 0.060606 0.515152
vt 0.050505 0.515152
vt 0.080808 0.474747
vt 0.090909 0.474747
vt 0.090909 0.484848
vt 0.080808 0.484848
vt 0.080808 0.505050
vt 0.090909 0.505050
vt 0.090909 0.515152
vt 0.080808 0.515152
vt 0.020202 0.444444
vt 0.030303 0.444444
vt 0.030303 0.454545
vt 0.020202 0.454545
vt 0.050505 0.444444
vt 0.060606 0.444444
vt 0.060606 0.454545
vt 0.050505 0.454545
vt 0.020202 0.383838
vt 0.030303 0.383838
vt 0.030303 0.393939
vt 0.020202 0.393939
vt 0.020202 0.414141
vt 0.030303 0.414141
vt 0.030303 0.424242
vt 0.020202 0.424242
vt 0.050505 0.383838
vt 0.060606 0.383838
vt 0.060606 0.393939
vt 0.050505 0.393939
vt 0.050505 0.414141
vt 0.060606 0.414141
vt 0.060606 0.424242
vt 0.050505 0.424242
vt 0.080808 0.383838
vt 0.090909 0.383838
vt 0.090909 0.393939
vt 0.080808 0.393939
vt 0.080808 0.414141
vt 0.090909 0.414141
vt 0.090909 0.424242
vt 0.080808 0.424242
vt 0.020202 0.353535
vt 0.030303 0.353535
vt 0.030303 0.363636
vt 0.020202 0.363636
vt 0.050505 0.353535
vt 0.060606 0.353535
vt 0.060606 0.363636
vt 0.050505 0.363636
vt 0.020202 0.292929
vt 0.030303 0.292929
vt 0.030303 0.303030
vt 0.020202 0.303030
vt 0.020202 0.323232
vt 0.030303 0.323232
vt 0.030303 0.333333
vt 0.020202 0.333333
vt 0.050505 0.292929
vt 0.060606 0.292929
vt 0.060606 0.303030
vt 0.050505 0.303030
vt 0.050505 0.323232
vt 0.060606 0.323232
vt 0.060606 0.333333
vt 0.050505 0.333333
vt 0.080808 0.292929
vt 0.090909 0.292929
vt 0.090909 0.303030
vt 0.080808 0.303030
vt 0.080808 0.323232
vt 0.090909 0.323232
vt 0.090909 0.333333
vt 0.080808 0.333333
vt 0.020202 0.262626
vt 0.030303 0.262626
vt 0.030303 0.272727
vt 0.020202 0.272727
vt 0.050505 0.262626
vt 0.060606 0.262626
vt 0.060606 0.272727
vt 0.050505 0.272727
vt 0.020202 0.202020
vt 0.030303 0.202020
vt 0.030303 0.212121
vt 0.020202 0.212121
vt 0.020202 0.232323
vt 0.030303 0.232323
vt 0.030303 0.242424
vt 0.020202 0.242424
vt 0.050505 0.202020
vt 0.060606 0.202020
vt 0.060606 0.212121
vt 0.050505 0.212121
vt 0.050505 0.232323
vt 0.060606 0.232323
vt 0.060606 0.242424
vt 0.050505 0.242424
vt 0.080808 0.202020
vt 0.090909 0.202020
vt 0.090909 0.212121
vt 0.080808 0.212121
vt 0.080808 0.232323
vt 0.090909 0.232323
vt 0.090909 0.242424
vt 0.080808 0.242424
vt 0.020202 0.171717
vt 0.030303 0.171717
vt 0.030303 0.181818
vt 0.020202 0.181818
vt 0.050505 0.171717
vt 0.060606 0.171717
vt 0.060606 0.181818
vt 0.050505 0.181818
vt 0.020202 0.111111
vt 0.030303 0.111111
vt 0.030303 0.121212
vt 0.020202 0.121212
vt 0.020202 0.141414
vt 0.030303 0.141414
vt 0.030303 0.151515
vt 0.020202 0.151515
vt 0.050505 0.111111
vt 0.060606 0.111111
vt 0.060606 0.121212
vt 0.050505 0.121212
vt 0.050505 0.141414
vt 0.060606 0.141414
vt 0.060606 0.151515
vt 0.050505 0.151515
vt 0.080808 0.111111
vt 0.090909 0.111111
vt 0.090909 0.121212
vt 0.080808 0.121212
vt 0.080808 0.141414
vt 0.090909 0.141414
vt 0.090909 0.151515
vt 0.080808 0.151515
vt 0.020202 0.080808
vt 0.030303 0.080808
vt 0.030303 0.090909
vt 0.020202 0.090909
vt 0.050505 0.080808
vt 0.060606 0.080808
vt 0.060606 0.090909
vt 0.050505 0.090909
vt 0.020202 0.020202
vt 0.030303 0.020202
vt 0.030303 0.030303
vt 0.020202 0.030303
vt 0.020202 0.050505
vt 0.030303 0.050505
vt 0.030303 0.060606
vt 0.020202 0.060606
vt 0.050505 0.020202
vt 0.060606 0.020202
vt 0.060606 0.030303
vt 0.050505 0.030303
vt 0.050505 0.050505
vt 0.060606 0.050505
vt 0.060606 0.060606
vt 0.050505 0.060606
vt 0.080808 0.020202
vt 0.090909 0.020202
vt 0.090909 0.030303
vt 0.080808 0.030303
vt 0.080808 0.050505
vt 0.090909 0.050505
vt 0.090909 0.060606
vt 0.080808 0.060606
vt 0.838384 0.989899
vt 0.848485 0.989899
vt 0.848485 1.000000
vt 0.838384 1.000000
vt 0.868687 0.989899
vt 0.878788 0.989899
vt 0.878788 1.000000
vt 0.868687 1.000000
vt 0.838384 0.929293
vt 0.848485 0.929293
vt 0.848485 0.939394
vt 0.838384 0.939394
vt 0.838384 0.959596
vt 0.848485 0.959596
vt 0.848485 0.969697
vt 0.838384 0.969697
vt 0.868687 0.929293
vt 0.878788 0.929293
vt 0.878788 0.939394
vt 0.868687 0.939394
vt 0.868687 0.959596
vt 0.878788 0.959596
vt 0.878788 0.969697
vt 0.868687 0.969697
vt 0.898990 0.929293
vt 0.909091 0.929293
vt 0.909091 0.939394
vt 0.898990 0.939394
vt 0.898990 0.959596
vt 0.909091 0.959596
vt 0.909091 0.969697
vt 0.898990 0.969697
vt 0.747475 0.989899
vt 0.757576 0.989899
vt 0.757576 1.000000
vt 0.747475 1.000000
vt 0.777778 0.989899
vt 0.787879 0.989899
vt 0.787879 1.000000
vt 0.777778 1.000000
vt 0.747475 0.929293
vt 0.757576 0.929293
vt 0.757576 0.939394
vt 0.747475 0.939394
vt 0.747475 0.959596
vt 0.757576 0.959596
vt 0.757576 0.969697
vt 0.747475 0.969697
vt 0.777778 0.929293
vt 0.787879 0.929293
vt 0.787879 0.939394
vt 0.777778 0.939394
vt 0.777778 0.959596
vt 0.787879 0.959596
vt 0.787879 0.969697
vt 0.777778 0.969697
vt 0.808081 0.929293
vt 0.818182 0.929293
vt 0.818182 0.939394
vt 0.808081 0.939394
vt 0.808081 0.959596
vt 0.818182 0.959596
vt 0.818182 0.969697
vt 0.808081 0.969697
vt 0.656566 0.989899
vt 0.666667 0.989899
vt 0.666667 1.000000
vt 0.656566 1.000000
vt 0.686869 0.989899
vt 0.696970 0.989899
vt 0.696970 1.000000
vt 0.686869 1.000000
vt 0.656566 0.929293
vt 0.666667 0.929293
vt 0.666667 0.939394
vt 0.656566 0.939394
vt 0.656566 0.959596
vt 0.666667 0.959596
vt 0.666667 0.969697
vt 0.656566 0.969697
vt 0.686869 0.929293
vt 0.696970 0.929293
vt 0.696970 0.939394
vt 0.686869 0.939394
vt 0.686869 0.959596
vt 0.696970 0.959596
vt 0.696970 0.969697
vt 0.686869 0.969697
vt 0.717172 0.929293
vt 0.727273 0.929293
vt 0.727273 0.939394
vt 0.717172 0.939394
vt 0.717172 0.959596
vt 0.727273 0.959596
vt 0.727273 0.969697
vt 0.717172 0.969697
vt 0.565657 0.989899
vt 0.575758 0.989899
vt 0.575758 1.000000
vt 0.565657 1.000000
vt 0.595960 0.989899
vt 0.606061 0.989899
vt 0.606061 1.000000
vt 0.595960 1.000000
vt 0.565656 0.929293
vt 0.575758 0.929293
vt 0.575758 0.939394
vt 0.565656 0.939394
vt 0.565656 0.959596
vt 0.575758 0.959596
vt 0.575758 0.969697
vt 0.565656 0.969697
vt 0.595960 0.929293
vt 0.606061 0.929293
vt 0.606061 0.939394
vt 0.595960 0.939394
vt 0.595960 0.959596
vt 0.606061 0.959596
vt 0.606061 0.969697
vt 0.595960 0.969697
vt 0.626263 0.929293
vt 0.636364 0.929293
vt 0.636364 0.939394
vt 0.626263 0.939394
vt 0.626263 0.959596
vt 0.636364 0.959596
vt 0.636364 0.969697
vt 0.626263 0.969697
vt 0.474747 0.989899
vt 0.484848 0.989899
vt 0.484848 1.000000
vt 0.474747 1.000000
vt 0.505050 0.989899
vt 0.515152 0.989899
vt 0.515152 1.000000
vt 0.505050 1.000000
vt 0.474747 0.929293
vt 0.484848 0.929293
vt 0.484848 0.939394
vt 0.474747 0.939394
vt 0.474747 0.959596
vt 0.484848 0.959596
vt 0.484848 0.969697
vt 0.474747 0.969697
vt 0.505050 0.929293
vt 0.515152 0.929293
vt 0.515152 0.939394
vt 0.505050 0.939394
vt 0.505050 0.959596
vt 0.515152 0.959596
vt 0.515152 0.969697
vt 0.505050 0.969697
vt 0.535353 0.929293
vt 0.545455 0.929293
vt 0.545455 0.939394
vt 0.535353 0.939394
vt 0.535353 0.959596
vt 0.545455 0.959596
vt 0.545455 0.969697
vt 0.535353 0.969697
vt 0.383838 0.989899
vt 0.393939 0.989899
vt 0.393939 1.000000
vt 0.383838 1.000000
vt 0.414141 0.989899
vt 0.424242 0.989899
vt 0.424242 1.000000
vt 0.414141 1.000000
vt 0.383838 0.929293
vt 0.393939 0.929293
vt 0.393939 0.939394
vt 0.383838 0.939394
vt 0.383838 0.959596
vt 0.393939 0.959596
vt 0.393939 0.969697
vt 0.383838 0.969697
vt 0.414141 0.929293
vt 0.424242 0.929293
vt 0.424242 0.939394
vt 0.414141 0.939394
vt 0.414141 0.959596
vt 0.424242 0.959596
vt 0.424242 0.969697
vt 0.414141 0.969697
vt 0.444444 0.929293
vt 0.454545 0.929293
vt 0.454545 0.939394
vt 0.444444 0.939394
vt 0.444444 0.959596
vt 0.454545 0.959596
vt 0.454545 0.969697
vt 0.444444 0.969697
vt 0.292929 0.989899
vt 0.303030 0.989899
vt 0.303030 1.000000
vt 0.292929 1.000000
vt 0.323232 0.989899
vt 0.333333 0.989899
vt 0.333333 1.000000
vt 0.323232 1.000000
vt 0.292929 0.929293
vt 0.303030 0.929293
vt 0.303030 0.939394
vt 0.292929 0.939394
vt 0.292929 0.959596
vt 0.303030 0.959596
vt 0.303030 0.969697
vt 0.292929 0.969697
vt 0.323232 0.929293
vt 0.333333 0.929293
vt 0.333333 0.939394
vt 0.323232 0.939394
vt 0.323232 0.959596
vt 0.333333 0.959596
vt 0.333333 0.969697
vt 0.323232 0.969697
vt 0.353535 0.929293
vt 0.363636 0.929293
vt 0.363636 0.939394
vt 0.353535 0.939394
vt 0.353535 0.959596
vt 0.363636 0.959596
vt 0.363636 0.969697
vt 0.353535 0.969697
vt 0.202020 0.989899
vt 0.212121 0.989899
vt 0.212121 1.000000
vt 0.202020 1.000000
vt 0.232323 0.989899
vt 0.242424 0.989899
vt 0.242424 1.000000
vt 0.232323 1.000000
vt 0.202020 0.929293
vt 0.212121 0.929293
vt 0.212121 0.939394
vt 0.202020 0.939394
vt 0.202020 0.959596
vt 0.212121 0.959596
vt 0.212121 0.969697
vt 0.202020 0.969697
vt 0.232323 0.929293
vt 0.242424 0.929293
vt 0.242424 0.939394
vt 0.232323 0.939394
vt 0.232323 0.959596
vt 0.242424 0.959596
vt 0.242424 0.969697
vt 0.232323 0.969697
vt 0.262626 0.929293
vt 0.272727 0.929293
vt 0.272727 0.939394
vt 0.262626 0.939394
vt 0.262626 0.959596
vt 0.272727 0.959596
vt 0.272727 0.969697
vt 0.262626 0.969697
vt 0.111111 0.989899
vt 0.121212 0.989899
vt 0.121212 1.000000
vt 0.111111 1.000000
vt 0.141414 0.989899
vt 0.151515 0.989899
vt 0.151515 1.000000
vt 0.141414 1.000000
vt 0.111111 0.929293
vt 0.121212 0.929293
vt 0.121212 0.939394
vt 0.111111 0.939394
vt 0.111111 0.959596
vt 0.121212 0.959596
vt 0.121212 0.969697
vt 0.111111 0.969697
vt 0.141414 0.929293
vt 0.151515 0.929293
vt 0.151515 0.939394
vt 0.141414 0.939394
vt 0.141414 0.959596
vt 0.151515 0.959596
vt 0.151515 0.969697
vt 0.141414 0.969697
vt 0.171717 0.929293
vt 0.181818 0.929293
vt 0.181818 0.939394
vt 0.171717 0.939394
vt 0.171717 0.959596
vt 0.181818 0.959596
vt 0.181818 0.969697
vt 0.171717 0.969697
vt 0.020202 0.989899
vt 0.030303 0.989899
vt 0.030303 1.000000
vt 0.020202 1.000000
vt 0.050505 0.989899
vt 0.060606 0.989899
vt 0.060606 1.000000
vt 0.050505 1.000000
vt 0.020202 0.929293
vt 0.030303 0.929293
vt 0.030303 0.939394
vt 0.020202 0.939394
vt 0.020202 0.959596
vt 0.030303 0.959596
vt 0.030303 0.969697
vt 0.020202 0.969697
vt 0.050505 0.929293
vt 0.060606 0.929293
vt 0.060606 0.939394
vt 0.050505 0.939394
vt 0.050505 0.959596
vt 0.060606 0.959596
vt 0.060606 0.969697
vt 0.050505 0.969697
vt 0.080808 0.929293
vt 0.090909 0.929293
vt 0.090909 0.939394
vt 0.080808 0.939394
vt 0.080808 0.959596
vt 0.090909 0.959596
vt 0.090909 0.969697
vt 0.080808 0.969697
vt 0.929293 0.989899
vt 0.939394 0.989899
vt 0.939394 1.000000
vt 0.929293 1.000000
vt 0.959596 0.989899
vt 0.969697 0.989899
vt 0.969697 1.000000
vt 0.959596 1.000000
vt 0.929293 0.929293
vt 0.939394 0.929293
vt 0.939394 0.939394
vt 0.929293 0.939394
vt 0.929293 0.959596
vt 0.939394 0.959596
vt 0.939394 0.969697
vt 0.929293 0.969697
vt 0.959596 0.929293
vt 0.969697 0.929293
vt 0.969697 0.939394
vt 0.959596 0.939394
vt 0.959596 0.959596
vt 0.969697 0.959596
vt 0.969697 0.969697
vt 0.959596 0.969697
vt 0.989899 0.929293
vt 1.000000 0.929293
vt 1.000000 0.939394
vt 0.989899 0.939394
vt 0.989899 0.959596
vt 1.000000 0.959596
vt 1.000000 0.969697
vt 0.989899 0.969697
vt 0.979798 0.959596
vt 0.979798 0.969697
vt 0.979798 0.939394
vt 0.979798 0.949495
vt 0.969697 0.949495
vt 0.989899 0.949495
vt 1.000000 0.949495
vt 0.979798 0.929293
vt 0.979798 0.909091
vt 0.979798 0.919192
vt 0.969697 0.919192
vt 0.989899 0.919192
vt 1.000000 0.919192
vt 0.949495 0.959596
vt 0.949495 0.969697
vt 0.949495 0.939394
vt 0.949495 0.949495
vt 0.939394 0.949495
vt 0.959596 0.949495
vt 0.949495 0.929293
vt 0.949495 0.909091
vt 0.949495 0.919192
vt 0.939394 0.919192
vt 0.959596 0.919192
vt 0.919192 0.959596
vt 0.919192 0.969697
vt 0.919192 0.939394
vt 0.919192 0.949495
vt 0.909091 0.949495
vt 0.929293 0.949495
vt 0.919192 0.929293
vt 0.919192 0.909091
vt 0.919192 0.919192
vt 0.909091 0.919192
vt 0.929293 0.919192
vt 0.949495 0.989899
vt 0.949495 1.000000
vt 0.949495 0.979798
vt 0.939394 0.979798
vt 0.959596 0.979798
vt 0.969697 0.979798
vt 0.919192 0.989899
vt 0.919192 1.000000
vt 0.919192 0.979798
vt 0.909091 0.979798
vt 0.929293 0.979798
vt 0.070707 0.959596
vt 0.070707 0.969697
vt 0.070707 0.939394
vt 0.070707 0.949495
vt 0.060606 0.949495
vt 0.080808 0.949495
vt 0.090909 0.949495
vt 0.070707 0.929293
vt 0.070707 0.909091
vt 0.070707 0.919192
vt 0.060606 0.919192
vt 0.080808 0.919192
vt 0.090909 0.919192
vt 0.040404 0.959596
vt 0.040404 0.969697
vt 0.040404 0.939394
vt 0.040404 0.949495
vt 0.030303 0.949495
vt 0.050505 0.949495
vt 0.040404 0.929293
vt 0.040404 0.909091
vt 0.040404 0.919192
vt 0.030303 0.919192
vt 0.050505 0.919192
vt 0.000000 0.959596
vt 0.010101 0.959596
vt 0.010101 0.969697
vt 0.000000 0.969697
vt 0.000000 0.939394
vt 0.010101 0.939394
vt 0.010101 0.949495
vt 0.000000 0.949495
vt 0.020202 0.949495
vt 0.000000 0.929293
vt 0.010101 0.929293
vt 0.000000 0.909091
vt 0.010101 0.909091
vt 0.010101 0.919192
vt 0.000000 0.919192
vt 0.020202 0.919192
vt 0.040404 0.989899
vt 0.040404 1.000000
vt 0.040404 0.979798
vt 0.030303 0.979798
vt 0.050505 0.979798
vt 0.060606 0.979798
vt 0.000000 0.989899
vt 0.010101 0.989899
vt 0.010101 1.000000
vt 0.000000 1.000000
vt 0.010101 0.979798
vt 0.000000 0.979798
vt 0.020202 0.979798
vt 0.161616 0.959596
vt 0.161616 0.969697
vt 0.161616 0.939394
vt 0.161616 0.949495
vt 0.151515 0.949495
vt 0.171717 0.949495
vt 0.181818 0.949495
vt 0.161616 0.929293
vt 0.161616 0.909091
vt 0.161616 0.919192
vt 0.151515 0.919192
vt 0.171717 0.919192
vt 0.181818 0.919192
vt 0.131313 0.959596
vt 0.131313 0.969697
vt 0.131313 0.939394
vt 0.131313 0.949495
vt 0.121212 0.949495
vt 0.141414 0.949495
vt 0.131313 0.929293
vt 0.131313 0.909091
vt 0.131313 0.919192
vt 0.121212 0.919192
vt 0.141414 0.919192
vt 0.101010 0.959596
vt 0.101010 0.969697
vt 0.101010 0.939394
vt 0.101010 0.949495
vt 0.111111 0.949495
vt 0.101010 0.929293
vt 0.101010 0.909091
vt 0.101010 0.919192
vt 0.111111 0.919192
vt 0.131313 0.989899
vt 0.131313 1.000000
vt 0.131313 0.979798
vt 0.121212 0.979798
vt 0.141414 0.979798
vt 0.151515 0.979798
vt 0.101010 0.989899
vt 0.101010 1.000000
vt 0.101010 0.979798
vt 0.090909 0.979798
vt 0.111111 0.979798
vt 0.252525 0.959596
vt 0.252525 0.969697
vt 0.252525 0.939394
vt 0.252525 0.949495
vt 0.242424 0.949495
vt 0.262626 0.949495
vt 0.272727 0.949495
vt 0.252525 0.929293
vt 0.252525 0.909091
vt 0.252525 0.919192
vt 0.242424 0.919192
vt 0.262626 0.919192
vt 0.272727 0.919192
vt 0.222222 0.959596
vt 0.222222 0.969697
vt 0.222222 0.939394
vt 0.222222 0.949495
vt 0.212121 0.949495
vt 0.232323 0.949495
vt 0.222222 0.929293
vt 0.222222 0.909091
vt 0.222222 0.919192
vt 0.212121 0.919192
vt 0.232323 0.919192
vt 0.191919 0.959596
vt 0.191919 0.969697
vt 0.191919 0.939394
vt 0.191919 0.949495
vt 0.202020 0.949495
vt 0.191919 0.929293
vt 0.191919 0.909091
vt 0.191919 0.919192
vt 0.202020 0.919192
vt 0.222222 0.989899
vt 0.222222 1.000000
vt 0.222222 0.979798
vt 0.212121 0.979798
vt 0.232323 0.979798
vt 0.242424 0.979798
vt 0.191919 0.989899
vt 0.191919 1.000000
vt 0.191919 0.979798
vt 0.181818 0.979798
vt 0.202020 0.979798
vt 0.343434 0.959596
vt 0.343434 0.969697
vt 0.343434 0.939394
vt 0.343434 0.949495
vt 0.333333 0.949495
vt 0.353535 0.949495
vt 0.363636 0.949495
vt 0.343434 0.929293
vt 0.343434 0.909091
vt 0.343434 0.919192
vt 0.333333 0.919192
vt 0.353535 0.919192
vt 0.363636 0.919192
vt 0.313131 0.959596
vt 0.313131 0.969697
vt 0.313131 0.939394
vt 0.313131 0.949495
vt 0.303030 0.949495
vt 0.323232 0.949495
vt 0.313131 0.929293
vt 0.313131 0.909091
vt 0.313131 0.919192
vt 0.303030 0.919192
vt 0.323232 0.919192
vt 0.282828 0.959596
vt 0.282828 0.969697
vt 0.282828 0.939394
vt 0.282828 0.949495
vt 0.292929 0.949495
vt 0.282828 0.929293
vt 0.282828 0.909091
vt 0.282828 0.919192
vt 0.292929 0.919192
vt 0.313131 0.989899
vt 0.313131 1.000000
vt 0.313131 0.979798
vt 0.303030 0.979798
vt 0.323232 0.979798
vt 0.333333 0.979798
vt 0.282828 0.989899
vt 0.282828 1.000000
vt 0.282828 0.979798
vt 0.272727 0.979798
vt 0.292929 0.979798
vt 0.434343 0.959596
vt 0.434343 0.969697
vt 0.434343 0.939394
vt 0.434343 0.949495
vt 0.424242 0.949495
vt 0.444444 0.949495
vt 0.454545 0.949495
vt 0.434343 0.929293
vt 0.434343 0.909091
vt 0.434343 0.919192
vt 0.424242 0.919192
vt 0.444444 0.919192
vt 0.454545 0.919192
vt 0.404040 0.959596
vt 0.404040 0.969697
vt 0.404040 0.939394
vt 0.404040 0.949495
vt 0.393939 0.949495
vt 0.414141 0.949495
vt 0.404040 0.929293
vt 0.404040 0.909091
vt 0.404040 0.919192
vt 0.393939 0.919192
vt 0.414141 0.919192
vt 0.373737 0.959596
vt 0.373737 0.969697
vt 0.373737 0.939394
vt 0.373737 0.949495
vt 0.383838 0.949495
vt 0.373737 0.929293
vt 0.373737 0.909091
vt 0.373737 0.919192
vt 0.383838 0.919192
vt 0.404040 0.989899
vt 0.404040 1.000000
vt 0.404040 0.979798
vt 0.393939 0.979798
vt 0.414141 0.979798
vt 0.424242 0.979798
vt 0.373737 0.989899
vt 0.373737 1.000000
vt 0.373737 0.979798
vt 0.363636 0.979798
vt 0.383838 0.979798
vt 0.525252 0.959596
vt 0.525252 0.969697
vt 0.525252 0.939394
vt 0.525252 0.949495
vt 0.515152 0.949495
vt 0.535353 0.949495
vt 0.545455 0.949495
vt 0.525252 0.929293
vt 0.525252 0.909091
vt 0.525252 0.919192
vt 0.515152 0.919192
vt 0.535353 0.919192
vt 0.545455 0.919192
vt 0.494949 0.959596
vt 0.494949 0.969697
vt 0.494949 0.939394
vt 0.494949 0.949495
vt 0.484848 0.949495
vt 0.505050 0.949495
vt 0.494949 0.929293
vt 0.494949 0.909091
vt 0.494949 0.919192
vt 0.484848 0.919192
vt 0.505050 0.919192
vt 0.464646 0.959596
vt 0.464646 0.969697
vt 0.464646 0.939394
vt 0.464646 0.949495
vt 0.474747 0.949495
vt 0.464646 0.929293
vt 0.464646 0.909091
vt 0.464646 0.919192
vt 0.474747 0.919192
vt 0.494949 0.989899
vt 0.494949 1.000000
vt 0.494949 0.979798
vt 0.484848 0.979798
vt 0.505050 0.979798
vt 0.515152 0.979798
vt 0.464646 0.989899
vt 0.464646 1.000000
vt 0.464646 0.979798
vt 0.454545 0.979798
vt 0.474747 0.979798
vt 0.616162 0.959596
vt 0.616162 0.969697
vt 0.616162 0.939394
vt 0.616162 0.949495
vt 0.606061 0.949495
vt 0.626263 0.949495
vt 0.636364 0.949495
vt 0.616162 0.929293
vt 0.616162 0.909091
vt 0.616162 0.919192
vt 0.606061 0.919192
vt 0.626263 0.919192
vt 0.636364 0.919192
vt 0.585859 0.959596
vt 0.585859 0.969697
vt 0.585859 0.939394
vt 0.585859 0.949495
vt 0.575758 0.949495
vt 0.595960 0.949495
vt 0.585859 0.929293
vt 0.585859 0.909091
vt 0.585859 0.919192
vt 0.575758 0.919192
vt 0.595960 0.919192
vt 0.555555 0.959596
vt 0.555555 0.969697
vt 0.555555 0.939394
vt 0.555555 0.949495
vt 0.565656 0.949495
vt 0.555555 0.929293
vt 0.555555 0.909091
vt 0.555555 0.919192
vt 0.565656 0.919192
vt 0.585859 0.989899
vt 0.585859 1.000000
vt 0.585859 0.979798
vt 0.575758 0.979798
vt 0.595960 0.979798
vt 0.606061 0.979798
vt 0.555556 0.989899
vt 0.555556 1.000000
vt 0.555555 0.979798
vt 0.545455 0.979798
vt 0.565656 0.979798
vt 0.707071 0.959596
vt 0.707071 0.969697
vt 0.707071 0.939394
vt 0.707071 0.949495
vt 0.696970 0.949495
vt 0.717172 0.949495
vt 0.727273 0.949495
vt 0.707071 0.929293
vt 0.707071 0.909091
vt 0.707071 0.919192
vt 0.696970 0.919192
vt 0.717172 0.919192
vt 0.727273 0.919192
vt 0.676768 0.959596
vt 0.676768 0.969697
vt 0.676768 0.939394
vt 0.676768 0.949495
vt 0.666667 0.949495
vt 0.686869 0.949495
vt 0.676768 0.929293
vt 0.676768 0.909091
vt 0.676768 0.919192
vt 0.666667 0.919192
vt 0.686869 0.919192
vt 0.646465 0.959596
vt 0.646465 0.969697
vt 0.646465 0.939394
vt 0.646465 0.949495
vt 0.656566 0.949495
vt 0.646465 0.929293
vt 0.646465 0.909091
vt 0.646465 0.919192
vt 0.656566 0.919192
vt 0.676768 0.989899
vt 0.676768 1.000000
vt 0.676768 0.979798
vt 0.666667 0.979798
vt 0.686869 0.979798
vt 0.696970 0.979798
vt 0.646465 0.989899
vt 0.646465 1.000000
vt 0.646465 0.979798
vt 0.636364 0.979798
vt 0.656566 0.979798
vt 0.797980 0.959596
vt 0.797980 0.969697
vt 0.797980 0.939394
vt 0.797980 0.949495
vt 0.787879 0.949495
vt 0.808081 0.949495
vt 0.818182 0.949495
vt 0.797980 0.929293
vt 0.797980 0.909091
vt 0.797980 0.919192
vt 0.787879 0.919192
vt 0.808081 0.919192
vt 0.818182 0.919192
vt 0.767677 0.959596
vt 0.767677 0.969697
vt 0.767677 0.939394
vt 0.767677 0.949495
vt 0.757576 0.949495
vt 0.777778 0.949495
vt 0.767677 0.929293
vt 0.767677 0.909091
vt 0.767677 0.919192
vt 0.757576 0.919192
vt 0.777778 0.919192
vt 0.737374 0.959596
vt 0.737374 0.969697
vt 0.737374 0.939394
vt 0.737374 0.949495
vt 0.747475 0.949495
vt 0.737374 0.929293
vt 0.737374 0.909091
vt 0.737374 0.919192
vt 0.747475 0.919192
vt 0.767677 0.989899
vt 0.767677 1.000000
vt 0.767677 0.979798
vt 0.757576 0.979798
vt 0.777778 0.979798
vt 0.787879 0.979798
vt 0.737374 0.989899
vt 0.737374 1.000000
vt 0.737374 0.979798
vt 0.727273 0.979798
vt 0.747475 0.979798
vt 0.888889 0.959596
vt 0.888889 0.969697
vt 0.888889 0.939394
vt 0.888889 0.949495
vt 0.878788 0.949495
vt 0.898990 0.949495
vt 0.888889 0.929293
vt 0.888889 0.909091
vt 0.888889 0.919192
vt 0.878788 0.919192
vt 0.898990 0.919192
vt 0.858586 0.959596
vt 0.858586 0.969697
vt 0.858586 0.939394
vt 0.858586 0.949495
vt 0.848485 0.949495
vt 0.868687 0.949495
vt 0.858586 0.929293
vt 0.858586 0.909091
vt 0.858586 0.919192
vt 0.848485 0.919192
vt 0.868687 0.919192
vt 0.828283 0.959596
vt 0.828283 0.969697
vt 0.828283 0.939394
vt 0.828283 0.949495
vt 0.838384 0.949495
vt 0.828283 0.929293
vt 0.828283 0.909091
vt 0.828283 0.919192
vt 0.838384 0.919192
vt 0.858586 0.989899
vt 0.858586 1.000000
vt 0.858586 0.979798
vt 0.848485 0.979798
vt 0.868687 0.979798
vt 0.878788 0.979798
vt 0.828283 0.989899
vt 0.828283 1.000000
vt 0.828283 0.979798
vt 0.818182 0.979798
vt 0.838384 0.979798
vt 0.070707 0.050505
vt 0.070707 0.060606
vt 0.070707 0.030303
vt 0.070707 0.040404
vt 0.060606 0.040404
vt 0.080808 0.040404
vt 0.090909 0.040404
vt 0.070707 0.020202
vt 0.060606 0.000000
vt 0.070707 0.000000
vt 0.070707 0.010101
vt 0.060606 0.010101
vt 0.080808 0.000000
vt 0.080808 0.010101
vt 0.090909 0.000000
vt 0.090909 0.010101
vt 0.040404 0.050505
vt 0.040404 0.060606
vt 0.040404 0.030303
vt 0.040404 0.040404
vt 0.030303 0.040404
vt 0.050505 0.040404
vt 0.040404 0.020202
vt 0.030303 0.000000
vt 0.040404 0.000000
vt 0.040404 0.010101
vt 0.030303 0.010101
vt 0.050505 0.000000
vt 0.050505 0.010101
vt 0.000000 0.050505
vt 0.010101 0.050505
vt 0.010101 0.060606
vt 0.000000 0.060606
vt 0.000000 0.030303
vt 0.010101 0.030303
vt 0.010101 0.040404
vt 0.000000 0.040404
vt 0.020202 0.040404
vt 0.000000 0.020202
vt 0.010101 0.020202
vt 0.000000 0.000000
vt 0.010101 0.000000
vt 0.010101 0.010101
vt 0.000000 0.010101
vt 0.020202 0.000000
vt 0.020202 0.010101
vt 0.040404 0.080808
vt 0.040404 0.090909
vt 0.040404 0.070707
vt 0.030303 0.070707
vt 0.050505 0.070707
vt 0.060606 0.070707
vt 0.000000 0.080808
vt 0.010101 0.080808
vt 0.010101 0.090909
vt 0.000000 0.090909
vt 0.010101 0.070707
vt 0.000000 0.070707
vt 0.020202 0.070707
vt 0.070707 0.141414
vt 0.070707 0.151515
vt 0.070707 0.121212
vt 0.070707 0.131313
vt 0.060606 0.131313
vt 0.080808 0.131313
vt 0.090909 0.131313
vt 0.070707 0.111111
vt 0.070707 0.090909
vt 0.070707 0.101010
vt 0.060606 0.101010
vt 0.080808 0.101010
vt 0.090909 0.101010
vt 0.040404 0.141414
vt 0.040404 0.151515
vt 0.040404 0.121212
vt 0.040404 0.131313
vt 0.030303 0.131313
vt 0.050505 0.131313
vt 0.040404 0.111111
vt 0.040404 0.101010
vt 0.030303 0.101010
vt 0.050505 0.101010
vt 0.000000 0.141414
vt 0.010101 0.141414
vt 0.010101 0.151515
vt 0.000000 0.151515
vt 0.000000 0.121212
vt 0.010101 0.121212
vt 0.010101 0.131313
vt 0.000000 0.131313
vt 0.020202 0.131313
vt 0.000000 0.111111
vt 0.010101 0.111111
vt 0.010101 0.101010
vt 0.000000 0.101010
vt 0.020202 0.101010
vt 0.040404 0.171717
vt 0.040404 0.181818
vt 0.040404 0.161616
vt 0.030303 0.161616
vt 0.050505 0.161616
vt 0.060606 0.161616
vt 0.000000 0.171717
vt 0.010101 0.171717
vt 0.010101 0.181818
vt 0.000000 0.181818
vt 0.010101 0.161616
vt 0.000000 0.161616
vt 0.020202 0.161616
vt 0.070707 0.232323
vt 0.070707 0.242424
vt 0.070707 0.212121
vt 0.070707 0.222222
vt 0.060606 0.222222
vt 0.080808 0.222222
vt 0.090909 0.222222
vt 0.070707 0.202020
vt 0.070707 0.181818
vt 0.070707 0.191919
vt 0.060606 0.191919
vt 0.080808 0.191919
vt 0.090909 0.191919
vt 0.040404 0.232323
vt 0.040404 0.242424
vt 0.040404 0.212121
vt 0.040404 0.222222
vt 0.030303 0.222222
vt 0.050505 0.222222
vt 0.040404 0.202020
vt 0.040404 0.191919
vt 0.030303 0.191919
vt 0.050505 0.191919
vt 0.000000 0.232323
vt 0.010101 0.232323
vt 0.010101 0.242424
vt 0.000000 0.242424
vt 0.000000 0.212121
vt 0.010101 0.212121
vt 0.010101 0.222222
vt 0.000000 0.222222
vt 0.020202 0.222222
vt 0.000000 0.202020
vt 0.010101 0.202020
vt 0.010101 0.191919
vt 0.000000 0.191919
vt 0.020202 0.191919
vt 0.040404 0.262626
vt 0.040404 0.272727
vt 0.040404 0.252525
vt 0.030303 0.252525
vt 0.050505 0.252525
vt 0.060606 0.252525
vt 0.000000 0.262626
vt 0.010101 0.262626
vt 0.010101 0.272727
vt 0.000000 0.272727
vt 0.010101 0.252525
vt 0.000000 0.252525
vt 0.020202 0.252525
vt 0.070707 0.323232
vt 0.070707 0.333333
vt 0.070707 0.303030
vt 0.070707 0.313131
vt 0.060606 0.313131
vt 0.080808 0.313131
vt 0.090909 0.313131
vt 0.070707 0.292929
vt 0.070707 0.272727
vt 0.070707 0.282828
vt 0.060606 0.282828
vt 0.080808 0.282828
vt 0.090909 0.282828
vt 0.040404 0.323232
vt 0.040404 0.333333
vt 0.040404 0.303030
vt 0.040404 0.313131
vt 0.030303 0.313131
vt 0.050505 0.313131
vt 0.040404 0.292929
vt 0.040404 0.282828
vt 0.030303 0.282828
vt 0.050505 0.282828
vt 0.000000 0.323232
vt 0.010101 0.323232
vt 0.010101 0.333333
vt 0.000000 0.333333
vt 0.000000 0.303030
vt 0.010101 0.303030
vt 0.010101 0.313131
vt 0.000000 0.313131
vt 0.020202 0.313131
vt 0.000000 0.292929
vt 0.010101 0.292929
vt 0.010101 0.282828
vt 0.000000 0.282828
vt 0.020202 0.282828
vt 0.040404 0.353535
vt 0.040404 0.363636
vt 0.040404 0.343434
vt 0.030303 0.343434
vt 0.050505 0.343434
vt 0.060606 0.343434
vt 0.000000 0.353535
vt 0.010101 0.353535
vt 0.010101 0.363636
vt 0.000000 0.363636
vt 0.010101 0.343434
vt 0.000000 0.343434
vt 0.020202 0.343434
vt 0.070707 0.414141
vt 0.070707 0.424242
vt 0.070707 0.393939
vt 0.070707 0.404040
vt 0.060606 0.404040
vt 0.080808 0.404040
vt 0.090909 0.404040
vt 0.070707 0.383838
vt 0.070707 0.363636
vt 0.070707 0.373737
vt 0.060606 0.373737
vt 0.080808 0.373737
vt 0.090909 0.373737
vt 0.040404 0.414141
vt 0.040404 0.424242
vt 0.040404 0.393939
vt 0.040404 0.404040
vt 0.030303 0.404040
vt 0.050505 0.404040
vt 0.040404 0.383838
vt 0.040404 0.373737
vt 0.030303 0.373737
vt 0.050505 0.373737
vt 0.000000 0.414141
vt 0.010101 0.414141
vt 0.010101 0.424242
vt 0.000000 0.424242
vt 0.000000 0.393939
vt 0.010101 0.393939
vt 0.010101 0.404040
vt 0.000000 0.404040
vt 0.020202 0.404040
vt 0.000000 0.383838
vt 0.010101 0.383838
vt 0.010101 0.373737
vt 0.000000 0.373737
vt 0.020202 0.373737
vt 0.040404 0.444444
vt 0.040404 0.454545
vt 0.040404 0.434343
vt 0.030303 0.434343
vt 0.050505 0.434343
vt 0.060606 0.434343
vt 0.000000 0.444444
vt 0.010101 0.444444
vt 0.010101 0.454545
vt 0.000000 0.454545
vt 0.010101 0.434343
vt 0.000000 0.434343
vt 0.020202 0.434343
vt 0.070707 0.505050
vt 0.070707 0.515152
vt 0.070707 0.484848
vt 0.070707 0.494949
vt 0.060606 0.494949
vt 0.080808 0.494949
vt 0.090909 0.494949
vt 0.070707 0.474747
vt 0.070707 0.454545
vt 0.070707 0.464646
vt 0.060606 0.464646
vt 0.080808 0.464646
vt 0.090909 0.464646
vt 0.040404 0.505050
vt 0.040404 0.515152
vt 0.040404 0.484848
vt 0.040404 0.494949
vt 0.030303 0.494949
vt 0.050505 0.494949
vt 0.040404 0.474747
vt 0.040404 0.464646
vt 0.030303 0.464646
vt 0.050505 0.464646
vt 0.000000 0.505050
vt 0.010101 0.505050
vt 0.010101 0.515152
vt 0.000000 0.515152
vt 0.000000 0.484848
vt 0.010101 0.484848
vt 0.010101 0.494949
vt 0.000000 0.494949
vt 0.020202 0.494949
vt 0.000000 0.474747
vt 0.010101 0.474747
vt 0.010101 0.464646
vt 0.000000 0.464646
vt 0.020202 0.464646
vt 0.040404 0.535353
vt 0.040404 0.545455
vt 0.040404 0.525252
vt 0.030303 0.525252
vt 0.050505 0.525252
vt 0.060606 0.525252
vt 0.000000 0.535354
vt 0.010101 0.535353
vt 0.010101 0.545455
vt 0.000000 0.545455
vt 0.010101 0.525252
vt 0.000000 0.525253
vt 0.020202 0.525252
vt 0.070707 0.595960
vt 0.070707 0.606061
vt 0.070707 0.575758
vt 0.070707 0.585859
vt 0.060606 0.585859
vt 0.080808 0.585859
vt 0.090909 0.585859
vt 0.070707 0.565656
vt 0.070707 0.545455
vt 0.070707 0.555555
vt 0.060606 0.555555
vt 0.080808 0.555555
vt 0.090909 0.555556
vt 0.040404 0.595960
vt 0.040404 0.606061
vt 0.040404 0.575758
vt 0.040404 0.585859
vt 0.030303 0.585859
vt 0.050505 0.585859
vt 0.040404 0.565656
vt 0.040404 0.555555
vt 0.030303 0.555555
vt 0.050505 0.555555
vt 0.000000 0.595960
vt 0.010101 0.595960
vt 0.010101 0.606061
vt 0.000000 0.606061
vt 0.000000 0.575758
vt 0.010101 0.575758
vt 0.010101 0.585859
vt 0.000000 0.585859
vt 0.020202 0.585859
vt 0.000000 0.565657
vt 0.010101 0.565656
vt 0.010101 0.555555
vt 0.000000 0.555556
vt 0.020202 0.555555
vt 0.040404 0.626263
vt 0.040404 0.636364
vt 0.040404 0.616162
vt 0.030303 0.616162
vt 0.050505 0.616162
vt 0.060606 0.616162
vt 0.000000 0.626263
vt 0.010101 0.626263
vt 0.010101 0.636364
vt 0.000000 0.636364
vt 0.010101 0.616162
vt 0.000000 0.616162
vt 0.020202 0.616162
vt 0.070707 0.686869
vt 0.070707 0.696970
vt 0.070707 0.666667
vt 0.070707 0.676768
vt 0.060606 0.676768
vt 0.080808 0.676768
vt 0.090909 0.676768
vt 0.070707 0.656566
vt 0.070707 0.636364
vt 0.070707 0.646465
vt 0.060606 0.646465
vt 0.080808 0.646465
vt 0.090909 0.646465
vt 0.040404 0.686869
vt 0.040404 0.696970
vt 0.040404 0.666667
vt 0.040404 0.676768
vt 0.030303 0.676768
vt 0.050505 0.676768
vt 0.040404 0.656566
vt 0.040404 0.646465
vt 0.030303 0.646465
vt 0.050505 0.646465
vt 0.000000 0.686869
vt 0.010101 0.686869
vt 0.010101 0.696970
vt 0.000000 0.696970
vt 0.000000 0.666667
vt 0.010101 0.666667
vt 0.010101 0.676768
vt 0.000000 0.676768
vt 0.020202 0.676768
vt 0.000000 0.656566
vt 0.010101 0.656566
vt 0.010101 0.646465
vt 0.000000 0.646465
vt 0.020202 0.646465
vt 0.040404 0.717172
vt 0.040404 0.727273
vt 0.040404 0.707071
vt 0.030303 0.707071
vt 0.050505 0.707071
vt 0.060606 0.707071
vt 0.000000 0.717172
vt 0.010101 0.717172
vt 0.010101 0.727273
vt 0.000000 0.727273
vt 0.010101 0.707071
vt 0.000000 0.707071
vt 0.020202 0.707071
vt 0.070707 0.777778
vt 0.070707 0.787879
vt 0.070707 0.757576
vt 0.070707 0.767677
vt 0.060606 0.767677
vt 0.080808 0.767677
vt 0.090909 0.767677
vt 0.070707 0.747475
vt 0.070707 0.727273
vt 0.070707 0.737374
vt 0.060606 0.737374
vt 0.080808 0.737374
vt 0.090909 0.737374
vt 0.040404 0.777778
vt 0.040404 0.787879
vt 0.040404 0.757576
vt 0.040404 0.767677
vt 0.030303 0.767677
vt 0.050505 0.767677
vt 0.040404 0.747475
vt 0.040404 0.737374
vt 0.030303 0.737374
vt 0.050505 0.737374
vt 0.000000 0.777778
vt 0.010101 0.777778
vt 0.010101 0.787879
vt 0.000000 0.787879
vt 0.000000 0.757576
vt 0.010101 0.757576
vt 0.010101 0.767677
vt 0.000000 0.767677
vt 0.020202 0.767677
vt 0.000000 0.747475
vt 0.010101 0.747475
vt 0.010101 0.737374
vt 0.000000 0.737374
vt 0.020202 0.737374
vt 0.040404 0.808081
vt 0.040404 0.818182
vt 0.040404 0.797980
vt 0.030303 0.797980
vt 0.050505 0.797980
vt 0.060606 0.797980
vt 0.000000 0.808081
vt 0.010101 0.808081
vt 0.010101 0.818182
vt 0.000000 0.818182
vt 0.010101 0.797980
vt 0.000000 0.797980
vt 0.020202 0.797980
vt 0.070707 0.868687
vt 0.070707 0.878788
vt 0.070707 0.848485
vt 0.070707 0.858586
vt 0.060606 0.858586
vt 0.080808 0.858586
vt 0.090909 0.858586
vt 0.070707 0.838384
vt 0.070707 0.818182
vt 0.070707 0.828283
vt 0.060606 0.828283
vt 0.080808 0.828283
vt 0.090909 0.828283
vt 0.040404 0.868687
vt 0.040404 0.878788
vt 0.040404 0.848485
vt 0.040404 0.858586
vt 0.030303 0.858586
vt 0.050505 0.858586
vt 0.040404 0.838384
vt 0.040404 0.828283
vt 0.030303 0.828283
vt 0.050505 0.828283
vt 0.000000 0.868687
vt 0.010101 0.868687
vt 0.010101 0.878788
vt 0.000000 0.878788
vt 0.000000 0.848485
vt 0.010101 0.848485
vt 0.010101 0.858586
vt 0.000000 0.858586
vt 0.020202 0.858586
vt 0.000000 0.838384
vt 0.010101 0.838384
vt 0.010101 0.828283
vt 0.000000 0.828283
vt 0.020202 0.828283
vt 0.040404 0.898990
vt 0.040404 0.888889
vt 0.030303 0.888889
vt 0.050505 0.888889
vt 0.060606 0.888889
vt 0.000000 0.898990
vt 0.010101 0.898990
vt 0.010101 0.888889
vt 0.000000 0.888889
vt 0.020202 0.888889
vt 0.161616 0.050505
vt 0.161616 0.060606
vt 0.161616 0.030303
vt 0.161616 0.040404
vt 0.151515 0.040404
vt 0.171717 0.040404
vt 0.181818 0.040404
vt 0.161616 0.020202
vt 0.151515 0.000000
vt 0.161616 0.000000
vt 0.161616 0.010101
vt 0.151515 0.010101
vt 0.171717 0.000000
vt 0.171717 0.010101
vt 0.181818 0.000000
vt 0.181818 0.010101
vt 0.131313 0.050505
vt 0.131313 0.060606
vt 0.131313 0.030303
vt 0.131313 0.040404
vt 0.121212 0.040404
vt 0.141414 0.040404
vt 0.131313 0.020202
vt 0.121212 0.000000
vt 0.131313 0.000000
vt 0.131313 0.010101
vt 0.121212 0.010101
vt 0.141414 0.000000
vt 0.141414 0.010101
vt 0.101010 0.050505
vt 0.101010 0.060606
vt 0.101010 0.030303
vt 0.101010 0.040404
vt 0.111111 0.040404
vt 0.101010 0.020202
vt 0.101010 0.000000
vt 0.101010 0.010101
vt 0.111111 0.000000
vt 0.111111 0.010101
vt 0.131313 0.080808
vt 0.131313 0.090909
vt 0.131313 0.070707
vt 0.121212 0.070707
vt 0.141414 0.070707
vt 0.151515 0.070707
vt 0.101010 0.080808
vt 0.101010 0.090909
vt 0.101010 0.070707
vt 0.090909 0.070707
vt 0.111111 0.070707
vt 0.161616 0.141414
vt 0.161616 0.151515
vt 0.161616 0.121212
vt 0.161616 0.131313
vt 0.151515 0.131313
vt 0.171717 0.131313
vt 0.181818 0.131313
vt 0.161616 0.111111
vt 0.161616 0.090909
vt 0.161616 0.101010
vt 0.151515 0.101010
vt 0.171717 0.101010
vt 0.181818 0.101010
vt 0.131313 0.141414
vt 0.131313 0.151515
vt 0.131313 0.121212
vt 0.131313 0.131313
vt 0.121212 0.131313
vt 0.141414 0.131313
vt 0.131313 0.111111
vt 0.131313 0.101010
vt 0.121212 0.101010
vt 0.141414 0.101010
vt 0.101010 0.141414
vt 0.101010 0.151515
vt 0.101010 0.121212
vt 0.101010 0.131313
vt 0.111111 0.131313
vt 0.101010 0.111111
vt 0.101010 0.101010
vt 0.111111 0.101010
vt 0.131313 0.171717
vt 0.131313 0.181818
vt 0.131313 0.161616
vt 0.121212 0.161616
vt 0.141414 0.161616
vt 0.151515 0.161616
vt 0.101010 0.171717
vt 0.101010 0.181818
vt 0.101010 0.161616
vt 0.090909 0.161616
vt 0.111111 0.161616
vt 0.161616 0.232323
vt 0.161616 0.242424
vt 0.161616 0.212121
vt 0.161616 0.222222
vt 0.151515 0.222222
vt 0.171717 0.222222
vt 0.181818 0.222222
vt 0.161616 0.202020
vt 0.161616 0.181818
vt 0.161616 0.191919
vt 0.151515 0.191919
vt 0.171717 0.191919
vt 0.181818 0.191919
vt 0.131313 0.232323
vt 0.131313 0.242424
vt 0.131313 0.212121
vt 0.131313 0.222222
vt 0.121212 0.222222
vt 0.141414 0.222222
vt 0.131313 0.202020
vt 0.131313 0.191919
vt 0.121212 0.191919
vt 0.141414 0.191919
vt 0.101010 0.232323
vt 0.101010 0.242424
vt 0.101010 0.212121
vt 0.101010 0.222222
vt 0.111111 0.222222
vt 0.101010 0.202020
vt 0.101010 0.191919
vt 0.111111 0.191919
vt 0.131313 0.262626
vt 0.131313 0.272727
vt 0.131313 0.252525
vt 0.121212 0.252525
vt 0.141414 0.252525
vt 0.151515 0.252525
vt 0.101010 0.262626
vt 0.101010 0.272727
vt 0.101010 0.252525
vt 0.090909 0.252525
vt 0.111111 0.252525
vt 0.161616 0.323232
vt 0.161616 0.333333
vt 0.161616 0.303030
vt 0.161616 0.313131
vt 0.151515 0.313131
vt 0.171717 0.313131
vt 0.181818 0.313131
vt 0.161616 0.292929
vt 0.161616 0.272727
vt 0.161616 0.282828
vt 0.151515 0.282828
vt 0.171717 0.282828
vt 0.181818 0.282828
vt 0.131313 0.323232
vt 0.131313 0.333333
vt 0.131313 0.303030
vt 0.131313 0.313131
vt 0.121212 0.313131
vt 0.141414 0.313131
vt 0.131313 0.292929
vt 0.131313 0.282828
vt 0.121212 0.282828
vt 0.141414 0.282828
vt 0.101010 0.323232
vt 0.101010 0.333333
vt 0.101010 0.303030
vt 0.101010 0.313131
vt 0.111111 0.313131
vt 0.101010 0.292929
vt 0.101010 0.282828
vt 0.111111 0.282828
vt 0.131313 0.353535
vt 0.131313 0.363636
vt 0.131313 0.343434
vt 0.121212 0.343434
vt 0.141414 0.343434
vt 0.151515 0.343434
vt 0.101010 0.353535
vt 0.101010 0.363636
vt 0.101010 0.343434
vt 0.090909 0.343434
vt 0.111111 0.343434
vt 0.161616 0.414141
vt 0.161616 0.424242
vt 0.161616 0.393939
vt 0.161616 0.404040
vt 0.151515 0.404040
vt 0.171717 0.404040
vt 0.181818 0.404040
vt 0.161616 0.383838
vt 0.161616 0.363636
vt 0.161616 0.373737
vt 0.151515 0.373737
vt 0.171717 0.373737
vt 0.181818 0.373737
vt 0.131313 0.414141
vt 0.131313 0.424242
vt 0.131313 0.393939
vt 0.131313 0.404040
vt 0.121212 0.404040
vt 0.141414 0.404040
vt 0.131313 0.383838
vt 0.131313 0.373737
vt 0.121212 0.373737
vt 0.141414 0.373737
vt 0.101010 0.414141
vt 0.101010 0.424242
vt 0.101010 0.393939
vt 0.101010 0.404040
vt 0.111111 0.404040
vt 0.101010 0.383838
vt 0.101010 0.373737
vt 0.111111 0.373737
vt 0.131313 0.444444
vt 0.131313 0.454545
vt 0.131313 0.434343
vt 0.121212 0.434343
vt 0.141414 0.434343
vt 0.151515 0.434343
vt 0.101010 0.444444
vt 0.101010 0.454545
vt 0.101010 0.434343
vt 0.090909 0.434343
vt 0.111111 0.434343
vt 0.161616 0.505050
vt 0.161616 0.515152
vt 0.161616 0.484848
vt 0.161616 0.494949
vt 0.151515 0.494949
vt 0.171717 0.494949
vt 0.181818 0.494949
vt 0.161616 0.474747
vt 0.161616 0.454545
vt 0.161616 0.464646
vt 0.151515 0.464646
vt 0.171717 0.464646
vt 0.181818 0.464646
vt 0.131313 0.505050
vt 0.131313 0.515152
vt 0.131313 0.484848
vt 0.131313 0.494949
vt 0.121212 0.494949
vt 0.141414 0.494949
vt 0.131313 0.474747
vt 0.131313 0.464646
vt 0.121212 0.464646
vt 0.141414 0.464646
vt 0.101010 0.505050
vt 0.101010 0.515152
vt 0.101010 0.484848
vt 0.101010 0.494949
vt 0.111111 0.494949
vt 0.101010 0.474747
vt 0.101010 0.464646
vt 0.111111 0.464646
vt 0.131313 0.535353
vt 0.131313 0.545455
vt 0.131313 0.525252
vt 0.121212 0.525252
vt 0.141414 0.525252
vt 0.151515 0.525252
vt 0.101010 0.535353
vt 0.101010 0.545455
vt 0.101010 0.525252
vt 0.090909 0.525252
vt 0.111111 0.525252
vt 0.161616 0.595960
vt 0.161616 0.606061
vt 0.161616 0.575758
vt 0.161616 0.585859
vt 0.151515 0.585859
vt 0.171717 0.585859
vt 0.181818 0.585859
vt 0.161616 0.565657
vt 0.161616 0.545455
vt 0.161616 0.555556
vt 0.151515 0.555556
vt 0.171717 0.555556
vt 0.181818 0.555556
vt 0.131313 0.595960
vt 0.131313 0.606061
vt 0.131313 0.575758
vt 0.131313 0.585859
vt 0.121212 0.585859
vt 0.141414 0.585859
vt 0.131313 0.565657
vt 0.131313 0.555556
vt 0.121212 0.555556
vt 0.141414 0.555556
vt 0.101010 0.595960
vt 0.101010 0.606061
vt 0.101010 0.575758
vt 0.101010 0.585859
vt 0.111111 0.585859
vt 0.101010 0.565657
vt 0.101010 0.555556
vt 0.111111 0.555556
vt 0.131313 0.626263
vt 0.131313 0.636364
vt 0.131313 0.616162
vt 0.121212 0.616162
vt 0.141414 0.616162
vt 0.151515 0.616162
vt 0.101010 0.626263
vt 0.101010 0.636364
vt 0.101010 0.616162
vt 0.090909 0.616162
vt 0.111111 0.616162
vt 0.161616 0.686869
vt 0.161616 0.696970
vt 0.161616 0.666667
vt 0.161616 0.676768
vt 0.151515 0.676768
vt 0.171717 0.676768
vt 0.181818 0.676768
vt 0.161616 0.656566
vt 0.161616 0.636364
vt 0.161616 0.646465
vt 0.151515 0.646465
vt 0.171717 0.646465
vt 0.181818 0.646465
vt 0.131313 0.686869
vt 0.131313 0.696970
vt 0.131313 0.666667
vt 0.131313 0.676768
vt 0.121212 0.676768
vt 0.141414 0.676768
vt 0.131313 0.656566
vt 0.131313 0.646465
vt 0.121212 0.646465
vt 0.141414 0.646465
vt 0.101010 0.686869
vt 0.101010 0.696970
vt 0.101010 0.666667
vt 0.101010 0.676768
vt 0.111111 0.676768
vt 0.101010 0.656566
vt 0.101010 0.646465
vt 0.111111 0.646465
vt 0.131313 0.717172
vt 0.131313 0.727273
vt 0.131313 0.707071
vt 0.121212 0.707071
vt 0.141414 0.707071
vt 0.151515 0.707071
vt 0.101010 0.717172
vt 0.101010 0.727273
vt 0.101010 0.707071
vt 0.090909 0.707071
vt 0.111111 0.707071
vt 0.161616 0.777778
vt 0.161616 0.787879
vt 0.161616 0.757576
vt 0.161616 0.767677
vt 0.151515 0.767677
vt 0.171717 0.767677
vt 0.181818 0.767677
vt 0.161616 0.747475
vt 0.161616 0.727273
vt 0.161616 0.737374
vt 0.151515 0.737374
vt 0.171717 0.737374
vt 0.181818 0.737374
vt 0.131313 0.777778
vt 0.131313 0.787879
vt 0.131313 0.757576
vt 0.131313 0.767677
vt 0.121212 0.767677
vt 0.141414 0.767677
vt 0.131313 0.747475
vt 0.131313 0.737374
vt 0.121212 0.737374
vt 0.141414 0.737374
vt 0.101010 0.777778
vt 0.101010 0.787879
vt 0.101010 0.757576
vt 0.101010 0.767677
vt 0.111111 0.767677
vt 0.101010 0.747475
vt 0.101010 0.737374
vt 0.111111 0.737374
vt 0.131313 0.808081
vt 0.131313 0.818182
vt 0.131313 0.797980
vt 0.121212 0.797980
vt 0.141414 0.797980
vt 0.151515 0.797980
vt 0.101010 0.808081
vt 0.101010 0.818182
vt 0.101010 0.797980
vt 0.090909 0.797980
vt 0.111111 0.797980
vt 0.161616 0.868687
vt 0.161616 0.878788
vt 0.161616 0.848485
vt 0.161616 0.858586
vt 0.151515 0.858586
vt 0.171717 0.858586
vt 0.181818 0.858586
vt 0.161616 0.838384
vt 0.161616 0.818182
vt 0.161616 0.828283
vt 0.151515 0.828283
vt 0.171717 0.828283
vt 0.181818 0.828283
vt 0.131313 0.868687
vt 0.131313 0.878788
vt 0.131313 0.848485
vt 0.131313 0.858586
vt 0.121212 0.858586
vt 0.141414 0.858586
vt 0.131313 0.838384
vt 0.131313 0.828283
vt 0.121212 0.828283
vt 0.141414 0.828283
vt 0.101010 0.868687
vt 0.101010 0.878788
vt 0.101010 0.848485
vt 0.101010 0.858586
vt 0.111111 0.858586
vt 0.101010 0.838384
vt 0.101010 0.828283
vt 0.111111 0.828283
vt 0.131313 0.898990
vt 0.131313 0.888889
vt 0.121212 0.888889
vt 0.141414 0.888889
vt 0.151515 0.888889
vt 0.101010 0.898990
vt 0.101010 0.888889
vt 0.090909 0.888889
vt 0.111111 0.888889
vt 0.222222 0.050505
vt 0.222222 0.060606
vt 0.222222 0.030303
vt 0.222222 0.040404
vt 0.212121 0.040404
vt 0.232323 0.040404
vt 0.242424 0.040404
vt 0.222222 0.020202
vt 0.212121 0.000000
vt 0.222222 0.000000
vt 0.222222 0.010101
vt 0.212121 0.010101
vt 0.232323 0.000000
vt 0.232323 0.010101
vt 0.242424 0.000000
vt 0.242424 0.010101
vt 0.191919 0.050505
vt 0.191919 0.060606
vt 0.191919 0.030303
vt 0.191919 0.040404
vt 0.202020 0.040404
vt 0.191919 0.020202
vt 0.191919 0.000000
vt 0.191919 0.010101
vt 0.202020 0.000000
vt 0.202020 0.010101
vt 0.222222 0.080808
vt 0.222222 0.090909
vt 0.222222 0.070707
vt 0.212121 0.070707
vt 0.232323 0.070707
vt 0.242424 0.070707
vt 0.191919 0.080808
vt 0.191919 0.090909
vt 0.191919 0.070707
vt 0.181818 0.070707
vt 0.202020 0.070707
vt 0.222222 0.141414
vt 0.222222 0.151515
vt 0.222222 0.121212
vt 0.222222 0.131313
vt 0.212121 0.131313
vt 0.232323 0.131313
vt 0.242424 0.131313
vt 0.222222 0.111111
vt 0.222222 0.101010
vt 0.212121 0.101010
vt 0.232323 0.101010
vt 0.242424 0.101010
vt 0.191919 0.141414
vt 0.191919 0.151515
vt 0.191919 0.121212
vt 0.191919 0.131313
vt 0.202020 0.131313
vt 0.191919 0.111111
vt 0.191919 0.101010
vt 0.202020 0.101010
vt 0.222222 0.171717
vt 0.222222 0.181818
vt 0.222222 0.161616
vt 0.212121 0.161616
vt 0.232323 0.161616
vt 0.242424 0.161616
vt 0.191919 0.171717
vt 0.191919 0.181818
vt 0.191919 0.161616
vt 0.181818 0.161616
vt 0.202020 0.161616
vt 0.222222 0.232323
vt 0.222222 0.242424
vt 0.222222 0.212121
vt 0.222222 0.222222
vt 0.212121 0.222222
vt 0.232323 0.222222
vt 0.242424 0.222222
vt 0.222222 0.202020
vt 0.222222 0.191919
vt 0.212121 0.191919
vt 0.232323 0.191919
vt 0.242424 0.191919
vt 0.191919 0.232323
vt 0.191919 0.242424
vt 0.191919 0.212121
vt 0.191919 0.222222
vt 0.202020 0.222222
vt 0.191919 0.202020
vt 0.191919 0.191919
vt 0.202020 0.191919
vt 0.222222 0.262626
vt 0.222222 0.272727
vt 0.222222 0.252525
vt 0.212121 0.252525
vt 0.232323 0.252525
vt 0.242424 0.252525
vt 0.191919 0.262626
vt 0.191919 0.272727
vt 0.191919 0.252525
vt 0.181818 0.252525
vt 0.202020 0.252525
vt 0.222222 0.323232
vt 0.222222 0.333333
vt 0.222222 0.303030
vt 0.222222 0.313131
vt 0.212121 0.313131
vt 0.232323 0.313131
vt 0.242424 0.313131
vt 0.222222 0.292929
vt 0.222222 0.282828
vt 0.212121 0.282828
vt 0.232323 0.282828
vt 0.242424 0.282828
vt 0.191919 0.323232
vt 0.191919 0.333333
vt 0.191919 0.303030
vt 0.191919 0.313131
vt 0.202020 0.313131
vt 0.191919 0.292929
vt 0.191919 0.282828
vt 0.202020 0.282828
vt 0.222222 0.353535
vt 0.222222 0.363636
vt 0.222222 0.343434
vt 0.212121 0.343434
vt 0.232323 0.343434
vt 0.242424 0.343434
vt 0.191919 0.353535
vt 0.191919 0.363636
vt 0.191919 0.343434
vt 0.181818 0.343434
vt 0.202020 0.343434
vt 0.222222 0.414141
vt 0.222222 0.424242
vt 0.222222 0.393939
vt 0.222222 0.404040
vt 0.212121 0.404040
vt 0.232323 0.404040
vt 0.242424 0.404040
vt 0.222222 0.383838
vt 0.222222 0.373737
vt 0.212121 0.373737
vt 0.232323 0.373737
vt 0.242424 0.373737
vt 0.191919 0.414141
vt 0.191919 0.424242
vt 0.191919 0.393939
vt 0.191919 0.404040
vt 0.202020 0.404040
vt 0.191919 0.383838
vt 0.191919 0.373737
vt 0.202020 0.373737
vt 0.222222 0.444444
vt 0.222222 0.454545
vt 0.222222 0.434343
vt 0.212121 0.434343
vt 0.232323 0.434343
vt 0.242424 0.434343
vt 0.191919 0.444444
vt 0.191919 0.454545
vt 0.191919 0.434343
vt 0.181818 0.434343
vt 0.202020 0.434343
vt 0.222222 0.505050
vt 0.222222 0.515152
vt 0.222222 0.484848
vt 0.222222 0.494949
vt 0.212121 0.494949
vt 0.232323 0.494949
vt 0.242424 0.494949
vt 0.222222 0.474747
vt 0.222222 0.464646
vt 0.212121 0.464646
vt 0.232323 0.464646
vt 0.242424 0.464646
vt 0.191919 0.505050
vt 0.191919 0.515152
vt 0.191919 0.484848
vt 0.191919 0.494949
vt 0.202020 0.494949
vt 0.191919 0.474747
vt 0.191919 0.464646
vt 0.202020 0.464646
vt 0.222222 0.535353
vt 0.222222 0.545455
vt 0.222222 0.525252
vt 0.212121 0.525252
vt 0.232323 0.525252
vt 0.242424 0.525252
vt 0.191919 0.535353
vt 0.191919 0.545455
vt 0.191919 0.525252
vt 0.181818 0.525252
vt 0.202020 0.525252
vt 0.222222 0.595960
vt 0.222222 0.606061
vt 0.222222 0.575758
vt 0.222222 0.585859
vt 0.212121 0.585859
vt 0.232323 0.585859
vt 0.242424 0.585859
vt 0.222222 0.565657
vt 0.222222 0.555556
vt 0.212121 0.555556
vt 0.232323 0.555556
vt 0.242424 0.555556
vt 0.191919 0.595960
vt 0.191919 0.606061
vt 0.191919 0.575758
vt 0.191919 0.585859
vt 0.202020 0.585859
vt 0.191919 0.565657
vt 0.191919 0.555556
vt 0.202020 0.555556
vt 0.222222 0.626263
vt 0.222222 0.636364
vt 0.222222 0.616162
vt 0.212121 0.616162
vt 0.232323 0.616162
vt 0.242424 0.616162
vt 0.191919 0.626263
vt 0.191919 0.636364
vt 0.191919 0.616162
vt 0.181818 0.616162
vt 0.202020 0.616162
vt 0.222222 0.686869
vt 0.222222 0.696970
vt 0.222222 0.666667
vt 0.222222 0.676768
vt 0.212121 0.676768
vt 0.232323 0.676768
vt 0.242424 0.676768
vt 0.222222 0.656566
vt 0.222222 0.646465
vt 0.212121 0.646465
vt 0.232323 0.646465
vt 0.242424 0.646465
vt 0.191919 0.686869
vt 0.191919 0.696970
vt 0.191919 0.666667
vt 0.191919 0.676768
vt 0.202020 0.676768
vt 0.191919 0.656566
vt 0.191919 0.646465
vt 0.202020 0.646465
vt 0.222222 0.717172
vt 0.222222 0.727273
vt 0.222222 0.707071
vt 0.212121 0.707071
vt 0.232323 0.707071
vt 0.242424 0.707071
vt 0.191919 0.717172
vt 0.191919 0.727273
vt 0.191919 0.707071
vt 0.181818 0.707071
vt 0.202020 0.707071
vt 0.252525 0.777778
vt 0.252525 0.787879
vt 0.252525 0.757576
vt 0.252525 0.767677
vt 0.242424 0.767677
vt 0.262626 0.757576
vt 0.262626 0.767677
vt 0.272727 0.757576
vt 0.272727 0.767677
vt 0.222222 0.777778
vt 0.222222 0.787879
vt 0.222222 0.757576
vt 0.222222 0.767677
vt 0.212121 0.767677
vt 0.232323 0.767677
vt 0.222222 0.747475
vt 0.222222 0.737374
vt 0.212121 0.737374
vt 0.232323 0.737374
vt 0.242424 0.737374
vt 0.191919 0.777778
vt 0.191919 0.787879
vt 0.191919 0.757576
vt 0.191919 0.767677
vt 0.202020 0.767677
vt 0.191919 0.747475
vt 0.191919 0.737374
vt 0.202020 0.737374
vt 0.222222 0.808081
vt 0.222222 0.818182
vt 0.222222 0.797980
vt 0.212121 0.797980
vt 0.232323 0.797980
vt 0.242424 0.797980
vt 0.191919 0.808081
vt 0.191919 0.818182
vt 0.191919 0.797980
vt 0.181818 0.797980
vt 0.202020 0.797980
vt 0.252525 0.868687
vt 0.252525 0.878788
vt 0.252525 0.848485
vt 0.252525 0.858586
vt 0.242424 0.858586
vt 0.262626 0.858586
vt 0.272727 0.858586
vt 0.252525 0.838384
vt 0.252525 0.818182
vt 0.252525 0.828283
vt 0.242424 0.828283
vt 0.262626 0.828283
vt 0.272727 0.828283
vt 0.222222 0.868687
vt 0.222222 0.878788
vt 0.222222 0.848485
vt 0.222222 0.858586
vt 0.212121 0.858586
vt 0.232323 0.858586
vt 0.222222 0.838384
vt 0.222222 0.828283
vt 0.212121 0.828283
vt 0.232323 0.828283
vt 0.191919 0.868687
vt 0.191919 0.878788
vt 0.191919 0.848485
vt 0.191919 0.858586
vt 0.202020 0.858586
vt 0.191919 0.838384
vt 0.191919 0.828283
vt 0.202020 0.828283
vt 0.222222 0.898990
vt 0.222222 0.888889
vt 0.212121 0.888889
vt 0.232323 0.888889
vt 0.242424 0.888889
vt 0.191919 0.898990
vt 0.191919 0.888889
vt 0.181818 0.888889
vt 0.202020 0.888889
vt 0.343434 0.777778
vt 0.343434 0.787879
vt 0.333333 0.757576
vt 0.343434 0.757576
vt 0.343434 0.767677
vt 0.333333 0.767677
vt 0.353535 0.757576
vt 0.353535 0.767677
vt 0.363636 0.757576
vt 0.363636 0.767677
vt 0.313131 0.777778
vt 0.313131 0.787879
vt 0.303030 0.757576
vt 0.313131 0.757576
vt 0.313131 0.767677
vt 0.303030 0.767677
vt 0.323232 0.757576
vt 0.323232 0.767677
vt 0.282828 0.777778
vt 0.282828 0.787879
vt 0.282828 0.757576
vt 0.282828 0.767677
vt 0.292929 0.757576
vt 0.292929 0.767677
vt 0.313131 0.808081
vt 0.313131 0.818182
vt 0.313131 0.797980
vt 0.303030 0.797980
vt 0.323232 0.797980
vt 0.333333 0.797980
vt 0.282828 0.808081
vt 0.282828 0.818182
vt 0.282828 0.797980
vt 0.272727 0.797980
vt 0.292929 0.797980
vt 0.343434 0.868687
vt 0.343434 0.878788
vt 0.343434 0.848485
vt 0.343434 0.858586
vt 0.333333 0.858586
vt 0.353535 0.858586
vt 0.363636 0.858586
vt 0.343434 0.838384
vt 0.343434 0.818182
vt 0.343434 0.828283
vt 0.333333 0.828283
vt 0.353535 0.828283
vt 0.363636 0.828283
vt 0.313131 0.868687
vt 0.313131 0.878788
vt 0.313131 0.848485
vt 0.313131 0.858586
vt 0.303030 0.858586
vt 0.323232 0.858586
vt 0.313131 0.838384
vt 0.313131 0.828283
vt 0.303030 0.828283
vt 0.323232 0.828283
vt 0.282828 0.868687
vt 0.282828 0.878788
vt 0.282828 0.848485
vt 0.282828 0.858586
vt 0.292929 0.858586
vt 0.282828 0.838384
vt 0.282828 0.828283
vt 0.292929 0.828283
vt 0.313131 0.898990
vt 0.313131 0.888889
vt 0.303030 0.888889
vt 0.323232 0.888889
vt 0.333333 0.888889
vt 0.282828 0.898990
vt 0.282828 0.888889
vt 0.272727 0.888889
vt 0.292929 0.888889
vt 0.434343 0.777778
vt 0.434343 0.787879
vt 0.424242 0.757576
vt 0.434343 0.757576
vt 0.434343 0.767677
vt 0.424242 0.767677
vt 0.444444 0.757576
vt 0.444444 0.767677
vt 0.454545 0.757576
vt 0.454545 0.767677
vt 0.404040 0.777778
vt 0.404040 0.787879
vt 0.393939 0.757576
vt 0.404040 0.757576
vt 0.404040 0.767677
vt 0.393939 0.767677
vt 0.414141 0.757576
vt 0.414141 0.767677
vt 0.373737 0.777778
vt 0.373737 0.787879
vt 0.373737 0.757576
vt 0.373737 0.767677
vt 0.383838 0.757576
vt 0.383838 0.767677
vt 0.404040 0.808081
vt 0.404040 0.818182
vt 0.404040 0.797980
vt 0.393939 0.797980
vt 0.414141 0.797980
vt 0.424242 0.797980
vt 0.373737 0.808081
vt 0.373737 0.818182
vt 0.373737 0.797980
vt 0.363636 0.797980
vt 0.383838 0.797980
vt 0.434343 0.868687
vt 0.434343 0.878788
vt 0.434343 0.848485
vt 0.434343 0.858586
vt 0.424242 0.858586
vt 0.444444 0.858586
vt 0.454545 0.858586
vt 0.434343 0.838384
vt 0.434343 0.818182
vt 0.434343 0.828283
vt 0.424242 0.828283
vt 0.444444 0.828283
vt 0.454545 0.828283
vt 0.404040 0.868687
vt 0.404040 0.878788
vt 0.404040 0.848485
vt 0.404040 0.858586
vt 0.393939 0.858586
vt 0.414141 0.858586
vt 0.404040 0.838384
vt 0.404040 0.828283
vt 0.393939 0.828283
vt 0.414141 0.828283
vt 0.373737 0.868687
vt 0.373737 0.878788
vt 0.373737 0.848485
vt 0.373737 0.858586
vt 0.383838 0.858586
vt 0.373737 0.838384
vt 0.373737 0.828283
vt 0.383838 0.828283
vt 0.404040 0.898990
vt 0.404040 0.888889
vt 0.393939 0.888889
vt 0.414141 0.888889
vt 0.424242 0.888889
vt 0.373737 0.898990
vt 0.373737 0.888889
vt 0.363636 0.888889
vt 0.383838 0.888889
vt 0.525252 0.777778
vt 0.525252 0.787879
vt 0.515152 0.757576
vt 0.525252 0.757576
vt 0.525252 0.767677
vt 0.515152 0.767677
vt 0.535353 0.757576
vt 0.535353 0.767677
vt 0.545455 0.757576
vt 0.545455 0.767677
vt 0.494949 0.777778
vt 0.494949 0.787879
vt 0.484848 0.757576
vt 0.494949 0.757576
vt 0.494949 0.767677
vt 0.484848 0.767677
vt 0.505050 0.757576
vt 0.505050 0.767677
vt 0.464646 0.777778
vt 0.464646 0.787879
vt 0.464646 0.757576
vt 0.464646 0.767677
vt 0.474747 0.757576
vt 0.474747 0.767677
vt 0.494949 0.808081
vt 0.494949 0.818182
vt 0.494949 0.797980
vt 0.484848 0.797980
vt 0.505050 0.797980
vt 0.515152 0.797980
vt 0.464646 0.808081
vt 0.464646 0.818182
vt 0.464646 0.797980
vt 0.454545 0.797980
vt 0.474747 0.797980
vt 0.525252 0.868687
vt 0.525252 0.878788
vt 0.525252 0.848485
vt 0.525252 0.858586
vt 0.515152 0.858586
vt 0.535353 0.858586
vt 0.545455 0.858586
vt 0.525252 0.838384
vt 0.525252 0.818182
vt 0.525252 0.828283
vt 0.515152 0.828283
vt 0.535353 0.828283
vt 0.545455 0.828283
vt 0.494949 0.868687
vt 0.494949 0.878788
vt 0.494949 0.848485
vt 0.494949 0.858586
vt 0.484848 0.858586
vt 0.505050 0.858586
vt 0.494949 0.838384
vt 0.494949 0.828283
vt 0.484848 0.828283
vt 0.505050 0.828283
vt 0.464646 0.868687
vt 0.464646 0.878788
vt 0.464646 0.848485
vt 0.464646 0.858586
vt 0.474747 0.858586
vt 0.464646 0.838384
vt 0.464646 0.828283
vt 0.474747 0.828283
vt 0.494949 0.898990
vt 0.494949 0.888889
vt 0.484848 0.888889
vt 0.505050 0.888889
vt 0.515152 0.888889
vt 0.464646 0.898990
vt 0.464646 0.888889
vt 0.454545 0.888889
vt 0.474747 0.888889
vt 0.616162 0.777778
vt 0.616162 0.787879
vt 0.606061 0.757576
vt 0.616162 0.757576
vt 0.616162 0.767677
vt 0.606061 0.767677
vt 0.626263 0.757576
vt 0.626263 0.767677
vt 0.636364 0.757576
vt 0.636364 0.767677
vt 0.585859 0.777778
vt 0.585859 0.787879
vt 0.575758 0.757576
vt 0.585859 0.757576
vt 0.585859 0.767677
vt 0.575758 0.767677
vt 0.595960 0.757576
vt 0.595960 0.767677
vt 0.555556 0.777778
vt 0.555556 0.787879
vt 0.555556 0.757576
vt 0.555556 0.767677
vt 0.565657 0.757576
vt 0.565657 0.767677
vt 0.585859 0.808081
vt 0.585859 0.818182
vt 0.585859 0.797980
vt 0.575758 0.797980
vt 0.595960 0.797980
vt 0.606061 0.797980
vt 0.555556 0.808081
vt 0.555556 0.818182
vt 0.555556 0.797980
vt 0.545455 0.797980
vt 0.565657 0.797980
vt 0.616162 0.868687
vt 0.616162 0.878788
vt 0.616162 0.848485
vt 0.616162 0.858586
vt 0.606061 0.858586
vt 0.626263 0.858586
vt 0.636364 0.858586
vt 0.616162 0.838384
vt 0.616162 0.818182
vt 0.616162 0.828283
vt 0.606061 0.828283
vt 0.626263 0.828283
vt 0.636364 0.828283
vt 0.585859 0.868687
vt 0.585859 0.878788
vt 0.585859 0.848485
vt 0.585859 0.858586
vt 0.575758 0.858586
vt 0.595960 0.858586
vt 0.585859 0.838384
vt 0.585859 0.828283
vt 0.575758 0.828283
vt 0.595960 0.828283
vt 0.555555 0.868687
vt 0.555555 0.878788
vt 0.555555 0.848485
vt 0.555555 0.858586
vt 0.565656 0.858586
vt 0.555555 0.838384
vt 0.555555 0.828283
vt 0.565657 0.828283
vt 0.585859 0.898990
vt 0.585859 0.888889
vt 0.575758 0.888889
vt 0.595960 0.888889
vt 0.606061 0.888889
vt 0.555555 0.898990
vt 0.555555 0.888889
vt 0.545455 0.888889
vt 0.565656 0.888889
vt 0.707071 0.777778
vt 0.707071 0.787879
vt 0.696970 0.757576
vt 0.707071 0.757576
vt 0.707071 0.767677
vt 0.696970 0.767677
vt 0.717172 0.757576
vt 0.717172 0.767677
vt 0.727273 0.757576
vt 0.727273 0.767677
vt 0.676768 0.777778
vt 0.676768 0.787879
vt 0.666667 0.757576
vt 0.676768 0.757576
vt 0.676768 0.767677
vt 0.666667 0.767677
vt 0.686869 0.757576
vt 0.686869 0.767677
vt 0.646465 0.777778
vt 0.646465 0.787879
vt 0.646465 0.757576
vt 0.646465 0.767677
vt 0.656566 0.757576
vt 0.656566 0.767677
vt 0.676768 0.808081
vt 0.676768 0.818182
vt 0.676768 0.797980
vt 0.666667 0.797980
vt 0.686869 0.797980
vt 0.696970 0.797980
vt 0.646465 0.808081
vt 0.646465 0.818182
vt 0.646465 0.797980
vt 0.636364 0.797980
vt 0.656566 0.797980
vt 0.707071 0.868687
vt 0.707071 0.878788
vt 0.707071 0.848485
vt 0.707071 0.858586
vt 0.696970 0.858586
vt 0.717172 0.858586
vt 0.727273 0.858586
vt 0.707071 0.838384
vt 0.707071 0.818182
vt 0.707071 0.828283
vt 0.696970 0.828283
vt 0.717172 0.828283
vt 0.727273 0.828283
vt 0.676768 0.868687
vt 0.676768 0.878788
vt 0.676768 0.848485
vt 0.676768 0.858586
vt 0.666667 0.858586
vt 0.686869 0.858586
vt 0.676768 0.838384
vt 0.676768 0.828283
vt 0.666667 0.828283
vt 0.686869 0.828283
vt 0.646465 0.868687
vt 0.646465 0.878788
vt 0.646465 0.848485
vt 0.646465 0.858586
vt 0.656566 0.858586
vt 0.646465 0.838384
vt 0.646465 0.828283
vt 0.656566 0.828283
vt 0.676768 0.898990
vt 0.676768 0.888889
vt 0.666667 0.888889
vt 0.686869 0.888889
vt 0.696970 0.888889
vt 0.646465 0.898990
vt 0.646465 0.888889
vt 0.636364 0.888889
vt 0.656566 0.888889
vt 0.797980 0.777778
vt 0.797980 0.787879
vt 0.787879 0.757576
vt 0.797980 0.757576
vt 0.797980 0.767677
vt 0.787879 0.767677
vt 0.808081 0.757576
vt 0.808081 0.767677
vt 0.818182 0.757576
vt 0.818182 0.767677
vt 0.767677 0.777778
vt 0.767677 0.787879
vt 0.757576 0.757576
vt 0.767677 0.757576
vt 0.767677 0.767677
vt 0.757576 0.767677
vt 0.777778 0.757576
vt 0.777778 0.767677
vt 0.737374 0.777778
vt 0.737374 0.787879
vt 0.737374 0.757576
vt 0.737374 0.767677
vt 0.747475 0.757576
vt 0.747475 0.767677
vt 0.767677 0.808081
vt 0.767677 0.818182
vt 0.767677 0.797980
vt 0.757576 0.797980
vt 0.777778 0.797980
vt 0.787879 0.797980
vt 0.737374 0.808081
vt 0.737374 0.818182
vt 0.737374 0.797980
vt 0.727273 0.797980
vt 0.747475 0.797980
vt 0.797980 0.868687
vt 0.797980 0.878788
vt 0.797980 0.848485
vt 0.797980 0.858586
vt 0.787879 0.858586
vt 0.808081 0.858586
vt 0.818182 0.858586
vt 0.797980 0.838384
vt 0.797980 0.818182
vt 0.797980 0.828283
vt 0.787879 0.828283
vt 0.808081 0.828283
vt 0.818182 0.828283
vt 0.767677 0.868687
vt 0.767677 0.878788
vt 0.767677 0.848485
vt 0.767677 0.858586
vt 0.757576 0.858586
vt 0.777778 0.858586
vt 0.767677 0.838384
vt 0.767677 0.828283
vt 0.757576 0.828283
vt 0.777778 0.828283
vt 0.737374 0.868687
vt 0.737374 0.878788
vt 0.737374 0.848485
vt 0.737374 0.858586
vt 0.747475 0.858586
vt 0.737374 0.838384
vt 0.737374 0.828283
vt 0.747475 0.828283
vt 0.767677 0.898990
vt 0.767677 0.888889
vt 0.757576 0.888889
vt 0.777778 0.888889
vt 0.787879 0.888889
vt 0.737374 0.898990
vt 0.737374 0.888889
vt 0.727273 0.888889
vt 0.747475 0.888889
vt 0.888889 0.777778
vt 0.888889 0.787879
vt 0.878788 0.757576
vt 0.888889 0.757576
vt 0.888889 0.767677
vt 0.878788 0.767677
vt 0.898990 0.757576
vt 0.898990 0.767677
vt 0.909091 0.757576
vt 0.909091 0.767677
vt 0.858586 0.777778
vt 0.858586 0.787879
vt 0.848485 0.757576
vt 0.858586 0.757576
vt 0.858586 0.767677
vt 0.848485 0.767677
vt 0.868687 0.757576
vt 0.868687 0.767677
vt 0.828283 0.777778
vt 0.828283 0.787879
vt 0.828283 0.757576
vt 0.828283 0.767677
vt 0.838384 0.757576
vt 0.838384 0.767677
vt 0.858586 0.808081
vt 0.858586 0.818182
vt 0.858586 0.797980
vt 0.848485 0.797980
vt 0.868687 0.797980
vt 0.878788 0.797980
vt 0.828283 0.808081
vt 0.828283 0.818182
vt 0.828283 0.797980
vt 0.818182 0.797980
vt 0.838384 0.797980
vt 0.888889 0.868687
vt 0.888889 0.878788
vt 0.888889 0.848485
vt 0.888889 0.858586
vt 0.878788 0.858586
vt 0.898990 0.858586
vt 0.909091 0.858586
vt 0.888889 0.838384
vt 0.888889 0.818182
vt 0.888889 0.828283
vt 0.878788 0.828283
vt 0.898990 0.828283
vt 0.909091 0.828283
vt 0.858586 0.868687
vt 0.858586 0.878788
vt 0.858586 0.848485
vt 0.858586 0.858586
vt 0.848485 0.858586
vt 0.868687 0.858586
vt 0.858586 0.838384
vt 0.858586 0.828283
vt 0.848485 0.828283
vt 0.868687 0.828283
vt 0.828283 0.868687
vt 0.828283 0.878788
vt 0.828283 0.848485
vt 0.828283 0.858586
vt 0.838384 0.858586
vt 0.828283 0.838384
vt 0.828283 0.828283
vt 0.838384 0.828283
vt 0.858586 0.898990
vt 0.858586 0.888889
vt 0.848485 0.888889
vt 0.868687 0.888889
vt 0.878788 0.888889
vt 0.828283 0.898990
vt 0.828283 0.888889
vt 0.818182 0.888889
vt 0.838384 0.888889
vt 0.979798 0.777778
vt 0.979798 0.787879
vt 0.969697 0.757576
vt 0.979798 0.757576
vt 0.979798 0.767677
vt 0.969697 0.767677
vt 0.989899 0.757576
vt 0.989899 0.767677
vt 1.000000 0.757576
vt 1.000000 0.767677
vt 0.949495 0.777778
vt 0.949495 0.787879
vt 0.939394 0.757576
vt 0.949495 0.757576
vt 0.949495 0.767677
vt 0.939394 0.767677
vt 0.959596 0.757576
vt 0.959596 0.767677
vt 0.919192 0.777778
vt 0.919192 0.787879
vt 0.919192 0.757576
vt 0.919192 0.767677
vt 0.929293 0.757576
vt 0.929293 0.767677
vt 0.949495 0.808081
vt 0.949495 0.818182
vt 0.949495 0.797980
vt 0.939394 0.797980
vt 0.959596 0.797980
vt 0.969697 0.797980
vt 0.919192 0.808081
vt 0.919192 0.818182
vt 0.919192 0.797980
vt 0.909091 0.797980
vt 0.929293 0.797980
vt 0.979798 0.868687
vt 0.979798 0.878788
vt 0.979798 0.848485
vt 0.979798 0.858586
vt 0.969697 0.858586
vt 0.989899 0.858586
vt 1.000000 0.858586
vt 0.979798 0.838384
vt 0.979798 0.818182
vt 0.979798 0.828283
vt 0.969697 0.828283
vt 0.989899 0.828283
vt 1.000000 0.828283
vt 0.949495 0.868687
vt 0.949495 0.878788
vt 0.949495 0.848485
vt 0.949495 0.858586
vt 0.939394 0.858586
vt 0.959596 0.858586
vt 0.949495 0.838384
vt 0.949495 0.828283
vt 0.939394 0.828283
vt 0.959596 0.828283
vt 0.919192 0.868687
vt 0.919192 0.878788
vt 0.919192 0.848485
vt 0.919192 0.858586
vt 0.929293 0.858586
vt 0.919192 0.838384
vt 0.919192 0.828283
vt 0.929293 0.828283
vt 0.949495 0.898990
vt 0.949495 0.888889
vt 0.939394 0.888889
vt 0.959596 0.888889
vt 0.969697 0.888889
vt 0.919192 0.898990
vt 0.919192 0.888889
vt 0.909091 0.888889
vt 0.929293 0.888889
vt 0.979798 0.898990
vt 0.979798 0.888889
vt 0.989899 0.888889
vt 1.000000 0.888889
vt 0.979798 0.808081
vt 0.979798 0.797980
vt 0.989899 0.797980
vt 1.000000 0.797980
vt 0.888889 0.898990
vt 0.888889 0.888889
vt 0.898990 0.888889
vt 0.888889 0.808081
vt 0.888889 0.797980
vt 0.898990 0.797980
vt 0.797980 0.898990
vt 0.797980 0.888889
vt 0.808081 0.888889
vt 0.797980 0.808081
vt 0.797980 0.797980
vt 0.808081 0.797980
vt 0.707071 0.898990
vt 0.707071 0.888889
vt 0.717172 0.888889
vt 0.707071 0.808081
vt 0.707071 0.797980
vt 0.717172 0.797980
vt 0.616162 0.898990
vt 0.616162 0.888889
vt 0.626263 0.888889
vt 0.616162 0.808081
vt 0.616162 0.797980
vt 0.626263 0.797980
vt 0.525252 0.898990
vt 0.525252 0.888889
vt 0.535353 0.888889
vt 0.525252 0.808081
vt 0.525252 0.797980
vt 0.535353 0.797980
vt 0.434343 0.898990
vt 0.434343 0.888889
vt 0.444444 0.888889
vt 0.434343 0.808081
vt 0.434343 0.797980
vt 0.444444 0.797980
vt 0.343434 0.898990
vt 0.343434 0.888889
vt 0.353535 0.888889
vt 0.343434 0.808081
vt 0.343434 0.797980
vt 0.353535 0.797980
vt 0.252525 0.898990
vt 0.252525 0.888889
vt 0.262626 0.888889
vt 0.252525 0.808081
vt 0.252525 0.797980
vt 0.262626 0.797980
vt 0.161616 0.898990
vt 0.161616 0.888889
vt 0.171717 0.888889
vt 0.161616 0.808081
vt 0.161616 0.797980
vt 0.171717 0.797980
vt 0.161616 0.717172
vt 0.161616 0.707071
vt 0.171717 0.707071
vt 0.161616 0.626263
vt 0.161616 0.616162
vt 0.171717 0.616162
vt 0.161616 0.535353
vt 0.161616 0.525252
vt 0.171717 0.525252
vt 0.161616 0.444444
vt 0.161616 0.434343
vt 0.171717 0.434343
vt 0.161616 0.353535
vt 0.161616 0.343434
vt 0.171717 0.343434
vt 0.161616 0.262626
vt 0.161616 0.252525
vt 0.171717 0.252525
vt 0.161616 0.171717
vt 0.161616 0.161616
vt 0.171717 0.161616
vt 0.161616 0.080808
vt 0.161616 0.070707
vt 0.171717 0.070707
vt 0.070707 0.898990
vt 0.070707 0.888889
vt 0.080808 0.888889
vt 0.070707 0.808081
vt 0.070707 0.797980
vt 0.080808 0.797980
vt 0.070707 0.717172
vt 0.070707 0.707071
vt 0.080808 0.707071
vt 0.070707 0.626263
vt 0.070707 0.616162
vt 0.080808 0.616162
vt 0.070707 0.535353
vt 0.070707 0.525252
vt 0.080808 0.525252
vt 0.070707 0.444444
vt 0.070707 0.434343
vt 0.080808 0.434343
vt 0.070707 0.353535
vt 0.070707 0.343434
vt 0.080808 0.343434
vt 0.070707 0.262626
vt 0.070707 0.252525
vt 0.080808 0.252525
vt 0.070707 0.171717
vt 0.070707 0.161616
vt 0.080808 0.161616
vt 0.070707 0.080808
vt 0.070707 0.070707
vt 0.080808 0.070707
vt 0.888889 0.989899
vt 0.888889 1.000000
vt 0.888889 0.979798
vt 0.898990 0.979798
vt 0.797980 0.989899
vt 0.797980 1.000000
vt 0.797980 0.979798
vt 0.808081 0.979798
vt 0.707071 0.989899
vt 0.707071 1.000000
vt 0.707071 0.979798
vt 0.717172 0.979798
vt 0.616162 0.989899
vt 0.616162 1.000000
vt 0.616162 0.979798
vt 0.626263 0.979798
vt 0.525252 0.989899
vt 0.525253 1.000000
vt 0.525252 0.979798
vt 0.535353 0.979798
vt 0.434343 0.989899
vt 0.434343 1.000000
vt 0.434343 0.979798
vt 0.444444 0.979798
vt 0.343434 0.989899
vt 0.343434 1.000000
vt 0.343434 0.979798
vt 0.353535 0.979798
vt 0.252525 0.989899
vt 0.252525 1.000000
vt 0.252525 0.979798
vt 0.262626 0.979798
vt 0.161616 0.989899
vt 0.161616 1.000000
vt 0.161616 0.979798
vt 0.171717 0.979798
vt 0.070707 0.989899
vt 0.070707 1.000000
vt 0.070707 0.979798
vt 0.080808 0.979798
vt 0.979798 0.989899
vt 0.979798 1.000000
vt 0.979798 0.979798
vt 0.989899 0.979798
vt 1.000000 0.979798
s 0
usemtl Material.001
f 4375/1/1 535/2/1 3/3/1 840/4/1
f 4371/5/2 587/6/2 27/7/2 778/8/2
f 4367/9/2 609/10/2 26/11/2 876/12/2
f 4363/13/2 631/14/2 25/15/2 872/16/2
f 4359/17/2 637/18/2 24/19/2 868/20/2
f 4355/21/2 643/22/2 23/23/2 864/24/2
f 4351/25/2 649/26/2 22/27/2 860/28/2
f 4347/29/2 655/30/2 21/31/2 856/32/2
f 4343/33/2 661/34/2 20/35/2 852/36/2
f 4339/37/2 667/38/2 19/39/2 848/40/2
f 4335/41/2 673/42/2 18/43/2 844/44/2
f 4331/45/1 589/46/1 28/47/1 1048/48/1
f 4327/49/1 591/50/1 29/51/1 1052/52/1
f 4323/53/1 593/54/1 30/55/1 1056/56/1
f 4319/57/1 595/58/1 31/59/1 1060/60/1
f 4315/61/1 597/62/1 32/63/1 1064/64/1
f 4311/65/1 599/66/1 33/67/1 1068/68/1
f 4307/69/1 601/70/1 34/71/1 1072/72/1
f 4303/73/1 603/74/1 35/75/1 1076/76/1
f 4299/77/1 605/78/1 36/79/1 1080/80/1
f 4295/81/1 607/82/1 37/83/1 1084/84/1
f 4291/85/1 611/86/1 38/87/1 1088/88/1
f 4287/89/1 613/90/1 39/91/1 1092/92/1
f 4283/93/1 615/94/1 40/95/1 1096/96/1
f 4279/97/1 617/98/1 41/99/1 1100/100/1
f 4275/101/1 619/102/1 42/103/1 1104/104/1
f 4271/105/1 621/106/1 43/107/1 1108/108/1
f 4267/109/1 623/110/1 44/111/1 1112/112/1
f 4263/113/1 625/114/1 45/115/1 1116/116/1
f 4259/117/1 627/118/1 46/119/1 1120/120/1
f 4255/121/1 629/122/1 47/123/1 1124/124/1
f 4251/125/1 633/126/1 48/127/1 1144/128/1
f 4247/129/1 635/130/1 49/131/1 1148/132/1
f 4243/133/1 639/134/1 50/135/1 1152/136/1
f 4239/137/1 641/138/1 51/139/1 1156/140/1
f 4235/141/1 645/142/1 52/143/1 1160/144/1
f 4231/145/1 647/146/1 53/147/1 1164/148/1
f 4227/149/1 651/150/1 54/151/1 1168/152/1
f 4223/153/1 653/154/1 55/155/1 1172/156/1
f 4219/157/1 657/158/1 56/159/1 1176/160/1
f 4215/161/1 659/162/1 57/163/1 1180/164/1
f 4211/165/1 663/166/1 58/167/1 1184/168/1
f 4207/169/1 665/170/1 59/171/1 1188/172/1
f 4203/173/1 669/174/1 60/175/1 1192/176/1
f 4199/177/1 671/178/1 61/179/1 1196/180/1
f 4195/181/1 675/182/1 62/183/1 1200/184/1
f 4191/185/1 677/186/1 63/187/1 1204/188/1
f 4187/189/2 563/190/2 16/191/2 1208/192/2
f 4183/193/2 565/194/2 17/195/2 1212/196/2
f 4179/197/1 1217/198/1 303/199/1 768/200/1
f 4175/201/1 1223/202/1 302/203/1 1214/204/1
f 4171/205/1 1219/206/1 304/207/1 1228/208/1
f 4167/209/1 1221/210/1 305/211/1 1230/212/1
f 4163/213/1 1225/214/1 306/215/1 1232/216/1
f 4159/217/1 1227/218/1 307/219/1 1234/220/1
f 4155/221/2 837/222/2 98/223/2 1236/224/2
f 4151/225/2 839/226/2 99/227/2 1238/228/2
f 4147/229/1 1241/230/1 301/231/1 766/232/1
f 4143/233/1 1245/234/1 300/235/1 1210/236/1
f 4139/237/1 1243/238/1 309/239/1 1250/240/1
f 4135/241/1 1247/242/1 311/243/1 1254/244/1
f 4131/245/2 835/246/2 97/247/2 1258/248/2
f 4127/249/1 1261/250/1 299/251/1 764/252/1
f 4123/253/1 1267/254/1 298/255/1 1206/256/1
f 4119/257/1 1263/258/1 312/259/1 1272/260/1
f 4115/261/1 1265/262/1 313/263/1 1274/264/1
f 4111/265/1 1269/266/1 314/267/1 1276/268/1
f 4107/269/1 1271/270/1 315/271/1 1278/272/1
f 4103/273/1 1045/274/1 210/275/1 1280/276/1
f 4099/277/1 1047/278/1 211/279/1 1282/280/1
f 4095/281/1 1285/282/1 297/283/1 762/284/1
f 4091/285/1 1289/286/1 296/287/1 1202/288/1
f 4087/289/1 1287/290/1 317/291/1 1294/292/1
f 4083/293/1 1291/294/1 319/295/1 1298/296/1
f 4079/297/1 1043/298/1 209/299/1 1302/300/1
f 4075/301/1 1305/302/1 295/303/1 760/304/1
f 4071/305/1 1311/306/1 294/307/1 1198/308/1
f 4067/309/1 1307/310/1 320/311/1 1316/312/1
f 4063/313/1 1309/314/1 321/315/1 1318/316/1
f 4059/317/1 1313/318/1 322/319/1 1320/320/1
f 4055/321/1 1315/322/1 323/323/1 1322/324/1
f 4051/325/1 1035/326/1 204/327/1 1324/328/1
f 4047/329/1 1037/330/1 205/331/1 1326/332/1
f 4043/333/1 1329/334/1 293/335/1 758/336/1
f 4039/337/1 1333/338/1 292/339/1 1194/340/1
f 4035/341/1 1331/342/1 325/343/1 1338/344/1
f 4031/345/1 1335/346/1 327/347/1 1342/348/1
f 4027/349/1 1033/350/1 203/351/1 1346/352/1
f 4023/353/1 1349/354/1 291/355/1 756/356/1
f 4019/357/1 1355/358/1 290/359/1 1190/360/1
f 4015/361/1 1351/362/1 328/363/1 1360/364/1
f 4011/365/1 1353/366/1 329/367/1 1362/368/1
f 4007/369/1 1357/370/1 330/371/1 1364/372/1
f 4003/373/1 1359/374/1 331/375/1 1366/376/1
f 3999/377/1 1025/378/1 198/379/1 1368/380/1
f 3995/381/1 1027/382/1 199/383/1 1370/384/1
f 3991/385/1 1373/386/1 289/387/1 754/388/1
f 3987/389/1 1377/390/1 288/391/1 1186/392/1
f 3983/393/1 1375/394/1 333/395/1 1382/396/1
f 3979/397/1 1379/398/1 335/399/1 1386/400/1
f 3975/401/1 1023/402/1 197/403/1 1390/404/1
f 3971/405/1 1393/406/1 287/407/1 752/408/1
f 3967/409/1 1399/410/1 286/411/1 1182/412/1
f 3963/413/1 1395/414/1 336/415/1 1404/416/1
f 3959/417/1 1397/418/1 337/419/1 1406/420/1
f 3955/421/1 1401/422/1 338/423/1 1408/424/1
f 3951/425/1 1403/426/1 339/427/1 1410/428/1
f 3947/429/1 1015/430/1 192/431/1 1412/432/1
f 3943/433/1 1017/434/1 193/435/1 1414/436/1
f 3939/437/1 1417/438/1 285/439/1 750/440/1
f 3935/441/1 1421/442/1 284/443/1 1178/444/1
f 3931/445/1 1419/446/1 341/447/1 1426/448/1
f 3927/449/1 1423/450/1 343/451/1 1430/452/1
f 3923/453/1 1013/454/1 191/455/1 1434/456/1
f 3919/457/1 1437/458/1 283/459/1 748/460/1
f 3915/461/1 1443/462/1 282/463/1 1174/464/1
f 3911/465/1 1439/466/1 344/467/1 1448/468/1
f 3907/469/1 1441/470/1 345/471/1 1450/472/1
f 3903/473/1 1445/474/1 346/475/1 1452/476/1
f 3899/477/1 1447/478/1 347/479/1 1454/480/1
f 3895/481/1 1005/482/1 186/483/1 1456/484/1
f 3891/485/1 1007/486/1 187/487/1 1458/488/1
f 3887/489/1 1461/490/1 281/491/1 746/492/1
f 3883/493/1 1465/494/1 280/495/1 1170/496/1
f 3879/497/1 1463/498/1 349/499/1 1470/500/1
f 3875/501/1 1467/502/1 351/503/1 1474/504/1
f 3871/505/1 1003/506/1 185/507/1 1478/508/1
f 3867/509/1 1481/510/1 279/511/1 744/512/1
f 3863/513/1 1487/514/1 278/515/1 1166/516/1
f 3859/517/1 1483/518/1 352/519/1 1492/520/1
f 3855/521/1 1485/522/1 353/523/1 1494/524/1
f 3851/525/1 1489/526/1 354/527/1 1496/528/1
f 3847/529/1 1491/530/1 355/531/1 1498/532/1
f 3843/533/1 995/534/1 180/535/1 1500/536/1
f 3839/537/1 997/538/1 181/539/1 1502/540/1
f 3835/541/1 1505/542/1 277/543/1 742/544/1
f 3831/545/1 1509/546/1 276/547/1 1162/548/1
f 3827/549/1 1507/550/1 357/551/1 1514/552/1
f 3823/553/1 1511/554/1 359/555/1 1518/556/1
f 3819/557/1 993/558/1 179/559/1 1522/560/1
f 3815/561/1 1525/562/1 275/563/1 740/564/1
f 3811/565/1 1531/566/1 274/567/1 1158/568/1
f 3807/569/1 1527/570/1 360/571/1 1536/572/1
f 3803/573/1 1529/574/1 361/575/1 1538/576/1
f 3799/577/1 1533/578/1 362/579/1 1540/580/1
f 3795/581/1 1535/582/1 363/583/1 1542/584/1
f 3791/585/1 985/586/1 174/587/1 1544/588/1
f 3787/589/1 987/590/1 175/591/1 1546/592/1
f 3783/593/1 1549/594/1 273/595/1 738/596/1
f 3779/597/1 1553/598/1 272/599/1 1154/600/1
f 3775/601/1 1551/602/1 365/603/1 1558/604/1
f 3771/605/1 1555/606/1 367/607/1 1562/608/1
f 3767/609/1 983/610/1 173/611/1 1566/612/1
f 3763/613/1 1569/614/1 271/615/1 736/616/1
f 3759/617/1 1575/618/1 270/619/1 1150/620/1
f 3755/621/1 1571/622/1 368/623/1 1580/624/1
f 3751/625/1 1573/626/1 369/627/1 1582/628/1
f 3747/629/1 1577/630/1 370/631/1 1584/632/1
f 3743/633/1 1579/634/1 371/635/1 1586/636/1
f 3739/637/1 975/638/1 168/639/1 1588/640/1
f 3735/641/1 977/642/1 169/643/1 1590/644/1
f 3731/645/1 1593/646/1 269/647/1 734/648/1
f 3727/649/1 1599/650/1 268/651/1 1146/652/1
f 3723/653/1 1595/654/1 372/655/1 1604/656/1
f 3719/657/1 1597/658/1 373/659/1 1606/660/1
f 3715/661/1 1601/662/1 374/663/1 1608/664/1
f 3711/665/1 1603/666/1 375/667/1 1610/668/1
f 3707/669/1 973/670/1 167/671/1 1614/672/1
f 3703/673/1 1617/674/1 267/675/1 732/676/1
f 3699/677/2 1623/678/2 266/679/2 1142/680/2
f 3695/681/1 1619/682/1 376/683/1 1628/684/1
f 3691/685/1 1621/686/1 377/687/1 1630/688/1
f 3687/689/2 1625/690/2 378/691/2 1632/692/2
f 3683/693/2 1627/694/2 379/695/2 1634/696/2
f 3679/697/1 1637/698/1 265/699/1 730/700/1
f 3675/701/2 1643/702/2 264/703/2 1140/704/2
f 3671/705/1 1639/706/1 380/707/1 1648/708/1
f 3667/709/1 1641/710/1 381/711/1 1650/712/1
f 3663/713/2 1645/714/2 382/715/2 1652/716/2
f 3659/717/2 1647/718/2 383/719/2 1654/720/2
f 3655/721/1 1657/722/1 263/723/1 728/724/1
f 3651/725/2 1663/726/2 262/727/2 1138/728/2
f 3647/729/1 1659/730/1 384/731/1 1668/732/1
f 3643/733/1 1661/734/1 385/735/1 1670/736/1
f 3639/737/2 1665/738/2 386/739/2 1672/740/2
f 3635/741/2 1667/742/2 387/743/2 1674/744/2
f 3631/745/1 1677/746/1 261/747/1 726/748/1
f 3627/749/2 1683/750/2 260/751/2 1136/752/2
f 3623/753/1 1679/754/1 388/755/1 1688/756/1
f 3619/757/1 1681/758/1 389/759/1 1690/760/1
f 3615/761/2 1685/762/2 390/763/2 1692/764/2
f 3611/765/2 1687/766/2 391/767/2 1694/768/2
f 3607/769/1 1697/770/1 259/771/1 724/772/1
f 3603/773/2 1703/774/2 258/775/2 1134/776/2
f 3599/777/1 1699/778/1 392/779/1 1708/780/1
f 3595/781/1 1701/782/1 393/783/1 1710/784/1
f 3591/785/2 1705/786/2 394/787/2 1712/788/2
f 3587/789/2 1707/790/2 395/791/2 1714/792/2
f 3583/793/1 1717/794/1 257/795/1 722/796/1
f 3579/797/2 1723/798/2 256/799/2 1132/800/2
f 3575/801/1 1719/802/1 396/803/1 1728/804/1
f 3571/805/1 1721/806/1 397/807/1 1730/808/1
f 3567/809/2 1725/810/2 398/811/2 1732/812/2
f 3563/813/2 1727/814/2 399/815/2 1734/816/2
f 3559/817/1 1737/818/1 255/819/1 720/820/1
f 3555/821/2 1743/822/2 254/823/2 1130/824/2
f 3551/825/1 1739/826/1 400/827/1 1748/828/1
f 3547/829/1 1741/830/1 401/831/1 1750/832/1
f 3543/833/2 1745/834/2 402/835/2 1752/836/2
f 3539/837/2 1747/838/2 403/839/2 1754/840/2
f 3535/841/1 1757/842/1 253/843/1 718/844/1
f 3531/845/2 1763/846/2 252/847/2 1128/848/2
f 3527/849/1 1759/850/1 404/851/1 1768/852/1
f 3523/853/1 1761/854/1 405/855/1 1770/856/1
f 3519/857/2 1765/858/2 406/859/2 1772/860/2
f 3515/861/2 1767/862/2 407/863/2 1774/864/2
f 3511/865/1 1777/866/1 251/867/1 716/868/1
f 3507/869/1 1783/870/1 250/871/1 1126/872/1
f 3503/873/1 1779/874/1 408/875/1 1788/876/1
f 3499/877/1 1781/878/1 409/879/1 1790/880/1
f 3495/881/1 1785/882/1 410/883/1 1792/884/1
f 3491/885/1 1787/886/1 411/887/1 1794/888/1
f 3487/889/1 965/890/1 162/891/1 1796/892/1
f 3483/893/1 967/894/1 163/895/1 1798/896/1
f 3479/897/1 1801/898/1 249/899/1 714/900/1
f 3475/901/1 1807/902/1 248/903/1 1122/904/1
f 3471/905/1 1803/906/1 412/907/1 1812/908/1
f 3467/909/1 1805/910/1 413/911/1 1814/912/1
f 3463/913/1 1809/914/1 414/915/1 1816/916/1
f 3459/917/1 1811/918/1 415/919/1 1818/920/1
f 3455/921/1 961/922/1 160/923/1 1820/924/1
f 3451/925/1 963/926/1 161/927/1 1822/928/1
f 3447/929/1 1825/930/1 247/931/1 712/932/1
f 3443/933/1 1831/934/1 246/935/1 1118/936/1
f 3439/937/1 1827/938/1 416/939/1 1836/940/1
f 3435/941/1 1829/942/1 417/943/1 1838/944/1
f 3431/945/1 1833/946/1 418/947/1 1840/948/1
f 3427/949/1 1835/950/1 419/951/1 1842/952/1
f 3423/953/1 957/954/1 158/955/1 1844/956/1
f 3419/957/1 959/958/1 159/959/1 1846/960/1
f 3415/961/1 1849/962/1 245/963/1 710/964/1
f 3411/965/1 1855/966/1 244/967/1 1114/968/1
f 3407/969/1 1851/970/1 420/971/1 1860/972/1
f 3403/973/1 1853/974/1 421/975/1 1862/976/1
f 3399/977/1 1857/978/1 422/979/1 1864/980/1
f 3395/981/1 1859/982/1 423/983/1 1866/984/1
f 3391/985/1 953/986/1 156/987/1 1868/988/1
f 3387/989/1 955/990/1 157/991/1 1870/992/1
f 3383/993/1 1873/994/1 243/995/1 708/996/1
f 3379/997/1 1879/998/1 242/999/1 1110/1000/1
f 3375/1001/1 1875/1002/1 424/1003/1 1884/1004/1
f 3371/1005/1 1877/1006/1 425/1007/1 1886/1008/1
f 3367/1009/1 1881/1010/1 426/1011/1 1888/1012/1
f 3363/1013/1 1883/1014/1 427/1015/1 1890/1016/1
f 3359/1017/1 949/1018/1 154/1019/1 1892/1020/1
f 3355/1021/1 951/1022/1 155/1023/1 1894/1024/1
f 3351/1025/1 1897/1026/1 241/1027/1 706/1028/1
f 3347/1029/1 1903/1030/1 240/1031/1 1106/1032/1
f 3343/1033/1 1899/1034/1 428/1035/1 1908/1036/1
f 3339/1037/1 1901/1038/1 429/1039/1 1910/1040/1
f 3335/1041/1 1905/1042/1 430/1043/1 1912/1044/1
f 3331/1045/1 1907/1046/1 431/1047/1 1914/1048/1
f 3327/1049/1 945/1050/1 152/1051/1 1916/1052/1
f 3323/1053/1 947/1054/1 153/1055/1 1918/1056/1
f 3319/1057/1 1921/1058/1 239/1059/1 704/1060/1
f 3315/1061/1 1927/1062/1 238/1063/1 1102/1064/1
f 3311/1065/1 1923/1066/1 432/1067/1 1932/1068/1
f 3307/1069/1 1925/1070/1 433/1071/1 1934/1072/1
f 3303/1073/1 1929/1074/1 434/1075/1 1936/1076/1
f 3299/1077/1 1931/1078/1 435/1079/1 1938/1080/1
f 3295/1081/1 941/1082/1 150/1083/1 1940/1084/1
f 3291/1085/1 943/1086/1 151/1087/1 1942/1088/1
f 3287/1089/1 1945/1090/1 237/1091/1 702/1092/1
f 3283/1093/1 1951/1094/1 236/1095/1 1098/1096/1
f 3279/1097/1 1947/1098/1 436/1099/1 1956/1100/1
f 3275/1101/1 1949/1102/1 437/1103/1 1958/1104/1
f 3271/1105/1 1953/1106/1 438/1107/1 1960/1108/1
f 3267/1109/1 1955/1110/1 439/1111/1 1962/1112/1
f 3263/1113/1 937/1114/1 148/1115/1 1964/1116/1
f 3259/1117/1 939/1118/1 149/1119/1 1966/1120/1
f 3255/1121/1 1969/1122/1 235/1123/1 700/1124/1
f 3251/1125/1 1975/1126/1 234/1127/1 1094/1128/1
f 3247/1129/1 1971/1130/1 440/1131/1 1980/1132/1
f 3243/1133/1 1973/1134/1 441/1135/1 1982/1136/1
f 3239/1137/1 1977/1138/1 442/1139/1 1984/1140/1
f 3235/1141/1 1979/1142/1 443/1143/1 1986/1144/1
f 3231/1145/1 933/1146/1 146/1147/1 1988/1148/1
f 3227/1149/1 935/1150/1 147/1151/1 1990/1152/1
f 3223/1153/1 1993/1154/1 233/1155/1 698/1156/1
f 3219/1157/1 1999/1158/1 232/1159/1 1090/1160/1
f 3215/1161/1 1995/1162/1 444/1163/1 2004/1164/1
f 3211/1165/1 1997/1166/1 445/1167/1 2006/1168/1
f 3207/1169/1 2001/1170/1 446/1171/1 2008/1172/1
f 3203/1173/1 2003/1174/1 447/1175/1 2010/1176/1
f 3199/1177/1 929/1178/1 144/1179/1 2012/1180/1
f 3195/1181/1 931/1182/1 145/1183/1 2014/1184/1
f 3191/1185/1 2017/1186/1 231/1187/1 696/1188/1
f 3187/1189/1 2023/1190/1 230/1191/1 1086/1192/1
f 3183/1193/1 2019/1194/1 448/1195/1 2028/1196/1
f 3179/1197/1 2021/1198/1 449/1199/1 2030/1200/1
f 3175/1201/1 2025/1202/1 450/1203/1 2032/1204/1
f 3171/1205/1 2027/1206/1 451/1207/1 2034/1208/1
f 3167/1209/1 921/1210/1 140/1211/1 2036/1212/1
f 3163/1213/1 923/1214/1 141/1215/1 2038/1216/1
f 3159/1217/1 2041/1218/1 229/1219/1 694/1220/1
f 3155/1221/1 2047/1222/1 228/1223/1 1082/1224/1
f 3151/1225/1 2043/1226/1 452/1227/1 2052/1228/1
f 3147/1229/1 2045/1230/1 453/1231/1 2054/1232/1
f 3143/1233/1 2049/1234/1 454/1235/1 2056/1236/1
f 3139/1237/1 2051/1238/1 455/1239/1 2058/1240/1
f 3135/1241/1 917/1242/1 138/1243/1 2060/1244/1
f 3131/1245/1 919/1246/1 139/1247/1 2062/1248/1
f 3127/1249/1 2065/1250/1 227/1251/1 692/1252/1
f 3123/1253/1 2071/1254/1 226/1255/1 1078/1256/1
f 3119/1257/1 2067/1258/1 456/1259/1 2076/1260/1
f 3115/1261/1 2069/1262/1 457/1263/1 2078/1264/1
f 3111/1265/1 2073/1266/1 458/1267/1 2080/1268/1
f 3107/1269/1 2075/1270/1 459/1271/1 2082/1272/1
f 3103/1273/1 913/1274/1 136/1275/1 2084/1276/1
f 3099/1277/1 915/1278/1 137/1279/1 2086/1280/1
f 3095/1281/1 2089/1282/1 225/1283/1 690/1284/1
f 3091/1285/1 2095/1286/1 224/1287/1 1074/1288/1
f 3087/1289/1 2091/1290/1 460/1291/1 2100/1292/1
f 3083/1293/1 2093/1294/1 461/1295/1 2102/1296/1
f 3079/1297/1 2097/1298/1 462/1299/1 2104/1300/1
f 3075/1301/1 2099/1302/1 463/1303/1 2106/1304/1
f 3071/1305/1 909/1306/1 134/1307/1 2108/1308/1
f 3067/1309/1 911/1310/1 135/1311/1 2110/1312/1
f 3063/1313/1 2113/1314/1 223/1315/1 688/1316/1
f 3059/1317/1 2119/1318/1 222/1319/1 1070/1320/1
f 3055/1321/1 2115/1322/1 464/1323/1 2124/1324/1
f 3051/1325/1 2117/1326/1 465/1327/1 2126/1328/1
f 3047/1329/1 2121/1330/1 466/1331/1 2128/1332/1
f 3043/1333/1 2123/1334/1 467/1335/1 2130/1336/1
f 3039/1337/1 905/1338/1 132/1339/1 2132/1340/1
f 3035/1341/1 907/1342/1 133/1343/1 2134/1344/1
f 3031/1345/1 2137/1346/1 221/1347/1 686/1348/1
f 3027/1349/1 2143/1350/1 220/1351/1 1066/1352/1
f 3023/1353/1 2139/1354/1 468/1355/1 2148/1356/1
f 3019/1357/1 2141/1358/1 469/1359/1 2150/1360/1
f 3015/1361/1 2145/1362/1 470/1363/1 2152/1364/1
f 3011/1365/1 2147/1366/1 471/1367/1 2154/1368/1
f 3007/1369/1 901/1370/1 130/1371/1 2156/1372/1
f 3003/1373/1 903/1374/1 131/1375/1 2158/1376/1
f 2999/1377/1 2161/1378/1 219/1379/1 684/1380/1
f 2995/1381/1 2167/1382/1 218/1383/1 1062/1384/1
f 2991/1385/1 2163/1386/1 472/1387/1 2172/1388/1
f 2987/1389/1 2165/1390/1 473/1391/1 2174/1392/1
f 2983/1393/1 2169/1394/1 474/1395/1 2176/1396/1
f 2979/1397/1 2171/1398/1 475/1399/1 2178/1400/1
f 2975/1401/1 897/1402/1 128/1403/1 2180/1404/1
f 2971/1405/1 899/1406/1 129/1407/1 2182/1408/1
f 2967/1409/1 2185/1410/1 217/1411/1 682/1412/1
f 2963/1413/1 2191/1414/1 216/1415/1 1058/1416/1
f 2959/1417/1 2187/1418/1 476/1419/1 2196/1420/1
f 2955/1421/1 2189/1422/1 477/1423/1 2198/1424/1
f 2951/1425/1 2193/1426/1 478/1427/1 2200/1428/1
f 2947/1429/1 2195/1430/1 479/1431/1 2202/1432/1
f 2943/1433/1 893/1434/1 126/1435/1 2204/1436/1
f 2939/1437/1 895/1438/1 127/1439/1 2206/1440/1
f 2935/1441/1 2209/1442/1 215/1443/1 680/1444/1
f 2931/1445/1 2215/1446/1 214/1447/1 1054/1448/1
f 2927/1449/1 2211/1450/1 480/1451/1 2220/1452/1
f 2923/1453/1 2213/1454/1 481/1455/1 2222/1456/1
f 2919/1457/1 2217/1458/1 482/1459/1 2224/1460/1
f 2915/1461/1 2219/1462/1 483/1463/1 2226/1464/1
f 2911/1465/1 889/1466/1 124/1467/1 2228/1468/1
f 2907/1469/1 891/1470/1 125/1471/1 2230/1472/1
f 2903/1473/1 2233/1474/1 213/1475/1 678/1476/1
f 2899/1477/1 2239/1478/1 212/1479/1 1050/1480/1
f 2895/1481/1 2235/1482/1 484/1483/1 2244/1484/1
f 2891/1485/1 2237/1486/1 485/1487/1 2246/1488/1
f 2887/1489/1 2241/1490/1 486/1491/1 2248/1492/1
f 2883/1493/1 2243/1494/1 487/1495/1 2250/1496/1
f 2879/1497/1 885/1498/1 122/1499/1 2252/1500/1
f 2875/1501/1 887/1502/1 123/1503/1 2254/1504/1
f 2871/1505/2 2257/1506/2 103/1507/2 568/1508/2
f 2867/1509/2 2263/1510/2 102/1511/2 846/1512/2
f 2863/1513/1 2259/1514/1 488/1515/1 2268/1516/1
f 2859/1517/1 2261/1518/1 489/1519/1 2270/1520/1
f 2855/1521/1 2265/1522/1 490/1523/1 2272/1524/1
f 2851/1525/1 2267/1526/1 491/1527/1 2274/1528/1
f 2847/1529/1 1039/1530/1 206/1531/1 2276/1532/1
f 2843/1533/1 1041/1534/1 207/1535/1 2278/1536/1
f 2839/1537/2 2281/1538/2 105/1539/2 570/1540/2
f 2835/1541/2 2287/1542/2 104/1543/2 850/1544/2
f 2831/1545/1 2283/1546/1 492/1547/1 2292/1548/1
f 2827/1549/1 2285/1550/1 493/1551/1 2294/1552/1
f 2823/1553/1 2289/1554/1 494/1555/1 2296/1556/1
f 2819/1557/1 2291/1558/1 495/1559/1 2298/1560/1
f 2815/1561/1 1029/1562/1 200/1563/1 2300/1564/1
f 2811/1565/1 1031/1566/1 201/1567/1 2302/1568/1
f 2807/1569/2 2305/1570/2 107/1571/2 572/1572/2
f 2803/1573/2 2311/1574/2 106/1575/2 854/1576/2
f 2799/1577/1 2307/1578/1 496/1579/1 2316/1580/1
f 2795/1581/1 2309/1582/1 497/1583/1 2318/1584/1
f 2791/1585/1 2313/1586/1 498/1587/1 2320/1588/1
f 2787/1589/1 2315/1590/1 499/1591/1 2322/1592/1
f 2783/1593/1 1019/1594/1 194/1595/1 2324/1596/1
f 2779/1597/1 1021/1598/1 195/1599/1 2326/1600/1
f 2775/1601/2 2329/1602/2 109/1603/2 574/1604/2
f 2771/1605/2 2335/1606/2 108/1607/2 858/1608/2
f 2767/1609/1 2331/1610/1 500/1611/1 2340/1612/1
f 2763/1613/1 2333/1614/1 501/1615/1 2342/1616/1
f 2759/1617/1 2337/1618/1 502/1619/1 2344/1620/1
f 2755/1621/1 2339/1622/1 503/1623/1 2346/1624/1
f 2751/1625/1 1009/1626/1 188/1627/1 2348/1628/1
f 2747/1629/1 1011/1630/1 189/1631/1 2350/1632/1
f 2743/1633/2 2353/1634/2 111/1635/2 576/1636/2
f 2739/1637/2 2359/1638/2 110/1639/2 862/1640/2
f 2735/1641/1 2355/1642/1 504/1643/1 2364/1644/1
f 2731/1645/1 2357/1646/1 505/1647/1 2366/1648/1
f 2727/1649/1 2361/1650/1 506/1651/1 2368/1652/1
f 2723/1653/1 2363/1654/1 507/1655/1 2370/1656/1
f 2719/1657/1 999/1658/1 182/1659/1 2372/1660/1
f 2715/1661/1 1001/1662/1 183/1663/1 2374/1664/1
f 2711/1665/2 2377/1666/2 113/1667/2 578/1668/2
f 2707/1669/2 2383/1670/2 112/1671/2 866/1672/2
f 2703/1673/1 2379/1674/1 508/1675/1 2388/1676/1
f 2699/1677/1 2381/1678/1 509/1679/1 2390/1680/1
f 2695/1681/1 2385/1682/1 510/1683/1 2392/1684/1
f 2691/1685/1 2387/1686/1 511/1687/1 2394/1688/1
f 2687/1689/1 989/1690/1 176/1691/1 2396/1692/1
f 2683/1693/1 991/1694/1 177/1695/1 2398/1696/1
f 2679/1697/2 2401/1698/2 115/1699/2 580/1700/2
f 2675/1701/2 2407/1702/2 114/1703/2 870/1704/2
f 2671/1705/1 2403/1706/1 512/1707/1 2412/1708/1
f 2667/1709/1 2405/1710/1 513/1711/1 2414/1712/1
f 2663/1713/1 2409/1714/1 514/1715/1 2416/1716/1
f 2659/1717/1 2411/1718/1 515/1719/1 2418/1720/1
f 2655/1721/1 979/1722/1 170/1723/1 2420/1724/1
f 2651/1725/1 981/1726/1 171/1727/1 2422/1728/1
f 2647/1729/2 2425/1730/2 117/1731/2 582/1732/2
f 2643/1733/2 2431/1734/2 116/1735/2 874/1736/2
f 2639/1737/1 2427/1738/1 516/1739/1 2436/1740/1
f 2635/1741/1 2429/1742/1 517/1743/1 2438/1744/1
f 2631/1745/1 2433/1746/1 518/1747/1 2440/1748/1
f 2627/1749/1 2435/1750/1 519/1751/1 2442/1752/1
f 2623/1753/1 969/1754/1 164/1755/1 2444/1756/1
f 2619/1757/1 971/1758/1 165/1759/1 2446/1760/1
f 2615/1761/2 2449/1762/2 119/1763/2 584/1764/2
f 2611/1765/2 2455/1766/2 118/1767/2 878/1768/2
f 2607/1769/1 2451/1770/1 520/1771/1 2460/1772/1
f 2603/1773/1 2453/1774/1 521/1775/1 2462/1776/1
f 2599/1777/1 2457/1778/1 522/1779/1 2464/1780/1
f 2595/1781/1 2459/1782/1 523/1783/1 2466/1784/1
f 2591/1785/1 925/1786/1 142/1787/1 2468/1788/1
f 2587/1789/1 927/1790/1 143/1791/1 2470/1792/1
f 2583/1793/2 2473/1794/2 69/1795/2 536/1796/2
f 2579/1797/2 2479/1798/2 68/1799/2 780/1800/2
f 2575/1801/1 2475/1802/1 524/1803/1 2484/1804/1
f 2571/1805/1 2477/1806/1 525/1807/1 2486/1808/1
f 2567/1809/1 2481/1810/1 526/1811/1 2488/1812/1
f 2563/1813/1 2483/1814/1 527/1815/1 2490/1816/1
f 2559/1817/1 881/1818/1 120/1819/1 2492/1820/1
f 2555/1821/1 883/1822/1 121/1823/1 2494/1824/1
f 2551/1825/2 2497/1826/2 101/1827/2 566/1828/2
f 2547/1829/2 2503/1830/2 100/1831/2 842/1832/2
f 2543/1833/1 2499/1834/1 528/1835/1 2508/1836/1
f 2539/1837/1 2501/1838/1 529/1839/1 2510/1840/1
f 2535/1841/1 2505/1842/1 530/1843/1 2512/1844/1
f 2531/1845/1 2507/1846/1 531/1847/1 2514/1848/1
f 2527/1849/2 775/1850/2 66/1851/2 2516/1852/2
f 2523/1853/2 777/1854/2 67/1855/2 2518/1856/2
f 2507/1846/1 2521/1857/1 2519/1858/1 531/1847/1
f 2521/1857/1 2523/1853/1 2518/1856/1 2519/1858/1
f 530/1843/1 2517/1859/1 2520/1860/1 2506/1861/1
f 2506/1861/1 2520/1860/1 2521/1857/1 2507/1846/1
f 2517/1859/1 2516/1852/1 2522/1862/1 2520/1860/1
f 2520/1860/1 2522/1862/1 2523/1853/1 2521/1857/1
f 2516/1852/2 66/1851/2 776/1863/2 2522/1862/2
f 2522/1862/2 776/1863/2 777/1854/2 2523/1853/2
f 2505/1842/1 2525/1864/1 2517/1859/1 530/1843/1
f 2525/1864/1 2527/1849/1 2516/1852/1 2517/1859/1
f 302/203/1 1213/1865/1 2524/1866/1 2504/1867/1
f 2504/1867/1 2524/1866/1 2525/1864/1 2505/1842/1
f 1213/1865/1 1212/196/1 2526/1868/1 2524/1866/1
f 2524/1866/1 2526/1868/1 2527/1849/1 2525/1864/1
f 1212/196/2 17/195/2 774/1869/2 2526/1868/2
f 2526/1868/2 774/1869/2 775/1850/2 2527/1849/2
f 2501/1838/1 2529/1870/1 2515/1871/1 529/1839/1
f 2529/1870/1 2531/1845/1 2514/1848/1 2515/1871/1
f 528/1835/1 2513/1872/1 2528/1873/1 2500/1874/1
f 2500/1874/1 2528/1873/1 2529/1870/1 2501/1838/1
f 2513/1872/1 2512/1844/1 2530/1875/1 2528/1873/1
f 2528/1873/1 2530/1875/1 2531/1845/1 2529/1870/1
f 2512/1844/1 530/1843/1 2506/1861/1 2530/1875/1
f 2530/1875/1 2506/1861/1 2507/1846/1 2531/1845/1
f 2499/1834/1 2533/1876/1 2513/1872/1 528/1835/1
f 2533/1876/1 2535/1841/1 2512/1844/1 2513/1872/1
f 303/199/1 1215/1877/1 2532/1878/1 2498/1879/1
f 2498/1879/1 2532/1878/1 2533/1876/1 2499/1834/1
f 1215/1877/1 1214/204/1 2534/1880/1 2532/1878/1
f 2532/1878/1 2534/1880/1 2535/1841/1 2533/1876/1
f 1214/204/1 302/203/1 2504/1867/1 2534/1880/1
f 2534/1880/1 2504/1867/1 2505/1842/1 2535/1841/1
f 1041/1534/1 2537/1881/1 2511/1882/1 207/1535/1
f 2537/1881/1 2539/1837/1 2510/1840/1 2511/1882/1
f 206/1531/1 2509/1883/1 2536/1884/1 1040/1885/1
f 1040/1885/1 2536/1884/1 2537/1881/1 1041/1534/1
f 2509/1883/1 2508/1836/1 2538/1886/1 2536/1884/1
f 2536/1884/1 2538/1886/1 2539/1837/1 2537/1881/1
f 2508/1836/1 528/1835/1 2500/1874/1 2538/1886/1
f 2538/1886/1 2500/1874/1 2501/1838/1 2539/1837/1
f 1039/1530/1 2541/1887/1 2509/1883/1 206/1531/1
f 2541/1887/1 2543/1833/1 2508/1836/1 2509/1883/1
f 63/187/1 769/1888/1 2540/1889/1 1038/1890/1
f 1038/1890/1 2540/1889/1 2541/1887/1 1039/1530/1
f 769/1888/1 768/200/1 2542/1891/1 2540/1889/1
f 2540/1889/1 2542/1891/1 2543/1833/1 2541/1887/1
f 768/200/1 303/199/1 2498/1879/1 2542/1891/1
f 2542/1891/1 2498/1879/1 2499/1834/1 2543/1833/1
f 2497/1826/2 2545/1892/2 843/1893/2 101/1827/2
f 2545/1892/2 2547/1829/2 842/1832/2 843/1893/2
f 529/1839/1 2515/1871/1 2544/1894/1 2496/1895/1
f 2496/1895/1 2544/1894/1 2545/1892/1 2497/1826/1
f 2515/1871/1 2514/1848/1 2546/1896/1 2544/1894/1
f 2544/1894/1 2546/1896/1 2547/1829/1 2545/1892/1
f 2514/1848/1 531/1847/1 2502/1897/1 2546/1896/1
f 2546/1896/1 2502/1897/1 2503/1830/1 2547/1829/1
f 673/42/2 2549/1898/2 567/1899/2 18/43/2
f 2549/1898/2 2551/1825/2 566/1828/2 567/1899/2
f 207/1535/1 2511/1882/1 2548/1900/1 672/1901/1
f 672/1901/1 2548/1900/1 2549/1898/1 673/42/1
f 2511/1882/1 2510/1840/1 2550/1902/1 2548/1900/1
f 2548/1900/1 2550/1902/1 2551/1825/1 2549/1898/1
f 2510/1840/1 529/1839/1 2496/1895/1 2550/1902/1
f 2550/1902/1 2496/1895/1 2497/1826/1 2551/1825/1
f 2483/1814/1 2553/1903/1 2495/1904/1 527/1815/1
f 2553/1903/1 2555/1821/1 2494/1824/1 2495/1904/1
f 526/1811/1 2493/1905/1 2552/1906/1 2482/1907/1
f 2482/1907/1 2552/1906/1 2553/1903/1 2483/1814/1
f 2493/1905/1 2492/1820/1 2554/1908/1 2552/1906/1
f 2552/1906/1 2554/1908/1 2555/1821/1 2553/1903/1
f 2492/1820/1 120/1819/1 882/1909/1 2554/1908/1
f 2554/1908/1 882/1909/1 883/1822/1 2555/1821/1
f 2481/1810/1 2557/1910/1 2493/1905/1 526/1811/1
f 2557/1910/1 2559/1817/1 2492/1820/1 2493/1905/1
f 230/1191/1 1085/1911/1 2556/1912/1 2480/1913/1
f 2480/1913/1 2556/1912/1 2557/1910/1 2481/1810/1
f 1085/1911/1 1084/84/1 2558/1914/1 2556/1912/1
f 2556/1912/1 2558/1914/1 2559/1817/1 2557/1910/1
f 1084/84/1 37/83/1 880/1915/1 2558/1914/1
f 2558/1914/1 880/1915/1 881/1818/1 2559/1817/1
f 2477/1806/1 2561/1916/1 2491/1917/1 525/1807/1
f 2561/1916/1 2563/1813/1 2490/1816/1 2491/1917/1
f 524/1803/1 2489/1918/1 2560/1919/1 2476/1920/1
f 2476/1920/1 2560/1919/1 2561/1916/1 2477/1806/1
f 2489/1918/1 2488/1812/1 2562/1921/1 2560/1919/1
f 2560/1919/1 2562/1921/1 2563/1813/1 2561/1916/1
f 2488/1812/1 526/1811/1 2482/1907/1 2562/1921/1
f 2562/1921/1 2482/1907/1 2483/1814/1 2563/1813/1
f 2475/1802/1 2565/1922/1 2489/1918/1 524/1803/1
f 2565/1922/1 2567/1809/1 2488/1812/1 2489/1918/1
f 231/1187/1 1087/1923/1 2564/1924/1 2474/1925/1
f 2474/1925/1 2564/1924/1 2565/1922/1 2475/1802/1
f 1087/1923/1 1086/1192/1 2566/1926/1 2564/1924/1
f 2564/1924/1 2566/1926/1 2567/1809/1 2565/1922/1
f 1086/1192/1 230/1191/1 2480/1913/1 2566/1926/1
f 2566/1926/1 2480/1913/1 2481/1810/1 2567/1809/1
f 784/1927/2 2569/1928/2 2487/1929/2 70/1930/2
f 2569/1928/1 2571/1805/1 2486/1808/1 2487/1929/1
f 71/1931/2 2485/1932/2 2568/1933/2 785/1934/2
f 785/1934/2 2568/1933/2 2569/1928/2 784/1927/2
f 2485/1932/1 2484/1804/1 2570/1935/1 2568/1933/1
f 2568/1933/1 2570/1935/1 2571/1805/1 2569/1928/1
f 2484/1804/1 524/1803/1 2476/1920/1 2570/1935/1
f 2570/1935/1 2476/1920/1 2477/1806/1 2571/1805/1
f 538/1936/2 2573/1937/2 2485/1932/2 71/1931/2
f 2573/1937/1 2575/1801/1 2484/1804/1 2485/1932/1
f 4/1938/2 697/1939/2 2572/1940/2 539/1941/2
f 539/1941/2 2572/1940/2 2573/1937/2 538/1936/2
f 697/1939/1 696/1188/1 2574/1942/1 2572/1940/1
f 2572/1940/1 2574/1942/1 2575/1801/1 2573/1937/1
f 696/1188/1 231/1187/1 2474/1925/1 2574/1942/1
f 2574/1942/1 2474/1925/1 2475/1802/1 2575/1801/1
f 2473/1794/2 2577/1943/2 781/1944/2 69/1795/2
f 2577/1943/2 2579/1797/2 780/1800/2 781/1944/2
f 525/1807/1 2491/1917/1 2576/1945/1 2472/1946/1
f 2472/1946/1 2576/1945/1 2577/1943/1 2473/1794/1
f 2491/1917/1 2490/1816/1 2578/1947/1 2576/1945/1
f 2576/1945/1 2578/1947/1 2579/1797/1 2577/1943/1
f 2490/1816/1 527/1815/1 2478/1948/1 2578/1947/1
f 2578/1947/1 2478/1948/1 2479/1798/1 2579/1797/1
f 782/1949/1 2581/1950/1 537/1951/1 2/1952/1
f 2581/1950/2 2583/1793/2 536/1796/2 537/1951/2
f 70/1930/2 2487/1929/2 2580/1953/2 783/1954/2
f 783/1954/2 2580/1953/2 2581/1950/2 782/1949/2
f 2487/1929/1 2486/1808/1 2582/1955/1 2580/1953/1
f 2580/1953/1 2582/1955/1 2583/1793/1 2581/1950/1
f 2486/1808/1 525/1807/1 2472/1946/1 2582/1955/1
f 2582/1955/1 2472/1946/1 2473/1794/1 2583/1793/1
f 2459/1782/1 2585/1956/1 2471/1957/1 523/1783/1
f 2585/1956/1 2587/1789/1 2470/1792/1 2471/1957/1
f 522/1779/1 2469/1958/1 2584/1959/1 2458/1960/1
f 2458/1960/1 2584/1959/1 2585/1956/1 2459/1782/1
f 2469/1958/1 2468/1788/1 2586/1961/1 2584/1959/1
f 2584/1959/1 2586/1961/1 2587/1789/1 2585/1956/1
f 2468/1788/1 142/1787/1 926/1962/1 2586/1961/1
f 2586/1961/1 926/1962/1 927/1790/1 2587/1789/1
f 2457/1778/1 2589/1963/1 2469/1958/1 522/1779/1
f 2589/1963/1 2591/1785/1 2468/1788/1 2469/1958/1
f 250/871/1 1125/1964/1 2588/1965/1 2456/1966/1
f 2456/1966/1 2588/1965/1 2589/1963/1 2457/1778/1
f 1125/1964/1 1124/124/1 2590/1967/1 2588/1965/1
f 2588/1965/1 2590/1967/1 2591/1785/1 2589/1963/1
f 1124/124/1 47/123/1 924/1968/1 2590/1967/1
f 2590/1967/1 924/1968/1 925/1786/1 2591/1785/1
f 2453/1774/1 2593/1969/1 2467/1970/1 521/1775/1
f 2593/1969/1 2595/1781/1 2466/1784/1 2467/1970/1
f 520/1771/1 2465/1971/1 2592/1972/1 2452/1973/1
f 2452/1973/1 2592/1972/1 2593/1969/1 2453/1774/1
f 2465/1971/1 2464/1780/1 2594/1974/1 2592/1972/1
f 2592/1972/1 2594/1974/1 2595/1781/1 2593/1969/1
f 2464/1780/1 522/1779/1 2458/1960/1 2594/1974/1
f 2594/1974/1 2458/1960/1 2459/1782/1 2595/1781/1
f 2451/1770/1 2597/1975/1 2465/1971/1 520/1771/1
f 2597/1975/1 2599/1777/1 2464/1780/1 2465/1971/1
f 251/867/1 1127/1976/1 2596/1977/1 2450/1978/1
f 2450/1978/1 2596/1977/1 2597/1975/1 2451/1770/1
f 1127/1976/1 1126/872/1 2598/1979/1 2596/1977/1
f 2596/1977/1 2598/1979/1 2599/1777/1 2597/1975/1
f 1126/872/1 250/871/1 2456/1966/1 2598/1979/1
f 2598/1979/1 2456/1966/1 2457/1778/1 2599/1777/1
f 883/1822/1 2601/1980/1 2463/1981/1 121/1823/1
f 2601/1980/1 2603/1773/1 2462/1776/1 2463/1981/1
f 120/1819/1 2461/1982/1 2600/1983/1 882/1909/1
f 882/1909/1 2600/1983/1 2601/1980/1 883/1822/1
f 2461/1982/1 2460/1772/1 2602/1984/1 2600/1983/1
f 2600/1983/1 2602/1984/1 2603/1773/1 2601/1980/1
f 2460/1772/1 520/1771/1 2452/1973/1 2602/1984/1
f 2602/1984/1 2452/1973/1 2453/1774/1 2603/1773/1
f 881/1818/1 2605/1985/1 2461/1982/1 120/1819/1
f 2605/1985/1 2607/1769/1 2460/1772/1 2461/1982/1
f 37/83/1 717/1986/1 2604/1987/1 880/1915/1
f 880/1915/1 2604/1987/1 2605/1985/1 881/1818/1
f 717/1986/1 716/868/1 2606/1988/1 2604/1987/1
f 2604/1987/1 2606/1988/1 2607/1769/1 2605/1985/1
f 716/868/1 251/867/1 2450/1978/1 2606/1988/1
f 2606/1988/1 2450/1978/1 2451/1770/1 2607/1769/1
f 2449/1762/2 2609/1989/2 879/1990/2 119/1763/2
f 2609/1989/2 2611/1765/2 878/1768/2 879/1990/2
f 521/1775/1 2467/1970/1 2608/1991/1 2448/1992/1
f 2448/1992/1 2608/1991/1 2609/1989/1 2449/1762/1
f 2467/1970/1 2466/1784/1 2610/1993/1 2608/1991/1
f 2608/1991/1 2610/1993/1 2611/1765/1 2609/1989/1
f 2466/1784/1 523/1783/1 2454/1994/1 2610/1993/1
f 2610/1993/1 2454/1994/1 2455/1766/1 2611/1765/1
f 587/6/2 2613/1995/2 585/1996/2 27/7/2
f 2613/1995/2 2615/1761/2 584/1764/2 585/1996/2
f 121/1823/1 2463/1981/1 2612/1997/1 586/1998/1
f 586/1998/1 2612/1997/1 2613/1995/1 587/6/1
f 2463/1981/1 2462/1776/1 2614/1999/1 2612/1997/1
f 2612/1997/1 2614/1999/1 2615/1761/1 2613/1995/1
f 2462/1776/1 521/1775/1 2448/1992/1 2614/1999/1
f 2614/1999/1 2448/1992/1 2449/1762/1 2615/1761/1
f 2435/1750/1 2617/2000/1 2447/2001/1 519/1751/1
f 2617/2000/1 2619/1757/1 2446/1760/1 2447/2001/1
f 518/1747/1 2445/2002/1 2616/2003/1 2434/2004/1
f 2434/2004/1 2616/2003/1 2617/2000/1 2435/1750/1
f 2445/2002/1 2444/1756/1 2618/2005/1 2616/2003/1
f 2616/2003/1 2618/2005/1 2619/1757/1 2617/2000/1
f 2444/1756/1 164/1755/1 970/2006/1 2618/2005/1
f 2618/2005/1 970/2006/1 971/1758/1 2619/1757/1
f 2433/1746/1 2621/2007/1 2445/2002/1 518/1747/1
f 2621/2007/1 2623/1753/1 2444/1756/1 2445/2002/1
f 270/619/1 1149/2008/1 2620/2009/1 2432/2010/1
f 2432/2010/1 2620/2009/1 2621/2007/1 2433/1746/1
f 1149/2008/1 1148/132/1 2622/2011/1 2620/2009/1
f 2620/2009/1 2622/2011/1 2623/1753/1 2621/2007/1
f 1148/132/1 49/131/1 968/2012/1 2622/2011/1
f 2622/2011/1 968/2012/1 969/1754/1 2623/1753/1
f 2429/1742/1 2625/2013/1 2443/2014/1 517/1743/1
f 2625/2013/1 2627/1749/1 2442/1752/1 2443/2014/1
f 516/1739/1 2441/2015/1 2624/2016/1 2428/2017/1
f 2428/2017/1 2624/2016/1 2625/2013/1 2429/1742/1
f 2441/2015/1 2440/1748/1 2626/2018/1 2624/2016/1
f 2624/2016/1 2626/2018/1 2627/1749/1 2625/2013/1
f 2440/1748/1 518/1747/1 2434/2004/1 2626/2018/1
f 2626/2018/1 2434/2004/1 2435/1750/1 2627/1749/1
f 2427/1738/1 2629/2019/1 2441/2015/1 516/1739/1
f 2629/2019/1 2631/1745/1 2440/1748/1 2441/2015/1
f 271/615/1 1151/2020/1 2628/2021/1 2426/2022/1
f 2426/2022/1 2628/2021/1 2629/2019/1 2427/1738/1
f 1151/2020/1 1150/620/1 2630/2023/1 2628/2021/1
f 2628/2021/1 2630/2023/1 2631/1745/1 2629/2019/1
f 1150/620/1 270/619/1 2432/2010/1 2630/2023/1
f 2630/2023/1 2432/2010/1 2433/1746/1 2631/1745/1
f 927/1790/1 2633/2024/1 2439/2025/1 143/1791/1
f 2633/2024/1 2635/1741/1 2438/1744/1 2439/2025/1
f 142/1787/1 2437/2026/1 2632/2027/1 926/1962/1
f 926/1962/1 2632/2027/1 2633/2024/1 927/1790/1
f 2437/2026/1 2436/1740/1 2634/2028/1 2632/2027/1
f 2632/2027/1 2634/2028/1 2635/1741/1 2633/2024/1
f 2436/1740/1 516/1739/1 2428/2017/1 2634/2028/1
f 2634/2028/1 2428/2017/1 2429/1742/1 2635/1741/1
f 925/1786/1 2637/2029/1 2437/2026/1 142/1787/1
f 2637/2029/1 2639/1737/1 2436/1740/1 2437/2026/1
f 47/123/1 737/2030/1 2636/2031/1 924/1968/1
f 924/1968/1 2636/2031/1 2637/2029/1 925/1786/1
f 737/2030/1 736/616/1 2638/2032/1 2636/2031/1
f 2636/2031/1 2638/2032/1 2639/1737/1 2637/2029/1
f 736/616/1 271/615/1 2426/2022/1 2638/2032/1
f 2638/2032/1 2426/2022/1 2427/1738/1 2639/1737/1
f 2425/1730/2 2641/2033/2 875/2034/2 117/1731/2
f 2641/2033/2 2643/1733/2 874/1736/2 875/2034/2
f 517/1743/1 2443/2014/1 2640/2035/1 2424/2036/1
f 2424/2036/1 2640/2035/1 2641/2033/1 2425/1730/1
f 2443/2014/1 2442/1752/1 2642/2037/1 2640/2035/1
f 2640/2035/1 2642/2037/1 2643/1733/1 2641/2033/1
f 2442/1752/1 519/1751/1 2430/2038/1 2642/2037/1
f 2642/2037/1 2430/2038/1 2431/1734/1 2643/1733/1
f 609/10/2 2645/2039/2 583/2040/2 26/11/2
f 2645/2039/2 2647/1729/2 582/1732/2 583/2040/2
f 143/1791/1 2439/2025/1 2644/2041/1 608/2042/1
f 608/2042/1 2644/2041/1 2645/2039/1 609/10/1
f 2439/2025/1 2438/1744/1 2646/2043/1 2644/2041/1
f 2644/2041/1 2646/2043/1 2647/1729/1 2645/2039/1
f 2438/1744/1 517/1743/1 2424/2036/1 2646/2043/1
f 2646/2043/1 2424/2036/1 2425/1730/1 2647/1729/1
f 2411/1718/1 2649/2044/1 2423/2045/1 515/1719/1
f 2649/2044/1 2651/1725/1 2422/1728/1 2423/2045/1
f 514/1715/1 2421/2046/1 2648/2047/1 2410/2048/1
f 2410/2048/1 2648/2047/1 2649/2044/1 2411/1718/1
f 2421/2046/1 2420/1724/1 2650/2049/1 2648/2047/1
f 2648/2047/1 2650/2049/1 2651/1725/1 2649/2044/1
f 2420/1724/1 170/1723/1 980/2050/1 2650/2049/1
f 2650/2049/1 980/2050/1 981/1726/1 2651/1725/1
f 2409/1714/1 2653/2051/1 2421/2046/1 514/1715/1
f 2653/2051/1 2655/1721/1 2420/1724/1 2421/2046/1
f 274/567/1 1157/2052/1 2652/2053/1 2408/2054/1
f 2408/2054/1 2652/2053/1 2653/2051/1 2409/1714/1
f 1157/2052/1 1156/140/1 2654/2055/1 2652/2053/1
f 2652/2053/1 2654/2055/1 2655/1721/1 2653/2051/1
f 1156/140/1 51/139/1 978/2056/1 2654/2055/1
f 2654/2055/1 978/2056/1 979/1722/1 2655/1721/1
f 2405/1710/1 2657/2057/1 2419/2058/1 513/1711/1
f 2657/2057/1 2659/1717/1 2418/1720/1 2419/2058/1
f 512/1707/1 2417/2059/1 2656/2060/1 2404/2061/1
f 2404/2061/1 2656/2060/1 2657/2057/1 2405/1710/1
f 2417/2059/1 2416/1716/1 2658/2062/1 2656/2060/1
f 2656/2060/1 2658/2062/1 2659/1717/1 2657/2057/1
f 2416/1716/1 514/1715/1 2410/2048/1 2658/2062/1
f 2658/2062/1 2410/2048/1 2411/1718/1 2659/1717/1
f 2403/1706/1 2661/2063/1 2417/2059/1 512/1707/1
f 2661/2063/1 2663/1713/1 2416/1716/1 2417/2059/1
f 275/563/1 1159/2064/1 2660/2065/1 2402/2066/1
f 2402/2066/1 2660/2065/1 2661/2063/1 2403/1706/1
f 1159/2064/1 1158/568/1 2662/2067/1 2660/2065/1
f 2660/2065/1 2662/2067/1 2663/1713/1 2661/2063/1
f 1158/568/1 274/567/1 2408/2054/1 2662/2067/1
f 2662/2067/1 2408/2054/1 2409/1714/1 2663/1713/1
f 971/1758/1 2665/2068/1 2415/2069/1 165/1759/1
f 2665/2068/1 2667/1709/1 2414/1712/1 2415/2069/1
f 164/1755/1 2413/2070/1 2664/2071/1 970/2006/1
f 970/2006/1 2664/2071/1 2665/2068/1 971/1758/1
f 2413/2070/1 2412/1708/1 2666/2072/1 2664/2071/1
f 2664/2071/1 2666/2072/1 2667/1709/1 2665/2068/1
f 2412/1708/1 512/1707/1 2404/2061/1 2666/2072/1
f 2666/2072/1 2404/2061/1 2405/1710/1 2667/1709/1
f 969/1754/1 2669/2073/1 2413/2070/1 164/1755/1
f 2669/2073/1 2671/1705/1 2412/1708/1 2413/2070/1
f 49/131/1 741/2074/1 2668/2075/1 968/2012/1
f 968/2012/1 2668/2075/1 2669/2073/1 969/1754/1
f 741/2074/1 740/564/1 2670/2076/1 2668/2075/1
f 2668/2075/1 2670/2076/1 2671/1705/1 2669/2073/1
f 740/564/1 275/563/1 2402/2066/1 2670/2076/1
f 2670/2076/1 2402/2066/1 2403/1706/1 2671/1705/1
f 2401/1698/2 2673/2077/2 871/2078/2 115/1699/2
f 2673/2077/2 2675/1701/2 870/1704/2 871/2078/2
f 513/1711/1 2419/2058/1 2672/2079/1 2400/2080/1
f 2400/2080/1 2672/2079/1 2673/2077/1 2401/1698/1
f 2419/2058/1 2418/1720/1 2674/2081/1 2672/2079/1
f 2672/2079/1 2674/2081/1 2675/1701/1 2673/2077/1
f 2418/1720/1 515/1719/1 2406/2082/1 2674/2081/1
f 2674/2081/1 2406/2082/1 2407/1702/1 2675/1701/1
f 631/14/2 2677/2083/2 581/2084/2 25/15/2
f 2677/2083/2 2679/1697/2 580/1700/2 581/2084/2
f 165/1759/1 2415/2069/1 2676/2085/1 630/2086/1
f 630/2086/1 2676/2085/1 2677/2083/1 631/14/1
f 2415/2069/1 2414/1712/1 2678/2087/1 2676/2085/1
f 2676/2085/1 2678/2087/1 2679/1697/1 2677/2083/1
f 2414/1712/1 513/1711/1 2400/2080/1 2678/2087/1
f 2678/2087/1 2400/2080/1 2401/1698/1 2679/1697/1
f 2387/1686/1 2681/2088/1 2399/2089/1 511/1687/1
f 2681/2088/1 2683/1693/1 2398/1696/1 2399/2089/1
f 510/1683/1 2397/2090/1 2680/2091/1 2386/2092/1
f 2386/2092/1 2680/2091/1 2681/2088/1 2387/1686/1
f 2397/2090/1 2396/1692/1 2682/2093/1 2680/2091/1
f 2680/2091/1 2682/2093/1 2683/1693/1 2681/2088/1
f 2396/1692/1 176/1691/1 990/2094/1 2682/2093/1
f 2682/2093/1 990/2094/1 991/1694/1 2683/1693/1
f 2385/1682/1 2685/2095/1 2397/2090/1 510/1683/1
f 2685/2095/1 2687/1689/1 2396/1692/1 2397/2090/1
f 278/515/1 1165/2096/1 2684/2097/1 2384/2098/1
f 2384/2098/1 2684/2097/1 2685/2095/1 2385/1682/1
f 1165/2096/1 1164/148/1 2686/2099/1 2684/2097/1
f 2684/2097/1 2686/2099/1 2687/1689/1 2685/2095/1
f 1164/148/1 53/147/1 988/2100/1 2686/2099/1
f 2686/2099/1 988/2100/1 989/1690/1 2687/1689/1
f 2381/1678/1 2689/2101/1 2395/2102/1 509/1679/1
f 2689/2101/1 2691/1685/1 2394/1688/1 2395/2102/1
f 508/1675/1 2393/2103/1 2688/2104/1 2380/2105/1
f 2380/2105/1 2688/2104/1 2689/2101/1 2381/1678/1
f 2393/2103/1 2392/1684/1 2690/2106/1 2688/2104/1
f 2688/2104/1 2690/2106/1 2691/1685/1 2689/2101/1
f 2392/1684/1 510/1683/1 2386/2092/1 2690/2106/1
f 2690/2106/1 2386/2092/1 2387/1686/1 2691/1685/1
f 2379/1674/1 2693/2107/1 2393/2103/1 508/1675/1
f 2693/2107/1 2695/1681/1 2392/1684/1 2393/2103/1
f 279/511/1 1167/2108/1 2692/2109/1 2378/2110/1
f 2378/2110/1 2692/2109/1 2693/2107/1 2379/1674/1
f 1167/2108/1 1166/516/1 2694/2111/1 2692/2109/1
f 2692/2109/1 2694/2111/1 2695/1681/1 2693/2107/1
f 1166/516/1 278/515/1 2384/2098/1 2694/2111/1
f 2694/2111/1 2384/2098/1 2385/1682/1 2695/1681/1
f 981/1726/1 2697/2112/1 2391/2113/1 171/1727/1
f 2697/2112/1 2699/1677/1 2390/1680/1 2391/2113/1
f 170/1723/1 2389/2114/1 2696/2115/1 980/2050/1
f 980/2050/1 2696/2115/1 2697/2112/1 981/1726/1
f 2389/2114/1 2388/1676/1 2698/2116/1 2696/2115/1
f 2696/2115/1 2698/2116/1 2699/1677/1 2697/2112/1
f 2388/1676/1 508/1675/1 2380/2105/1 2698/2116/1
f 2698/2116/1 2380/2105/1 2381/1678/1 2699/1677/1
f 979/1722/1 2701/2117/1 2389/2114/1 170/1723/1
f 2701/2117/1 2703/1673/1 2388/1676/1 2389/2114/1
f 51/139/1 745/2118/1 2700/2119/1 978/2056/1
f 978/2056/1 2700/2119/1 2701/2117/1 979/1722/1
f 745/2118/1 744/512/1 2702/2120/1 2700/2119/1
f 2700/2119/1 2702/2120/1 2703/1673/1 2701/2117/1
f 744/512/1 279/511/1 2378/2110/1 2702/2120/1
f 2702/2120/1 2378/2110/1 2379/1674/1 2703/1673/1
f 2377/1666/2 2705/2121/2 867/2122/2 113/1667/2
f 2705/2121/2 2707/1669/2 866/1672/2 867/2122/2
f 509/1679/1 2395/2102/1 2704/2123/1 2376/2124/1
f 2376/2124/1 2704/2123/1 2705/2121/1 2377/1666/1
f 2395/2102/1 2394/1688/1 2706/2125/1 2704/2123/1
f 2704/2123/1 2706/2125/1 2707/1669/1 2705/2121/1
f 2394/1688/1 511/1687/1 2382/2126/1 2706/2125/1
f 2706/2125/1 2382/2126/1 2383/1670/1 2707/1669/1
f 637/18/2 2709/2127/2 579/2128/2 24/19/2
f 2709/2127/2 2711/1665/2 578/1668/2 579/2128/2
f 171/1727/1 2391/2113/1 2708/2129/1 636/2130/1
f 636/2130/1 2708/2129/1 2709/2127/1 637/18/1
f 2391/2113/1 2390/1680/1 2710/2131/1 2708/2129/1
f 2708/2129/1 2710/2131/1 2711/1665/1 2709/2127/1
f 2390/1680/1 509/1679/1 2376/2124/1 2710/2131/1
f 2710/2131/1 2376/2124/1 2377/1666/1 2711/1665/1
f 2363/1654/1 2713/2132/1 2375/2133/1 507/1655/1
f 2713/2132/1 2715/1661/1 2374/1664/1 2375/2133/1
f 506/1651/1 2373/2134/1 2712/2135/1 2362/2136/1
f 2362/2136/1 2712/2135/1 2713/2132/1 2363/1654/1
f 2373/2134/1 2372/1660/1 2714/2137/1 2712/2135/1
f 2712/2135/1 2714/2137/1 2715/1661/1 2713/2132/1
f 2372/1660/1 182/1659/1 1000/2138/1 2714/2137/1
f 2714/2137/1 1000/2138/1 1001/1662/1 2715/1661/1
f 2361/1650/1 2717/2139/1 2373/2134/1 506/1651/1
f 2717/2139/1 2719/1657/1 2372/1660/1 2373/2134/1
f 282/463/1 1173/2140/1 2716/2141/1 2360/2142/1
f 2360/2142/1 2716/2141/1 2717/2139/1 2361/1650/1
f 1173/2140/1 1172/156/1 2718/2143/1 2716/2141/1
f 2716/2141/1 2718/2143/1 2719/1657/1 2717/2139/1
f 1172/156/1 55/155/1 998/2144/1 2718/2143/1
f 2718/2143/1 998/2144/1 999/1658/1 2719/1657/1
f 2357/1646/1 2721/2145/1 2371/2146/1 505/1647/1
f 2721/2145/1 2723/1653/1 2370/1656/1 2371/2146/1
f 504/1643/1 2369/2147/1 2720/2148/1 2356/2149/1
f 2356/2149/1 2720/2148/1 2721/2145/1 2357/1646/1
f 2369/2147/1 2368/1652/1 2722/2150/1 2720/2148/1
f 2720/2148/1 2722/2150/1 2723/1653/1 2721/2145/1
f 2368/1652/1 506/1651/1 2362/2136/1 2722/2150/1
f 2722/2150/1 2362/2136/1 2363/1654/1 2723/1653/1
f 2355/1642/1 2725/2151/1 2369/2147/1 504/1643/1
f 2725/2151/1 2727/1649/1 2368/1652/1 2369/2147/1
f 283/459/1 1175/2152/1 2724/2153/1 2354/2154/1
f 2354/2154/1 2724/2153/1 2725/2151/1 2355/1642/1
f 1175/2152/1 1174/464/1 2726/2155/1 2724/2153/1
f 2724/2153/1 2726/2155/1 2727/1649/1 2725/2151/1
f 1174/464/1 282/463/1 2360/2142/1 2726/2155/1
f 2726/2155/1 2360/2142/1 2361/1650/1 2727/1649/1
f 991/1694/1 2729/2156/1 2367/2157/1 177/1695/1
f 2729/2156/1 2731/1645/1 2366/1648/1 2367/2157/1
f 176/1691/1 2365/2158/1 2728/2159/1 990/2094/1
f 990/2094/1 2728/2159/1 2729/2156/1 991/1694/1
f 2365/2158/1 2364/1644/1 2730/2160/1 2728/2159/1
f 2728/2159/1 2730/2160/1 2731/1645/1 2729/2156/1
f 2364/1644/1 504/1643/1 2356/2149/1 2730/2160/1
f 2730/2160/1 2356/2149/1 2357/1646/1 2731/1645/1
f 989/1690/1 2733/2161/1 2365/2158/1 176/1691/1
f 2733/2161/1 2735/1641/1 2364/1644/1 2365/2158/1
f 53/147/1 749/2162/1 2732/2163/1 988/2100/1
f 988/2100/1 2732/2163/1 2733/2161/1 989/1690/1
f 749/2162/1 748/460/1 2734/2164/1 2732/2163/1
f 2732/2163/1 2734/2164/1 2735/1641/1 2733/2161/1
f 748/460/1 283/459/1 2354/2154/1 2734/2164/1
f 2734/2164/1 2354/2154/1 2355/1642/1 2735/1641/1
f 2353/1634/2 2737/2165/2 863/2166/2 111/1635/2
f 2737/2165/2 2739/1637/2 862/1640/2 863/2166/2
f 505/1647/1 2371/2146/1 2736/2167/1 2352/2168/1
f 2352/2168/1 2736/2167/1 2737/2165/1 2353/1634/1
f 2371/2146/1 2370/1656/1 2738/2169/1 2736/2167/1
f 2736/2167/1 2738/2169/1 2739/1637/1 2737/2165/1
f 2370/1656/1 507/1655/1 2358/2170/1 2738/2169/1
f 2738/2169/1 2358/2170/1 2359/1638/1 2739/1637/1
f 643/22/2 2741/2171/2 577/2172/2 23/23/2
f 2741/2171/2 2743/1633/2 576/1636/2 577/2172/2
f 177/1695/1 2367/2157/1 2740/2173/1 642/2174/1
f 642/2174/1 2740/2173/1 2741/2171/1 643/22/1
f 2367/2157/1 2366/1648/1 2742/2175/1 2740/2173/1
f 2740/2173/1 2742/2175/1 2743/1633/1 2741/2171/1
f 2366/1648/1 505/1647/1 2352/2168/1 2742/2175/1
f 2742/2175/1 2352/2168/1 2353/1634/1 2743/1633/1
f 2339/1622/1 2745/2176/1 2351/2177/1 503/1623/1
f 2745/2176/1 2747/1629/1 2350/1632/1 2351/2177/1
f 502/1619/1 2349/2178/1 2744/2179/1 2338/2180/1
f 2338/2180/1 2744/2179/1 2745/2176/1 2339/1622/1
f 2349/2178/1 2348/1628/1 2746/2181/1 2744/2179/1
f 2744/2179/1 2746/2181/1 2747/1629/1 2745/2176/1
f 2348/1628/1 188/1627/1 1010/2182/1 2746/2181/1
f 2746/2181/1 1010/2182/1 1011/1630/1 2747/1629/1
f 2337/1618/1 2749/2183/1 2349/2178/1 502/1619/1
f 2749/2183/1 2751/1625/1 2348/1628/1 2349/2178/1
f 286/411/1 1181/2184/1 2748/2185/1 2336/2186/1
f 2336/2186/1 2748/2185/1 2749/2183/1 2337/1618/1
f 1181/2184/1 1180/164/1 2750/2187/1 2748/2185/1
f 2748/2185/1 2750/2187/1 2751/1625/1 2749/2183/1
f 1180/164/1 57/163/1 1008/2188/1 2750/2187/1
f 2750/2187/1 1008/2188/1 1009/1626/1 2751/1625/1
f 2333/1614/1 2753/2189/1 2347/2190/1 501/1615/1
f 2753/2189/1 2755/1621/1 2346/1624/1 2347/2190/1
f 500/1611/1 2345/2191/1 2752/2192/1 2332/2193/1
f 2332/2193/1 2752/2192/1 2753/2189/1 2333/1614/1
f 2345/2191/1 2344/1620/1 2754/2194/1 2752/2192/1
f 2752/2192/1 2754/2194/1 2755/1621/1 2753/2189/1
f 2344/1620/1 502/1619/1 2338/2180/1 2754/2194/1
f 2754/2194/1 2338/2180/1 2339/1622/1 2755/1621/1
f 2331/1610/1 2757/2195/1 2345/2191/1 500/1611/1
f 2757/2195/1 2759/1617/1 2344/1620/1 2345/2191/1
f 287/407/1 1183/2196/1 2756/2197/1 2330/2198/1
f 2330/2198/1 2756/2197/1 2757/2195/1 2331/1610/1
f 1183/2196/1 1182/412/1 2758/2199/1 2756/2197/1
f 2756/2197/1 2758/2199/1 2759/1617/1 2757/2195/1
f 1182/412/1 286/411/1 2336/2186/1 2758/2199/1
f 2758/2199/1 2336/2186/1 2337/1618/1 2759/1617/1
f 1001/1662/1 2761/2200/1 2343/2201/1 183/1663/1
f 2761/2200/1 2763/1613/1 2342/1616/1 2343/2201/1
f 182/1659/1 2341/2202/1 2760/2203/1 1000/2138/1
f 1000/2138/1 2760/2203/1 2761/2200/1 1001/1662/1
f 2341/2202/1 2340/1612/1 2762/2204/1 2760/2203/1
f 2760/2203/1 2762/2204/1 2763/1613/1 2761/2200/1
f 2340/1612/1 500/1611/1 2332/2193/1 2762/2204/1
f 2762/2204/1 2332/2193/1 2333/1614/1 2763/1613/1
f 999/1658/1 2765/2205/1 2341/2202/1 182/1659/1
f 2765/2205/1 2767/1609/1 2340/1612/1 2341/2202/1
f 55/155/1 753/2206/1 2764/2207/1 998/2144/1
f 998/2144/1 2764/2207/1 2765/2205/1 999/1658/1
f 753/2206/1 752/408/1 2766/2208/1 2764/2207/1
f 2764/2207/1 2766/2208/1 2767/1609/1 2765/2205/1
f 752/408/1 287/407/1 2330/2198/1 2766/2208/1
f 2766/2208/1 2330/2198/1 2331/1610/1 2767/1609/1
f 2329/1602/2 2769/2209/2 859/2210/2 109/1603/2
f 2769/2209/2 2771/1605/2 858/1608/2 859/2210/2
f 501/1615/1 2347/2190/1 2768/2211/1 2328/2212/1
f 2328/2212/1 2768/2211/1 2769/2209/1 2329/1602/1
f 2347/2190/1 2346/1624/1 2770/2213/1 2768/2211/1
f 2768/2211/1 2770/2213/1 2771/1605/1 2769/2209/1
f 2346/1624/1 503/1623/1 2334/2214/1 2770/2213/1
f 2770/2213/1 2334/2214/1 2335/1606/1 2771/1605/1
f 649/26/2 2773/2215/2 575/2216/2 22/27/2
f 2773/2215/2 2775/1601/2 574/1604/2 575/2216/2
f 183/1663/1 2343/2201/1 2772/2217/1 648/2218/1
f 648/2218/1 2772/2217/1 2773/2215/1 649/26/1
f 2343/2201/1 2342/1616/1 2774/2219/1 2772/2217/1
f 2772/2217/1 2774/2219/1 2775/1601/1 2773/2215/1
f 2342/1616/1 501/1615/1 2328/2212/1 2774/2219/1
f 2774/2219/1 2328/2212/1 2329/1602/1 2775/1601/1
f 2315/1590/1 2777/2220/1 2327/2221/1 499/1591/1
f 2777/2220/1 2779/1597/1 2326/1600/1 2327/2221/1
f 498/1587/1 2325/2222/1 2776/2223/1 2314/2224/1
f 2314/2224/1 2776/2223/1 2777/2220/1 2315/1590/1
f 2325/2222/1 2324/1596/1 2778/2225/1 2776/2223/1
f 2776/2223/1 2778/2225/1 2779/1597/1 2777/2220/1
f 2324/1596/1 194/1595/1 1020/2226/1 2778/2225/1
f 2778/2225/1 1020/2226/1 1021/1598/1 2779/1597/1
f 2313/1586/1 2781/2227/1 2325/2222/1 498/1587/1
f 2781/2227/1 2783/1593/1 2324/1596/1 2325/2222/1
f 290/359/1 1189/2228/1 2780/2229/1 2312/2230/1
f 2312/2230/1 2780/2229/1 2781/2227/1 2313/1586/1
f 1189/2228/1 1188/172/1 2782/2231/1 2780/2229/1
f 2780/2229/1 2782/2231/1 2783/1593/1 2781/2227/1
f 1188/172/1 59/171/1 1018/2232/1 2782/2231/1
f 2782/2231/1 1018/2232/1 1019/1594/1 2783/1593/1
f 2309/1582/1 2785/2233/1 2323/2234/1 497/1583/1
f 2785/2233/1 2787/1589/1 2322/1592/1 2323/2234/1
f 496/1579/1 2321/2235/1 2784/2236/1 2308/2237/1
f 2308/2237/1 2784/2236/1 2785/2233/1 2309/1582/1
f 2321/2235/1 2320/1588/1 2786/2238/1 2784/2236/1
f 2784/2236/1 2786/2238/1 2787/1589/1 2785/2233/1
f 2320/1588/1 498/1587/1 2314/2224/1 2786/2238/1
f 2786/2238/1 2314/2224/1 2315/1590/1 2787/1589/1
f 2307/1578/1 2789/2239/1 2321/2235/1 496/1579/1
f 2789/2239/1 2791/1585/1 2320/1588/1 2321/2235/1
f 291/355/1 1191/2240/1 2788/2241/1 2306/2242/1
f 2306/2242/1 2788/2241/1 2789/2239/1 2307/1578/1
f 1191/2240/1 1190/360/1 2790/2243/1 2788/2241/1
f 2788/2241/1 2790/2243/1 2791/1585/1 2789/2239/1
f 1190/360/1 290/359/1 2312/2230/1 2790/2243/1
f 2790/2243/1 2312/2230/1 2313/1586/1 2791/1585/1
f 1011/1630/1 2793/2244/1 2319/2245/1 189/1631/1
f 2793/2244/1 2795/1581/1 2318/1584/1 2319/2245/1
f 188/1627/1 2317/2246/1 2792/2247/1 1010/2182/1
f 1010/2182/1 2792/2247/1 2793/2244/1 1011/1630/1
f 2317/2246/1 2316/1580/1 2794/2248/1 2792/2247/1
f 2792/2247/1 2794/2248/1 2795/1581/1 2793/2244/1
f 2316/1580/1 496/1579/1 2308/2237/1 2794/2248/1
f 2794/2248/1 2308/2237/1 2309/1582/1 2795/1581/1
f 1009/1626/1 2797/2249/1 2317/2246/1 188/1627/1
f 2797/2249/1 2799/1577/1 2316/1580/1 2317/2246/1
f 57/163/1 757/2250/1 2796/2251/1 1008/2188/1
f 1008/2188/1 2796/2251/1 2797/2249/1 1009/1626/1
f 757/2250/1 756/356/1 2798/2252/1 2796/2251/1
f 2796/2251/1 2798/2252/1 2799/1577/1 2797/2249/1
f 756/356/1 291/355/1 2306/2242/1 2798/2252/1
f 2798/2252/1 2306/2242/1 2307/1578/1 2799/1577/1
f 2305/1570/2 2801/2253/2 855/2254/2 107/1571/2
f 2801/2253/2 2803/1573/2 854/1576/2 855/2254/2
f 497/1583/1 2323/2234/1 2800/2255/1 2304/2256/1
f 2304/2256/1 2800/2255/1 2801/2253/1 2305/1570/1
f 2323/2234/1 2322/1592/1 2802/2257/1 2800/2255/1
f 2800/2255/1 2802/2257/1 2803/1573/1 2801/2253/1
f 2322/1592/1 499/1591/1 2310/2258/1 2802/2257/1
f 2802/2257/1 2310/2258/1 2311/1574/1 2803/1573/1
f 655/30/2 2805/2259/2 573/2260/2 21/31/2
f 2805/2259/2 2807/1569/2 572/1572/2 573/2260/2
f 189/1631/1 2319/2245/1 2804/2261/1 654/2262/1
f 654/2262/1 2804/2261/1 2805/2259/1 655/30/1
f 2319/2245/1 2318/1584/1 2806/2263/1 2804/2261/1
f 2804/2261/1 2806/2263/1 2807/1569/1 2805/2259/1
f 2318/1584/1 497/1583/1 2304/2256/1 2806/2263/1
f 2806/2263/1 2304/2256/1 2305/1570/1 2807/1569/1
f 2291/1558/1 2809/2264/1 2303/2265/1 495/1559/1
f 2809/2264/1 2811/1565/1 2302/1568/1 2303/2265/1
f 494/1555/1 2301/2266/1 2808/2267/1 2290/2268/1
f 2290/2268/1 2808/2267/1 2809/2264/1 2291/1558/1
f 2301/2266/1 2300/1564/1 2810/2269/1 2808/2267/1
f 2808/2267/1 2810/2269/1 2811/1565/1 2809/2264/1
f 2300/1564/1 200/1563/1 1030/2270/1 2810/2269/1
f 2810/2269/1 1030/2270/1 1031/1566/1 2811/1565/1
f 2289/1554/1 2813/2271/1 2301/2266/1 494/1555/1
f 2813/2271/1 2815/1561/1 2300/1564/1 2301/2266/1
f 294/307/1 1197/2272/1 2812/2273/1 2288/2274/1
f 2288/2274/1 2812/2273/1 2813/2271/1 2289/1554/1
f 1197/2272/1 1196/180/1 2814/2275/1 2812/2273/1
f 2812/2273/1 2814/2275/1 2815/1561/1 2813/2271/1
f 1196/180/1 61/179/1 1028/2276/1 2814/2275/1
f 2814/2275/1 1028/2276/1 1029/1562/1 2815/1561/1
f 2285/1550/1 2817/2277/1 2299/2278/1 493/1551/1
f 2817/2277/1 2819/1557/1 2298/1560/1 2299/2278/1
f 492/1547/1 2297/2279/1 2816/2280/1 2284/2281/1
f 2284/2281/1 2816/2280/1 2817/2277/1 2285/1550/1
f 2297/2279/1 2296/1556/1 2818/2282/1 2816/2280/1
f 2816/2280/1 2818/2282/1 2819/1557/1 2817/2277/1
f 2296/1556/1 494/1555/1 2290/2268/1 2818/2282/1
f 2818/2282/1 2290/2268/1 2291/1558/1 2819/1557/1
f 2283/1546/1 2821/2283/1 2297/2279/1 492/1547/1
f 2821/2283/1 2823/1553/1 2296/1556/1 2297/2279/1
f 295/303/1 1199/2284/1 2820/2285/1 2282/2286/1
f 2282/2286/1 2820/2285/1 2821/2283/1 2283/1546/1
f 1199/2284/1 1198/308/1 2822/2287/1 2820/2285/1
f 2820/2285/1 2822/2287/1 2823/1553/1 2821/2283/1
f 1198/308/1 294/307/1 2288/2274/1 2822/2287/1
f 2822/2287/1 2288/2274/1 2289/1554/1 2823/1553/1
f 1021/1598/1 2825/2288/1 2295/2289/1 195/1599/1
f 2825/2288/1 2827/1549/1 2294/1552/1 2295/2289/1
f 194/1595/1 2293/2290/1 2824/2291/1 1020/2226/1
f 1020/2226/1 2824/2291/1 2825/2288/1 1021/1598/1
f 2293/2290/1 2292/1548/1 2826/2292/1 2824/2291/1
f 2824/2291/1 2826/2292/1 2827/1549/1 2825/2288/1
f 2292/1548/1 492/1547/1 2284/2281/1 2826/2292/1
f 2826/2292/1 2284/2281/1 2285/1550/1 2827/1549/1
f 1019/1594/1 2829/2293/1 2293/2290/1 194/1595/1
f 2829/2293/1 2831/1545/1 2292/1548/1 2293/2290/1
f 59/171/1 761/2294/1 2828/2295/1 1018/2232/1
f 1018/2232/1 2828/2295/1 2829/2293/1 1019/1594/1
f 761/2294/1 760/304/1 2830/2296/1 2828/2295/1
f 2828/2295/1 2830/2296/1 2831/1545/1 2829/2293/1
f 760/304/1 295/303/1 2282/2286/1 2830/2296/1
f 2830/2296/1 2282/2286/1 2283/1546/1 2831/1545/1
f 2281/1538/2 2833/2297/2 851/2298/2 105/1539/2
f 2833/2297/2 2835/1541/2 850/1544/2 851/2298/2
f 493/1551/1 2299/2278/1 2832/2299/1 2280/2300/1
f 2280/2300/1 2832/2299/1 2833/2297/1 2281/1538/1
f 2299/2278/1 2298/1560/1 2834/2301/1 2832/2299/1
f 2832/2299/1 2834/2301/1 2835/1541/1 2833/2297/1
f 2298/1560/1 495/1559/1 2286/2302/1 2834/2301/1
f 2834/2301/1 2286/2302/1 2287/1542/1 2835/1541/1
f 661/34/2 2837/2303/2 571/2304/2 20/35/2
f 2837/2303/2 2839/1537/2 570/1540/2 571/2304/2
f 195/1599/1 2295/2289/1 2836/2305/1 660/2306/1
f 660/2306/1 2836/2305/1 2837/2303/1 661/34/1
f 2295/2289/1 2294/1552/1 2838/2307/1 2836/2305/1
f 2836/2305/1 2838/2307/1 2839/1537/1 2837/2303/1
f 2294/1552/1 493/1551/1 2280/2300/1 2838/2307/1
f 2838/2307/1 2280/2300/1 2281/1538/1 2839/1537/1
f 2267/1526/1 2841/2308/1 2279/2309/1 491/1527/1
f 2841/2308/1 2843/1533/1 2278/1536/1 2279/2309/1
f 490/1523/1 2277/2310/1 2840/2311/1 2266/2312/1
f 2266/2312/1 2840/2311/1 2841/2308/1 2267/1526/1
f 2277/2310/1 2276/1532/1 2842/2313/1 2840/2311/1
f 2840/2311/1 2842/2313/1 2843/1533/1 2841/2308/1
f 2276/1532/1 206/1531/1 1040/1885/1 2842/2313/1
f 2842/2313/1 1040/1885/1 1041/1534/1 2843/1533/1
f 2265/1522/1 2845/2314/1 2277/2310/1 490/1523/1
f 2845/2314/1 2847/1529/1 2276/1532/1 2277/2310/1
f 298/255/1 1205/2315/1 2844/2316/1 2264/2317/1
f 2264/2317/1 2844/2316/1 2845/2314/1 2265/1522/1
f 1205/2315/1 1204/188/1 2846/2318/1 2844/2316/1
f 2844/2316/1 2846/2318/1 2847/1529/1 2845/2314/1
f 1204/188/1 63/187/1 1038/1890/1 2846/2318/1
f 2846/2318/1 1038/1890/1 1039/1530/1 2847/1529/1
f 2261/1518/1 2849/2319/1 2275/2320/1 489/1519/1
f 2849/2319/1 2851/1525/1 2274/1528/1 2275/2320/1
f 488/1515/1 2273/2321/1 2848/2322/1 2260/2323/1
f 2260/2323/1 2848/2322/1 2849/2319/1 2261/1518/1
f 2273/2321/1 2272/1524/1 2850/2324/1 2848/2322/1
f 2848/2322/1 2850/2324/1 2851/1525/1 2849/2319/1
f 2272/1524/1 490/1523/1 2266/2312/1 2850/2324/1
f 2850/2324/1 2266/2312/1 2267/1526/1 2851/1525/1
f 2259/1514/1 2853/2325/1 2273/2321/1 488/1515/1
f 2853/2325/1 2855/1521/1 2272/1524/1 2273/2321/1
f 299/251/1 1207/2326/1 2852/2327/1 2258/2328/1
f 2258/2328/1 2852/2327/1 2853/2325/1 2259/1514/1
f 1207/2326/1 1206/256/1 2854/2329/1 2852/2327/1
f 2852/2327/1 2854/2329/1 2855/1521/1 2853/2325/1
f 1206/256/1 298/255/1 2264/2317/1 2854/2329/1
f 2854/2329/1 2264/2317/1 2265/1522/1 2855/1521/1
f 1031/1566/1 2857/2330/1 2271/2331/1 201/1567/1
f 2857/2330/1 2859/1517/1 2270/1520/1 2271/2331/1
f 200/1563/1 2269/2332/1 2856/2333/1 1030/2270/1
f 1030/2270/1 2856/2333/1 2857/2330/1 1031/1566/1
f 2269/2332/1 2268/1516/1 2858/2334/1 2856/2333/1
f 2856/2333/1 2858/2334/1 2859/1517/1 2857/2330/1
f 2268/1516/1 488/1515/1 2260/2323/1 2858/2334/1
f 2858/2334/1 2260/2323/1 2261/1518/1 2859/1517/1
f 1029/1562/1 2861/2335/1 2269/2332/1 200/1563/1
f 2861/2335/1 2863/1513/1 2268/1516/1 2269/2332/1
f 61/179/1 765/2336/1 2860/2337/1 1028/2276/1
f 1028/2276/1 2860/2337/1 2861/2335/1 1029/1562/1
f 765/2336/1 764/252/1 2862/2338/1 2860/2337/1
f 2860/2337/1 2862/2338/1 2863/1513/1 2861/2335/1
f 764/252/1 299/251/1 2258/2328/1 2862/2338/1
f 2862/2338/1 2258/2328/1 2259/1514/1 2863/1513/1
f 2257/1506/2 2865/2339/2 847/2340/2 103/1507/2
f 2865/2339/2 2867/1509/2 846/1512/2 847/2340/2
f 489/1519/1 2275/2320/1 2864/2341/1 2256/2342/1
f 2256/2342/1 2864/2341/1 2865/2339/1 2257/1506/1
f 2275/2320/1 2274/1528/1 2866/2343/1 2864/2341/1
f 2864/2341/1 2866/2343/1 2867/1509/1 2865/2339/1
f 2274/1528/1 491/1527/1 2262/2344/1 2866/2343/1
f 2866/2343/1 2262/2344/1 2263/1510/1 2867/1509/1
f 667/38/2 2869/2345/2 569/2346/2 19/39/2
f 2869/2345/2 2871/1505/2 568/1508/2 569/2346/2
f 201/1567/1 2271/2331/1 2868/2347/1 666/2348/1
f 666/2348/1 2868/2347/1 2869/2345/1 667/38/1
f 2271/2331/1 2270/1520/1 2870/2349/1 2868/2347/1
f 2868/2347/1 2870/2349/1 2871/1505/1 2869/2345/1
f 2270/1520/1 489/1519/1 2256/2342/1 2870/2349/1
f 2870/2349/1 2256/2342/1 2257/1506/1 2871/1505/1
f 2243/1494/1 2873/2350/1 2255/2351/1 487/1495/1
f 2873/2350/1 2875/1501/1 2254/1504/1 2255/2351/1
f 486/1491/1 2253/2352/1 2872/2353/1 2242/2354/1
f 2242/2354/1 2872/2353/1 2873/2350/1 2243/1494/1
f 2253/2352/1 2252/1500/1 2874/2355/1 2872/2353/1
f 2872/2353/1 2874/2355/1 2875/1501/1 2873/2350/1
f 2252/1500/1 122/1499/1 886/2356/1 2874/2355/1
f 2874/2355/1 886/2356/1 887/1502/1 2875/1501/1
f 2241/1490/1 2877/2357/1 2253/2352/1 486/1491/1
f 2877/2357/1 2879/1497/1 2252/1500/1 2253/2352/1
f 91/2358/2 558/2359/2 2876/2360/2 2240/2361/2
f 2240/2361/1 2876/2360/1 2877/2357/1 2241/1490/1
f 558/2359/2 559/2362/2 2878/2363/2 2876/2360/2
f 2876/2360/1 2878/2363/1 2879/1497/1 2877/2357/1
f 559/2362/2 14/2364/2 884/2365/2 2878/2363/2
f 2878/2363/1 884/2365/1 885/1498/1 2879/1497/1
f 2237/1486/1 2881/2366/1 2251/2367/1 485/1487/1
f 2881/2366/1 2883/1493/1 2250/1496/1 2251/2367/1
f 484/1483/1 2249/2368/1 2880/2369/1 2236/2370/1
f 2236/2370/1 2880/2369/1 2881/2366/1 2237/1486/1
f 2249/2368/1 2248/1492/1 2882/2371/1 2880/2369/1
f 2880/2369/1 2882/2371/1 2883/1493/1 2881/2366/1
f 2248/1492/1 486/1491/1 2242/2354/1 2882/2371/1
f 2882/2371/1 2242/2354/1 2243/1494/1 2883/1493/1
f 2235/1482/1 2885/2372/1 2249/2368/1 484/1483/1
f 2885/2372/1 2887/1489/1 2248/1492/1 2249/2368/1
f 90/2373/2 824/2374/2 2884/2375/2 2234/2376/2
f 2234/2376/1 2884/2375/1 2885/2372/1 2235/1482/1
f 824/2374/2 825/2377/2 2886/2378/2 2884/2375/2
f 2884/2375/1 2886/2378/1 2887/1489/1 2885/2372/1
f 825/2377/2 91/2358/2 2240/2361/2 2886/2378/2
f 2886/2378/1 2240/2361/1 2241/1490/1 2887/1489/1
f 772/2379/2 2889/2380/2 2247/2381/2 64/2382/2
f 2889/2380/1 2891/1485/1 2246/1488/1 2247/2381/1
f 65/2383/2 2245/2384/2 2888/2385/2 773/2386/2
f 773/2386/2 2888/2385/2 2889/2380/2 772/2379/2
f 2245/2384/1 2244/1484/1 2890/2387/1 2888/2385/1
f 2888/2385/1 2890/2387/1 2891/1485/1 2889/2380/1
f 2244/1484/1 484/1483/1 2236/2370/1 2890/2387/1
f 2890/2387/1 2236/2370/1 2237/1486/1 2891/1485/1
f 532/2388/2 2893/2389/2 2245/2384/2 65/2383/2
f 2893/2389/1 2895/1481/1 2244/1484/1 2245/2384/1
f 1/2390/1 822/2391/1 2892/2392/1 533/2393/1
f 533/2393/2 2892/2392/2 2893/2389/2 532/2388/2
f 822/2391/2 823/2394/2 2894/2395/2 2892/2392/2
f 2892/2392/1 2894/2395/1 2895/1481/1 2893/2389/1
f 823/2394/2 90/2373/2 2234/2376/2 2894/2395/2
f 2894/2395/1 2234/2376/1 2235/1482/1 2895/1481/1
f 2233/1474/1 2897/2396/1 1051/2397/1 213/1475/1
f 2897/2396/1 2899/1477/1 1050/1480/1 1051/2397/1
f 485/1487/1 2251/2367/1 2896/2398/1 2232/2399/1
f 2232/2399/1 2896/2398/1 2897/2396/1 2233/1474/1
f 2251/2367/1 2250/1496/1 2898/2400/1 2896/2398/1
f 2896/2398/1 2898/2400/1 2899/1477/1 2897/2396/1
f 2250/1496/1 487/1495/1 2238/2401/1 2898/2400/1
f 2898/2400/1 2238/2401/1 2239/1478/1 2899/1477/1
f 770/2402/2 2901/2403/2 679/2404/2 13/2405/2
f 2901/2403/1 2903/1473/1 678/1476/1 679/2404/1
f 64/2382/2 2247/2381/2 2900/2406/2 771/2407/2
f 771/2407/2 2900/2406/2 2901/2403/2 770/2402/2
f 2247/2381/1 2246/1488/1 2902/2408/1 2900/2406/1
f 2900/2406/1 2902/2408/1 2903/1473/1 2901/2403/1
f 2246/1488/1 485/1487/1 2232/2399/1 2902/2408/1
f 2902/2408/1 2232/2399/1 2233/1474/1 2903/1473/1
f 2219/1462/1 2905/2409/1 2231/2410/1 483/1463/1
f 2905/2409/1 2907/1469/1 2230/1472/1 2231/2410/1
f 482/1459/1 2229/2411/1 2904/2412/1 2218/2413/1
f 2218/2413/1 2904/2412/1 2905/2409/1 2219/1462/1
f 2229/2411/1 2228/1468/1 2906/2414/1 2904/2412/1
f 2904/2412/1 2906/2414/1 2907/1469/1 2905/2409/1
f 2228/1468/1 124/1467/1 890/2415/1 2906/2414/1
f 2906/2414/1 890/2415/1 891/1470/1 2907/1469/1
f 2217/1458/1 2909/2416/1 2229/2411/1 482/1459/1
f 2909/2416/1 2911/1465/1 2228/1468/1 2229/2411/1
f 212/1479/1 1049/2417/1 2908/2418/1 2216/2419/1
f 2216/2419/1 2908/2418/1 2909/2416/1 2217/1458/1
f 1049/2417/1 1048/48/1 2910/2420/1 2908/2418/1
f 2908/2418/1 2910/2420/1 2911/1465/1 2909/2416/1
f 1048/48/1 28/47/1 888/2421/1 2910/2420/1
f 2910/2420/1 888/2421/1 889/1466/1 2911/1465/1
f 2213/1454/1 2913/2422/1 2227/2423/1 481/1455/1
f 2913/2422/1 2915/1461/1 2226/1464/1 2227/2423/1
f 480/1451/1 2225/2424/1 2912/2425/1 2212/2426/1
f 2212/2426/1 2912/2425/1 2913/2422/1 2213/1454/1
f 2225/2424/1 2224/1460/1 2914/2427/1 2912/2425/1
f 2912/2425/1 2914/2427/1 2915/1461/1 2913/2422/1
f 2224/1460/1 482/1459/1 2218/2413/1 2914/2427/1
f 2914/2427/1 2218/2413/1 2219/1462/1 2915/1461/1
f 2211/1450/1 2917/2428/1 2225/2424/1 480/1451/1
f 2917/2428/1 2919/1457/1 2224/1460/1 2225/2424/1
f 213/1475/1 1051/2397/1 2916/2429/1 2210/2430/1
f 2210/2430/1 2916/2429/1 2917/2428/1 2211/1450/1
f 1051/2397/1 1050/1480/1 2918/2431/1 2916/2429/1
f 2916/2429/1 2918/2431/1 2919/1457/1 2917/2428/1
f 1050/1480/1 212/1479/1 2216/2419/1 2918/2431/1
f 2918/2431/1 2216/2419/1 2217/1458/1 2919/1457/1
f 820/2432/2 2921/2433/2 2223/2434/2 88/2435/2
f 2921/2433/1 2923/1453/1 2222/1456/1 2223/2434/1
f 89/2436/2 2221/2437/2 2920/2438/2 821/2439/2
f 821/2439/2 2920/2438/2 2921/2433/2 820/2432/2
f 2221/2437/1 2220/1452/1 2922/2440/1 2920/2438/1
f 2920/2438/1 2922/2440/1 2923/1453/1 2921/2433/1
f 2220/1452/1 480/1451/1 2212/2426/1 2922/2440/1
f 2922/2440/1 2212/2426/1 2213/1454/1 2923/1453/1
f 556/2441/2 2925/2442/2 2221/2437/2 89/2436/2
f 2925/2442/1 2927/1449/1 2220/1452/1 2221/2437/1
f 13/2405/2 679/2404/2 2924/2443/2 557/2444/2
f 557/2444/2 2924/2443/2 2925/2442/2 556/2441/2
f 679/2404/1 678/1476/1 2926/2445/1 2924/2443/1
f 2924/2443/1 2926/2445/1 2927/1449/1 2925/2442/1
f 678/1476/1 213/1475/1 2210/2430/1 2926/2445/1
f 2926/2445/1 2210/2430/1 2211/1450/1 2927/1449/1
f 2209/1442/1 2929/2446/1 1055/2447/1 215/1443/1
f 2929/2446/1 2931/1445/1 1054/1448/1 1055/2447/1
f 481/1455/1 2227/2423/1 2928/2448/1 2208/2449/1
f 2208/2449/1 2928/2448/1 2929/2446/1 2209/1442/1
f 2227/2423/1 2226/1464/1 2930/2450/1 2928/2448/1
f 2928/2448/1 2930/2450/1 2931/1445/1 2929/2446/1
f 2226/1464/1 483/1463/1 2214/2451/1 2930/2450/1
f 2930/2450/1 2214/2451/1 2215/1446/1 2931/1445/1
f 818/2452/2 2933/2453/2 681/2454/2 12/2455/2
f 2933/2453/1 2935/1441/1 680/1444/1 681/2454/1
f 88/2435/2 2223/2434/2 2932/2456/2 819/2457/2
f 819/2457/2 2932/2456/2 2933/2453/2 818/2452/2
f 2223/2434/1 2222/1456/1 2934/2458/1 2932/2456/1
f 2932/2456/1 2934/2458/1 2935/1441/1 2933/2453/1
f 2222/1456/1 481/1455/1 2208/2449/1 2934/2458/1
f 2934/2458/1 2208/2449/1 2209/1442/1 2935/1441/1
f 2195/1430/1 2937/2459/1 2207/2460/1 479/1431/1
f 2937/2459/1 2939/1437/1 2206/1440/1 2207/2460/1
f 478/1427/1 2205/2461/1 2936/2462/1 2194/2463/1
f 2194/2463/1 2936/2462/1 2937/2459/1 2195/1430/1
f 2205/2461/1 2204/1436/1 2938/2464/1 2936/2462/1
f 2936/2462/1 2938/2464/1 2939/1437/1 2937/2459/1
f 2204/1436/1 126/1435/1 894/2465/1 2938/2464/1
f 2938/2464/1 894/2465/1 895/1438/1 2939/1437/1
f 2193/1426/1 2941/2466/1 2205/2461/1 478/1427/1
f 2941/2466/1 2943/1433/1 2204/1436/1 2205/2461/1
f 214/1447/1 1053/2467/1 2940/2468/1 2192/2469/1
f 2192/2469/1 2940/2468/1 2941/2466/1 2193/1426/1
f 1053/2467/1 1052/52/1 2942/2470/1 2940/2468/1
f 2940/2468/1 2942/2470/1 2943/1433/1 2941/2466/1
f 1052/52/1 29/51/1 892/2471/1 2942/2470/1
f 2942/2470/1 892/2471/1 893/1434/1 2943/1433/1
f 2189/1422/1 2945/2472/1 2203/2473/1 477/1423/1
f 2945/2472/1 2947/1429/1 2202/1432/1 2203/2473/1
f 476/1419/1 2201/2474/1 2944/2475/1 2188/2476/1
f 2188/2476/1 2944/2475/1 2945/2472/1 2189/1422/1
f 2201/2474/1 2200/1428/1 2946/2477/1 2944/2475/1
f 2944/2475/1 2946/2477/1 2947/1429/1 2945/2472/1
f 2200/1428/1 478/1427/1 2194/2463/1 2946/2477/1
f 2946/2477/1 2194/2463/1 2195/1430/1 2947/1429/1
f 2187/1418/1 2949/2478/1 2201/2474/1 476/1419/1
f 2949/2478/1 2951/1425/1 2200/1428/1 2201/2474/1
f 215/1443/1 1055/2447/1 2948/2479/1 2186/2480/1
f 2186/2480/1 2948/2479/1 2949/2478/1 2187/1418/1
f 1055/2447/1 1054/1448/1 2950/2481/1 2948/2479/1
f 2948/2479/1 2950/2481/1 2951/1425/1 2949/2478/1
f 1054/1448/1 214/1447/1 2192/2469/1 2950/2481/1
f 2950/2481/1 2192/2469/1 2193/1426/1 2951/1425/1
f 816/2482/2 2953/2483/2 2199/2484/2 86/2485/2
f 2953/2483/1 2955/1421/1 2198/1424/1 2199/2484/1
f 87/2486/2 2197/2487/2 2952/2488/2 817/2489/2
f 817/2489/2 2952/2488/2 2953/2483/2 816/2482/2
f 2197/2487/1 2196/1420/1 2954/2490/1 2952/2488/1
f 2952/2488/1 2954/2490/1 2955/1421/1 2953/2483/1
f 2196/1420/1 476/1419/1 2188/2476/1 2954/2490/1
f 2954/2490/1 2188/2476/1 2189/1422/1 2955/1421/1
f 554/2491/2 2957/2492/2 2197/2487/2 87/2486/2
f 2957/2492/1 2959/1417/1 2196/1420/1 2197/2487/1
f 12/2455/2 681/2454/2 2956/2493/2 555/2494/2
f 555/2494/2 2956/2493/2 2957/2492/2 554/2491/2
f 681/2454/1 680/1444/1 2958/2495/1 2956/2493/1
f 2956/2493/1 2958/2495/1 2959/1417/1 2957/2492/1
f 680/1444/1 215/1443/1 2186/2480/1 2958/2495/1
f 2958/2495/1 2186/2480/1 2187/1418/1 2959/1417/1
f 2185/1410/1 2961/2496/1 1059/2497/1 217/1411/1
f 2961/2496/1 2963/1413/1 1058/1416/1 1059/2497/1
f 477/1423/1 2203/2473/1 2960/2498/1 2184/2499/1
f 2184/2499/1 2960/2498/1 2961/2496/1 2185/1410/1
f 2203/2473/1 2202/1432/1 2962/2500/1 2960/2498/1
f 2960/2498/1 2962/2500/1 2963/1413/1 2961/2496/1
f 2202/1432/1 479/1431/1 2190/2501/1 2962/2500/1
f 2962/2500/1 2190/2501/1 2191/1414/1 2963/1413/1
f 814/2502/2 2965/2503/2 683/2504/2 11/2505/2
f 2965/2503/1 2967/1409/1 682/1412/1 683/2504/1
f 86/2485/2 2199/2484/2 2964/2506/2 815/2507/2
f 815/2507/2 2964/2506/2 2965/2503/2 814/2502/2
f 2199/2484/1 2198/1424/1 2966/2508/1 2964/2506/1
f 2964/2506/1 2966/2508/1 2967/1409/1 2965/2503/1
f 2198/1424/1 477/1423/1 2184/2499/1 2966/2508/1
f 2966/2508/1 2184/2499/1 2185/1410/1 2967/1409/1
f 2171/1398/1 2969/2509/1 2183/2510/1 475/1399/1
f 2969/2509/1 2971/1405/1 2182/1408/1 2183/2510/1
f 474/1395/1 2181/2511/1 2968/2512/1 2170/2513/1
f 2170/2513/1 2968/2512/1 2969/2509/1 2171/1398/1
f 2181/2511/1 2180/1404/1 2970/2514/1 2968/2512/1
f 2968/2512/1 2970/2514/1 2971/1405/1 2969/2509/1
f 2180/1404/1 128/1403/1 898/2515/1 2970/2514/1
f 2970/2514/1 898/2515/1 899/1406/1 2971/1405/1
f 2169/1394/1 2973/2516/1 2181/2511/1 474/1395/1
f 2973/2516/1 2975/1401/1 2180/1404/1 2181/2511/1
f 216/1415/1 1057/2517/1 2972/2518/1 2168/2519/1
f 2168/2519/1 2972/2518/1 2973/2516/1 2169/1394/1
f 1057/2517/1 1056/56/1 2974/2520/1 2972/2518/1
f 2972/2518/1 2974/2520/1 2975/1401/1 2973/2516/1
f 1056/56/1 30/55/1 896/2521/1 2974/2520/1
f 2974/2520/1 896/2521/1 897/1402/1 2975/1401/1
f 2165/1390/1 2977/2522/1 2179/2523/1 473/1391/1
f 2977/2522/1 2979/1397/1 2178/1400/1 2179/2523/1
f 472/1387/1 2177/2524/1 2976/2525/1 2164/2526/1
f 2164/2526/1 2976/2525/1 2977/2522/1 2165/1390/1
f 2177/2524/1 2176/1396/1 2978/2527/1 2976/2525/1
f 2976/2525/1 2978/2527/1 2979/1397/1 2977/2522/1
f 2176/1396/1 474/1395/1 2170/2513/1 2978/2527/1
f 2978/2527/1 2170/2513/1 2171/1398/1 2979/1397/1
f 2163/1386/1 2981/2528/1 2177/2524/1 472/1387/1
f 2981/2528/1 2983/1393/1 2176/1396/1 2177/2524/1
f 217/1411/1 1059/2497/1 2980/2529/1 2162/2530/1
f 2162/2530/1 2980/2529/1 2981/2528/1 2163/1386/1
f 1059/2497/1 1058/1416/1 2982/2531/1 2980/2529/1
f 2980/2529/1 2982/2531/1 2983/1393/1 2981/2528/1
f 1058/1416/1 216/1415/1 2168/2519/1 2982/2531/1
f 2982/2531/1 2168/2519/1 2169/1394/1 2983/1393/1
f 812/2532/2 2985/2533/2 2175/2534/2 84/2535/2
f 2985/2533/1 2987/1389/1 2174/1392/1 2175/2534/1
f 85/2536/2 2173/2537/2 2984/2538/2 813/2539/2
f 813/2539/2 2984/2538/2 2985/2533/2 812/2532/2
f 2173/2537/1 2172/1388/1 2986/2540/1 2984/2538/1
f 2984/2538/1 2986/2540/1 2987/1389/1 2985/2533/1
f 2172/1388/1 472/1387/1 2164/2526/1 2986/2540/1
f 2986/2540/1 2164/2526/1 2165/1390/1 2987/1389/1
f 552/2541/2 2989/2542/2 2173/2537/2 85/2536/2
f 2989/2542/1 2991/1385/1 2172/1388/1 2173/2537/1
f 11/2505/2 683/2504/2 2988/2543/2 553/2544/2
f 553/2544/2 2988/2543/2 2989/2542/2 552/2541/2
f 683/2504/1 682/1412/1 2990/2545/1 2988/2543/1
f 2988/2543/1 2990/2545/1 2991/1385/1 2989/2542/1
f 682/1412/1 217/1411/1 2162/2530/1 2990/2545/1
f 2990/2545/1 2162/2530/1 2163/1386/1 2991/1385/1
f 2161/1378/1 2993/2546/1 1063/2547/1 219/1379/1
f 2993/2546/1 2995/1381/1 1062/1384/1 1063/2547/1
f 473/1391/1 2179/2523/1 2992/2548/1 2160/2549/1
f 2160/2549/1 2992/2548/1 2993/2546/1 2161/1378/1
f 2179/2523/1 2178/1400/1 2994/2550/1 2992/2548/1
f 2992/2548/1 2994/2550/1 2995/1381/1 2993/2546/1
f 2178/1400/1 475/1399/1 2166/2551/1 2994/2550/1
f 2994/2550/1 2166/2551/1 2167/1382/1 2995/1381/1
f 810/2552/2 2997/2553/2 685/2554/2 10/2555/2
f 2997/2553/1 2999/1377/1 684/1380/1 685/2554/1
f 84/2535/2 2175/2534/2 2996/2556/2 811/2557/2
f 811/2557/2 2996/2556/2 2997/2553/2 810/2552/2
f 2175/2534/1 2174/1392/1 2998/2558/1 2996/2556/1
f 2996/2556/1 2998/2558/1 2999/1377/1 2997/2553/1
f 2174/1392/1 473/1391/1 2160/2549/1 2998/2558/1
f 2998/2558/1 2160/2549/1 2161/1378/1 2999/1377/1
f 2147/1366/1 3001/2559/1 2159/2560/1 471/1367/1
f 3001/2559/1 3003/1373/1 2158/1376/1 2159/2560/1
f 470/1363/1 2157/2561/1 3000/2562/1 2146/2563/1
f 2146/2563/1 3000/2562/1 3001/2559/1 2147/1366/1
f 2157/2561/1 2156/1372/1 3002/2564/1 3000/2562/1
f 3000/2562/1 3002/2564/1 3003/1373/1 3001/2559/1
f 2156/1372/1 130/1371/1 902/2565/1 3002/2564/1
f 3002/2564/1 902/2565/1 903/1374/1 3003/1373/1
f 2145/1362/1 3005/2566/1 2157/2561/1 470/1363/1
f 3005/2566/1 3007/1369/1 2156/1372/1 2157/2561/1
f 218/1383/1 1061/2567/1 3004/2568/1 2144/2569/1
f 2144/2569/1 3004/2568/1 3005/2566/1 2145/1362/1
f 1061/2567/1 1060/60/1 3006/2570/1 3004/2568/1
f 3004/2568/1 3006/2570/1 3007/1369/1 3005/2566/1
f 1060/60/1 31/59/1 900/2571/1 3006/2570/1
f 3006/2570/1 900/2571/1 901/1370/1 3007/1369/1
f 2141/1358/1 3009/2572/1 2155/2573/1 469/1359/1
f 3009/2572/1 3011/1365/1 2154/1368/1 2155/2573/1
f 468/1355/1 2153/2574/1 3008/2575/1 2140/2576/1
f 2140/2576/1 3008/2575/1 3009/2572/1 2141/1358/1
f 2153/2574/1 2152/1364/1 3010/2577/1 3008/2575/1
f 3008/2575/1 3010/2577/1 3011/1365/1 3009/2572/1
f 2152/1364/1 470/1363/1 2146/2563/1 3010/2577/1
f 3010/2577/1 2146/2563/1 2147/1366/1 3011/1365/1
f 2139/1354/1 3013/2578/1 2153/2574/1 468/1355/1
f 3013/2578/1 3015/1361/1 2152/1364/1 2153/2574/1
f 219/1379/1 1063/2547/1 3012/2579/1 2138/2580/1
f 2138/2580/1 3012/2579/1 3013/2578/1 2139/1354/1
f 1063/2547/1 1062/1384/1 3014/2581/1 3012/2579/1
f 3012/2579/1 3014/2581/1 3015/1361/1 3013/2578/1
f 1062/1384/1 218/1383/1 2144/2569/1 3014/2581/1
f 3014/2581/1 2144/2569/1 2145/1362/1 3015/1361/1
f 808/2582/2 3017/2583/2 2151/2584/2 82/2585/2
f 3017/2583/1 3019/1357/1 2150/1360/1 2151/2584/1
f 83/2586/2 2149/2587/2 3016/2588/2 809/2589/2
f 809/2589/2 3016/2588/2 3017/2583/2 808/2582/2
f 2149/2587/1 2148/1356/1 3018/2590/1 3016/2588/1
f 3016/2588/1 3018/2590/1 3019/1357/1 3017/2583/1
f 2148/1356/1 468/1355/1 2140/2576/1 3018/2590/1
f 3018/2590/1 2140/2576/1 2141/1358/1 3019/1357/1
f 550/2591/2 3021/2592/2 2149/2587/2 83/2586/2
f 3021/2592/1 3023/1353/1 2148/1356/1 2149/2587/1
f 10/2555/2 685/2554/2 3020/2593/2 551/2594/2
f 551/2594/2 3020/2593/2 3021/2592/2 550/2591/2
f 685/2554/1 684/1380/1 3022/2595/1 3020/2593/1
f 3020/2593/1 3022/2595/1 3023/1353/1 3021/2592/1
f 684/1380/1 219/1379/1 2138/2580/1 3022/2595/1
f 3022/2595/1 2138/2580/1 2139/1354/1 3023/1353/1
f 2137/1346/1 3025/2596/1 1067/2597/1 221/1347/1
f 3025/2596/1 3027/1349/1 1066/1352/1 1067/2597/1
f 469/1359/1 2155/2573/1 3024/2598/1 2136/2599/1
f 2136/2599/1 3024/2598/1 3025/2596/1 2137/1346/1
f 2155/2573/1 2154/1368/1 3026/2600/1 3024/2598/1
f 3024/2598/1 3026/2600/1 3027/1349/1 3025/2596/1
f 2154/1368/1 471/1367/1 2142/2601/1 3026/2600/1
f 3026/2600/1 2142/2601/1 2143/1350/1 3027/1349/1
f 806/2602/2 3029/2603/2 687/2604/2 9/2605/2
f 3029/2603/1 3031/1345/1 686/1348/1 687/2604/1
f 82/2585/2 2151/2584/2 3028/2606/2 807/2607/2
f 807/2607/2 3028/2606/2 3029/2603/2 806/2602/2
f 2151/2584/1 2150/1360/1 3030/2608/1 3028/2606/1
f 3028/2606/1 3030/2608/1 3031/1345/1 3029/2603/1
f 2150/1360/1 469/1359/1 2136/2599/1 3030/2608/1
f 3030/2608/1 2136/2599/1 2137/1346/1 3031/1345/1
f 2123/1334/1 3033/2609/1 2135/2610/1 467/1335/1
f 3033/2609/1 3035/1341/1 2134/1344/1 2135/2610/1
f 466/1331/1 2133/2611/1 3032/2612/1 2122/2613/1
f 2122/2613/1 3032/2612/1 3033/2609/1 2123/1334/1
f 2133/2611/1 2132/1340/1 3034/2614/1 3032/2612/1
f 3032/2612/1 3034/2614/1 3035/1341/1 3033/2609/1
f 2132/1340/1 132/1339/1 906/2615/1 3034/2614/1
f 3034/2614/1 906/2615/1 907/1342/1 3035/1341/1
f 2121/1330/1 3037/2616/1 2133/2611/1 466/1331/1
f 3037/2616/1 3039/1337/1 2132/1340/1 2133/2611/1
f 220/1351/1 1065/2617/1 3036/2618/1 2120/2619/1
f 2120/2619/1 3036/2618/1 3037/2616/1 2121/1330/1
f 1065/2617/1 1064/64/1 3038/2620/1 3036/2618/1
f 3036/2618/1 3038/2620/1 3039/1337/1 3037/2616/1
f 1064/64/1 32/63/1 904/2621/1 3038/2620/1
f 3038/2620/1 904/2621/1 905/1338/1 3039/1337/1
f 2117/1326/1 3041/2622/1 2131/2623/1 465/1327/1
f 3041/2622/1 3043/1333/1 2130/1336/1 2131/2623/1
f 464/1323/1 2129/2624/1 3040/2625/1 2116/2626/1
f 2116/2626/1 3040/2625/1 3041/2622/1 2117/1326/1
f 2129/2624/1 2128/1332/1 3042/2627/1 3040/2625/1
f 3040/2625/1 3042/2627/1 3043/1333/1 3041/2622/1
f 2128/1332/1 466/1331/1 2122/2613/1 3042/2627/1
f 3042/2627/1 2122/2613/1 2123/1334/1 3043/1333/1
f 2115/1322/1 3045/2628/1 2129/2624/1 464/1323/1
f 3045/2628/1 3047/1329/1 2128/1332/1 2129/2624/1
f 221/1347/1 1067/2597/1 3044/2629/1 2114/2630/1
f 2114/2630/1 3044/2629/1 3045/2628/1 2115/1322/1
f 1067/2597/1 1066/1352/1 3046/2631/1 3044/2629/1
f 3044/2629/1 3046/2631/1 3047/1329/1 3045/2628/1
f 1066/1352/1 220/1351/1 2120/2619/1 3046/2631/1
f 3046/2631/1 2120/2619/1 2121/1330/1 3047/1329/1
f 804/2632/2 3049/2633/2 2127/2634/2 80/2635/2
f 3049/2633/1 3051/1325/1 2126/1328/1 2127/2634/1
f 81/2636/2 2125/2637/2 3048/2638/2 805/2639/2
f 805/2639/2 3048/2638/2 3049/2633/2 804/2632/2
f 2125/2637/1 2124/1324/1 3050/2640/1 3048/2638/1
f 3048/2638/1 3050/2640/1 3051/1325/1 3049/2633/1
f 2124/1324/1 464/1323/1 2116/2626/1 3050/2640/1
f 3050/2640/1 2116/2626/1 2117/1326/1 3051/1325/1
f 548/2641/2 3053/2642/2 2125/2637/2 81/2636/2
f 3053/2642/1 3055/1321/1 2124/1324/1 2125/2637/1
f 9/2605/2 687/2604/2 3052/2643/2 549/2644/2
f 549/2644/2 3052/2643/2 3053/2642/2 548/2641/2
f 687/2604/1 686/1348/1 3054/2645/1 3052/2643/1
f 3052/2643/1 3054/2645/1 3055/1321/1 3053/2642/1
f 686/1348/1 221/1347/1 2114/2630/1 3054/2645/1
f 3054/2645/1 2114/2630/1 2115/1322/1 3055/1321/1
f 2113/1314/1 3057/2646/1 1071/2647/1 223/1315/1
f 3057/2646/1 3059/1317/1 1070/1320/1 1071/2647/1
f 465/1327/1 2131/2623/1 3056/2648/1 2112/2649/1
f 2112/2649/1 3056/2648/1 3057/2646/1 2113/1314/1
f 2131/2623/1 2130/1336/1 3058/2650/1 3056/2648/1
f 3056/2648/1 3058/2650/1 3059/1317/1 3057/2646/1
f 2130/1336/1 467/1335/1 2118/2651/1 3058/2650/1
f 3058/2650/1 2118/2651/1 2119/1318/1 3059/1317/1
f 802/2652/2 3061/2653/2 689/2654/2 8/2655/2
f 3061/2653/1 3063/1313/1 688/1316/1 689/2654/1
f 80/2635/2 2127/2634/2 3060/2656/2 803/2657/2
f 803/2657/2 3060/2656/2 3061/2653/2 802/2652/2
f 2127/2634/1 2126/1328/1 3062/2658/1 3060/2656/1
f 3060/2656/1 3062/2658/1 3063/1313/1 3061/2653/1
f 2126/1328/1 465/1327/1 2112/2649/1 3062/2658/1
f 3062/2658/1 2112/2649/1 2113/1314/1 3063/1313/1
f 2099/1302/1 3065/2659/1 2111/2660/1 463/1303/1
f 3065/2659/1 3067/1309/1 2110/1312/1 2111/2660/1
f 462/1299/1 2109/2661/1 3064/2662/1 2098/2663/1
f 2098/2663/1 3064/2662/1 3065/2659/1 2099/1302/1
f 2109/2661/1 2108/1308/1 3066/2664/1 3064/2662/1
f 3064/2662/1 3066/2664/1 3067/1309/1 3065/2659/1
f 2108/1308/1 134/1307/1 910/2665/1 3066/2664/1
f 3066/2664/1 910/2665/1 911/1310/1 3067/1309/1
f 2097/1298/1 3069/2666/1 2109/2661/1 462/1299/1
f 3069/2666/1 3071/1305/1 2108/1308/1 2109/2661/1
f 222/1319/1 1069/2667/1 3068/2668/1 2096/2669/1
f 2096/2669/1 3068/2668/1 3069/2666/1 2097/1298/1
f 1069/2667/1 1068/68/1 3070/2670/1 3068/2668/1
f 3068/2668/1 3070/2670/1 3071/1305/1 3069/2666/1
f 1068/68/1 33/67/1 908/2671/1 3070/2670/1
f 3070/2670/1 908/2671/1 909/1306/1 3071/1305/1
f 2093/1294/1 3073/2672/1 2107/2673/1 461/1295/1
f 3073/2672/1 3075/1301/1 2106/1304/1 2107/2673/1
f 460/1291/1 2105/2674/1 3072/2675/1 2092/2676/1
f 2092/2676/1 3072/2675/1 3073/2672/1 2093/1294/1
f 2105/2674/1 2104/1300/1 3074/2677/1 3072/2675/1
f 3072/2675/1 3074/2677/1 3075/1301/1 3073/2672/1
f 2104/1300/1 462/1299/1 2098/2663/1 3074/2677/1
f 3074/2677/1 2098/2663/1 2099/1302/1 3075/1301/1
f 2091/1290/1 3077/2678/1 2105/2674/1 460/1291/1
f 3077/2678/1 3079/1297/1 2104/1300/1 2105/2674/1
f 223/1315/1 1071/2647/1 3076/2679/1 2090/2680/1
f 2090/2680/1 3076/2679/1 3077/2678/1 2091/1290/1
f 1071/2647/1 1070/1320/1 3078/2681/1 3076/2679/1
f 3076/2679/1 3078/2681/1 3079/1297/1 3077/2678/1
f 1070/1320/1 222/1319/1 2096/2669/1 3078/2681/1
f 3078/2681/1 2096/2669/1 2097/1298/1 3079/1297/1
f 800/2682/2 3081/2683/2 2103/2684/2 78/2685/2
f 3081/2683/1 3083/1293/1 2102/1296/1 2103/2684/1
f 79/2686/2 2101/2687/2 3080/2688/2 801/2689/2
f 801/2689/2 3080/2688/2 3081/2683/2 800/2682/2
f 2101/2687/1 2100/1292/1 3082/2690/1 3080/2688/1
f 3080/2688/1 3082/2690/1 3083/1293/1 3081/2683/1
f 2100/1292/1 460/1291/1 2092/2676/1 3082/2690/1
f 3082/2690/1 2092/2676/1 2093/1294/1 3083/1293/1
f 546/2691/2 3085/2692/2 2101/2687/2 79/2686/2
f 3085/2692/1 3087/1289/1 2100/1292/1 2101/2687/1
f 8/2655/2 689/2654/2 3084/2693/2 547/2694/2
f 547/2694/2 3084/2693/2 3085/2692/2 546/2691/2
f 689/2654/1 688/1316/1 3086/2695/1 3084/2693/1
f 3084/2693/1 3086/2695/1 3087/1289/1 3085/2692/1
f 688/1316/1 223/1315/1 2090/2680/1 3086/2695/1
f 3086/2695/1 2090/2680/1 2091/1290/1 3087/1289/1
f 2089/1282/1 3089/2696/1 1075/2697/1 225/1283/1
f 3089/2696/1 3091/1285/1 1074/1288/1 1075/2697/1
f 461/1295/1 2107/2673/1 3088/2698/1 2088/2699/1
f 2088/2699/1 3088/2698/1 3089/2696/1 2089/1282/1
f 2107/2673/1 2106/1304/1 3090/2700/1 3088/2698/1
f 3088/2698/1 3090/2700/1 3091/1285/1 3089/2696/1
f 2106/1304/1 463/1303/1 2094/2701/1 3090/2700/1
f 3090/2700/1 2094/2701/1 2095/1286/1 3091/1285/1
f 798/2702/2 3093/2703/2 691/2704/2 7/2705/2
f 3093/2703/1 3095/1281/1 690/1284/1 691/2704/1
f 78/2685/2 2103/2684/2 3092/2706/2 799/2707/2
f 799/2707/2 3092/2706/2 3093/2703/2 798/2702/2
f 2103/2684/1 2102/1296/1 3094/2708/1 3092/2706/1
f 3092/2706/1 3094/2708/1 3095/1281/1 3093/2703/1
f 2102/1296/1 461/1295/1 2088/2699/1 3094/2708/1
f 3094/2708/1 2088/2699/1 2089/1282/1 3095/1281/1
f 2075/1270/1 3097/2709/1 2087/2710/1 459/1271/1
f 3097/2709/1 3099/1277/1 2086/1280/1 2087/2710/1
f 458/1267/1 2085/2711/1 3096/2712/1 2074/2713/1
f 2074/2713/1 3096/2712/1 3097/2709/1 2075/1270/1
f 2085/2711/1 2084/1276/1 3098/2714/1 3096/2712/1
f 3096/2712/1 3098/2714/1 3099/1277/1 3097/2709/1
f 2084/1276/1 136/1275/1 914/2715/1 3098/2714/1
f 3098/2714/1 914/2715/1 915/1278/1 3099/1277/1
f 2073/1266/1 3101/2716/1 2085/2711/1 458/1267/1
f 3101/2716/1 3103/1273/1 2084/1276/1 2085/2711/1
f 224/1287/1 1073/2717/1 3100/2718/1 2072/2719/1
f 2072/2719/1 3100/2718/1 3101/2716/1 2073/1266/1
f 1073/2717/1 1072/72/1 3102/2720/1 3100/2718/1
f 3100/2718/1 3102/2720/1 3103/1273/1 3101/2716/1
f 1072/72/1 34/71/1 912/2721/1 3102/2720/1
f 3102/2720/1 912/2721/1 913/1274/1 3103/1273/1
f 2069/1262/1 3105/2722/1 2083/2723/1 457/1263/1
f 3105/2722/1 3107/1269/1 2082/1272/1 2083/2723/1
f 456/1259/1 2081/2724/1 3104/2725/1 2068/2726/1
f 2068/2726/1 3104/2725/1 3105/2722/1 2069/1262/1
f 2081/2724/1 2080/1268/1 3106/2727/1 3104/2725/1
f 3104/2725/1 3106/2727/1 3107/1269/1 3105/2722/1
f 2080/1268/1 458/1267/1 2074/2713/1 3106/2727/1
f 3106/2727/1 2074/2713/1 2075/1270/1 3107/1269/1
f 2067/1258/1 3109/2728/1 2081/2724/1 456/1259/1
f 3109/2728/1 3111/1265/1 2080/1268/1 2081/2724/1
f 225/1283/1 1075/2697/1 3108/2729/1 2066/2730/1
f 2066/2730/1 3108/2729/1 3109/2728/1 2067/1258/1
f 1075/2697/1 1074/1288/1 3110/2731/1 3108/2729/1
f 3108/2729/1 3110/2731/1 3111/1265/1 3109/2728/1
f 1074/1288/1 224/1287/1 2072/2719/1 3110/2731/1
f 3110/2731/1 2072/2719/1 2073/1266/1 3111/1265/1
f 796/2732/2 3113/2733/2 2079/2734/2 76/2735/2
f 3113/2733/1 3115/1261/1 2078/1264/1 2079/2734/1
f 77/2736/2 2077/2737/2 3112/2738/2 797/2739/2
f 797/2739/2 3112/2738/2 3113/2733/2 796/2732/2
f 2077/2737/1 2076/1260/1 3114/2740/1 3112/2738/1
f 3112/2738/1 3114/2740/1 3115/1261/1 3113/2733/1
f 2076/1260/1 456/1259/1 2068/2726/1 3114/2740/1
f 3114/2740/1 2068/2726/1 2069/1262/1 3115/1261/1
f 544/2741/2 3117/2742/2 2077/2737/2 77/2736/2
f 3117/2742/1 3119/1257/1 2076/1260/1 2077/2737/1
f 7/2705/2 691/2704/2 3116/2743/2 545/2744/2
f 545/2744/2 3116/2743/2 3117/2742/2 544/2741/2
f 691/2704/1 690/1284/1 3118/2745/1 3116/2743/1
f 3116/2743/1 3118/2745/1 3119/1257/1 3117/2742/1
f 690/1284/1 225/1283/1 2066/2730/1 3118/2745/1
f 3118/2745/1 2066/2730/1 2067/1258/1 3119/1257/1
f 2065/1250/1 3121/2746/1 1079/2747/1 227/1251/1
f 3121/2746/1 3123/1253/1 1078/1256/1 1079/2747/1
f 457/1263/1 2083/2723/1 3120/2748/1 2064/2749/1
f 2064/2749/1 3120/2748/1 3121/2746/1 2065/1250/1
f 2083/2723/1 2082/1272/1 3122/2750/1 3120/2748/1
f 3120/2748/1 3122/2750/1 3123/1253/1 3121/2746/1
f 2082/1272/1 459/1271/1 2070/2751/1 3122/2750/1
f 3122/2750/1 2070/2751/1 2071/1254/1 3123/1253/1
f 794/2752/2 3125/2753/2 693/2754/2 6/2755/2
f 3125/2753/1 3127/1249/1 692/1252/1 693/2754/1
f 76/2735/2 2079/2734/2 3124/2756/2 795/2757/2
f 795/2757/2 3124/2756/2 3125/2753/2 794/2752/2
f 2079/2734/1 2078/1264/1 3126/2758/1 3124/2756/1
f 3124/2756/1 3126/2758/1 3127/1249/1 3125/2753/1
f 2078/1264/1 457/1263/1 2064/2749/1 3126/2758/1
f 3126/2758/1 2064/2749/1 2065/1250/1 3127/1249/1
f 2051/1238/1 3129/2759/1 2063/2760/1 455/1239/1
f 3129/2759/1 3131/1245/1 2062/1248/1 2063/2760/1
f 454/1235/1 2061/2761/1 3128/2762/1 2050/2763/1
f 2050/2763/1 3128/2762/1 3129/2759/1 2051/1238/1
f 2061/2761/1 2060/1244/1 3130/2764/1 3128/2762/1
f 3128/2762/1 3130/2764/1 3131/1245/1 3129/2759/1
f 2060/1244/1 138/1243/1 918/2765/1 3130/2764/1
f 3130/2764/1 918/2765/1 919/1246/1 3131/1245/1
f 2049/1234/1 3133/2766/1 2061/2761/1 454/1235/1
f 3133/2766/1 3135/1241/1 2060/1244/1 2061/2761/1
f 226/1255/1 1077/2767/1 3132/2768/1 2048/2769/1
f 2048/2769/1 3132/2768/1 3133/2766/1 2049/1234/1
f 1077/2767/1 1076/76/1 3134/2770/1 3132/2768/1
f 3132/2768/1 3134/2770/1 3135/1241/1 3133/2766/1
f 1076/76/1 35/75/1 916/2771/1 3134/2770/1
f 3134/2770/1 916/2771/1 917/1242/1 3135/1241/1
f 2045/1230/1 3137/2772/1 2059/2773/1 453/1231/1
f 3137/2772/1 3139/1237/1 2058/1240/1 2059/2773/1
f 452/1227/1 2057/2774/1 3136/2775/1 2044/2776/1
f 2044/2776/1 3136/2775/1 3137/2772/1 2045/1230/1
f 2057/2774/1 2056/1236/1 3138/2777/1 3136/2775/1
f 3136/2775/1 3138/2777/1 3139/1237/1 3137/2772/1
f 2056/1236/1 454/1235/1 2050/2763/1 3138/2777/1
f 3138/2777/1 2050/2763/1 2051/1238/1 3139/1237/1
f 2043/1226/1 3141/2778/1 2057/2774/1 452/1227/1
f 3141/2778/1 3143/1233/1 2056/1236/1 2057/2774/1
f 227/1251/1 1079/2747/1 3140/2779/1 2042/2780/1
f 2042/2780/1 3140/2779/1 3141/2778/1 2043/1226/1
f 1079/2747/1 1078/1256/1 3142/2781/1 3140/2779/1
f 3140/2779/1 3142/2781/1 3143/1233/1 3141/2778/1
f 1078/1256/1 226/1255/1 2048/2769/1 3142/2781/1
f 3142/2781/1 2048/2769/1 2049/1234/1 3143/1233/1
f 792/2782/2 3145/2783/2 2055/2784/2 74/2785/2
f 3145/2783/1 3147/1229/1 2054/1232/1 2055/2784/1
f 75/2786/2 2053/2787/2 3144/2788/2 793/2789/2
f 793/2789/2 3144/2788/2 3145/2783/2 792/2782/2
f 2053/2787/1 2052/1228/1 3146/2790/1 3144/2788/1
f 3144/2788/1 3146/2790/1 3147/1229/1 3145/2783/1
f 2052/1228/1 452/1227/1 2044/2776/1 3146/2790/1
f 3146/2790/1 2044/2776/1 2045/1230/1 3147/1229/1
f 542/2791/2 3149/2792/2 2053/2787/2 75/2786/2
f 3149/2792/1 3151/1225/1 2052/1228/1 2053/2787/1
f 6/2755/2 693/2754/2 3148/2793/2 543/2794/2
f 543/2794/2 3148/2793/2 3149/2792/2 542/2791/2
f 693/2754/1 692/1252/1 3150/2795/1 3148/2793/1
f 3148/2793/1 3150/2795/1 3151/1225/1 3149/2792/1
f 692/1252/1 227/1251/1 2042/2780/1 3150/2795/1
f 3150/2795/1 2042/2780/1 2043/1226/1 3151/1225/1
f 2041/1218/1 3153/2796/1 1083/2797/1 229/1219/1
f 3153/2796/1 3155/1221/1 1082/1224/1 1083/2797/1
f 453/1231/1 2059/2773/1 3152/2798/1 2040/2799/1
f 2040/2799/1 3152/2798/1 3153/2796/1 2041/1218/1
f 2059/2773/1 2058/1240/1 3154/2800/1 3152/2798/1
f 3152/2798/1 3154/2800/1 3155/1221/1 3153/2796/1
f 2058/1240/1 455/1239/1 2046/2801/1 3154/2800/1
f 3154/2800/1 2046/2801/1 2047/1222/1 3155/1221/1
f 790/2802/2 3157/2803/2 695/2804/2 5/2805/2
f 3157/2803/1 3159/1217/1 694/1220/1 695/2804/1
f 74/2785/2 2055/2784/2 3156/2806/2 791/2807/2
f 791/2807/2 3156/2806/2 3157/2803/2 790/2802/2
f 2055/2784/1 2054/1232/1 3158/2808/1 3156/2806/1
f 3156/2806/1 3158/2808/1 3159/1217/1 3157/2803/1
f 2054/1232/1 453/1231/1 2040/2799/1 3158/2808/1
f 3158/2808/1 2040/2799/1 2041/1218/1 3159/1217/1
f 2027/1206/1 3161/2809/1 2039/2810/1 451/1207/1
f 3161/2809/1 3163/1213/1 2038/1216/1 2039/2810/1
f 450/1203/1 2037/2811/1 3160/2812/1 2026/2813/1
f 2026/2813/1 3160/2812/1 3161/2809/1 2027/1206/1
f 2037/2811/1 2036/1212/1 3162/2814/1 3160/2812/1
f 3160/2812/1 3162/2814/1 3163/1213/1 3161/2809/1
f 2036/1212/1 140/1211/1 922/2815/1 3162/2814/1
f 3162/2814/1 922/2815/1 923/1214/1 3163/1213/1
f 2025/1202/1 3165/2816/1 2037/2811/1 450/1203/1
f 3165/2816/1 3167/1209/1 2036/1212/1 2037/2811/1
f 228/1223/1 1081/2817/1 3164/2818/1 2024/2819/1
f 2024/2819/1 3164/2818/1 3165/2816/1 2025/1202/1
f 1081/2817/1 1080/80/1 3166/2820/1 3164/2818/1
f 3164/2818/1 3166/2820/1 3167/1209/1 3165/2816/1
f 1080/80/1 36/79/1 920/2821/1 3166/2820/1
f 3166/2820/1 920/2821/1 921/1210/1 3167/1209/1
f 2021/1198/1 3169/2822/1 2035/2823/1 449/1199/1
f 3169/2822/1 3171/1205/1 2034/1208/1 2035/2823/1
f 448/1195/1 2033/2824/1 3168/2825/1 2020/2826/1
f 2020/2826/1 3168/2825/1 3169/2822/1 2021/1198/1
f 2033/2824/1 2032/1204/1 3170/2827/1 3168/2825/1
f 3168/2825/1 3170/2827/1 3171/1205/1 3169/2822/1
f 2032/1204/1 450/1203/1 2026/2813/1 3170/2827/1
f 3170/2827/1 2026/2813/1 2027/1206/1 3171/1205/1
f 2019/1194/1 3173/2828/1 2033/2824/1 448/1195/1
f 3173/2828/1 3175/1201/1 2032/1204/1 2033/2824/1
f 229/1219/1 1083/2797/1 3172/2829/1 2018/2830/1
f 2018/2830/1 3172/2829/1 3173/2828/1 2019/1194/1
f 1083/2797/1 1082/1224/1 3174/2831/1 3172/2829/1
f 3172/2829/1 3174/2831/1 3175/1201/1 3173/2828/1
f 1082/1224/1 228/1223/1 2024/2819/1 3174/2831/1
f 3174/2831/1 2024/2819/1 2025/1202/1 3175/1201/1
f 788/2832/2 3177/2833/2 2031/2834/2 72/2835/2
f 3177/2833/1 3179/1197/1 2030/1200/1 2031/2834/1
f 73/2836/2 2029/2837/2 3176/2838/2 789/2839/2
f 789/2839/2 3176/2838/2 3177/2833/2 788/2832/2
f 2029/2837/1 2028/1196/1 3178/2840/1 3176/2838/1
f 3176/2838/1 3178/2840/1 3179/1197/1 3177/2833/1
f 2028/1196/1 448/1195/1 2020/2826/1 3178/2840/1
f 3178/2840/1 2020/2826/1 2021/1198/1 3179/1197/1
f 540/2841/2 3181/2842/2 2029/2837/2 73/2836/2
f 3181/2842/1 3183/1193/1 2028/1196/1 2029/2837/1
f 5/2805/2 695/2804/2 3180/2843/2 541/2844/2
f 541/2844/2 3180/2843/2 3181/2842/2 540/2841/2
f 695/2804/1 694/1220/1 3182/2845/1 3180/2843/1
f 3180/2843/1 3182/2845/1 3183/1193/1 3181/2842/1
f 694/1220/1 229/1219/1 2018/2830/1 3182/2845/1
f 3182/2845/1 2018/2830/1 2019/1194/1 3183/1193/1
f 2017/1186/1 3185/2846/1 1087/1923/1 231/1187/1
f 3185/2846/1 3187/1189/1 1086/1192/1 1087/1923/1
f 449/1199/1 2035/2823/1 3184/2847/1 2016/2848/1
f 2016/2848/1 3184/2847/1 3185/2846/1 2017/1186/1
f 2035/2823/1 2034/1208/1 3186/2849/1 3184/2847/1
f 3184/2847/1 3186/2849/1 3187/1189/1 3185/2846/1
f 2034/1208/1 451/1207/1 2022/2850/1 3186/2849/1
f 3186/2849/1 2022/2850/1 2023/1190/1 3187/1189/1
f 786/2851/2 3189/2852/2 697/1939/2 4/1938/2
f 3189/2852/1 3191/1185/1 696/1188/1 697/1939/1
f 72/2835/2 2031/2834/2 3188/2853/2 787/2854/2
f 787/2854/2 3188/2853/2 3189/2852/2 786/2851/2
f 2031/2834/1 2030/1200/1 3190/2855/1 3188/2853/1
f 3188/2853/1 3190/2855/1 3191/1185/1 3189/2852/1
f 2030/1200/1 449/1199/1 2016/2848/1 3190/2855/1
f 3190/2855/1 2016/2848/1 2017/1186/1 3191/1185/1
f 2003/1174/1 3193/2856/1 2015/2857/1 447/1175/1
f 3193/2856/1 3195/1181/1 2014/1184/1 2015/2857/1
f 446/1171/1 2013/2858/1 3192/2859/1 2002/2860/1
f 2002/2860/1 3192/2859/1 3193/2856/1 2003/1174/1
f 2013/2858/1 2012/1180/1 3194/2861/1 3192/2859/1
f 3192/2859/1 3194/2861/1 3195/1181/1 3193/2856/1
f 2012/1180/1 144/1179/1 930/2862/1 3194/2861/1
f 3194/2861/1 930/2862/1 931/1182/1 3195/1181/1
f 2001/1170/1 3197/2863/1 2013/2858/1 446/1171/1
f 3197/2863/1 3199/1177/1 2012/1180/1 2013/2858/1
f 93/2864/2 560/2865/2 3196/2866/2 2000/2867/2
f 2000/2867/1 3196/2866/1 3197/2863/1 2001/1170/1
f 560/2865/2 561/2868/2 3198/2869/2 3196/2866/2
f 3196/2866/1 3198/2869/1 3199/1177/1 3197/2863/1
f 561/2868/2 15/2870/2 928/2871/2 3198/2869/2
f 3198/2869/1 928/2871/1 929/1178/1 3199/1177/1
f 1997/1166/1 3201/2872/1 2011/2873/1 445/1167/1
f 3201/2872/1 3203/1173/1 2010/1176/1 2011/2873/1
f 444/1163/1 2009/2874/1 3200/2875/1 1996/2876/1
f 1996/2876/1 3200/2875/1 3201/2872/1 1997/1166/1
f 2009/2874/1 2008/1172/1 3202/2877/1 3200/2875/1
f 3200/2875/1 3202/2877/1 3203/1173/1 3201/2872/1
f 2008/1172/1 446/1171/1 2002/2860/1 3202/2877/1
f 3202/2877/1 2002/2860/1 2003/1174/1 3203/1173/1
f 1995/1162/1 3205/2878/1 2009/2874/1 444/1163/1
f 3205/2878/1 3207/1169/1 2008/1172/1 2009/2874/1
f 92/2879/2 828/2880/2 3204/2881/2 1994/2882/2
f 1994/2882/1 3204/2881/1 3205/2878/1 1995/1162/1
f 828/2880/2 829/2883/2 3206/2884/2 3204/2881/2
f 3204/2881/1 3206/2884/1 3207/1169/1 3205/2878/1
f 829/2883/2 93/2864/2 2000/2867/2 3206/2884/2
f 3206/2884/1 2000/2867/1 2001/1170/1 3207/1169/1
f 887/1502/1 3209/2885/1 2007/2886/1 123/1503/1
f 3209/2885/1 3211/1165/1 2006/1168/1 2007/2886/1
f 122/1499/1 2005/2887/1 3208/2888/1 886/2356/1
f 886/2356/1 3208/2888/1 3209/2885/1 887/1502/1
f 2005/2887/1 2004/1164/1 3210/2889/1 3208/2888/1
f 3208/2888/1 3210/2889/1 3211/1165/1 3209/2885/1
f 2004/1164/1 444/1163/1 1996/2876/1 3210/2889/1
f 3210/2889/1 1996/2876/1 1997/1166/1 3211/1165/1
f 885/1498/1 3213/2890/1 2005/2887/1 122/1499/1
f 3213/2890/1 3215/1161/1 2004/1164/1 2005/2887/1
f 14/2364/2 826/2891/2 3212/2892/2 884/2365/2
f 884/2365/1 3212/2892/1 3213/2890/1 885/1498/1
f 826/2891/2 827/2893/2 3214/2894/2 3212/2892/2
f 3212/2892/1 3214/2894/1 3215/1161/1 3213/2890/1
f 827/2893/2 92/2879/2 1994/2882/2 3214/2894/2
f 3214/2894/1 1994/2882/1 1995/1162/1 3215/1161/1
f 1993/1154/1 3217/2895/1 1091/2896/1 233/1155/1
f 3217/2895/1 3219/1157/1 1090/1160/1 1091/2896/1
f 445/1167/1 2011/2873/1 3216/2897/1 1992/2898/1
f 1992/2898/1 3216/2897/1 3217/2895/1 1993/1154/1
f 2011/2873/1 2010/1176/1 3218/2899/1 3216/2897/1
f 3216/2897/1 3218/2899/1 3219/1157/1 3217/2895/1
f 2010/1176/1 447/1175/1 1998/2900/1 3218/2899/1
f 3218/2899/1 1998/2900/1 1999/1158/1 3219/1157/1
f 589/46/1 3221/2901/1 699/2902/1 28/47/1
f 3221/2901/1 3223/1153/1 698/1156/1 699/2902/1
f 123/1503/1 2007/2886/1 3220/2903/1 588/2904/1
f 588/2904/1 3220/2903/1 3221/2901/1 589/46/1
f 2007/2886/1 2006/1168/1 3222/2905/1 3220/2903/1
f 3220/2903/1 3222/2905/1 3223/1153/1 3221/2901/1
f 2006/1168/1 445/1167/1 1992/2898/1 3222/2905/1
f 3222/2905/1 1992/2898/1 1993/1154/1 3223/1153/1
f 1979/1142/1 3225/2906/1 1991/2907/1 443/1143/1
f 3225/2906/1 3227/1149/1 1990/1152/1 1991/2907/1
f 442/1139/1 1989/2908/1 3224/2909/1 1978/2910/1
f 1978/2910/1 3224/2909/1 3225/2906/1 1979/1142/1
f 1989/2908/1 1988/1148/1 3226/2911/1 3224/2909/1
f 3224/2909/1 3226/2911/1 3227/1149/1 3225/2906/1
f 1988/1148/1 146/1147/1 934/2912/1 3226/2911/1
f 3226/2911/1 934/2912/1 935/1150/1 3227/1149/1
f 1977/1138/1 3229/2913/1 1989/2908/1 442/1139/1
f 3229/2913/1 3231/1145/1 1988/1148/1 1989/2908/1
f 232/1159/1 1089/2914/1 3228/2915/1 1976/2916/1
f 1976/2916/1 3228/2915/1 3229/2913/1 1977/1138/1
f 1089/2914/1 1088/88/1 3230/2917/1 3228/2915/1
f 3228/2915/1 3230/2917/1 3231/1145/1 3229/2913/1
f 1088/88/1 38/87/1 932/2918/1 3230/2917/1
f 3230/2917/1 932/2918/1 933/1146/1 3231/1145/1
f 1973/1134/1 3233/2919/1 1987/2920/1 441/1135/1
f 3233/2919/1 3235/1141/1 1986/1144/1 1987/2920/1
f 440/1131/1 1985/2921/1 3232/2922/1 1972/2923/1
f 1972/2923/1 3232/2922/1 3233/2919/1 1973/1134/1
f 1985/2921/1 1984/1140/1 3234/2924/1 3232/2922/1
f 3232/2922/1 3234/2924/1 3235/1141/1 3233/2919/1
f 1984/1140/1 442/1139/1 1978/2910/1 3234/2924/1
f 3234/2924/1 1978/2910/1 1979/1142/1 3235/1141/1
f 1971/1130/1 3237/2925/1 1985/2921/1 440/1131/1
f 3237/2925/1 3239/1137/1 1984/1140/1 1985/2921/1
f 233/1155/1 1091/2896/1 3236/2926/1 1970/2927/1
f 1970/2927/1 3236/2926/1 3237/2925/1 1971/1130/1
f 1091/2896/1 1090/1160/1 3238/2928/1 3236/2926/1
f 3236/2926/1 3238/2928/1 3239/1137/1 3237/2925/1
f 1090/1160/1 232/1159/1 1976/2916/1 3238/2928/1
f 3238/2928/1 1976/2916/1 1977/1138/1 3239/1137/1
f 891/1470/1 3241/2929/1 1983/2930/1 125/1471/1
f 3241/2929/1 3243/1133/1 1982/1136/1 1983/2930/1
f 124/1467/1 1981/2931/1 3240/2932/1 890/2415/1
f 890/2415/1 3240/2932/1 3241/2929/1 891/1470/1
f 1981/2931/1 1980/1132/1 3242/2933/1 3240/2932/1
f 3240/2932/1 3242/2933/1 3243/1133/1 3241/2929/1
f 1980/1132/1 440/1131/1 1972/2923/1 3242/2933/1
f 3242/2933/1 1972/2923/1 1973/1134/1 3243/1133/1
f 889/1466/1 3245/2934/1 1981/2931/1 124/1467/1
f 3245/2934/1 3247/1129/1 1980/1132/1 1981/2931/1
f 28/47/1 699/2902/1 3244/2935/1 888/2421/1
f 888/2421/1 3244/2935/1 3245/2934/1 889/1466/1
f 699/2902/1 698/1156/1 3246/2936/1 3244/2935/1
f 3244/2935/1 3246/2936/1 3247/1129/1 3245/2934/1
f 698/1156/1 233/1155/1 1970/2927/1 3246/2936/1
f 3246/2936/1 1970/2927/1 1971/1130/1 3247/1129/1
f 1969/1122/1 3249/2937/1 1095/2938/1 235/1123/1
f 3249/2937/1 3251/1125/1 1094/1128/1 1095/2938/1
f 441/1135/1 1987/2920/1 3248/2939/1 1968/2940/1
f 1968/2940/1 3248/2939/1 3249/2937/1 1969/1122/1
f 1987/2920/1 1986/1144/1 3250/2941/1 3248/2939/1
f 3248/2939/1 3250/2941/1 3251/1125/1 3249/2937/1
f 1986/1144/1 443/1143/1 1974/2942/1 3250/2941/1
f 3250/2941/1 1974/2942/1 1975/1126/1 3251/1125/1
f 591/50/1 3253/2943/1 701/2944/1 29/51/1
f 3253/2943/1 3255/1121/1 700/1124/1 701/2944/1
f 125/1471/1 1983/2930/1 3252/2945/1 590/2946/1
f 590/2946/1 3252/2945/1 3253/2943/1 591/50/1
f 1983/2930/1 1982/1136/1 3254/2947/1 3252/2945/1
f 3252/2945/1 3254/2947/1 3255/1121/1 3253/2943/1
f 1982/1136/1 441/1135/1 1968/2940/1 3254/2947/1
f 3254/2947/1 1968/2940/1 1969/1122/1 3255/1121/1
f 1955/1110/1 3257/2948/1 1967/2949/1 439/1111/1
f 3257/2948/1 3259/1117/1 1966/1120/1 1967/2949/1
f 438/1107/1 1965/2950/1 3256/2951/1 1954/2952/1
f 1954/2952/1 3256/2951/1 3257/2948/1 1955/1110/1
f 1965/2950/1 1964/1116/1 3258/2953/1 3256/2951/1
f 3256/2951/1 3258/2953/1 3259/1117/1 3257/2948/1
f 1964/1116/1 148/1115/1 938/2954/1 3258/2953/1
f 3258/2953/1 938/2954/1 939/1118/1 3259/1117/1
f 1953/1106/1 3261/2955/1 1965/2950/1 438/1107/1
f 3261/2955/1 3263/1113/1 1964/1116/1 1965/2950/1
f 234/1127/1 1093/2956/1 3260/2957/1 1952/2958/1
f 1952/2958/1 3260/2957/1 3261/2955/1 1953/1106/1
f 1093/2956/1 1092/92/1 3262/2959/1 3260/2957/1
f 3260/2957/1 3262/2959/1 3263/1113/1 3261/2955/1
f 1092/92/1 39/91/1 936/2960/1 3262/2959/1
f 3262/2959/1 936/2960/1 937/1114/1 3263/1113/1
f 1949/1102/1 3265/2961/1 1963/2962/1 437/1103/1
f 3265/2961/1 3267/1109/1 1962/1112/1 1963/2962/1
f 436/1099/1 1961/2963/1 3264/2964/1 1948/2965/1
f 1948/2965/1 3264/2964/1 3265/2961/1 1949/1102/1
f 1961/2963/1 1960/1108/1 3266/2966/1 3264/2964/1
f 3264/2964/1 3266/2966/1 3267/1109/1 3265/2961/1
f 1960/1108/1 438/1107/1 1954/2952/1 3266/2966/1
f 3266/2966/1 1954/2952/1 1955/1110/1 3267/1109/1
f 1947/1098/1 3269/2967/1 1961/2963/1 436/1099/1
f 3269/2967/1 3271/1105/1 1960/1108/1 1961/2963/1
f 235/1123/1 1095/2938/1 3268/2968/1 1946/2969/1
f 1946/2969/1 3268/2968/1 3269/2967/1 1947/1098/1
f 1095/2938/1 1094/1128/1 3270/2970/1 3268/2968/1
f 3268/2968/1 3270/2970/1 3271/1105/1 3269/2967/1
f 1094/1128/1 234/1127/1 1952/2958/1 3270/2970/1
f 3270/2970/1 1952/2958/1 1953/1106/1 3271/1105/1
f 895/1438/1 3273/2971/1 1959/2972/1 127/1439/1
f 3273/2971/1 3275/1101/1 1958/1104/1 1959/2972/1
f 126/1435/1 1957/2973/1 3272/2974/1 894/2465/1
f 894/2465/1 3272/2974/1 3273/2971/1 895/1438/1
f 1957/2973/1 1956/1100/1 3274/2975/1 3272/2974/1
f 3272/2974/1 3274/2975/1 3275/1101/1 3273/2971/1
f 1956/1100/1 436/1099/1 1948/2965/1 3274/2975/1
f 3274/2975/1 1948/2965/1 1949/1102/1 3275/1101/1
f 893/1434/1 3277/2976/1 1957/2973/1 126/1435/1
f 3277/2976/1 3279/1097/1 1956/1100/1 1957/2973/1
f 29/51/1 701/2944/1 3276/2977/1 892/2471/1
f 892/2471/1 3276/2977/1 3277/2976/1 893/1434/1
f 701/2944/1 700/1124/1 3278/2978/1 3276/2977/1
f 3276/2977/1 3278/2978/1 3279/1097/1 3277/2976/1
f 700/1124/1 235/1123/1 1946/2969/1 3278/2978/1
f 3278/2978/1 1946/2969/1 1947/1098/1 3279/1097/1
f 1945/1090/1 3281/2979/1 1099/2980/1 237/1091/1
f 3281/2979/1 3283/1093/1 1098/1096/1 1099/2980/1
f 437/1103/1 1963/2962/1 3280/2981/1 1944/2982/1
f 1944/2982/1 3280/2981/1 3281/2979/1 1945/1090/1
f 1963/2962/1 1962/1112/1 3282/2983/1 3280/2981/1
f 3280/2981/1 3282/2983/1 3283/1093/1 3281/2979/1
f 1962/1112/1 439/1111/1 1950/2984/1 3282/2983/1
f 3282/2983/1 1950/2984/1 1951/1094/1 3283/1093/1
f 593/54/1 3285/2985/1 703/2986/1 30/55/1
f 3285/2985/1 3287/1089/1 702/1092/1 703/2986/1
f 127/1439/1 1959/2972/1 3284/2987/1 592/2988/1
f 592/2988/1 3284/2987/1 3285/2985/1 593/54/1
f 1959/2972/1 1958/1104/1 3286/2989/1 3284/2987/1
f 3284/2987/1 3286/2989/1 3287/1089/1 3285/2985/1
f 1958/1104/1 437/1103/1 1944/2982/1 3286/2989/1
f 3286/2989/1 1944/2982/1 1945/1090/1 3287/1089/1
f 1931/1078/1 3289/2990/1 1943/2991/1 435/1079/1
f 3289/2990/1 3291/1085/1 1942/1088/1 1943/2991/1
f 434/1075/1 1941/2992/1 3288/2993/1 1930/2994/1
f 1930/2994/1 3288/2993/1 3289/2990/1 1931/1078/1
f 1941/2992/1 1940/1084/1 3290/2995/1 3288/2993/1
f 3288/2993/1 3290/2995/1 3291/1085/1 3289/2990/1
f 1940/1084/1 150/1083/1 942/2996/1 3290/2995/1
f 3290/2995/1 942/2996/1 943/1086/1 3291/1085/1
f 1929/1074/1 3293/2997/1 1941/2992/1 434/1075/1
f 3293/2997/1 3295/1081/1 1940/1084/1 1941/2992/1
f 236/1095/1 1097/2998/1 3292/2999/1 1928/3000/1
f 1928/3000/1 3292/2999/1 3293/2997/1 1929/1074/1
f 1097/2998/1 1096/96/1 3294/3001/1 3292/2999/1
f 3292/2999/1 3294/3001/1 3295/1081/1 3293/2997/1
f 1096/96/1 40/95/1 940/3002/1 3294/3001/1
f 3294/3001/1 940/3002/1 941/1082/1 3295/1081/1
f 1925/1070/1 3297/3003/1 1939/3004/1 433/1071/1
f 3297/3003/1 3299/1077/1 1938/1080/1 1939/3004/1
f 432/1067/1 1937/3005/1 3296/3006/1 1924/3007/1
f 1924/3007/1 3296/3006/1 3297/3003/1 1925/1070/1
f 1937/3005/1 1936/1076/1 3298/3008/1 3296/3006/1
f 3296/3006/1 3298/3008/1 3299/1077/1 3297/3003/1
f 1936/1076/1 434/1075/1 1930/2994/1 3298/3008/1
f 3298/3008/1 1930/2994/1 1931/1078/1 3299/1077/1
f 1923/1066/1 3301/3009/1 1937/3005/1 432/1067/1
f 3301/3009/1 3303/1073/1 1936/1076/1 1937/3005/1
f 237/1091/1 1099/2980/1 3300/3010/1 1922/3011/1
f 1922/3011/1 3300/3010/1 3301/3009/1 1923/1066/1
f 1099/2980/1 1098/1096/1 3302/3012/1 3300/3010/1
f 3300/3010/1 3302/3012/1 3303/1073/1 3301/3009/1
f 1098/1096/1 236/1095/1 1928/3000/1 3302/3012/1
f 3302/3012/1 1928/3000/1 1929/1074/1 3303/1073/1
f 899/1406/1 3305/3013/1 1935/3014/1 129/1407/1
f 3305/3013/1 3307/1069/1 1934/1072/1 1935/3014/1
f 128/1403/1 1933/3015/1 3304/3016/1 898/2515/1
f 898/2515/1 3304/3016/1 3305/3013/1 899/1406/1
f 1933/3015/1 1932/1068/1 3306/3017/1 3304/3016/1
f 3304/3016/1 3306/3017/1 3307/1069/1 3305/3013/1
f 1932/1068/1 432/1067/1 1924/3007/1 3306/3017/1
f 3306/3017/1 1924/3007/1 1925/1070/1 3307/1069/1
f 897/1402/1 3309/3018/1 1933/3015/1 128/1403/1
f 3309/3018/1 3311/1065/1 1932/1068/1 1933/3015/1
f 30/55/1 703/2986/1 3308/3019/1 896/2521/1
f 896/2521/1 3308/3019/1 3309/3018/1 897/1402/1
f 703/2986/1 702/1092/1 3310/3020/1 3308/3019/1
f 3308/3019/1 3310/3020/1 3311/1065/1 3309/3018/1
f 702/1092/1 237/1091/1 1922/3011/1 3310/3020/1
f 3310/3020/1 1922/3011/1 1923/1066/1 3311/1065/1
f 1921/1058/1 3313/3021/1 1103/3022/1 239/1059/1
f 3313/3021/1 3315/1061/1 1102/1064/1 1103/3022/1
f 433/1071/1 1939/3004/1 3312/3023/1 1920/3024/1
f 1920/3024/1 3312/3023/1 3313/3021/1 1921/1058/1
f 1939/3004/1 1938/1080/1 3314/3025/1 3312/3023/1
f 3312/3023/1 3314/3025/1 3315/1061/1 3313/3021/1
f 1938/1080/1 435/1079/1 1926/3026/1 3314/3025/1
f 3314/3025/1 1926/3026/1 1927/1062/1 3315/1061/1
f 595/58/1 3317/3027/1 705/3028/1 31/59/1
f 3317/3027/1 3319/1057/1 704/1060/1 705/3028/1
f 129/1407/1 1935/3014/1 3316/3029/1 594/3030/1
f 594/3030/1 3316/3029/1 3317/3027/1 595/58/1
f 1935/3014/1 1934/1072/1 3318/3031/1 3316/3029/1
f 3316/3029/1 3318/3031/1 3319/1057/1 3317/3027/1
f 1934/1072/1 433/1071/1 1920/3024/1 3318/3031/1
f 3318/3031/1 1920/3024/1 1921/1058/1 3319/1057/1
f 1907/1046/1 3321/3032/1 1919/3033/1 431/1047/1
f 3321/3032/1 3323/1053/1 1918/1056/1 1919/3033/1
f 430/1043/1 1917/3034/1 3320/3035/1 1906/3036/1
f 1906/3036/1 3320/3035/1 3321/3032/1 1907/1046/1
f 1917/3034/1 1916/1052/1 3322/3037/1 3320/3035/1
f 3320/3035/1 3322/3037/1 3323/1053/1 3321/3032/1
f 1916/1052/1 152/1051/1 946/3038/1 3322/3037/1
f 3322/3037/1 946/3038/1 947/1054/1 3323/1053/1
f 1905/1042/1 3325/3039/1 1917/3034/1 430/1043/1
f 3325/3039/1 3327/1049/1 1916/1052/1 1917/3034/1
f 238/1063/1 1101/3040/1 3324/3041/1 1904/3042/1
f 1904/3042/1 3324/3041/1 3325/3039/1 1905/1042/1
f 1101/3040/1 1100/100/1 3326/3043/1 3324/3041/1
f 3324/3041/1 3326/3043/1 3327/1049/1 3325/3039/1
f 1100/100/1 41/99/1 944/3044/1 3326/3043/1
f 3326/3043/1 944/3044/1 945/1050/1 3327/1049/1
f 1901/1038/1 3329/3045/1 1915/3046/1 429/1039/1
f 3329/3045/1 3331/1045/1 1914/1048/1 1915/3046/1
f 428/1035/1 1913/3047/1 3328/3048/1 1900/3049/1
f 1900/3049/1 3328/3048/1 3329/3045/1 1901/1038/1
f 1913/3047/1 1912/1044/1 3330/3050/1 3328/3048/1
f 3328/3048/1 3330/3050/1 3331/1045/1 3329/3045/1
f 1912/1044/1 430/1043/1 1906/3036/1 3330/3050/1
f 3330/3050/1 1906/3036/1 1907/1046/1 3331/1045/1
f 1899/1034/1 3333/3051/1 1913/3047/1 428/1035/1
f 3333/3051/1 3335/1041/1 1912/1044/1 1913/3047/1
f 239/1059/1 1103/3022/1 3332/3052/1 1898/3053/1
f 1898/3053/1 3332/3052/1 3333/3051/1 1899/1034/1
f 1103/3022/1 1102/1064/1 3334/3054/1 3332/3052/1
f 3332/3052/1 3334/3054/1 3335/1041/1 3333/3051/1
f 1102/1064/1 238/1063/1 1904/3042/1 3334/3054/1
f 3334/3054/1 1904/3042/1 1905/1042/1 3335/1041/1
f 903/1374/1 3337/3055/1 1911/3056/1 131/1375/1
f 3337/3055/1 3339/1037/1 1910/1040/1 1911/3056/1
f 130/1371/1 1909/3057/1 3336/3058/1 902/2565/1
f 902/2565/1 3336/3058/1 3337/3055/1 903/1374/1
f 1909/3057/1 1908/1036/1 3338/3059/1 3336/3058/1
f 3336/3058/1 3338/3059/1 3339/1037/1 3337/3055/1
f 1908/1036/1 428/1035/1 1900/3049/1 3338/3059/1
f 3338/3059/1 1900/3049/1 1901/1038/1 3339/1037/1
f 901/1370/1 3341/3060/1 1909/3057/1 130/1371/1
f 3341/3060/1 3343/1033/1 1908/1036/1 1909/3057/1
f 31/59/1 705/3028/1 3340/3061/1 900/2571/1
f 900/2571/1 3340/3061/1 3341/3060/1 901/1370/1
f 705/3028/1 704/1060/1 3342/3062/1 3340/3061/1
f 3340/3061/1 3342/3062/1 3343/1033/1 3341/3060/1
f 704/1060/1 239/1059/1 1898/3053/1 3342/3062/1
f 3342/3062/1 1898/3053/1 1899/1034/1 3343/1033/1
f 1897/1026/1 3345/3063/1 1107/3064/1 241/1027/1
f 3345/3063/1 3347/1029/1 1106/1032/1 1107/3064/1
f 429/1039/1 1915/3046/1 3344/3065/1 1896/3066/1
f 1896/3066/1 3344/3065/1 3345/3063/1 1897/1026/1
f 1915/3046/1 1914/1048/1 3346/3067/1 3344/3065/1
f 3344/3065/1 3346/3067/1 3347/1029/1 3345/3063/1
f 1914/1048/1 431/1047/1 1902/3068/1 3346/3067/1
f 3346/3067/1 1902/3068/1 1903/1030/1 3347/1029/1
f 597/62/1 3349/3069/1 707/3070/1 32/63/1
f 3349/3069/1 3351/1025/1 706/1028/1 707/3070/1
f 131/1375/1 1911/3056/1 3348/3071/1 596/3072/1
f 596/3072/1 3348/3071/1 3349/3069/1 597/62/1
f 1911/3056/1 1910/1040/1 3350/3073/1 3348/3071/1
f 3348/3071/1 3350/3073/1 3351/1025/1 3349/3069/1
f 1910/1040/1 429/1039/1 1896/3066/1 3350/3073/1
f 3350/3073/1 1896/3066/1 1897/1026/1 3351/1025/1
f 1883/1014/1 3353/3074/1 1895/3075/1 427/1015/1
f 3353/3074/1 3355/1021/1 1894/1024/1 1895/3075/1
f 426/1011/1 1893/3076/1 3352/3077/1 1882/3078/1
f 1882/3078/1 3352/3077/1 3353/3074/1 1883/1014/1
f 1893/3076/1 1892/1020/1 3354/3079/1 3352/3077/1
f 3352/3077/1 3354/3079/1 3355/1021/1 3353/3074/1
f 1892/1020/1 154/1019/1 950/3080/1 3354/3079/1
f 3354/3079/1 950/3080/1 951/1022/1 3355/1021/1
f 1881/1010/1 3357/3081/1 1893/3076/1 426/1011/1
f 3357/3081/1 3359/1017/1 1892/1020/1 1893/3076/1
f 240/1031/1 1105/3082/1 3356/3083/1 1880/3084/1
f 1880/3084/1 3356/3083/1 3357/3081/1 1881/1010/1
f 1105/3082/1 1104/104/1 3358/3085/1 3356/3083/1
f 3356/3083/1 3358/3085/1 3359/1017/1 3357/3081/1
f 1104/104/1 42/103/1 948/3086/1 3358/3085/1
f 3358/3085/1 948/3086/1 949/1018/1 3359/1017/1
f 1877/1006/1 3361/3087/1 1891/3088/1 425/1007/1
f 3361/3087/1 3363/1013/1 1890/1016/1 1891/3088/1
f 424/1003/1 1889/3089/1 3360/3090/1 1876/3091/1
f 1876/3091/1 3360/3090/1 3361/3087/1 1877/1006/1
f 1889/3089/1 1888/1012/1 3362/3092/1 3360/3090/1
f 3360/3090/1 3362/3092/1 3363/1013/1 3361/3087/1
f 1888/1012/1 426/1011/1 1882/3078/1 3362/3092/1
f 3362/3092/1 1882/3078/1 1883/1014/1 3363/1013/1
f 1875/1002/1 3365/3093/1 1889/3089/1 424/1003/1
f 3365/3093/1 3367/1009/1 1888/1012/1 1889/3089/1
f 241/1027/1 1107/3064/1 3364/3094/1 1874/3095/1
f 1874/3095/1 3364/3094/1 3365/3093/1 1875/1002/1
f 1107/3064/1 1106/1032/1 3366/3096/1 3364/3094/1
f 3364/3094/1 3366/3096/1 3367/1009/1 3365/3093/1
f 1106/1032/1 240/1031/1 1880/3084/1 3366/3096/1
f 3366/3096/1 1880/3084/1 1881/1010/1 3367/1009/1
f 907/1342/1 3369/3097/1 1887/3098/1 133/1343/1
f 3369/3097/1 3371/1005/1 1886/1008/1 1887/3098/1
f 132/1339/1 1885/3099/1 3368/3100/1 906/2615/1
f 906/2615/1 3368/3100/1 3369/3097/1 907/1342/1
f 1885/3099/1 1884/1004/1 3370/3101/1 3368/3100/1
f 3368/3100/1 3370/3101/1 3371/1005/1 3369/3097/1
f 1884/1004/1 424/1003/1 1876/3091/1 3370/3101/1
f 3370/3101/1 1876/3091/1 1877/1006/1 3371/1005/1
f 905/1338/1 3373/3102/1 1885/3099/1 132/1339/1
f 3373/3102/1 3375/1001/1 1884/1004/1 1885/3099/1
f 32/63/1 707/3070/1 3372/3103/1 904/2621/1
f 904/2621/1 3372/3103/1 3373/3102/1 905/1338/1
f 707/3070/1 706/1028/1 3374/3104/1 3372/3103/1
f 3372/3103/1 3374/3104/1 3375/1001/1 3373/3102/1
f 706/1028/1 241/1027/1 1874/3095/1 3374/3104/1
f 3374/3104/1 1874/3095/1 1875/1002/1 3375/1001/1
f 1873/994/1 3377/3105/1 1111/3106/1 243/995/1
f 3377/3105/1 3379/997/1 1110/1000/1 1111/3106/1
f 425/1007/1 1891/3088/1 3376/3107/1 1872/3108/1
f 1872/3108/1 3376/3107/1 3377/3105/1 1873/994/1
f 1891/3088/1 1890/1016/1 3378/3109/1 3376/3107/1
f 3376/3107/1 3378/3109/1 3379/997/1 3377/3105/1
f 1890/1016/1 427/1015/1 1878/3110/1 3378/3109/1
f 3378/3109/1 1878/3110/1 1879/998/1 3379/997/1
f 599/66/1 3381/3111/1 709/3112/1 33/67/1
f 3381/3111/1 3383/993/1 708/996/1 709/3112/1
f 133/1343/1 1887/3098/1 3380/3113/1 598/3114/1
f 598/3114/1 3380/3113/1 3381/3111/1 599/66/1
f 1887/3098/1 1886/1008/1 3382/3115/1 3380/3113/1
f 3380/3113/1 3382/3115/1 3383/993/1 3381/3111/1
f 1886/1008/1 425/1007/1 1872/3108/1 3382/3115/1
f 3382/3115/1 1872/3108/1 1873/994/1 3383/993/1
f 1859/982/1 3385/3116/1 1871/3117/1 423/983/1
f 3385/3116/1 3387/989/1 1870/992/1 1871/3117/1
f 422/979/1 1869/3118/1 3384/3119/1 1858/3120/1
f 1858/3120/1 3384/3119/1 3385/3116/1 1859/982/1
f 1869/3118/1 1868/988/1 3386/3121/1 3384/3119/1
f 3384/3119/1 3386/3121/1 3387/989/1 3385/3116/1
f 1868/988/1 156/987/1 954/3122/1 3386/3121/1
f 3386/3121/1 954/3122/1 955/990/1 3387/989/1
f 1857/978/1 3389/3123/1 1869/3118/1 422/979/1
f 3389/3123/1 3391/985/1 1868/988/1 1869/3118/1
f 242/999/1 1109/3124/1 3388/3125/1 1856/3126/1
f 1856/3126/1 3388/3125/1 3389/3123/1 1857/978/1
f 1109/3124/1 1108/108/1 3390/3127/1 3388/3125/1
f 3388/3125/1 3390/3127/1 3391/985/1 3389/3123/1
f 1108/108/1 43/107/1 952/3128/1 3390/3127/1
f 3390/3127/1 952/3128/1 953/986/1 3391/985/1
f 1853/974/1 3393/3129/1 1867/3130/1 421/975/1
f 3393/3129/1 3395/981/1 1866/984/1 1867/3130/1
f 420/971/1 1865/3131/1 3392/3132/1 1852/3133/1
f 1852/3133/1 3392/3132/1 3393/3129/1 1853/974/1
f 1865/3131/1 1864/980/1 3394/3134/1 3392/3132/1
f 3392/3132/1 3394/3134/1 3395/981/1 3393/3129/1
f 1864/980/1 422/979/1 1858/3120/1 3394/3134/1
f 3394/3134/1 1858/3120/1 1859/982/1 3395/981/1
f 1851/970/1 3397/3135/1 1865/3131/1 420/971/1
f 3397/3135/1 3399/977/1 1864/980/1 1865/3131/1
f 243/995/1 1111/3106/1 3396/3136/1 1850/3137/1
f 1850/3137/1 3396/3136/1 3397/3135/1 1851/970/1
f 1111/3106/1 1110/1000/1 3398/3138/1 3396/3136/1
f 3396/3136/1 3398/3138/1 3399/977/1 3397/3135/1
f 1110/1000/1 242/999/1 1856/3126/1 3398/3138/1
f 3398/3138/1 1856/3126/1 1857/978/1 3399/977/1
f 911/1310/1 3401/3139/1 1863/3140/1 135/1311/1
f 3401/3139/1 3403/973/1 1862/976/1 1863/3140/1
f 134/1307/1 1861/3141/1 3400/3142/1 910/2665/1
f 910/2665/1 3400/3142/1 3401/3139/1 911/1310/1
f 1861/3141/1 1860/972/1 3402/3143/1 3400/3142/1
f 3400/3142/1 3402/3143/1 3403/973/1 3401/3139/1
f 1860/972/1 420/971/1 1852/3133/1 3402/3143/1
f 3402/3143/1 1852/3133/1 1853/974/1 3403/973/1
f 909/1306/1 3405/3144/1 1861/3141/1 134/1307/1
f 3405/3144/1 3407/969/1 1860/972/1 1861/3141/1
f 33/67/1 709/3112/1 3404/3145/1 908/2671/1
f 908/2671/1 3404/3145/1 3405/3144/1 909/1306/1
f 709/3112/1 708/996/1 3406/3146/1 3404/3145/1
f 3404/3145/1 3406/3146/1 3407/969/1 3405/3144/1
f 708/996/1 243/995/1 1850/3137/1 3406/3146/1
f 3406/3146/1 1850/3137/1 1851/970/1 3407/969/1
f 1849/962/1 3409/3147/1 1115/3148/1 245/963/1
f 3409/3147/1 3411/965/1 1114/968/1 1115/3148/1
f 421/975/1 1867/3130/1 3408/3149/1 1848/3150/1
f 1848/3150/1 3408/3149/1 3409/3147/1 1849/962/1
f 1867/3130/1 1866/984/1 3410/3151/1 3408/3149/1
f 3408/3149/1 3410/3151/1 3411/965/1 3409/3147/1
f 1866/984/1 423/983/1 1854/3152/1 3410/3151/1
f 3410/3151/1 1854/3152/1 1855/966/1 3411/965/1
f 601/70/1 3413/3153/1 711/3154/1 34/71/1
f 3413/3153/1 3415/961/1 710/964/1 711/3154/1
f 135/1311/1 1863/3140/1 3412/3155/1 600/3156/1
f 600/3156/1 3412/3155/1 3413/3153/1 601/70/1
f 1863/3140/1 1862/976/1 3414/3157/1 3412/3155/1
f 3412/3155/1 3414/3157/1 3415/961/1 3413/3153/1
f 1862/976/1 421/975/1 1848/3150/1 3414/3157/1
f 3414/3157/1 1848/3150/1 1849/962/1 3415/961/1
f 1835/950/1 3417/3158/1 1847/3159/1 419/951/1
f 3417/3158/1 3419/957/1 1846/960/1 1847/3159/1
f 418/947/1 1845/3160/1 3416/3161/1 1834/3162/1
f 1834/3162/1 3416/3161/1 3417/3158/1 1835/950/1
f 1845/3160/1 1844/956/1 3418/3163/1 3416/3161/1
f 3416/3161/1 3418/3163/1 3419/957/1 3417/3158/1
f 1844/956/1 158/955/1 958/3164/1 3418/3163/1
f 3418/3163/1 958/3164/1 959/958/1 3419/957/1
f 1833/946/1 3421/3165/1 1845/3160/1 418/947/1
f 3421/3165/1 3423/953/1 1844/956/1 1845/3160/1
f 244/967/1 1113/3166/1 3420/3167/1 1832/3168/1
f 1832/3168/1 3420/3167/1 3421/3165/1 1833/946/1
f 1113/3166/1 1112/112/1 3422/3169/1 3420/3167/1
f 3420/3167/1 3422/3169/1 3423/953/1 3421/3165/1
f 1112/112/1 44/111/1 956/3170/1 3422/3169/1
f 3422/3169/1 956/3170/1 957/954/1 3423/953/1
f 1829/942/1 3425/3171/1 1843/3172/1 417/943/1
f 3425/3171/1 3427/949/1 1842/952/1 1843/3172/1
f 416/939/1 1841/3173/1 3424/3174/1 1828/3175/1
f 1828/3175/1 3424/3174/1 3425/3171/1 1829/942/1
f 1841/3173/1 1840/948/1 3426/3176/1 3424/3174/1
f 3424/3174/1 3426/3176/1 3427/949/1 3425/3171/1
f 1840/948/1 418/947/1 1834/3162/1 3426/3176/1
f 3426/3176/1 1834/3162/1 1835/950/1 3427/949/1
f 1827/938/1 3429/3177/1 1841/3173/1 416/939/1
f 3429/3177/1 3431/945/1 1840/948/1 1841/3173/1
f 245/963/1 1115/3148/1 3428/3178/1 1826/3179/1
f 1826/3179/1 3428/3178/1 3429/3177/1 1827/938/1
f 1115/3148/1 1114/968/1 3430/3180/1 3428/3178/1
f 3428/3178/1 3430/3180/1 3431/945/1 3429/3177/1
f 1114/968/1 244/967/1 1832/3168/1 3430/3180/1
f 3430/3180/1 1832/3168/1 1833/946/1 3431/945/1
f 915/1278/1 3433/3181/1 1839/3182/1 137/1279/1
f 3433/3181/1 3435/941/1 1838/944/1 1839/3182/1
f 136/1275/1 1837/3183/1 3432/3184/1 914/2715/1
f 914/2715/1 3432/3184/1 3433/3181/1 915/1278/1
f 1837/3183/1 1836/940/1 3434/3185/1 3432/3184/1
f 3432/3184/1 3434/3185/1 3435/941/1 3433/3181/1
f 1836/940/1 416/939/1 1828/3175/1 3434/3185/1
f 3434/3185/1 1828/3175/1 1829/942/1 3435/941/1
f 913/1274/1 3437/3186/1 1837/3183/1 136/1275/1
f 3437/3186/1 3439/937/1 1836/940/1 1837/3183/1
f 34/71/1 711/3154/1 3436/3187/1 912/2721/1
f 912/2721/1 3436/3187/1 3437/3186/1 913/1274/1
f 711/3154/1 710/964/1 3438/3188/1 3436/3187/1
f 3436/3187/1 3438/3188/1 3439/937/1 3437/3186/1
f 710/964/1 245/963/1 1826/3179/1 3438/3188/1
f 3438/3188/1 1826/3179/1 1827/938/1 3439/937/1
f 1825/930/1 3441/3189/1 1119/3190/1 247/931/1
f 3441/3189/1 3443/933/1 1118/936/1 1119/3190/1
f 417/943/1 1843/3172/1 3440/3191/1 1824/3192/1
f 1824/3192/1 3440/3191/1 3441/3189/1 1825/930/1
f 1843/3172/1 1842/952/1 3442/3193/1 3440/3191/1
f 3440/3191/1 3442/3193/1 3443/933/1 3441/3189/1
f 1842/952/1 419/951/1 1830/3194/1 3442/3193/1
f 3442/3193/1 1830/3194/1 1831/934/1 3443/933/1
f 603/74/1 3445/3195/1 713/3196/1 35/75/1
f 3445/3195/1 3447/929/1 712/932/1 713/3196/1
f 137/1279/1 1839/3182/1 3444/3197/1 602/3198/1
f 602/3198/1 3444/3197/1 3445/3195/1 603/74/1
f 1839/3182/1 1838/944/1 3446/3199/1 3444/3197/1
f 3444/3197/1 3446/3199/1 3447/929/1 3445/3195/1
f 1838/944/1 417/943/1 1824/3192/1 3446/3199/1
f 3446/3199/1 1824/3192/1 1825/930/1 3447/929/1
f 1811/918/1 3449/3200/1 1823/3201/1 415/919/1
f 3449/3200/1 3451/925/1 1822/928/1 1823/3201/1
f 414/915/1 1821/3202/1 3448/3203/1 1810/3204/1
f 1810/3204/1 3448/3203/1 3449/3200/1 1811/918/1
f 1821/3202/1 1820/924/1 3450/3205/1 3448/3203/1
f 3448/3203/1 3450/3205/1 3451/925/1 3449/3200/1
f 1820/924/1 160/923/1 962/3206/1 3450/3205/1
f 3450/3205/1 962/3206/1 963/926/1 3451/925/1
f 1809/914/1 3453/3207/1 1821/3202/1 414/915/1
f 3453/3207/1 3455/921/1 1820/924/1 1821/3202/1
f 246/935/1 1117/3208/1 3452/3209/1 1808/3210/1
f 1808/3210/1 3452/3209/1 3453/3207/1 1809/914/1
f 1117/3208/1 1116/116/1 3454/3211/1 3452/3209/1
f 3452/3209/1 3454/3211/1 3455/921/1 3453/3207/1
f 1116/116/1 45/115/1 960/3212/1 3454/3211/1
f 3454/3211/1 960/3212/1 961/922/1 3455/921/1
f 1805/910/1 3457/3213/1 1819/3214/1 413/911/1
f 3457/3213/1 3459/917/1 1818/920/1 1819/3214/1
f 412/907/1 1817/3215/1 3456/3216/1 1804/3217/1
f 1804/3217/1 3456/3216/1 3457/3213/1 1805/910/1
f 1817/3215/1 1816/916/1 3458/3218/1 3456/3216/1
f 3456/3216/1 3458/3218/1 3459/917/1 3457/3213/1
f 1816/916/1 414/915/1 1810/3204/1 3458/3218/1
f 3458/3218/1 1810/3204/1 1811/918/1 3459/917/1
f 1803/906/1 3461/3219/1 1817/3215/1 412/907/1
f 3461/3219/1 3463/913/1 1816/916/1 1817/3215/1
f 247/931/1 1119/3190/1 3460/3220/1 1802/3221/1
f 1802/3221/1 3460/3220/1 3461/3219/1 1803/906/1
f 1119/3190/1 1118/936/1 3462/3222/1 3460/3220/1
f 3460/3220/1 3462/3222/1 3463/913/1 3461/3219/1
f 1118/936/1 246/935/1 1808/3210/1 3462/3222/1
f 3462/3222/1 1808/3210/1 1809/914/1 3463/913/1
f 919/1246/1 3465/3223/1 1815/3224/1 139/1247/1
f 3465/3223/1 3467/909/1 1814/912/1 1815/3224/1
f 138/1243/1 1813/3225/1 3464/3226/1 918/2765/1
f 918/2765/1 3464/3226/1 3465/3223/1 919/1246/1
f 1813/3225/1 1812/908/1 3466/3227/1 3464/3226/1
f 3464/3226/1 3466/3227/1 3467/909/1 3465/3223/1
f 1812/908/1 412/907/1 1804/3217/1 3466/3227/1
f 3466/3227/1 1804/3217/1 1805/910/1 3467/909/1
f 917/1242/1 3469/3228/1 1813/3225/1 138/1243/1
f 3469/3228/1 3471/905/1 1812/908/1 1813/3225/1
f 35/75/1 713/3196/1 3468/3229/1 916/2771/1
f 916/2771/1 3468/3229/1 3469/3228/1 917/1242/1
f 713/3196/1 712/932/1 3470/3230/1 3468/3229/1
f 3468/3229/1 3470/3230/1 3471/905/1 3469/3228/1
f 712/932/1 247/931/1 1802/3221/1 3470/3230/1
f 3470/3230/1 1802/3221/1 1803/906/1 3471/905/1
f 1801/898/1 3473/3231/1 1123/3232/1 249/899/1
f 3473/3231/1 3475/901/1 1122/904/1 1123/3232/1
f 413/911/1 1819/3214/1 3472/3233/1 1800/3234/1
f 1800/3234/1 3472/3233/1 3473/3231/1 1801/898/1
f 1819/3214/1 1818/920/1 3474/3235/1 3472/3233/1
f 3472/3233/1 3474/3235/1 3475/901/1 3473/3231/1
f 1818/920/1 415/919/1 1806/3236/1 3474/3235/1
f 3474/3235/1 1806/3236/1 1807/902/1 3475/901/1
f 605/78/1 3477/3237/1 715/3238/1 36/79/1
f 3477/3237/1 3479/897/1 714/900/1 715/3238/1
f 139/1247/1 1815/3224/1 3476/3239/1 604/3240/1
f 604/3240/1 3476/3239/1 3477/3237/1 605/78/1
f 1815/3224/1 1814/912/1 3478/3241/1 3476/3239/1
f 3476/3239/1 3478/3241/1 3479/897/1 3477/3237/1
f 1814/912/1 413/911/1 1800/3234/1 3478/3241/1
f 3478/3241/1 1800/3234/1 1801/898/1 3479/897/1
f 1787/886/1 3481/3242/1 1799/3243/1 411/887/1
f 3481/3242/1 3483/893/1 1798/896/1 1799/3243/1
f 410/883/1 1797/3244/1 3480/3245/1 1786/3246/1
f 1786/3246/1 3480/3245/1 3481/3242/1 1787/886/1
f 1797/3244/1 1796/892/1 3482/3247/1 3480/3245/1
f 3480/3245/1 3482/3247/1 3483/893/1 3481/3242/1
f 1796/892/1 162/891/1 966/3248/1 3482/3247/1
f 3482/3247/1 966/3248/1 967/894/1 3483/893/1
f 1785/882/1 3485/3249/1 1797/3244/1 410/883/1
f 3485/3249/1 3487/889/1 1796/892/1 1797/3244/1
f 248/903/1 1121/3250/1 3484/3251/1 1784/3252/1
f 1784/3252/1 3484/3251/1 3485/3249/1 1785/882/1
f 1121/3250/1 1120/120/1 3486/3253/1 3484/3251/1
f 3484/3251/1 3486/3253/1 3487/889/1 3485/3249/1
f 1120/120/1 46/119/1 964/3254/1 3486/3253/1
f 3486/3253/1 964/3254/1 965/890/1 3487/889/1
f 1781/878/1 3489/3255/1 1795/3256/1 409/879/1
f 3489/3255/1 3491/885/1 1794/888/1 1795/3256/1
f 408/875/1 1793/3257/1 3488/3258/1 1780/3259/1
f 1780/3259/1 3488/3258/1 3489/3255/1 1781/878/1
f 1793/3257/1 1792/884/1 3490/3260/1 3488/3258/1
f 3488/3258/1 3490/3260/1 3491/885/1 3489/3255/1
f 1792/884/1 410/883/1 1786/3246/1 3490/3260/1
f 3490/3260/1 1786/3246/1 1787/886/1 3491/885/1
f 1779/874/1 3493/3261/1 1793/3257/1 408/875/1
f 3493/3261/1 3495/881/1 1792/884/1 1793/3257/1
f 249/899/1 1123/3232/1 3492/3262/1 1778/3263/1
f 1778/3263/1 3492/3262/1 3493/3261/1 1779/874/1
f 1123/3232/1 1122/904/1 3494/3264/1 3492/3262/1
f 3492/3262/1 3494/3264/1 3495/881/1 3493/3261/1
f 1122/904/1 248/903/1 1784/3252/1 3494/3264/1
f 3494/3264/1 1784/3252/1 1785/882/1 3495/881/1
f 923/1214/1 3497/3265/1 1791/3266/1 141/1215/1
f 3497/3265/1 3499/877/1 1790/880/1 1791/3266/1
f 140/1211/1 1789/3267/1 3496/3268/1 922/2815/1
f 922/2815/1 3496/3268/1 3497/3265/1 923/1214/1
f 1789/3267/1 1788/876/1 3498/3269/1 3496/3268/1
f 3496/3268/1 3498/3269/1 3499/877/1 3497/3265/1
f 1788/876/1 408/875/1 1780/3259/1 3498/3269/1
f 3498/3269/1 1780/3259/1 1781/878/1 3499/877/1
f 921/1210/1 3501/3270/1 1789/3267/1 140/1211/1
f 3501/3270/1 3503/873/1 1788/876/1 1789/3267/1
f 36/79/1 715/3238/1 3500/3271/1 920/2821/1
f 920/2821/1 3500/3271/1 3501/3270/1 921/1210/1
f 715/3238/1 714/900/1 3502/3272/1 3500/3271/1
f 3500/3271/1 3502/3272/1 3503/873/1 3501/3270/1
f 714/900/1 249/899/1 1778/3263/1 3502/3272/1
f 3502/3272/1 1778/3263/1 1779/874/1 3503/873/1
f 1777/866/1 3505/3273/1 1127/1976/1 251/867/1
f 3505/3273/1 3507/869/1 1126/872/1 1127/1976/1
f 409/879/1 1795/3256/1 3504/3274/1 1776/3275/1
f 1776/3275/1 3504/3274/1 3505/3273/1 1777/866/1
f 1795/3256/1 1794/888/1 3506/3276/1 3504/3274/1
f 3504/3274/1 3506/3276/1 3507/869/1 3505/3273/1
f 1794/888/1 411/887/1 1782/3277/1 3506/3276/1
f 3506/3276/1 1782/3277/1 1783/870/1 3507/869/1
f 607/82/1 3509/3278/1 717/1986/1 37/83/1
f 3509/3278/1 3511/865/1 716/868/1 717/1986/1
f 141/1215/1 1791/3266/1 3508/3279/1 606/3280/1
f 606/3280/1 3508/3279/1 3509/3278/1 607/82/1
f 1791/3266/1 1790/880/1 3510/3281/1 3508/3279/1
f 3508/3279/1 3510/3281/1 3511/865/1 3509/3278/1
f 1790/880/1 409/879/1 1776/3275/1 3510/3281/1
f 3510/3281/1 1776/3275/1 1777/866/1 3511/865/1
f 1761/854/1 3513/3282/1 1775/3283/1 405/855/1
f 3513/3282/1 3515/861/1 1774/864/1 1775/3283/1
f 404/851/1 1773/3284/1 3512/3285/1 1760/3286/1
f 1760/3286/1 3512/3285/1 3513/3282/1 1761/854/1
f 1773/3284/1 1772/860/1 3514/3287/1 3512/3285/1
f 3512/3285/1 3514/3287/1 3515/861/1 3513/3282/1
f 1772/860/2 406/859/2 1766/3288/2 3514/3287/2
f 3514/3287/2 1766/3288/2 1767/862/2 3515/861/2
f 1759/850/1 3517/3289/1 1773/3284/1 404/851/1
f 3517/3289/1 3519/857/1 1772/860/1 1773/3284/1
f 94/3290/2 832/3291/2 3516/3292/2 1758/3293/2
f 1758/3293/1 3516/3292/1 3517/3289/1 1759/850/1
f 832/3291/2 833/3294/2 3518/3295/2 3516/3292/2
f 3516/3292/1 3518/3295/1 3519/857/1 3517/3289/1
f 833/3294/1 95/3296/1 1764/3297/1 3518/3295/1
f 3518/3295/2 1764/3297/2 1765/858/2 3519/857/2
f 931/1182/1 3521/3298/1 1771/3299/1 145/1183/1
f 3521/3298/1 3523/853/1 1770/856/1 1771/3299/1
f 144/1179/1 1769/3300/1 3520/3301/1 930/2862/1
f 930/2862/1 3520/3301/1 3521/3298/1 931/1182/1
f 1769/3300/1 1768/852/1 3522/3302/1 3520/3301/1
f 3520/3301/1 3522/3302/1 3523/853/1 3521/3298/1
f 1768/852/1 404/851/1 1760/3286/1 3522/3302/1
f 3522/3302/1 1760/3286/1 1761/854/1 3523/853/1
f 929/1178/1 3525/3303/1 1769/3300/1 144/1179/1
f 3525/3303/1 3527/849/1 1768/852/1 1769/3300/1
f 15/2870/2 830/3304/2 3524/3305/2 928/2871/2
f 928/2871/1 3524/3305/1 3525/3303/1 929/1178/1
f 830/3304/2 831/3306/2 3526/3307/2 3524/3305/2
f 3524/3305/1 3526/3307/1 3527/849/1 3525/3303/1
f 831/3306/2 94/3290/2 1758/3293/2 3526/3307/2
f 3526/3307/1 1758/3293/1 1759/850/1 3527/849/1
f 1757/842/1 3529/3308/1 1129/3309/1 253/843/1
f 3529/3308/1 3531/845/1 1128/848/1 1129/3309/1
f 405/855/1 1775/3283/1 3528/3310/1 1756/3311/1
f 1756/3311/1 3528/3310/1 3529/3308/1 1757/842/1
f 1775/3283/1 1774/864/1 3530/3312/1 3528/3310/1
f 3528/3310/1 3530/3312/1 3531/845/1 3529/3308/1
f 1774/864/2 407/863/2 1762/3313/2 3530/3312/2
f 3530/3312/2 1762/3313/2 1763/846/2 3531/845/2
f 611/86/1 3533/3314/1 719/3315/1 38/87/1
f 3533/3314/1 3535/841/1 718/844/1 719/3315/1
f 145/1183/1 1771/3299/1 3532/3316/1 610/3317/1
f 610/3317/1 3532/3316/1 3533/3314/1 611/86/1
f 1771/3299/1 1770/856/1 3534/3318/1 3532/3316/1
f 3532/3316/1 3534/3318/1 3535/841/1 3533/3314/1
f 1770/856/1 405/855/1 1756/3311/1 3534/3318/1
f 3534/3318/1 1756/3311/1 1757/842/1 3535/841/1
f 1741/830/1 3537/3319/1 1755/3320/1 401/831/1
f 3537/3319/1 3539/837/1 1754/840/1 1755/3320/1
f 400/827/1 1753/3321/1 3536/3322/1 1740/3323/1
f 1740/3323/1 3536/3322/1 3537/3319/1 1741/830/1
f 1753/3321/1 1752/836/1 3538/3324/1 3536/3322/1
f 3536/3322/1 3538/3324/1 3539/837/1 3537/3319/1
f 1752/836/2 402/835/2 1746/3325/2 3538/3324/2
f 3538/3324/2 1746/3325/2 1747/838/2 3539/837/2
f 1739/826/1 3541/3326/1 1753/3321/1 400/827/1
f 3541/3326/1 3543/833/1 1752/836/1 1753/3321/1
f 253/843/1 1129/3309/1 3540/3327/1 1738/3328/1
f 1738/3328/1 3540/3327/1 3541/3326/1 1739/826/1
f 1129/3309/1 1128/848/1 3542/3329/1 3540/3327/1
f 3540/3327/1 3542/3329/1 3543/833/1 3541/3326/1
f 1128/848/2 252/847/2 1744/3330/2 3542/3329/2
f 3542/3329/2 1744/3330/2 1745/834/2 3543/833/2
f 935/1150/1 3545/3331/1 1751/3332/1 147/1151/1
f 3545/3331/1 3547/829/1 1750/832/1 1751/3332/1
f 146/1147/1 1749/3333/1 3544/3334/1 934/2912/1
f 934/2912/1 3544/3334/1 3545/3331/1 935/1150/1
f 1749/3333/1 1748/828/1 3546/3335/1 3544/3334/1
f 3544/3334/1 3546/3335/1 3547/829/1 3545/3331/1
f 1748/828/1 400/827/1 1740/3323/1 3546/3335/1
f 3546/3335/1 1740/3323/1 1741/830/1 3547/829/1
f 933/1146/1 3549/3336/1 1749/3333/1 146/1147/1
f 3549/3336/1 3551/825/1 1748/828/1 1749/3333/1
f 38/87/1 719/3315/1 3548/3337/1 932/2918/1
f 932/2918/1 3548/3337/1 3549/3336/1 933/1146/1
f 719/3315/1 718/844/1 3550/3338/1 3548/3337/1
f 3548/3337/1 3550/3338/1 3551/825/1 3549/3336/1
f 718/844/1 253/843/1 1738/3328/1 3550/3338/1
f 3550/3338/1 1738/3328/1 1739/826/1 3551/825/1
f 1737/818/1 3553/3339/1 1131/3340/1 255/819/1
f 3553/3339/1 3555/821/1 1130/824/1 1131/3340/1
f 401/831/1 1755/3320/1 3552/3341/1 1736/3342/1
f 1736/3342/1 3552/3341/1 3553/3339/1 1737/818/1
f 1755/3320/1 1754/840/1 3554/3343/1 3552/3341/1
f 3552/3341/1 3554/3343/1 3555/821/1 3553/3339/1
f 1754/840/2 403/839/2 1742/3344/2 3554/3343/2
f 3554/3343/2 1742/3344/2 1743/822/2 3555/821/2
f 613/90/1 3557/3345/1 721/3346/1 39/91/1
f 3557/3345/1 3559/817/1 720/820/1 721/3346/1
f 147/1151/1 1751/3332/1 3556/3347/1 612/3348/1
f 612/3348/1 3556/3347/1 3557/3345/1 613/90/1
f 1751/3332/1 1750/832/1 3558/3349/1 3556/3347/1
f 3556/3347/1 3558/3349/1 3559/817/1 3557/3345/1
f 1750/832/1 401/831/1 1736/3342/1 3558/3349/1
f 3558/3349/1 1736/3342/1 1737/818/1 3559/817/1
f 1721/806/1 3561/3350/1 1735/3351/1 397/807/1
f 3561/3350/1 3563/813/1 1734/816/1 1735/3351/1
f 396/803/1 1733/3352/1 3560/3353/1 1720/3354/1
f 1720/3354/1 3560/3353/1 3561/3350/1 1721/806/1
f 1733/3352/1 1732/812/1 3562/3355/1 3560/3353/1
f 3560/3353/1 3562/3355/1 3563/813/1 3561/3350/1
f 1732/812/2 398/811/2 1726/3356/2 3562/3355/2
f 3562/3355/2 1726/3356/2 1727/814/2 3563/813/2
f 1719/802/1 3565/3357/1 1733/3352/1 396/803/1
f 3565/3357/1 3567/809/1 1732/812/1 1733/3352/1
f 255/819/1 1131/3340/1 3564/3358/1 1718/3359/1
f 1718/3359/1 3564/3358/1 3565/3357/1 1719/802/1
f 1131/3340/1 1130/824/1 3566/3360/1 3564/3358/1
f 3564/3358/1 3566/3360/1 3567/809/1 3565/3357/1
f 1130/824/2 254/823/2 1724/3361/2 3566/3360/2
f 3566/3360/2 1724/3361/2 1725/810/2 3567/809/2
f 939/1118/1 3569/3362/1 1731/3363/1 149/1119/1
f 3569/3362/1 3571/805/1 1730/808/1 1731/3363/1
f 148/1115/1 1729/3364/1 3568/3365/1 938/2954/1
f 938/2954/1 3568/3365/1 3569/3362/1 939/1118/1
f 1729/3364/1 1728/804/1 3570/3366/1 3568/3365/1
f 3568/3365/1 3570/3366/1 3571/805/1 3569/3362/1
f 1728/804/1 396/803/1 1720/3354/1 3570/3366/1
f 3570/3366/1 1720/3354/1 1721/806/1 3571/805/1
f 937/1114/1 3573/3367/1 1729/3364/1 148/1115/1
f 3573/3367/1 3575/801/1 1728/804/1 1729/3364/1
f 39/91/1 721/3346/1 3572/3368/1 936/2960/1
f 936/2960/1 3572/3368/1 3573/3367/1 937/1114/1
f 721/3346/1 720/820/1 3574/3369/1 3572/3368/1
f 3572/3368/1 3574/3369/1 3575/801/1 3573/3367/1
f 720/820/1 255/819/1 1718/3359/1 3574/3369/1
f 3574/3369/1 1718/3359/1 1719/802/1 3575/801/1
f 1717/794/1 3577/3370/1 1133/3371/1 257/795/1
f 3577/3370/1 3579/797/1 1132/800/1 1133/3371/1
f 397/807/1 1735/3351/1 3576/3372/1 1716/3373/1
f 1716/3373/1 3576/3372/1 3577/3370/1 1717/794/1
f 1735/3351/1 1734/816/1 3578/3374/1 3576/3372/1
f 3576/3372/1 3578/3374/1 3579/797/1 3577/3370/1
f 1734/816/2 399/815/2 1722/3375/2 3578/3374/2
f 3578/3374/2 1722/3375/2 1723/798/2 3579/797/2
f 615/94/1 3581/3376/1 723/3377/1 40/95/1
f 3581/3376/1 3583/793/1 722/796/1 723/3377/1
f 149/1119/1 1731/3363/1 3580/3378/1 614/3379/1
f 614/3379/1 3580/3378/1 3581/3376/1 615/94/1
f 1731/3363/1 1730/808/1 3582/3380/1 3580/3378/1
f 3580/3378/1 3582/3380/1 3583/793/1 3581/3376/1
f 1730/808/1 397/807/1 1716/3373/1 3582/3380/1
f 3582/3380/1 1716/3373/1 1717/794/1 3583/793/1
f 1701/782/1 3585/3381/1 1715/3382/1 393/783/1
f 3585/3381/1 3587/789/1 1714/792/1 1715/3382/1
f 392/779/1 1713/3383/1 3584/3384/1 1700/3385/1
f 1700/3385/1 3584/3384/1 3585/3381/1 1701/782/1
f 1713/3383/1 1712/788/1 3586/3386/1 3584/3384/1
f 3584/3384/1 3586/3386/1 3587/789/1 3585/3381/1
f 1712/788/2 394/787/2 1706/3387/2 3586/3386/2
f 3586/3386/2 1706/3387/2 1707/790/2 3587/789/2
f 1699/778/1 3589/3388/1 1713/3383/1 392/779/1
f 3589/3388/1 3591/785/1 1712/788/1 1713/3383/1
f 257/795/1 1133/3371/1 3588/3389/1 1698/3390/1
f 1698/3390/1 3588/3389/1 3589/3388/1 1699/778/1
f 1133/3371/1 1132/800/1 3590/3391/1 3588/3389/1
f 3588/3389/1 3590/3391/1 3591/785/1 3589/3388/1
f 1132/800/2 256/799/2 1704/3392/2 3590/3391/2
f 3590/3391/2 1704/3392/2 1705/786/2 3591/785/2
f 943/1086/1 3593/3393/1 1711/3394/1 151/1087/1
f 3593/3393/1 3595/781/1 1710/784/1 1711/3394/1
f 150/1083/1 1709/3395/1 3592/3396/1 942/2996/1
f 942/2996/1 3592/3396/1 3593/3393/1 943/1086/1
f 1709/3395/1 1708/780/1 3594/3397/1 3592/3396/1
f 3592/3396/1 3594/3397/1 3595/781/1 3593/3393/1
f 1708/780/1 392/779/1 1700/3385/1 3594/3397/1
f 3594/3397/1 1700/3385/1 1701/782/1 3595/781/1
f 941/1082/1 3597/3398/1 1709/3395/1 150/1083/1
f 3597/3398/1 3599/777/1 1708/780/1 1709/3395/1
f 40/95/1 723/3377/1 3596/3399/1 940/3002/1
f 940/3002/1 3596/3399/1 3597/3398/1 941/1082/1
f 723/3377/1 722/796/1 3598/3400/1 3596/3399/1
f 3596/3399/1 3598/3400/1 3599/777/1 3597/3398/1
f 722/796/1 257/795/1 1698/3390/1 3598/3400/1
f 3598/3400/1 1698/3390/1 1699/778/1 3599/777/1
f 1697/770/1 3601/3401/1 1135/3402/1 259/771/1
f 3601/3401/1 3603/773/1 1134/776/1 1135/3402/1
f 393/783/1 1715/3382/1 3600/3403/1 1696/3404/1
f 1696/3404/1 3600/3403/1 3601/3401/1 1697/770/1
f 1715/3382/1 1714/792/1 3602/3405/1 3600/3403/1
f 3600/3403/1 3602/3405/1 3603/773/1 3601/3401/1
f 1714/792/2 395/791/2 1702/3406/2 3602/3405/2
f 3602/3405/2 1702/3406/2 1703/774/2 3603/773/2
f 617/98/1 3605/3407/1 725/3408/1 41/99/1
f 3605/3407/1 3607/769/1 724/772/1 725/3408/1
f 151/1087/1 1711/3394/1 3604/3409/1 616/3410/1
f 616/3410/1 3604/3409/1 3605/3407/1 617/98/1
f 1711/3394/1 1710/784/1 3606/3411/1 3604/3409/1
f 3604/3409/1 3606/3411/1 3607/769/1 3605/3407/1
f 1710/784/1 393/783/1 1696/3404/1 3606/3411/1
f 3606/3411/1 1696/3404/1 1697/770/1 3607/769/1
f 1681/758/1 3609/3412/1 1695/3413/1 389/759/1
f 3609/3412/1 3611/765/1 1694/768/1 1695/3413/1
f 388/755/1 1693/3414/1 3608/3415/1 1680/3416/1
f 1680/3416/1 3608/3415/1 3609/3412/1 1681/758/1
f 1693/3414/1 1692/764/1 3610/3417/1 3608/3415/1
f 3608/3415/1 3610/3417/1 3611/765/1 3609/3412/1
f 1692/764/2 390/763/2 1686/3418/2 3610/3417/2
f 3610/3417/2 1686/3418/2 1687/766/2 3611/765/2
f 1679/754/1 3613/3419/1 1693/3414/1 388/755/1
f 3613/3419/1 3615/761/1 1692/764/1 1693/3414/1
f 259/771/1 1135/3402/1 3612/3420/1 1678/3421/1
f 1678/3421/1 3612/3420/1 3613/3419/1 1679/754/1
f 1135/3402/1 1134/776/1 3614/3422/1 3612/3420/1
f 3612/3420/1 3614/3422/1 3615/761/1 3613/3419/1
f 1134/776/2 258/775/2 1684/3423/2 3614/3422/2
f 3614/3422/2 1684/3423/2 1685/762/2 3615/761/2
f 947/1054/1 3617/3424/1 1691/3425/1 153/1055/1
f 3617/3424/1 3619/757/1 1690/760/1 1691/3425/1
f 152/1051/1 1689/3426/1 3616/3427/1 946/3038/1
f 946/3038/1 3616/3427/1 3617/3424/1 947/1054/1
f 1689/3426/1 1688/756/1 3618/3428/1 3616/3427/1
f 3616/3427/1 3618/3428/1 3619/757/1 3617/3424/1
f 1688/756/1 388/755/1 1680/3416/1 3618/3428/1
f 3618/3428/1 1680/3416/1 1681/758/1 3619/757/1
f 945/1050/1 3621/3429/1 1689/3426/1 152/1051/1
f 3621/3429/1 3623/753/1 1688/756/1 1689/3426/1
f 41/99/1 725/3408/1 3620/3430/1 944/3044/1
f 944/3044/1 3620/3430/1 3621/3429/1 945/1050/1
f 725/3408/1 724/772/1 3622/3431/1 3620/3430/1
f 3620/3430/1 3622/3431/1 3623/753/1 3621/3429/1
f 724/772/1 259/771/1 1678/3421/1 3622/3431/1
f 3622/3431/1 1678/3421/1 1679/754/1 3623/753/1
f 1677/746/1 3625/3432/1 1137/3433/1 261/747/1
f 3625/3432/1 3627/749/1 1136/752/1 1137/3433/1
f 389/759/1 1695/3413/1 3624/3434/1 1676/3435/1
f 1676/3435/1 3624/3434/1 3625/3432/1 1677/746/1
f 1695/3413/1 1694/768/1 3626/3436/1 3624/3434/1
f 3624/3434/1 3626/3436/1 3627/749/1 3625/3432/1
f 1694/768/2 391/767/2 1682/3437/2 3626/3436/2
f 3626/3436/2 1682/3437/2 1683/750/2 3627/749/2
f 619/102/1 3629/3438/1 727/3439/1 42/103/1
f 3629/3438/1 3631/745/1 726/748/1 727/3439/1
f 153/1055/1 1691/3425/1 3628/3440/1 618/3441/1
f 618/3441/1 3628/3440/1 3629/3438/1 619/102/1
f 1691/3425/1 1690/760/1 3630/3442/1 3628/3440/1
f 3628/3440/1 3630/3442/1 3631/745/1 3629/3438/1
f 1690/760/1 389/759/1 1676/3435/1 3630/3442/1
f 3630/3442/1 1676/3435/1 1677/746/1 3631/745/1
f 1661/734/1 3633/3443/1 1675/3444/1 385/735/1
f 3633/3443/1 3635/741/1 1674/744/1 1675/3444/1
f 384/731/1 1673/3445/1 3632/3446/1 1660/3447/1
f 1660/3447/1 3632/3446/1 3633/3443/1 1661/734/1
f 1673/3445/1 1672/740/1 3634/3448/1 3632/3446/1
f 3632/3446/1 3634/3448/1 3635/741/1 3633/3443/1
f 1672/740/2 386/739/2 1666/3449/2 3634/3448/2
f 3634/3448/2 1666/3449/2 1667/742/2 3635/741/2
f 1659/730/1 3637/3450/1 1673/3445/1 384/731/1
f 3637/3450/1 3639/737/1 1672/740/1 1673/3445/1
f 261/747/1 1137/3433/1 3636/3451/1 1658/3452/1
f 1658/3452/1 3636/3451/1 3637/3450/1 1659/730/1
f 1137/3433/1 1136/752/1 3638/3453/1 3636/3451/1
f 3636/3451/1 3638/3453/1 3639/737/1 3637/3450/1
f 1136/752/2 260/751/2 1664/3454/2 3638/3453/2
f 3638/3453/2 1664/3454/2 1665/738/2 3639/737/2
f 951/1022/1 3641/3455/1 1671/3456/1 155/1023/1
f 3641/3455/1 3643/733/1 1670/736/1 1671/3456/1
f 154/1019/1 1669/3457/1 3640/3458/1 950/3080/1
f 950/3080/1 3640/3458/1 3641/3455/1 951/1022/1
f 1669/3457/1 1668/732/1 3642/3459/1 3640/3458/1
f 3640/3458/1 3642/3459/1 3643/733/1 3641/3455/1
f 1668/732/1 384/731/1 1660/3447/1 3642/3459/1
f 3642/3459/1 1660/3447/1 1661/734/1 3643/733/1
f 949/1018/1 3645/3460/1 1669/3457/1 154/1019/1
f 3645/3460/1 3647/729/1 1668/732/1 1669/3457/1
f 42/103/1 727/3439/1 3644/3461/1 948/3086/1
f 948/3086/1 3644/3461/1 3645/3460/1 949/1018/1
f 727/3439/1 726/748/1 3646/3462/1 3644/3461/1
f 3644/3461/1 3646/3462/1 3647/729/1 3645/3460/1
f 726/748/1 261/747/1 1658/3452/1 3646/3462/1
f 3646/3462/1 1658/3452/1 1659/730/1 3647/729/1
f 1657/722/1 3649/3463/1 1139/3464/1 263/723/1
f 3649/3463/1 3651/725/1 1138/728/1 1139/3464/1
f 385/735/1 1675/3444/1 3648/3465/1 1656/3466/1
f 1656/3466/1 3648/3465/1 3649/3463/1 1657/722/1
f 1675/3444/1 1674/744/1 3650/3467/1 3648/3465/1
f 3648/3465/1 3650/3467/1 3651/725/1 3649/3463/1
f 1674/744/2 387/743/2 1662/3468/2 3650/3467/2
f 3650/3467/2 1662/3468/2 1663/726/2 3651/725/2
f 621/106/1 3653/3469/1 729/3470/1 43/107/1
f 3653/3469/1 3655/721/1 728/724/1 729/3470/1
f 155/1023/1 1671/3456/1 3652/3471/1 620/3472/1
f 620/3472/1 3652/3471/1 3653/3469/1 621/106/1
f 1671/3456/1 1670/736/1 3654/3473/1 3652/3471/1
f 3652/3471/1 3654/3473/1 3655/721/1 3653/3469/1
f 1670/736/1 385/735/1 1656/3466/1 3654/3473/1
f 3654/3473/1 1656/3466/1 1657/722/1 3655/721/1
f 1641/710/1 3657/3474/1 1655/3475/1 381/711/1
f 3657/3474/1 3659/717/1 1654/720/1 1655/3475/1
f 380/707/1 1653/3476/1 3656/3477/1 1640/3478/1
f 1640/3478/1 3656/3477/1 3657/3474/1 1641/710/1
f 1653/3476/1 1652/716/1 3658/3479/1 3656/3477/1
f 3656/3477/1 3658/3479/1 3659/717/1 3657/3474/1
f 1652/716/2 382/715/2 1646/3480/2 3658/3479/2
f 3658/3479/2 1646/3480/2 1647/718/2 3659/717/2
f 1639/706/1 3661/3481/1 1653/3476/1 380/707/1
f 3661/3481/1 3663/713/1 1652/716/1 1653/3476/1
f 263/723/1 1139/3464/1 3660/3482/1 1638/3483/1
f 1638/3483/1 3660/3482/1 3661/3481/1 1639/706/1
f 1139/3464/1 1138/728/1 3662/3484/1 3660/3482/1
f 3660/3482/1 3662/3484/1 3663/713/1 3661/3481/1
f 1138/728/2 262/727/2 1644/3485/2 3662/3484/2
f 3662/3484/2 1644/3485/2 1645/714/2 3663/713/2
f 955/990/1 3665/3486/1 1651/3487/1 157/991/1
f 3665/3486/1 3667/709/1 1650/712/1 1651/3487/1
f 156/987/1 1649/3488/1 3664/3489/1 954/3122/1
f 954/3122/1 3664/3489/1 3665/3486/1 955/990/1
f 1649/3488/1 1648/708/1 3666/3490/1 3664/3489/1
f 3664/3489/1 3666/3490/1 3667/709/1 3665/3486/1
f 1648/708/1 380/707/1 1640/3478/1 3666/3490/1
f 3666/3490/1 1640/3478/1 1641/710/1 3667/709/1
f 953/986/1 3669/3491/1 1649/3488/1 156/987/1
f 3669/3491/1 3671/705/1 1648/708/1 1649/3488/1
f 43/107/1 729/3470/1 3668/3492/1 952/3128/1
f 952/3128/1 3668/3492/1 3669/3491/1 953/986/1
f 729/3470/1 728/724/1 3670/3493/1 3668/3492/1
f 3668/3492/1 3670/3493/1 3671/705/1 3669/3491/1
f 728/724/1 263/723/1 1638/3483/1 3670/3493/1
f 3670/3493/1 1638/3483/1 1639/706/1 3671/705/1
f 1637/698/1 3673/3494/1 1141/3495/1 265/699/1
f 3673/3494/1 3675/701/1 1140/704/1 1141/3495/1
f 381/711/1 1655/3475/1 3672/3496/1 1636/3497/1
f 1636/3497/1 3672/3496/1 3673/3494/1 1637/698/1
f 1655/3475/1 1654/720/1 3674/3498/1 3672/3496/1
f 3672/3496/1 3674/3498/1 3675/701/1 3673/3494/1
f 1654/720/2 383/719/2 1642/3499/2 3674/3498/2
f 3674/3498/2 1642/3499/2 1643/702/2 3675/701/2
f 623/110/1 3677/3500/1 731/3501/1 44/111/1
f 3677/3500/1 3679/697/1 730/700/1 731/3501/1
f 157/991/1 1651/3487/1 3676/3502/1 622/3503/1
f 622/3503/1 3676/3502/1 3677/3500/1 623/110/1
f 1651/3487/1 1650/712/1 3678/3504/1 3676/3502/1
f 3676/3502/1 3678/3504/1 3679/697/1 3677/3500/1
f 1650/712/1 381/711/1 1636/3497/1 3678/3504/1
f 3678/3504/1 1636/3497/1 1637/698/1 3679/697/1
f 1621/686/1 3681/3505/1 1635/3506/1 377/687/1
f 3681/3505/1 3683/693/1 1634/696/1 1635/3506/1
f 376/683/1 1633/3507/1 3680/3508/1 1620/3509/1
f 1620/3509/1 3680/3508/1 3681/3505/1 1621/686/1
f 1633/3507/1 1632/692/1 3682/3510/1 3680/3508/1
f 3680/3508/1 3682/3510/1 3683/693/1 3681/3505/1
f 1632/692/2 378/691/2 1626/3511/2 3682/3510/2
f 3682/3510/2 1626/3511/2 1627/694/2 3683/693/2
f 1619/682/1 3685/3512/1 1633/3507/1 376/683/1
f 3685/3512/1 3687/689/1 1632/692/1 1633/3507/1
f 265/699/1 1141/3495/1 3684/3513/1 1618/3514/1
f 1618/3514/1 3684/3513/1 3685/3512/1 1619/682/1
f 1141/3495/1 1140/704/1 3686/3515/1 3684/3513/1
f 3684/3513/1 3686/3515/1 3687/689/1 3685/3512/1
f 1140/704/2 264/703/2 1624/3516/2 3686/3515/2
f 3686/3515/2 1624/3516/2 1625/690/2 3687/689/2
f 959/958/1 3689/3517/1 1631/3518/1 159/959/1
f 3689/3517/1 3691/685/1 1630/688/1 1631/3518/1
f 158/955/1 1629/3519/1 3688/3520/1 958/3164/1
f 958/3164/1 3688/3520/1 3689/3517/1 959/958/1
f 1629/3519/1 1628/684/1 3690/3521/1 3688/3520/1
f 3688/3520/1 3690/3521/1 3691/685/1 3689/3517/1
f 1628/684/1 376/683/1 1620/3509/1 3690/3521/1
f 3690/3521/1 1620/3509/1 1621/686/1 3691/685/1
f 957/954/1 3693/3522/1 1629/3519/1 158/955/1
f 3693/3522/1 3695/681/1 1628/684/1 1629/3519/1
f 44/111/1 731/3501/1 3692/3523/1 956/3170/1
f 956/3170/1 3692/3523/1 3693/3522/1 957/954/1
f 731/3501/1 730/700/1 3694/3524/1 3692/3523/1
f 3692/3523/1 3694/3524/1 3695/681/1 3693/3522/1
f 730/700/1 265/699/1 1618/3514/1 3694/3524/1
f 3694/3524/1 1618/3514/1 1619/682/1 3695/681/1
f 1617/674/1 3697/3525/1 1143/3526/1 267/675/1
f 3697/3525/1 3699/677/1 1142/680/1 1143/3526/1
f 377/687/1 1635/3506/1 3696/3527/1 1616/3528/1
f 1616/3528/1 3696/3527/1 3697/3525/1 1617/674/1
f 1635/3506/1 1634/696/1 3698/3529/1 3696/3527/1
f 3696/3527/1 3698/3529/1 3699/677/1 3697/3525/1
f 1634/696/2 379/695/2 1622/3530/2 3698/3529/2
f 3698/3529/2 1622/3530/2 1623/678/2 3699/677/2
f 625/114/1 3701/3531/1 733/3532/1 45/115/1
f 3701/3531/1 3703/673/1 732/676/1 733/3532/1
f 159/959/1 1631/3518/1 3700/3533/1 624/3534/1
f 624/3534/1 3700/3533/1 3701/3531/1 625/114/1
f 1631/3518/1 1630/688/1 3702/3535/1 3700/3533/1
f 3700/3533/1 3702/3535/1 3703/673/1 3701/3531/1
f 1630/688/1 377/687/1 1616/3528/1 3702/3535/1
f 3702/3535/1 1616/3528/1 1617/674/1 3703/673/1
f 1603/666/1 3705/3536/1 1615/3537/1 375/667/1
f 3705/3536/1 3707/669/1 1614/672/1 1615/3537/1
f 374/663/1 1613/3538/1 3704/3539/1 1602/3540/1
f 1602/3540/1 3704/3539/1 3705/3536/1 1603/666/1
f 1613/3538/2 1612/3541/2 3706/3542/2 3704/3539/2
f 3704/3539/1 3706/3542/1 3707/669/1 3705/3536/1
f 1612/3541/2 166/3543/2 972/3544/2 3706/3542/2
f 3706/3542/1 972/3544/1 973/670/1 3707/669/1
f 1597/658/1 3709/3545/1 1611/3546/1 373/659/1
f 3709/3545/1 3711/665/1 1610/668/1 1611/3546/1
f 372/655/1 1609/3547/1 3708/3548/1 1596/3549/1
f 1596/3549/1 3708/3548/1 3709/3545/1 1597/658/1
f 1609/3547/1 1608/664/1 3710/3550/1 3708/3548/1
f 3708/3548/1 3710/3550/1 3711/665/1 3709/3545/1
f 1608/664/1 374/663/1 1602/3540/1 3710/3550/1
f 3710/3550/1 1602/3540/1 1603/666/1 3711/665/1
f 1595/654/1 3713/3551/1 1609/3547/1 372/655/1
f 3713/3551/1 3715/661/1 1608/664/1 1609/3547/1
f 267/675/1 1143/3526/1 3712/3552/1 1594/3553/1
f 1594/3553/1 3712/3552/1 3713/3551/1 1595/654/1
f 1143/3526/1 1142/680/1 3714/3554/1 3712/3552/1
f 3712/3552/1 3714/3554/1 3715/661/1 3713/3551/1
f 1142/680/2 266/679/2 1600/3555/2 3714/3554/2
f 3714/3554/2 1600/3555/2 1601/662/2 3715/661/2
f 963/926/1 3717/3556/1 1607/3557/1 161/927/1
f 3717/3556/1 3719/657/1 1606/660/1 1607/3557/1
f 160/923/1 1605/3558/1 3716/3559/1 962/3206/1
f 962/3206/1 3716/3559/1 3717/3556/1 963/926/1
f 1605/3558/1 1604/656/1 3718/3560/1 3716/3559/1
f 3716/3559/1 3718/3560/1 3719/657/1 3717/3556/1
f 1604/656/1 372/655/1 1596/3549/1 3718/3560/1
f 3718/3560/1 1596/3549/1 1597/658/1 3719/657/1
f 961/922/1 3721/3561/1 1605/3558/1 160/923/1
f 3721/3561/1 3723/653/1 1604/656/1 1605/3558/1
f 45/115/1 733/3532/1 3720/3562/1 960/3212/1
f 960/3212/1 3720/3562/1 3721/3561/1 961/922/1
f 733/3532/1 732/676/1 3722/3563/1 3720/3562/1
f 3720/3562/1 3722/3563/1 3723/653/1 3721/3561/1
f 732/676/1 267/675/1 1594/3553/1 3722/3563/1
f 3722/3563/1 1594/3553/1 1595/654/1 3723/653/1
f 1593/646/1 3725/3564/1 1147/3565/1 269/647/1
f 3725/3564/1 3727/649/1 1146/652/1 1147/3565/1
f 373/659/1 1611/3546/1 3724/3566/1 1592/3567/1
f 1592/3567/1 3724/3566/1 3725/3564/1 1593/646/1
f 1611/3546/1 1610/668/1 3726/3568/1 3724/3566/1
f 3724/3566/1 3726/3568/1 3727/649/1 3725/3564/1
f 1610/668/1 375/667/1 1598/3569/1 3726/3568/1
f 3726/3568/1 1598/3569/1 1599/650/1 3727/649/1
f 627/118/1 3729/3570/1 735/3571/1 46/119/1
f 3729/3570/1 3731/645/1 734/648/1 735/3571/1
f 161/927/1 1607/3557/1 3728/3572/1 626/3573/1
f 626/3573/1 3728/3572/1 3729/3570/1 627/118/1
f 1607/3557/1 1606/660/1 3730/3574/1 3728/3572/1
f 3728/3572/1 3730/3574/1 3731/645/1 3729/3570/1
f 1606/660/1 373/659/1 1592/3567/1 3730/3574/1
f 3730/3574/1 1592/3567/1 1593/646/1 3731/645/1
f 1579/634/1 3733/3575/1 1591/3576/1 371/635/1
f 3733/3575/1 3735/641/1 1590/644/1 1591/3576/1
f 370/631/1 1589/3577/1 3732/3578/1 1578/3579/1
f 1578/3579/1 3732/3578/1 3733/3575/1 1579/634/1
f 1589/3577/1 1588/640/1 3734/3580/1 3732/3578/1
f 3732/3578/1 3734/3580/1 3735/641/1 3733/3575/1
f 1588/640/1 168/639/1 976/3581/1 3734/3580/1
f 3734/3580/1 976/3581/1 977/642/1 3735/641/1
f 1577/630/1 3737/3582/1 1589/3577/1 370/631/1
f 3737/3582/1 3739/637/1 1588/640/1 1589/3577/1
f 268/651/1 1145/3583/1 3736/3584/1 1576/3585/1
f 1576/3585/1 3736/3584/1 3737/3582/1 1577/630/1
f 1145/3583/1 1144/128/1 3738/3586/1 3736/3584/1
f 3736/3584/1 3738/3586/1 3739/637/1 3737/3582/1
f 1144/128/1 48/127/1 974/3587/1 3738/3586/1
f 3738/3586/1 974/3587/1 975/638/1 3739/637/1
f 1573/626/1 3741/3588/1 1587/3589/1 369/627/1
f 3741/3588/1 3743/633/1 1586/636/1 1587/3589/1
f 368/623/1 1585/3590/1 3740/3591/1 1572/3592/1
f 1572/3592/1 3740/3591/1 3741/3588/1 1573/626/1
f 1585/3590/1 1584/632/1 3742/3593/1 3740/3591/1
f 3740/3591/1 3742/3593/1 3743/633/1 3741/3588/1
f 1584/632/1 370/631/1 1578/3579/1 3742/3593/1
f 3742/3593/1 1578/3579/1 1579/634/1 3743/633/1
f 1571/622/1 3745/3594/1 1585/3590/1 368/623/1
f 3745/3594/1 3747/629/1 1584/632/1 1585/3590/1
f 269/647/1 1147/3565/1 3744/3595/1 1570/3596/1
f 1570/3596/1 3744/3595/1 3745/3594/1 1571/622/1
f 1147/3565/1 1146/652/1 3746/3597/1 3744/3595/1
f 3744/3595/1 3746/3597/1 3747/629/1 3745/3594/1
f 1146/652/1 268/651/1 1576/3585/1 3746/3597/1
f 3746/3597/1 1576/3585/1 1577/630/1 3747/629/1
f 967/894/1 3749/3598/1 1583/3599/1 163/895/1
f 3749/3598/1 3751/625/1 1582/628/1 1583/3599/1
f 162/891/1 1581/3600/1 3748/3601/1 966/3248/1
f 966/3248/1 3748/3601/1 3749/3598/1 967/894/1
f 1581/3600/1 1580/624/1 3750/3602/1 3748/3601/1
f 3748/3601/1 3750/3602/1 3751/625/1 3749/3598/1
f 1580/624/1 368/623/1 1572/3592/1 3750/3602/1
f 3750/3602/1 1572/3592/1 1573/626/1 3751/625/1
f 965/890/1 3753/3603/1 1581/3600/1 162/891/1
f 3753/3603/1 3755/621/1 1580/624/1 1581/3600/1
f 46/119/1 735/3571/1 3752/3604/1 964/3254/1
f 964/3254/1 3752/3604/1 3753/3603/1 965/890/1
f 735/3571/1 734/648/1 3754/3605/1 3752/3604/1
f 3752/3604/1 3754/3605/1 3755/621/1 3753/3603/1
f 734/648/1 269/647/1 1570/3596/1 3754/3605/1
f 3754/3605/1 1570/3596/1 1571/622/1 3755/621/1
f 1569/614/1 3757/3606/1 1151/2020/1 271/615/1
f 3757/3606/1 3759/617/1 1150/620/1 1151/2020/1
f 369/627/1 1587/3589/1 3756/3607/1 1568/3608/1
f 1568/3608/1 3756/3607/1 3757/3606/1 1569/614/1
f 1587/3589/1 1586/636/1 3758/3609/1 3756/3607/1
f 3756/3607/1 3758/3609/1 3759/617/1 3757/3606/1
f 1586/636/1 371/635/1 1574/3610/1 3758/3609/1
f 3758/3609/1 1574/3610/1 1575/618/1 3759/617/1
f 629/122/1 3761/3611/1 737/2030/1 47/123/1
f 3761/3611/1 3763/613/1 736/616/1 737/2030/1
f 163/895/1 1583/3599/1 3760/3612/1 628/3613/1
f 628/3613/1 3760/3612/1 3761/3611/1 629/122/1
f 1583/3599/1 1582/628/1 3762/3614/1 3760/3612/1
f 3760/3612/1 3762/3614/1 3763/613/1 3761/3611/1
f 1582/628/1 369/627/1 1568/3608/1 3762/3614/1
f 3762/3614/1 1568/3608/1 1569/614/1 3763/613/1
f 1555/606/1 3765/3615/1 1567/3616/1 367/607/1
f 3765/3615/1 3767/609/1 1566/612/1 1567/3616/1
f 366/3617/2 1565/3618/2 3764/3619/2 1554/3620/2
f 1554/3620/1 3764/3619/1 3765/3615/1 1555/606/1
f 1565/3618/2 1564/3621/2 3766/3622/2 3764/3619/2
f 3764/3619/1 3766/3622/1 3767/609/1 3765/3615/1
f 1564/3621/2 172/3623/2 982/3624/2 3766/3622/2
f 3766/3622/1 982/3624/1 983/610/1 3767/609/1
f 1551/602/1 3769/3625/1 1563/3626/1 365/603/1
f 3769/3625/1 3771/605/1 1562/608/1 1563/3626/1
f 364/3627/2 1561/3628/2 3768/3629/2 1550/3630/2
f 1550/3630/1 3768/3629/1 3769/3625/1 1551/602/1
f 1561/3628/2 1560/3631/2 3770/3632/2 3768/3629/2
f 3768/3629/1 3770/3632/1 3771/605/1 3769/3625/1
f 1560/3631/2 366/3617/2 1554/3620/2 3770/3632/2
f 3770/3632/1 1554/3620/1 1555/606/1 3771/605/1
f 973/670/1 3773/3633/1 1559/3634/1 167/671/1
f 3773/3633/1 3775/601/1 1558/604/1 1559/3634/1
f 166/3543/2 1557/3635/2 3772/3636/2 972/3544/2
f 972/3544/1 3772/3636/1 3773/3633/1 973/670/1
f 1557/3635/2 1556/3637/2 3774/3638/2 3772/3636/2
f 3772/3636/1 3774/3638/1 3775/601/1 3773/3633/1
f 1556/3637/2 364/3627/2 1550/3630/2 3774/3638/2
f 3774/3638/1 1550/3630/1 1551/602/1 3775/601/1
f 1549/594/1 3777/3639/1 1155/3640/1 273/595/1
f 3777/3639/1 3779/597/1 1154/600/1 1155/3640/1
f 365/603/1 1563/3626/1 3776/3641/1 1548/3642/1
f 1548/3642/1 3776/3641/1 3777/3639/1 1549/594/1
f 1563/3626/1 1562/608/1 3778/3643/1 3776/3641/1
f 3776/3641/1 3778/3643/1 3779/597/1 3777/3639/1
f 1562/608/1 367/607/1 1552/3644/1 3778/3643/1
f 3778/3643/1 1552/3644/1 1553/598/1 3779/597/1
f 633/126/1 3781/3645/1 739/3646/1 48/127/1
f 3781/3645/1 3783/593/1 738/596/1 739/3646/1
f 167/671/1 1559/3634/1 3780/3647/1 632/3648/1
f 632/3648/1 3780/3647/1 3781/3645/1 633/126/1
f 1559/3634/1 1558/604/1 3782/3649/1 3780/3647/1
f 3780/3647/1 3782/3649/1 3783/593/1 3781/3645/1
f 1558/604/1 365/603/1 1548/3642/1 3782/3649/1
f 3782/3649/1 1548/3642/1 1549/594/1 3783/593/1
f 1535/582/1 3785/3650/1 1547/3651/1 363/583/1
f 3785/3650/1 3787/589/1 1546/592/1 1547/3651/1
f 362/579/1 1545/3652/1 3784/3653/1 1534/3654/1
f 1534/3654/1 3784/3653/1 3785/3650/1 1535/582/1
f 1545/3652/1 1544/588/1 3786/3655/1 3784/3653/1
f 3784/3653/1 3786/3655/1 3787/589/1 3785/3650/1
f 1544/588/1 174/587/1 986/3656/1 3786/3655/1
f 3786/3655/1 986/3656/1 987/590/1 3787/589/1
f 1533/578/1 3789/3657/1 1545/3652/1 362/579/1
f 3789/3657/1 3791/585/1 1544/588/1 1545/3652/1
f 272/599/1 1153/3658/1 3788/3659/1 1532/3660/1
f 1532/3660/1 3788/3659/1 3789/3657/1 1533/578/1
f 1153/3658/1 1152/136/1 3790/3661/1 3788/3659/1
f 3788/3659/1 3790/3661/1 3791/585/1 3789/3657/1
f 1152/136/1 50/135/1 984/3662/1 3790/3661/1
f 3790/3661/1 984/3662/1 985/586/1 3791/585/1
f 1529/574/1 3793/3663/1 1543/3664/1 361/575/1
f 3793/3663/1 3795/581/1 1542/584/1 1543/3664/1
f 360/571/1 1541/3665/1 3792/3666/1 1528/3667/1
f 1528/3667/1 3792/3666/1 3793/3663/1 1529/574/1
f 1541/3665/1 1540/580/1 3794/3668/1 3792/3666/1
f 3792/3666/1 3794/3668/1 3795/581/1 3793/3663/1
f 1540/580/1 362/579/1 1534/3654/1 3794/3668/1
f 3794/3668/1 1534/3654/1 1535/582/1 3795/581/1
f 1527/570/1 3797/3669/1 1541/3665/1 360/571/1
f 3797/3669/1 3799/577/1 1540/580/1 1541/3665/1
f 273/595/1 1155/3640/1 3796/3670/1 1526/3671/1
f 1526/3671/1 3796/3670/1 3797/3669/1 1527/570/1
f 1155/3640/1 1154/600/1 3798/3672/1 3796/3670/1
f 3796/3670/1 3798/3672/1 3799/577/1 3797/3669/1
f 1154/600/1 272/599/1 1532/3660/1 3798/3672/1
f 3798/3672/1 1532/3660/1 1533/578/1 3799/577/1
f 977/642/1 3801/3673/1 1539/3674/1 169/643/1
f 3801/3673/1 3803/573/1 1538/576/1 1539/3674/1
f 168/639/1 1537/3675/1 3800/3676/1 976/3581/1
f 976/3581/1 3800/3676/1 3801/3673/1 977/642/1
f 1537/3675/1 1536/572/1 3802/3677/1 3800/3676/1
f 3800/3676/1 3802/3677/1 3803/573/1 3801/3673/1
f 1536/572/1 360/571/1 1528/3667/1 3802/3677/1
f 3802/3677/1 1528/3667/1 1529/574/1 3803/573/1
f 975/638/1 3805/3678/1 1537/3675/1 168/639/1
f 3805/3678/1 3807/569/1 1536/572/1 1537/3675/1
f 48/127/1 739/3646/1 3804/3679/1 974/3587/1
f 974/3587/1 3804/3679/1 3805/3678/1 975/638/1
f 739/3646/1 738/596/1 3806/3680/1 3804/3679/1
f 3804/3679/1 3806/3680/1 3807/569/1 3805/3678/1
f 738/596/1 273/595/1 1526/3671/1 3806/3680/1
f 3806/3680/1 1526/3671/1 1527/570/1 3807/569/1
f 1525/562/1 3809/3681/1 1159/2064/1 275/563/1
f 3809/3681/1 3811/565/1 1158/568/1 1159/2064/1
f 361/575/1 1543/3664/1 3808/3682/1 1524/3683/1
f 1524/3683/1 3808/3682/1 3809/3681/1 1525/562/1
f 1543/3664/1 1542/584/1 3810/3684/1 3808/3682/1
f 3808/3682/1 3810/3684/1 3811/565/1 3809/3681/1
f 1542/584/1 363/583/1 1530/3685/1 3810/3684/1
f 3810/3684/1 1530/3685/1 1531/566/1 3811/565/1
f 635/130/1 3813/3686/1 741/2074/1 49/131/1
f 3813/3686/1 3815/561/1 740/564/1 741/2074/1
f 169/643/1 1539/3674/1 3812/3687/1 634/3688/1
f 634/3688/1 3812/3687/1 3813/3686/1 635/130/1
f 1539/3674/1 1538/576/1 3814/3689/1 3812/3687/1
f 3812/3687/1 3814/3689/1 3815/561/1 3813/3686/1
f 1538/576/1 361/575/1 1524/3683/1 3814/3689/1
f 3814/3689/1 1524/3683/1 1525/562/1 3815/561/1
f 1511/554/1 3817/3690/1 1523/3691/1 359/555/1
f 3817/3690/1 3819/557/1 1522/560/1 1523/3691/1
f 358/3692/2 1521/3693/2 3816/3694/2 1510/3695/2
f 1510/3695/1 3816/3694/1 3817/3690/1 1511/554/1
f 1521/3693/2 1520/3696/2 3818/3697/2 3816/3694/2
f 3816/3694/1 3818/3697/1 3819/557/1 3817/3690/1
f 1520/3696/2 178/3698/2 992/3699/2 3818/3697/2
f 3818/3697/1 992/3699/1 993/558/1 3819/557/1
f 1507/550/1 3821/3700/1 1519/3701/1 357/551/1
f 3821/3700/1 3823/553/1 1518/556/1 1519/3701/1
f 356/3702/2 1517/3703/2 3820/3704/2 1506/3705/2
f 1506/3705/1 3820/3704/1 3821/3700/1 1507/550/1
f 1517/3703/2 1516/3706/2 3822/3707/2 3820/3704/2
f 3820/3704/1 3822/3707/1 3823/553/1 3821/3700/1
f 1516/3706/2 358/3692/2 1510/3695/2 3822/3707/2
f 3822/3707/1 1510/3695/1 1511/554/1 3823/553/1
f 983/610/1 3825/3708/1 1515/3709/1 173/611/1
f 3825/3708/1 3827/549/1 1514/552/1 1515/3709/1
f 172/3623/2 1513/3710/2 3824/3711/2 982/3624/2
f 982/3624/1 3824/3711/1 3825/3708/1 983/610/1
f 1513/3710/2 1512/3712/2 3826/3713/2 3824/3711/2
f 3824/3711/1 3826/3713/1 3827/549/1 3825/3708/1
f 1512/3712/2 356/3702/2 1506/3705/2 3826/3713/2
f 3826/3713/1 1506/3705/1 1507/550/1 3827/549/1
f 1505/542/1 3829/3714/1 1163/3715/1 277/543/1
f 3829/3714/1 3831/545/1 1162/548/1 1163/3715/1
f 357/551/1 1519/3701/1 3828/3716/1 1504/3717/1
f 1504/3717/1 3828/3716/1 3829/3714/1 1505/542/1
f 1519/3701/1 1518/556/1 3830/3718/1 3828/3716/1
f 3828/3716/1 3830/3718/1 3831/545/1 3829/3714/1
f 1518/556/1 359/555/1 1508/3719/1 3830/3718/1
f 3830/3718/1 1508/3719/1 1509/546/1 3831/545/1
f 639/134/1 3833/3720/1 743/3721/1 50/135/1
f 3833/3720/1 3835/541/1 742/544/1 743/3721/1
f 173/611/1 1515/3709/1 3832/3722/1 638/3723/1
f 638/3723/1 3832/3722/1 3833/3720/1 639/134/1
f 1515/3709/1 1514/552/1 3834/3724/1 3832/3722/1
f 3832/3722/1 3834/3724/1 3835/541/1 3833/3720/1
f 1514/552/1 357/551/1 1504/3717/1 3834/3724/1
f 3834/3724/1 1504/3717/1 1505/542/1 3835/541/1
f 1491/530/1 3837/3725/1 1503/3726/1 355/531/1
f 3837/3725/1 3839/537/1 1502/540/1 1503/3726/1
f 354/527/1 1501/3727/1 3836/3728/1 1490/3729/1
f 1490/3729/1 3836/3728/1 3837/3725/1 1491/530/1
f 1501/3727/1 1500/536/1 3838/3730/1 3836/3728/1
f 3836/3728/1 3838/3730/1 3839/537/1 3837/3725/1
f 1500/536/1 180/535/1 996/3731/1 3838/3730/1
f 3838/3730/1 996/3731/1 997/538/1 3839/537/1
f 1489/526/1 3841/3732/1 1501/3727/1 354/527/1
f 3841/3732/1 3843/533/1 1500/536/1 1501/3727/1
f 276/547/1 1161/3733/1 3840/3734/1 1488/3735/1
f 1488/3735/1 3840/3734/1 3841/3732/1 1489/526/1
f 1161/3733/1 1160/144/1 3842/3736/1 3840/3734/1
f 3840/3734/1 3842/3736/1 3843/533/1 3841/3732/1
f 1160/144/1 52/143/1 994/3737/1 3842/3736/1
f 3842/3736/1 994/3737/1 995/534/1 3843/533/1
f 1485/522/1 3845/3738/1 1499/3739/1 353/523/1
f 3845/3738/1 3847/529/1 1498/532/1 1499/3739/1
f 352/519/1 1497/3740/1 3844/3741/1 1484/3742/1
f 1484/3742/1 3844/3741/1 3845/3738/1 1485/522/1
f 1497/3740/1 1496/528/1 3846/3743/1 3844/3741/1
f 3844/3741/1 3846/3743/1 3847/529/1 3845/3738/1
f 1496/528/1 354/527/1 1490/3729/1 3846/3743/1
f 3846/3743/1 1490/3729/1 1491/530/1 3847/529/1
f 1483/518/1 3849/3744/1 1497/3740/1 352/519/1
f 3849/3744/1 3851/525/1 1496/528/1 1497/3740/1
f 277/543/1 1163/3715/1 3848/3745/1 1482/3746/1
f 1482/3746/1 3848/3745/1 3849/3744/1 1483/518/1
f 1163/3715/1 1162/548/1 3850/3747/1 3848/3745/1
f 3848/3745/1 3850/3747/1 3851/525/1 3849/3744/1
f 1162/548/1 276/547/1 1488/3735/1 3850/3747/1
f 3850/3747/1 1488/3735/1 1489/526/1 3851/525/1
f 987/590/1 3853/3748/1 1495/3749/1 175/591/1
f 3853/3748/1 3855/521/1 1494/524/1 1495/3749/1
f 174/587/1 1493/3750/1 3852/3751/1 986/3656/1
f 986/3656/1 3852/3751/1 3853/3748/1 987/590/1
f 1493/3750/1 1492/520/1 3854/3752/1 3852/3751/1
f 3852/3751/1 3854/3752/1 3855/521/1 3853/3748/1
f 1492/520/1 352/519/1 1484/3742/1 3854/3752/1
f 3854/3752/1 1484/3742/1 1485/522/1 3855/521/1
f 985/586/1 3857/3753/1 1493/3750/1 174/587/1
f 3857/3753/1 3859/517/1 1492/520/1 1493/3750/1
f 50/135/1 743/3721/1 3856/3754/1 984/3662/1
f 984/3662/1 3856/3754/1 3857/3753/1 985/586/1
f 743/3721/1 742/544/1 3858/3755/1 3856/3754/1
f 3856/3754/1 3858/3755/1 3859/517/1 3857/3753/1
f 742/544/1 277/543/1 1482/3746/1 3858/3755/1
f 3858/3755/1 1482/3746/1 1483/518/1 3859/517/1
f 1481/510/1 3861/3756/1 1167/2108/1 279/511/1
f 3861/3756/1 3863/513/1 1166/516/1 1167/2108/1
f 353/523/1 1499/3739/1 3860/3757/1 1480/3758/1
f 1480/3758/1 3860/3757/1 3861/3756/1 1481/510/1
f 1499/3739/1 1498/532/1 3862/3759/1 3860/3757/1
f 3860/3757/1 3862/3759/1 3863/513/1 3861/3756/1
f 1498/532/1 355/531/1 1486/3760/1 3862/3759/1
f 3862/3759/1 1486/3760/1 1487/514/1 3863/513/1
f 641/138/1 3865/3761/1 745/2118/1 51/139/1
f 3865/3761/1 3867/509/1 744/512/1 745/2118/1
f 175/591/1 1495/3749/1 3864/3762/1 640/3763/1
f 640/3763/1 3864/3762/1 3865/3761/1 641/138/1
f 1495/3749/1 1494/524/1 3866/3764/1 3864/3762/1
f 3864/3762/1 3866/3764/1 3867/509/1 3865/3761/1
f 1494/524/1 353/523/1 1480/3758/1 3866/3764/1
f 3866/3764/1 1480/3758/1 1481/510/1 3867/509/1
f 1467/502/1 3869/3765/1 1479/3766/1 351/503/1
f 3869/3765/1 3871/505/1 1478/508/1 1479/3766/1
f 350/3767/2 1477/3768/2 3868/3769/2 1466/3770/2
f 1466/3770/1 3868/3769/1 3869/3765/1 1467/502/1
f 1477/3768/2 1476/3771/2 3870/3772/2 3868/3769/2
f 3868/3769/1 3870/3772/1 3871/505/1 3869/3765/1
f 1476/3771/2 184/3773/2 1002/3774/2 3870/3772/2
f 3870/3772/1 1002/3774/1 1003/506/1 3871/505/1
f 1463/498/1 3873/3775/1 1475/3776/1 349/499/1
f 3873/3775/1 3875/501/1 1474/504/1 1475/3776/1
f 348/3777/2 1473/3778/2 3872/3779/2 1462/3780/2
f 1462/3780/1 3872/3779/1 3873/3775/1 1463/498/1
f 1473/3778/2 1472/3781/2 3874/3782/2 3872/3779/2
f 3872/3779/1 3874/3782/1 3875/501/1 3873/3775/1
f 1472/3781/2 350/3767/2 1466/3770/2 3874/3782/2
f 3874/3782/1 1466/3770/1 1467/502/1 3875/501/1
f 993/558/1 3877/3783/1 1471/3784/1 179/559/1
f 3877/3783/1 3879/497/1 1470/500/1 1471/3784/1
f 178/3698/2 1469/3785/2 3876/3786/2 992/3699/2
f 992/3699/1 3876/3786/1 3877/3783/1 993/558/1
f 1469/3785/2 1468/3787/2 3878/3788/2 3876/3786/2
f 3876/3786/1 3878/3788/1 3879/497/1 3877/3783/1
f 1468/3787/2 348/3777/2 1462/3780/2 3878/3788/2
f 3878/3788/1 1462/3780/1 1463/498/1 3879/497/1
f 1461/490/1 3881/3789/1 1171/3790/1 281/491/1
f 3881/3789/1 3883/493/1 1170/496/1 1171/3790/1
f 349/499/1 1475/3776/1 3880/3791/1 1460/3792/1
f 1460/3792/1 3880/3791/1 3881/3789/1 1461/490/1
f 1475/3776/1 1474/504/1 3882/3793/1 3880/3791/1
f 3880/3791/1 3882/3793/1 3883/493/1 3881/3789/1
f 1474/504/1 351/503/1 1464/3794/1 3882/3793/1
f 3882/3793/1 1464/3794/1 1465/494/1 3883/493/1
f 645/142/1 3885/3795/1 747/3796/1 52/143/1
f 3885/3795/1 3887/489/1 746/492/1 747/3796/1
f 179/559/1 1471/3784/1 3884/3797/1 644/3798/1
f 644/3798/1 3884/3797/1 3885/3795/1 645/142/1
f 1471/3784/1 1470/500/1 3886/3799/1 3884/3797/1
f 3884/3797/1 3886/3799/1 3887/489/1 3885/3795/1
f 1470/500/1 349/499/1 1460/3792/1 3886/3799/1
f 3886/3799/1 1460/3792/1 1461/490/1 3887/489/1
f 1447/478/1 3889/3800/1 1459/3801/1 347/479/1
f 3889/3800/1 3891/485/1 1458/488/1 1459/3801/1
f 346/475/1 1457/3802/1 3888/3803/1 1446/3804/1
f 1446/3804/1 3888/3803/1 3889/3800/1 1447/478/1
f 1457/3802/1 1456/484/1 3890/3805/1 3888/3803/1
f 3888/3803/1 3890/3805/1 3891/485/1 3889/3800/1
f 1456/484/1 186/483/1 1006/3806/1 3890/3805/1
f 3890/3805/1 1006/3806/1 1007/486/1 3891/485/1
f 1445/474/1 3893/3807/1 1457/3802/1 346/475/1
f 3893/3807/1 3895/481/1 1456/484/1 1457/3802/1
f 280/495/1 1169/3808/1 3892/3809/1 1444/3810/1
f 1444/3810/1 3892/3809/1 3893/3807/1 1445/474/1
f 1169/3808/1 1168/152/1 3894/3811/1 3892/3809/1
f 3892/3809/1 3894/3811/1 3895/481/1 3893/3807/1
f 1168/152/1 54/151/1 1004/3812/1 3894/3811/1
f 3894/3811/1 1004/3812/1 1005/482/1 3895/481/1
f 1441/470/1 3897/3813/1 1455/3814/1 345/471/1
f 3897/3813/1 3899/477/1 1454/480/1 1455/3814/1
f 344/467/1 1453/3815/1 3896/3816/1 1440/3817/1
f 1440/3817/1 3896/3816/1 3897/3813/1 1441/470/1
f 1453/3815/1 1452/476/1 3898/3818/1 3896/3816/1
f 3896/3816/1 3898/3818/1 3899/477/1 3897/3813/1
f 1452/476/1 346/475/1 1446/3804/1 3898/3818/1
f 3898/3818/1 1446/3804/1 1447/478/1 3899/477/1
f 1439/466/1 3901/3819/1 1453/3815/1 344/467/1
f 3901/3819/1 3903/473/1 1452/476/1 1453/3815/1
f 281/491/1 1171/3790/1 3900/3820/1 1438/3821/1
f 1438/3821/1 3900/3820/1 3901/3819/1 1439/466/1
f 1171/3790/1 1170/496/1 3902/3822/1 3900/3820/1
f 3900/3820/1 3902/3822/1 3903/473/1 3901/3819/1
f 1170/496/1 280/495/1 1444/3810/1 3902/3822/1
f 3902/3822/1 1444/3810/1 1445/474/1 3903/473/1
f 997/538/1 3905/3823/1 1451/3824/1 181/539/1
f 3905/3823/1 3907/469/1 1450/472/1 1451/3824/1
f 180/535/1 1449/3825/1 3904/3826/1 996/3731/1
f 996/3731/1 3904/3826/1 3905/3823/1 997/538/1
f 1449/3825/1 1448/468/1 3906/3827/1 3904/3826/1
f 3904/3826/1 3906/3827/1 3907/469/1 3905/3823/1
f 1448/468/1 344/467/1 1440/3817/1 3906/3827/1
f 3906/3827/1 1440/3817/1 1441/470/1 3907/469/1
f 995/534/1 3909/3828/1 1449/3825/1 180/535/1
f 3909/3828/1 3911/465/1 1448/468/1 1449/3825/1
f 52/143/1 747/3796/1 3908/3829/1 994/3737/1
f 994/3737/1 3908/3829/1 3909/3828/1 995/534/1
f 747/3796/1 746/492/1 3910/3830/1 3908/3829/1
f 3908/3829/1 3910/3830/1 3911/465/1 3909/3828/1
f 746/492/1 281/491/1 1438/3821/1 3910/3830/1
f 3910/3830/1 1438/3821/1 1439/466/1 3911/465/1
f 1437/458/1 3913/3831/1 1175/2152/1 283/459/1
f 3913/3831/1 3915/461/1 1174/464/1 1175/2152/1
f 345/471/1 1455/3814/1 3912/3832/1 1436/3833/1
f 1436/3833/1 3912/3832/1 3913/3831/1 1437/458/1
f 1455/3814/1 1454/480/1 3914/3834/1 3912/3832/1
f 3912/3832/1 3914/3834/1 3915/461/1 3913/3831/1
f 1454/480/1 347/479/1 1442/3835/1 3914/3834/1
f 3914/3834/1 1442/3835/1 1443/462/1 3915/461/1
f 647/146/1 3917/3836/1 749/2162/1 53/147/1
f 3917/3836/1 3919/457/1 748/460/1 749/2162/1
f 181/539/1 1451/3824/1 3916/3837/1 646/3838/1
f 646/3838/1 3916/3837/1 3917/3836/1 647/146/1
f 1451/3824/1 1450/472/1 3918/3839/1 3916/3837/1
f 3916/3837/1 3918/3839/1 3919/457/1 3917/3836/1
f 1450/472/1 345/471/1 1436/3833/1 3918/3839/1
f 3918/3839/1 1436/3833/1 1437/458/1 3919/457/1
f 1423/450/1 3921/3840/1 1435/3841/1 343/451/1
f 3921/3840/1 3923/453/1 1434/456/1 1435/3841/1
f 342/3842/2 1433/3843/2 3920/3844/2 1422/3845/2
f 1422/3845/1 3920/3844/1 3921/3840/1 1423/450/1
f 1433/3843/2 1432/3846/2 3922/3847/2 3920/3844/2
f 3920/3844/1 3922/3847/1 3923/453/1 3921/3840/1
f 1432/3846/2 190/3848/2 1012/3849/2 3922/3847/2
f 3922/3847/1 1012/3849/1 1013/454/1 3923/453/1
f 1419/446/1 3925/3850/1 1431/3851/1 341/447/1
f 3925/3850/1 3927/449/1 1430/452/1 1431/3851/1
f 340/3852/2 1429/3853/2 3924/3854/2 1418/3855/2
f 1418/3855/1 3924/3854/1 3925/3850/1 1419/446/1
f 1429/3853/2 1428/3856/2 3926/3857/2 3924/3854/2
f 3924/3854/1 3926/3857/1 3927/449/1 3925/3850/1
f 1428/3856/2 342/3842/2 1422/3845/2 3926/3857/2
f 3926/3857/1 1422/3845/1 1423/450/1 3927/449/1
f 1003/506/1 3929/3858/1 1427/3859/1 185/507/1
f 3929/3858/1 3931/445/1 1426/448/1 1427/3859/1
f 184/3773/2 1425/3860/2 3928/3861/2 1002/3774/2
f 1002/3774/1 3928/3861/1 3929/3858/1 1003/506/1
f 1425/3860/2 1424/3862/2 3930/3863/2 3928/3861/2
f 3928/3861/1 3930/3863/1 3931/445/1 3929/3858/1
f 1424/3862/2 340/3852/2 1418/3855/2 3930/3863/2
f 3930/3863/1 1418/3855/1 1419/446/1 3931/445/1
f 1417/438/1 3933/3864/1 1179/3865/1 285/439/1
f 3933/3864/1 3935/441/1 1178/444/1 1179/3865/1
f 341/447/1 1431/3851/1 3932/3866/1 1416/3867/1
f 1416/3867/1 3932/3866/1 3933/3864/1 1417/438/1
f 1431/3851/1 1430/452/1 3934/3868/1 3932/3866/1
f 3932/3866/1 3934/3868/1 3935/441/1 3933/3864/1
f 1430/452/1 343/451/1 1420/3869/1 3934/3868/1
f 3934/3868/1 1420/3869/1 1421/442/1 3935/441/1
f 651/150/1 3937/3870/1 751/3871/1 54/151/1
f 3937/3870/1 3939/437/1 750/440/1 751/3871/1
f 185/507/1 1427/3859/1 3936/3872/1 650/3873/1
f 650/3873/1 3936/3872/1 3937/3870/1 651/150/1
f 1427/3859/1 1426/448/1 3938/3874/1 3936/3872/1
f 3936/3872/1 3938/3874/1 3939/437/1 3937/3870/1
f 1426/448/1 341/447/1 1416/3867/1 3938/3874/1
f 3938/3874/1 1416/3867/1 1417/438/1 3939/437/1
f 1403/426/1 3941/3875/1 1415/3876/1 339/427/1
f 3941/3875/1 3943/433/1 1414/436/1 1415/3876/1
f 338/423/1 1413/3877/1 3940/3878/1 1402/3879/1
f 1402/3879/1 3940/3878/1 3941/3875/1 1403/426/1
f 1413/3877/1 1412/432/1 3942/3880/1 3940/3878/1
f 3940/3878/1 3942/3880/1 3943/433/1 3941/3875/1
f 1412/432/1 192/431/1 1016/3881/1 3942/3880/1
f 3942/3880/1 1016/3881/1 1017/434/1 3943/433/1
f 1401/422/1 3945/3882/1 1413/3877/1 338/423/1
f 3945/3882/1 3947/429/1 1412/432/1 1413/3877/1
f 284/443/1 1177/3883/1 3944/3884/1 1400/3885/1
f 1400/3885/1 3944/3884/1 3945/3882/1 1401/422/1
f 1177/3883/1 1176/160/1 3946/3886/1 3944/3884/1
f 3944/3884/1 3946/3886/1 3947/429/1 3945/3882/1
f 1176/160/1 56/159/1 1014/3887/1 3946/3886/1
f 3946/3886/1 1014/3887/1 1015/430/1 3947/429/1
f 1397/418/1 3949/3888/1 1411/3889/1 337/419/1
f 3949/3888/1 3951/425/1 1410/428/1 1411/3889/1
f 336/415/1 1409/3890/1 3948/3891/1 1396/3892/1
f 1396/3892/1 3948/3891/1 3949/3888/1 1397/418/1
f 1409/3890/1 1408/424/1 3950/3893/1 3948/3891/1
f 3948/3891/1 3950/3893/1 3951/425/1 3949/3888/1
f 1408/424/1 338/423/1 1402/3879/1 3950/3893/1
f 3950/3893/1 1402/3879/1 1403/426/1 3951/425/1
f 1395/414/1 3953/3894/1 1409/3890/1 336/415/1
f 3953/3894/1 3955/421/1 1408/424/1 1409/3890/1
f 285/439/1 1179/3865/1 3952/3895/1 1394/3896/1
f 1394/3896/1 3952/3895/1 3953/3894/1 1395/414/1
f 1179/3865/1 1178/444/1 3954/3897/1 3952/3895/1
f 3952/3895/1 3954/3897/1 3955/421/1 3953/3894/1
f 1178/444/1 284/443/1 1400/3885/1 3954/3897/1
f 3954/3897/1 1400/3885/1 1401/422/1 3955/421/1
f 1007/486/1 3957/3898/1 1407/3899/1 187/487/1
f 3957/3898/1 3959/417/1 1406/420/1 1407/3899/1
f 186/483/1 1405/3900/1 3956/3901/1 1006/3806/1
f 1006/3806/1 3956/3901/1 3957/3898/1 1007/486/1
f 1405/3900/1 1404/416/1 3958/3902/1 3956/3901/1
f 3956/3901/1 3958/3902/1 3959/417/1 3957/3898/1
f 1404/416/1 336/415/1 1396/3892/1 3958/3902/1
f 3958/3902/1 1396/3892/1 1397/418/1 3959/417/1
f 1005/482/1 3961/3903/1 1405/3900/1 186/483/1
f 3961/3903/1 3963/413/1 1404/416/1 1405/3900/1
f 54/151/1 751/3871/1 3960/3904/1 1004/3812/1
f 1004/3812/1 3960/3904/1 3961/3903/1 1005/482/1
f 751/3871/1 750/440/1 3962/3905/1 3960/3904/1
f 3960/3904/1 3962/3905/1 3963/413/1 3961/3903/1
f 750/440/1 285/439/1 1394/3896/1 3962/3905/1
f 3962/3905/1 1394/3896/1 1395/414/1 3963/413/1
f 1393/406/1 3965/3906/1 1183/2196/1 287/407/1
f 3965/3906/1 3967/409/1 1182/412/1 1183/2196/1
f 337/419/1 1411/3889/1 3964/3907/1 1392/3908/1
f 1392/3908/1 3964/3907/1 3965/3906/1 1393/406/1
f 1411/3889/1 1410/428/1 3966/3909/1 3964/3907/1
f 3964/3907/1 3966/3909/1 3967/409/1 3965/3906/1
f 1410/428/1 339/427/1 1398/3910/1 3966/3909/1
f 3966/3909/1 1398/3910/1 1399/410/1 3967/409/1
f 653/154/1 3969/3911/1 753/2206/1 55/155/1
f 3969/3911/1 3971/405/1 752/408/1 753/2206/1
f 187/487/1 1407/3899/1 3968/3912/1 652/3913/1
f 652/3913/1 3968/3912/1 3969/3911/1 653/154/1
f 1407/3899/1 1406/420/1 3970/3914/1 3968/3912/1
f 3968/3912/1 3970/3914/1 3971/405/1 3969/3911/1
f 1406/420/1 337/419/1 1392/3908/1 3970/3914/1
f 3970/3914/1 1392/3908/1 1393/406/1 3971/405/1
f 1379/398/1 3973/3915/1 1391/3916/1 335/399/1
f 3973/3915/1 3975/401/1 1390/404/1 1391/3916/1
f 334/3917/2 1389/3918/2 3972/3919/2 1378/3920/2
f 1378/3920/1 3972/3919/1 3973/3915/1 1379/398/1
f 1389/3918/2 1388/3921/2 3974/3922/2 3972/3919/2
f 3972/3919/1 3974/3922/1 3975/401/1 3973/3915/1
f 1388/3921/2 196/3923/2 1022/3924/2 3974/3922/2
f 3974/3922/1 1022/3924/1 1023/402/1 3975/401/1
f 1375/394/1 3977/3925/1 1387/3926/1 333/395/1
f 3977/3925/1 3979/397/1 1386/400/1 1387/3926/1
f 332/3927/2 1385/3928/2 3976/3929/2 1374/3930/2
f 1374/3930/1 3976/3929/1 3977/3925/1 1375/394/1
f 1385/3928/2 1384/3931/2 3978/3932/2 3976/3929/2
f 3976/3929/1 3978/3932/1 3979/397/1 3977/3925/1
f 1384/3931/2 334/3917/2 1378/3920/2 3978/3932/2
f 3978/3932/1 1378/3920/1 1379/398/1 3979/397/1
f 1013/454/1 3981/3933/1 1383/3934/1 191/455/1
f 3981/3933/1 3983/393/1 1382/396/1 1383/3934/1
f 190/3848/2 1381/3935/2 3980/3936/2 1012/3849/2
f 1012/3849/1 3980/3936/1 3981/3933/1 1013/454/1
f 1381/3935/2 1380/3937/2 3982/3938/2 3980/3936/2
f 3980/3936/1 3982/3938/1 3983/393/1 3981/3933/1
f 1380/3937/2 332/3927/2 1374/3930/2 3982/3938/2
f 3982/3938/1 1374/3930/1 1375/394/1 3983/393/1
f 1373/386/1 3985/3939/1 1187/3940/1 289/387/1
f 3985/3939/1 3987/389/1 1186/392/1 1187/3940/1
f 333/395/1 1387/3926/1 3984/3941/1 1372/3942/1
f 1372/3942/1 3984/3941/1 3985/3939/1 1373/386/1
f 1387/3926/1 1386/400/1 3986/3943/1 3984/3941/1
f 3984/3941/1 3986/3943/1 3987/389/1 3985/3939/1
f 1386/400/1 335/399/1 1376/3944/1 3986/3943/1
f 3986/3943/1 1376/3944/1 1377/390/1 3987/389/1
f 657/158/1 3989/3945/1 755/3946/1 56/159/1
f 3989/3945/1 3991/385/1 754/388/1 755/3946/1
f 191/455/1 1383/3934/1 3988/3947/1 656/3948/1
f 656/3948/1 3988/3947/1 3989/3945/1 657/158/1
f 1383/3934/1 1382/396/1 3990/3949/1 3988/3947/1
f 3988/3947/1 3990/3949/1 3991/385/1 3989/3945/1
f 1382/396/1 333/395/1 1372/3942/1 3990/3949/1
f 3990/3949/1 1372/3942/1 1373/386/1 3991/385/1
f 1359/374/1 3993/3950/1 1371/3951/1 331/375/1
f 3993/3950/1 3995/381/1 1370/384/1 1371/3951/1
f 330/371/1 1369/3952/1 3992/3953/1 1358/3954/1
f 1358/3954/1 3992/3953/1 3993/3950/1 1359/374/1
f 1369/3952/1 1368/380/1 3994/3955/1 3992/3953/1
f 3992/3953/1 3994/3955/1 3995/381/1 3993/3950/1
f 1368/380/1 198/379/1 1026/3956/1 3994/3955/1
f 3994/3955/1 1026/3956/1 1027/382/1 3995/381/1
f 1357/370/1 3997/3957/1 1369/3952/1 330/371/1
f 3997/3957/1 3999/377/1 1368/380/1 1369/3952/1
f 288/391/1 1185/3958/1 3996/3959/1 1356/3960/1
f 1356/3960/1 3996/3959/1 3997/3957/1 1357/370/1
f 1185/3958/1 1184/168/1 3998/3961/1 3996/3959/1
f 3996/3959/1 3998/3961/1 3999/377/1 3997/3957/1
f 1184/168/1 58/167/1 1024/3962/1 3998/3961/1
f 3998/3961/1 1024/3962/1 1025/378/1 3999/377/1
f 1353/366/1 4001/3963/1 1367/3964/1 329/367/1
f 4001/3963/1 4003/373/1 1366/376/1 1367/3964/1
f 328/363/1 1365/3965/1 4000/3966/1 1352/3967/1
f 1352/3967/1 4000/3966/1 4001/3963/1 1353/366/1
f 1365/3965/1 1364/372/1 4002/3968/1 4000/3966/1
f 4000/3966/1 4002/3968/1 4003/373/1 4001/3963/1
f 1364/372/1 330/371/1 1358/3954/1 4002/3968/1
f 4002/3968/1 1358/3954/1 1359/374/1 4003/373/1
f 1351/362/1 4005/3969/1 1365/3965/1 328/363/1
f 4005/3969/1 4007/369/1 1364/372/1 1365/3965/1
f 289/387/1 1187/3940/1 4004/3970/1 1350/3971/1
f 1350/3971/1 4004/3970/1 4005/3969/1 1351/362/1
f 1187/3940/1 1186/392/1 4006/3972/1 4004/3970/1
f 4004/3970/1 4006/3972/1 4007/369/1 4005/3969/1
f 1186/392/1 288/391/1 1356/3960/1 4006/3972/1
f 4006/3972/1 1356/3960/1 1357/370/1 4007/369/1
f 1017/434/1 4009/3973/1 1363/3974/1 193/435/1
f 4009/3973/1 4011/365/1 1362/368/1 1363/3974/1
f 192/431/1 1361/3975/1 4008/3976/1 1016/3881/1
f 1016/3881/1 4008/3976/1 4009/3973/1 1017/434/1
f 1361/3975/1 1360/364/1 4010/3977/1 4008/3976/1
f 4008/3976/1 4010/3977/1 4011/365/1 4009/3973/1
f 1360/364/1 328/363/1 1352/3967/1 4010/3977/1
f 4010/3977/1 1352/3967/1 1353/366/1 4011/365/1
f 1015/430/1 4013/3978/1 1361/3975/1 192/431/1
f 4013/3978/1 4015/361/1 1360/364/1 1361/3975/1
f 56/159/1 755/3946/1 4012/3979/1 1014/3887/1
f 1014/3887/1 4012/3979/1 4013/3978/1 1015/430/1
f 755/3946/1 754/388/1 4014/3980/1 4012/3979/1
f 4012/3979/1 4014/3980/1 4015/361/1 4013/3978/1
f 754/388/1 289/387/1 1350/3971/1 4014/3980/1
f 4014/3980/1 1350/3971/1 1351/362/1 4015/361/1
f 1349/354/1 4017/3981/1 1191/2240/1 291/355/1
f 4017/3981/1 4019/357/1 1190/360/1 1191/2240/1
f 329/367/1 1367/3964/1 4016/3982/1 1348/3983/1
f 1348/3983/1 4016/3982/1 4017/3981/1 1349/354/1
f 1367/3964/1 1366/376/1 4018/3984/1 4016/3982/1
f 4016/3982/1 4018/3984/1 4019/357/1 4017/3981/1
f 1366/376/1 331/375/1 1354/3985/1 4018/3984/1
f 4018/3984/1 1354/3985/1 1355/358/1 4019/357/1
f 659/162/1 4021/3986/1 757/2250/1 57/163/1
f 4021/3986/1 4023/353/1 756/356/1 757/2250/1
f 193/435/1 1363/3974/1 4020/3987/1 658/3988/1
f 658/3988/1 4020/3987/1 4021/3986/1 659/162/1
f 1363/3974/1 1362/368/1 4022/3989/1 4020/3987/1
f 4020/3987/1 4022/3989/1 4023/353/1 4021/3986/1
f 1362/368/1 329/367/1 1348/3983/1 4022/3989/1
f 4022/3989/1 1348/3983/1 1349/354/1 4023/353/1
f 1335/346/1 4025/3990/1 1347/3991/1 327/347/1
f 4025/3990/1 4027/349/1 1346/352/1 1347/3991/1
f 326/3992/2 1345/3993/2 4024/3994/2 1334/3995/2
f 1334/3995/1 4024/3994/1 4025/3990/1 1335/346/1
f 1345/3993/2 1344/3996/2 4026/3997/2 4024/3994/2
f 4024/3994/1 4026/3997/1 4027/349/1 4025/3990/1
f 1344/3996/2 202/3998/2 1032/3999/2 4026/3997/2
f 4026/3997/1 1032/3999/1 1033/350/1 4027/349/1
f 1331/342/1 4029/4000/1 1343/4001/1 325/343/1
f 4029/4000/1 4031/345/1 1342/348/1 1343/4001/1
f 324/4002/2 1341/4003/2 4028/4004/2 1330/4005/2
f 1330/4005/1 4028/4004/1 4029/4000/1 1331/342/1
f 1341/4003/2 1340/4006/2 4030/4007/2 4028/4004/2
f 4028/4004/1 4030/4007/1 4031/345/1 4029/4000/1
f 1340/4006/2 326/3992/2 1334/3995/2 4030/4007/2
f 4030/4007/1 1334/3995/1 1335/346/1 4031/345/1
f 1023/402/1 4033/4008/1 1339/4009/1 197/403/1
f 4033/4008/1 4035/341/1 1338/344/1 1339/4009/1
f 196/3923/2 1337/4010/2 4032/4011/2 1022/3924/2
f 1022/3924/1 4032/4011/1 4033/4008/1 1023/402/1
f 1337/4010/2 1336/4012/2 4034/4013/2 4032/4011/2
f 4032/4011/1 4034/4013/1 4035/341/1 4033/4008/1
f 1336/4012/2 324/4002/2 1330/4005/2 4034/4013/2
f 4034/4013/1 1330/4005/1 1331/342/1 4035/341/1
f 1329/334/1 4037/4014/1 1195/4015/1 293/335/1
f 4037/4014/1 4039/337/1 1194/340/1 1195/4015/1
f 325/343/1 1343/4001/1 4036/4016/1 1328/4017/1
f 1328/4017/1 4036/4016/1 4037/4014/1 1329/334/1
f 1343/4001/1 1342/348/1 4038/4018/1 4036/4016/1
f 4036/4016/1 4038/4018/1 4039/337/1 4037/4014/1
f 1342/348/1 327/347/1 1332/4019/1 4038/4018/1
f 4038/4018/1 1332/4019/1 1333/338/1 4039/337/1
f 663/166/1 4041/4020/1 759/4021/1 58/167/1
f 4041/4020/1 4043/333/1 758/336/1 759/4021/1
f 197/403/1 1339/4009/1 4040/4022/1 662/4023/1
f 662/4023/1 4040/4022/1 4041/4020/1 663/166/1
f 1339/4009/1 1338/344/1 4042/4024/1 4040/4022/1
f 4040/4022/1 4042/4024/1 4043/333/1 4041/4020/1
f 1338/344/1 325/343/1 1328/4017/1 4042/4024/1
f 4042/4024/1 1328/4017/1 1329/334/1 4043/333/1
f 1315/322/1 4045/4025/1 1327/4026/1 323/323/1
f 4045/4025/1 4047/329/1 1326/332/1 1327/4026/1
f 322/319/1 1325/4027/1 4044/4028/1 1314/4029/1
f 1314/4029/1 4044/4028/1 4045/4025/1 1315/322/1
f 1325/4027/1 1324/328/1 4046/4030/1 4044/4028/1
f 4044/4028/1 4046/4030/1 4047/329/1 4045/4025/1
f 1324/328/1 204/327/1 1036/4031/1 4046/4030/1
f 4046/4030/1 1036/4031/1 1037/330/1 4047/329/1
f 1313/318/1 4049/4032/1 1325/4027/1 322/319/1
f 4049/4032/1 4051/325/1 1324/328/1 1325/4027/1
f 292/339/1 1193/4033/1 4048/4034/1 1312/4035/1
f 1312/4035/1 4048/4034/1 4049/4032/1 1313/318/1
f 1193/4033/1 1192/176/1 4050/4036/1 4048/4034/1
f 4048/4034/1 4050/4036/1 4051/325/1 4049/4032/1
f 1192/176/1 60/175/1 1034/4037/1 4050/4036/1
f 4050/4036/1 1034/4037/1 1035/326/1 4051/325/1
f 1309/314/1 4053/4038/1 1323/4039/1 321/315/1
f 4053/4038/1 4055/321/1 1322/324/1 1323/4039/1
f 320/311/1 1321/4040/1 4052/4041/1 1308/4042/1
f 1308/4042/1 4052/4041/1 4053/4038/1 1309/314/1
f 1321/4040/1 1320/320/1 4054/4043/1 4052/4041/1
f 4052/4041/1 4054/4043/1 4055/321/1 4053/4038/1
f 1320/320/1 322/319/1 1314/4029/1 4054/4043/1
f 4054/4043/1 1314/4029/1 1315/322/1 4055/321/1
f 1307/310/1 4057/4044/1 1321/4040/1 320/311/1
f 4057/4044/1 4059/317/1 1320/320/1 1321/4040/1
f 293/335/1 1195/4015/1 4056/4045/1 1306/4046/1
f 1306/4046/1 4056/4045/1 4057/4044/1 1307/310/1
f 1195/4015/1 1194/340/1 4058/4047/1 4056/4045/1
f 4056/4045/1 4058/4047/1 4059/317/1 4057/4044/1
f 1194/340/1 292/339/1 1312/4035/1 4058/4047/1
f 4058/4047/1 1312/4035/1 1313/318/1 4059/317/1
f 1027/382/1 4061/4048/1 1319/4049/1 199/383/1
f 4061/4048/1 4063/313/1 1318/316/1 1319/4049/1
f 198/379/1 1317/4050/1 4060/4051/1 1026/3956/1
f 1026/3956/1 4060/4051/1 4061/4048/1 1027/382/1
f 1317/4050/1 1316/312/1 4062/4052/1 4060/4051/1
f 4060/4051/1 4062/4052/1 4063/313/1 4061/4048/1
f 1316/312/1 320/311/1 1308/4042/1 4062/4052/1
f 4062/4052/1 1308/4042/1 1309/314/1 4063/313/1
f 1025/378/1 4065/4053/1 1317/4050/1 198/379/1
f 4065/4053/1 4067/309/1 1316/312/1 1317/4050/1
f 58/167/1 759/4021/1 4064/4054/1 1024/3962/1
f 1024/3962/1 4064/4054/1 4065/4053/1 1025/378/1
f 759/4021/1 758/336/1 4066/4055/1 4064/4054/1
f 4064/4054/1 4066/4055/1 4067/309/1 4065/4053/1
f 758/336/1 293/335/1 1306/4046/1 4066/4055/1
f 4066/4055/1 1306/4046/1 1307/310/1 4067/309/1
f 1305/302/1 4069/4056/1 1199/2284/1 295/303/1
f 4069/4056/1 4071/305/1 1198/308/1 1199/2284/1
f 321/315/1 1323/4039/1 4068/4057/1 1304/4058/1
f 1304/4058/1 4068/4057/1 4069/4056/1 1305/302/1
f 1323/4039/1 1322/324/1 4070/4059/1 4068/4057/1
f 4068/4057/1 4070/4059/1 4071/305/1 4069/4056/1
f 1322/324/1 323/323/1 1310/4060/1 4070/4059/1
f 4070/4059/1 1310/4060/1 1311/306/1 4071/305/1
f 665/170/1 4073/4061/1 761/2294/1 59/171/1
f 4073/4061/1 4075/301/1 760/304/1 761/2294/1
f 199/383/1 1319/4049/1 4072/4062/1 664/4063/1
f 664/4063/1 4072/4062/1 4073/4061/1 665/170/1
f 1319/4049/1 1318/316/1 4074/4064/1 4072/4062/1
f 4072/4062/1 4074/4064/1 4075/301/1 4073/4061/1
f 1318/316/1 321/315/1 1304/4058/1 4074/4064/1
f 4074/4064/1 1304/4058/1 1305/302/1 4075/301/1
f 1291/294/1 4077/4065/1 1303/4066/1 319/295/1
f 4077/4065/1 4079/297/1 1302/300/1 1303/4066/1
f 318/4067/2 1301/4068/2 4076/4069/2 1290/4070/2
f 1290/4070/1 4076/4069/1 4077/4065/1 1291/294/1
f 1301/4068/2 1300/4071/2 4078/4072/2 4076/4069/2
f 4076/4069/1 4078/4072/1 4079/297/1 4077/4065/1
f 1300/4071/2 208/4073/2 1042/4074/2 4078/4072/2
f 4078/4072/1 1042/4074/1 1043/298/1 4079/297/1
f 1287/290/1 4081/4075/1 1299/4076/1 317/291/1
f 4081/4075/1 4083/293/1 1298/296/1 1299/4076/1
f 316/4077/2 1297/4078/2 4080/4079/2 1286/4080/2
f 1286/4080/1 4080/4079/1 4081/4075/1 1287/290/1
f 1297/4078/2 1296/4081/2 4082/4082/2 4080/4079/2
f 4080/4079/1 4082/4082/1 4083/293/1 4081/4075/1
f 1296/4081/2 318/4067/2 1290/4070/2 4082/4082/2
f 4082/4082/1 1290/4070/1 1291/294/1 4083/293/1
f 1033/350/1 4085/4083/1 1295/4084/1 203/351/1
f 4085/4083/1 4087/289/1 1294/292/1 1295/4084/1
f 202/3998/2 1293/4085/2 4084/4086/2 1032/3999/2
f 1032/3999/1 4084/4086/1 4085/4083/1 1033/350/1
f 1293/4085/2 1292/4087/2 4086/4088/2 4084/4086/2
f 4084/4086/1 4086/4088/1 4087/289/1 4085/4083/1
f 1292/4087/2 316/4077/2 1286/4080/2 4086/4088/2
f 4086/4088/1 1286/4080/1 1287/290/1 4087/289/1
f 1285/282/1 4089/4089/1 1203/4090/1 297/283/1
f 4089/4089/1 4091/285/1 1202/288/1 1203/4090/1
f 317/291/1 1299/4076/1 4088/4091/1 1284/4092/1
f 1284/4092/1 4088/4091/1 4089/4089/1 1285/282/1
f 1299/4076/1 1298/296/1 4090/4093/1 4088/4091/1
f 4088/4091/1 4090/4093/1 4091/285/1 4089/4089/1
f 1298/296/1 319/295/1 1288/4094/1 4090/4093/1
f 4090/4093/1 1288/4094/1 1289/286/1 4091/285/1
f 669/174/1 4093/4095/1 763/4096/1 60/175/1
f 4093/4095/1 4095/281/1 762/284/1 763/4096/1
f 203/351/1 1295/4084/1 4092/4097/1 668/4098/1
f 668/4098/1 4092/4097/1 4093/4095/1 669/174/1
f 1295/4084/1 1294/292/1 4094/4099/1 4092/4097/1
f 4092/4097/1 4094/4099/1 4095/281/1 4093/4095/1
f 1294/292/1 317/291/1 1284/4092/1 4094/4099/1
f 4094/4099/1 1284/4092/1 1285/282/1 4095/281/1
f 1271/270/1 4097/4100/1 1283/4101/1 315/271/1
f 4097/4100/1 4099/277/1 1282/280/1 1283/4101/1
f 314/267/1 1281/4102/1 4096/4103/1 1270/4104/1
f 1270/4104/1 4096/4103/1 4097/4100/1 1271/270/1
f 1281/4102/1 1280/276/1 4098/4105/1 4096/4103/1
f 4096/4103/1 4098/4105/1 4099/277/1 4097/4100/1
f 1280/276/1 210/275/1 1046/4106/1 4098/4105/1
f 4098/4105/1 1046/4106/1 1047/278/1 4099/277/1
f 1269/266/1 4101/4107/1 1281/4102/1 314/267/1
f 4101/4107/1 4103/273/1 1280/276/1 1281/4102/1
f 296/287/1 1201/4108/1 4100/4109/1 1268/4110/1
f 1268/4110/1 4100/4109/1 4101/4107/1 1269/266/1
f 1201/4108/1 1200/184/1 4102/4111/1 4100/4109/1
f 4100/4109/1 4102/4111/1 4103/273/1 4101/4107/1
f 1200/184/1 62/183/1 1044/4112/1 4102/4111/1
f 4102/4111/1 1044/4112/1 1045/274/1 4103/273/1
f 1265/262/1 4105/4113/1 1279/4114/1 313/263/1
f 4105/4113/1 4107/269/1 1278/272/1 1279/4114/1
f 312/259/1 1277/4115/1 4104/4116/1 1264/4117/1
f 1264/4117/1 4104/4116/1 4105/4113/1 1265/262/1
f 1277/4115/1 1276/268/1 4106/4118/1 4104/4116/1
f 4104/4116/1 4106/4118/1 4107/269/1 4105/4113/1
f 1276/268/1 314/267/1 1270/4104/1 4106/4118/1
f 4106/4118/1 1270/4104/1 1271/270/1 4107/269/1
f 1263/258/1 4109/4119/1 1277/4115/1 312/259/1
f 4109/4119/1 4111/265/1 1276/268/1 1277/4115/1
f 297/283/1 1203/4090/1 4108/4120/1 1262/4121/1
f 1262/4121/1 4108/4120/1 4109/4119/1 1263/258/1
f 1203/4090/1 1202/288/1 4110/4122/1 4108/4120/1
f 4108/4120/1 4110/4122/1 4111/265/1 4109/4119/1
f 1202/288/1 296/287/1 1268/4110/1 4110/4122/1
f 4110/4122/1 1268/4110/1 1269/266/1 4111/265/1
f 1037/330/1 4113/4123/1 1275/4124/1 205/331/1
f 4113/4123/1 4115/261/1 1274/264/1 1275/4124/1
f 204/327/1 1273/4125/1 4112/4126/1 1036/4031/1
f 1036/4031/1 4112/4126/1 4113/4123/1 1037/330/1
f 1273/4125/1 1272/260/1 4114/4127/1 4112/4126/1
f 4112/4126/1 4114/4127/1 4115/261/1 4113/4123/1
f 1272/260/1 312/259/1 1264/4117/1 4114/4127/1
f 4114/4127/1 1264/4117/1 1265/262/1 4115/261/1
f 1035/326/1 4117/4128/1 1273/4125/1 204/327/1
f 4117/4128/1 4119/257/1 1272/260/1 1273/4125/1
f 60/175/1 763/4096/1 4116/4129/1 1034/4037/1
f 1034/4037/1 4116/4129/1 4117/4128/1 1035/326/1
f 763/4096/1 762/284/1 4118/4130/1 4116/4129/1
f 4116/4129/1 4118/4130/1 4119/257/1 4117/4128/1
f 762/284/1 297/283/1 1262/4121/1 4118/4130/1
f 4118/4130/1 1262/4121/1 1263/258/1 4119/257/1
f 1261/250/1 4121/4131/1 1207/2326/1 299/251/1
f 4121/4131/1 4123/253/1 1206/256/1 1207/2326/1
f 313/263/1 1279/4114/1 4120/4132/1 1260/4133/1
f 1260/4133/1 4120/4132/1 4121/4131/1 1261/250/1
f 1279/4114/1 1278/272/1 4122/4134/1 4120/4132/1
f 4120/4132/1 4122/4134/1 4123/253/1 4121/4131/1
f 1278/272/1 315/271/1 1266/4135/1 4122/4134/1
f 4122/4134/1 1266/4135/1 1267/254/1 4123/253/1
f 671/178/1 4125/4136/1 765/2336/1 61/179/1
f 4125/4136/1 4127/249/1 764/252/1 765/2336/1
f 205/331/1 1275/4124/1 4124/4137/1 670/4138/1
f 670/4138/1 4124/4137/1 4125/4136/1 671/178/1
f 1275/4124/1 1274/264/1 4126/4139/1 4124/4137/1
f 4124/4137/1 4126/4139/1 4127/249/1 4125/4136/1
f 1274/264/1 313/263/1 1260/4133/1 4126/4139/1
f 4126/4139/1 1260/4133/1 1261/250/1 4127/249/1
f 1247/242/1 4129/4140/1 1259/4141/1 311/243/1
f 4129/4140/1 4131/245/1 1258/248/1 1259/4141/1
f 310/4142/2 1257/4143/2 4128/4144/2 1246/4145/2
f 1246/4145/1 4128/4144/1 4129/4140/1 1247/242/1
f 1257/4143/2 1256/4146/2 4130/4147/2 4128/4144/2
f 4128/4144/1 4130/4147/1 4131/245/1 4129/4140/1
f 1256/4146/1 96/4148/1 834/4149/1 4130/4147/1
f 4130/4147/2 834/4149/2 835/246/2 4131/245/2
f 1243/238/1 4133/4150/1 1255/4151/1 309/239/1
f 4133/4150/1 4135/241/1 1254/244/1 1255/4151/1
f 308/4152/2 1253/4153/2 4132/4154/2 1242/4155/2
f 1242/4155/1 4132/4154/1 4133/4150/1 1243/238/1
f 1253/4153/2 1252/4156/2 4134/4157/2 4132/4154/2
f 4132/4154/1 4134/4157/1 4135/241/1 4133/4150/1
f 1252/4156/2 310/4142/2 1246/4145/2 4134/4157/2
f 4134/4157/1 1246/4145/1 1247/242/1 4135/241/1
f 1043/298/1 4137/4158/1 1251/4159/1 209/299/1
f 4137/4158/1 4139/237/1 1250/240/1 1251/4159/1
f 208/4073/2 1249/4160/2 4136/4161/2 1042/4074/2
f 1042/4074/1 4136/4161/1 4137/4158/1 1043/298/1
f 1249/4160/2 1248/4162/2 4138/4163/2 4136/4161/2
f 4136/4161/1 4138/4163/1 4139/237/1 4137/4158/1
f 1248/4162/2 308/4152/2 1242/4155/2 4138/4163/2
f 4138/4163/1 1242/4155/1 1243/238/1 4139/237/1
f 1241/230/1 4141/4164/1 1211/4165/1 301/231/1
f 4141/4164/1 4143/233/1 1210/236/1 1211/4165/1
f 309/239/1 1255/4151/1 4140/4166/1 1240/4167/1
f 1240/4167/1 4140/4166/1 4141/4164/1 1241/230/1
f 1255/4151/1 1254/244/1 4142/4168/1 4140/4166/1
f 4140/4166/1 4142/4168/1 4143/233/1 4141/4164/1
f 1254/244/1 311/243/1 1244/4169/1 4142/4168/1
f 4142/4168/1 1244/4169/1 1245/234/1 4143/233/1
f 675/182/1 4145/4170/1 767/4171/1 62/183/1
f 4145/4170/1 4147/229/1 766/232/1 767/4171/1
f 209/299/1 1251/4159/1 4144/4172/1 674/4173/1
f 674/4173/1 4144/4172/1 4145/4170/1 675/182/1
f 1251/4159/1 1250/240/1 4146/4174/1 4144/4172/1
f 4144/4172/1 4146/4174/1 4147/229/1 4145/4170/1
f 1250/240/1 309/239/1 1240/4167/1 4146/4174/1
f 4146/4174/1 1240/4167/1 1241/230/1 4147/229/1
f 1227/218/1 4149/4175/1 1239/4176/1 307/219/1
f 4149/4175/1 4151/225/1 1238/228/1 1239/4176/1
f 306/215/1 1237/4177/1 4148/4178/1 1226/4179/1
f 1226/4179/1 4148/4178/1 4149/4175/1 1227/218/1
f 1237/4177/1 1236/224/1 4150/4180/1 4148/4178/1
f 4148/4178/1 4150/4180/1 4151/225/1 4149/4175/1
f 1236/224/2 98/223/2 838/4181/2 4150/4180/2
f 4150/4180/2 838/4181/2 839/226/2 4151/225/2
f 1225/214/1 4153/4182/1 1237/4177/1 306/215/1
f 4153/4182/1 4155/221/1 1236/224/1 1237/4177/1
f 300/235/1 1209/4183/1 4152/4184/1 1224/4185/1
f 1224/4185/1 4152/4184/1 4153/4182/1 1225/214/1
f 1209/4183/1 1208/192/1 4154/4186/1 4152/4184/1
f 4152/4184/1 4154/4186/1 4155/221/1 4153/4182/1
f 1208/192/2 16/191/2 836/4187/2 4154/4186/2
f 4154/4186/2 836/4187/2 837/222/2 4155/221/2
f 1221/210/1 4157/4188/1 1235/4189/1 305/211/1
f 4157/4188/1 4159/217/1 1234/220/1 1235/4189/1
f 304/207/1 1233/4190/1 4156/4191/1 1220/4192/1
f 1220/4192/1 4156/4191/1 4157/4188/1 1221/210/1
f 1233/4190/1 1232/216/1 4158/4193/1 4156/4191/1
f 4156/4191/1 4158/4193/1 4159/217/1 4157/4188/1
f 1232/216/1 306/215/1 1226/4179/1 4158/4193/1
f 4158/4193/1 1226/4179/1 1227/218/1 4159/217/1
f 1219/206/1 4161/4194/1 1233/4190/1 304/207/1
f 4161/4194/1 4163/213/1 1232/216/1 1233/4190/1
f 301/231/1 1211/4165/1 4160/4195/1 1218/4196/1
f 1218/4196/1 4160/4195/1 4161/4194/1 1219/206/1
f 1211/4165/1 1210/236/1 4162/4197/1 4160/4195/1
f 4160/4195/1 4162/4197/1 4163/213/1 4161/4194/1
f 1210/236/1 300/235/1 1224/4185/1 4162/4197/1
f 4162/4197/1 1224/4185/1 1225/214/1 4163/213/1
f 1047/278/1 4165/4198/1 1231/4199/1 211/279/1
f 4165/4198/1 4167/209/1 1230/212/1 1231/4199/1
f 210/275/1 1229/4200/1 4164/4201/1 1046/4106/1
f 1046/4106/1 4164/4201/1 4165/4198/1 1047/278/1
f 1229/4200/1 1228/208/1 4166/4202/1 4164/4201/1
f 4164/4201/1 4166/4202/1 4167/209/1 4165/4198/1
f 1228/208/1 304/207/1 1220/4192/1 4166/4202/1
f 4166/4202/1 1220/4192/1 1221/210/1 4167/209/1
f 1045/274/1 4169/4203/1 1229/4200/1 210/275/1
f 4169/4203/1 4171/205/1 1228/208/1 1229/4200/1
f 62/183/1 767/4171/1 4168/4204/1 1044/4112/1
f 1044/4112/1 4168/4204/1 4169/4203/1 1045/274/1
f 767/4171/1 766/232/1 4170/4205/1 4168/4204/1
f 4168/4204/1 4170/4205/1 4171/205/1 4169/4203/1
f 766/232/1 301/231/1 1218/4196/1 4170/4205/1
f 4170/4205/1 1218/4196/1 1219/206/1 4171/205/1
f 1217/198/1 4173/4206/1 1215/1877/1 303/199/1
f 4173/4206/1 4175/201/1 1214/204/1 1215/1877/1
f 305/211/1 1235/4189/1 4172/4207/1 1216/4208/1
f 1216/4208/1 4172/4207/1 4173/4206/1 1217/198/1
f 1235/4189/1 1234/220/1 4174/4209/1 4172/4207/1
f 4172/4207/1 4174/4209/1 4175/201/1 4173/4206/1
f 1234/220/1 307/219/1 1222/4210/1 4174/4209/1
f 4174/4209/1 1222/4210/1 1223/202/1 4175/201/1
f 677/186/1 4177/4211/1 769/1888/1 63/187/1
f 4177/4211/1 4179/197/1 768/200/1 769/1888/1
f 211/279/1 1231/4199/1 4176/4212/1 676/4213/1
f 676/4213/1 4176/4212/1 4177/4211/1 677/186/1
f 1231/4199/1 1230/212/1 4178/4214/1 4176/4212/1
f 4176/4212/1 4178/4214/1 4179/197/1 4177/4211/1
f 1230/212/1 305/211/1 1216/4208/1 4178/4214/1
f 4178/4214/1 1216/4208/1 1217/198/1 4179/197/1
f 1223/202/1 4181/4215/1 1213/1865/1 302/203/1
f 4181/4215/1 4183/193/1 1212/196/1 1213/1865/1
f 307/219/1 1239/4176/1 4180/4216/1 1222/4210/1
f 1222/4210/1 4180/4216/1 4181/4215/1 1223/202/1
f 1239/4176/1 1238/228/1 4182/4217/1 4180/4216/1
f 4180/4216/1 4182/4217/1 4183/193/1 4181/4215/1
f 1238/228/2 99/227/2 564/4218/2 4182/4217/2
f 4182/4217/2 564/4218/2 565/194/2 4183/193/2
f 1245/234/1 4185/4219/1 1209/4183/1 300/235/1
f 4185/4219/1 4187/189/1 1208/192/1 1209/4183/1
f 311/243/1 1259/4141/1 4184/4220/1 1244/4169/1
f 1244/4169/1 4184/4220/1 4185/4219/1 1245/234/1
f 1259/4141/1 1258/248/1 4186/4221/1 4184/4220/1
f 4184/4220/1 4186/4221/1 4187/189/1 4185/4219/1
f 1258/248/2 97/247/2 562/4222/2 4186/4221/2
f 4186/4221/2 562/4222/2 563/190/2 4187/189/2
f 1267/254/1 4189/4223/1 1205/2315/1 298/255/1
f 4189/4223/1 4191/185/1 1204/188/1 1205/2315/1
f 315/271/1 1283/4101/1 4188/4224/1 1266/4135/1
f 1266/4135/1 4188/4224/1 4189/4223/1 1267/254/1
f 1283/4101/1 1282/280/1 4190/4225/1 4188/4224/1
f 4188/4224/1 4190/4225/1 4191/185/1 4189/4223/1
f 1282/280/1 211/279/1 676/4213/1 4190/4225/1
f 4190/4225/1 676/4213/1 677/186/1 4191/185/1
f 1289/286/1 4193/4226/1 1201/4108/1 296/287/1
f 4193/4226/1 4195/181/1 1200/184/1 1201/4108/1
f 319/295/1 1303/4066/1 4192/4227/1 1288/4094/1
f 1288/4094/1 4192/4227/1 4193/4226/1 1289/286/1
f 1303/4066/1 1302/300/1 4194/4228/1 4192/4227/1
f 4192/4227/1 4194/4228/1 4195/181/1 4193/4226/1
f 1302/300/1 209/299/1 674/4173/1 4194/4228/1
f 4194/4228/1 674/4173/1 675/182/1 4195/181/1
f 1311/306/1 4197/4229/1 1197/2272/1 294/307/1
f 4197/4229/1 4199/177/1 1196/180/1 1197/2272/1
f 323/323/1 1327/4026/1 4196/4230/1 1310/4060/1
f 1310/4060/1 4196/4230/1 4197/4229/1 1311/306/1
f 1327/4026/1 1326/332/1 4198/4231/1 4196/4230/1
f 4196/4230/1 4198/4231/1 4199/177/1 4197/4229/1
f 1326/332/1 205/331/1 670/4138/1 4198/4231/1
f 4198/4231/1 670/4138/1 671/178/1 4199/177/1
f 1333/338/1 4201/4232/1 1193/4033/1 292/339/1
f 4201/4232/1 4203/173/1 1192/176/1 1193/4033/1
f 327/347/1 1347/3991/1 4200/4233/1 1332/4019/1
f 1332/4019/1 4200/4233/1 4201/4232/1 1333/338/1
f 1347/3991/1 1346/352/1 4202/4234/1 4200/4233/1
f 4200/4233/1 4202/4234/1 4203/173/1 4201/4232/1
f 1346/352/1 203/351/1 668/4098/1 4202/4234/1
f 4202/4234/1 668/4098/1 669/174/1 4203/173/1
f 1355/358/1 4205/4235/1 1189/2228/1 290/359/1
f 4205/4235/1 4207/169/1 1188/172/1 1189/2228/1
f 331/375/1 1371/3951/1 4204/4236/1 1354/3985/1
f 1354/3985/1 4204/4236/1 4205/4235/1 1355/358/1
f 1371/3951/1 1370/384/1 4206/4237/1 4204/4236/1
f 4204/4236/1 4206/4237/1 4207/169/1 4205/4235/1
f 1370/384/1 199/383/1 664/4063/1 4206/4237/1
f 4206/4237/1 664/4063/1 665/170/1 4207/169/1
f 1377/390/1 4209/4238/1 1185/3958/1 288/391/1
f 4209/4238/1 4211/165/1 1184/168/1 1185/3958/1
f 335/399/1 1391/3916/1 4208/4239/1 1376/3944/1
f 1376/3944/1 4208/4239/1 4209/4238/1 1377/390/1
f 1391/3916/1 1390/404/1 4210/4240/1 4208/4239/1
f 4208/4239/1 4210/4240/1 4211/165/1 4209/4238/1
f 1390/404/1 197/403/1 662/4023/1 4210/4240/1
f 4210/4240/1 662/4023/1 663/166/1 4211/165/1
f 1399/410/1 4213/4241/1 1181/2184/1 286/411/1
f 4213/4241/1 4215/161/1 1180/164/1 1181/2184/1
f 339/427/1 1415/3876/1 4212/4242/1 1398/3910/1
f 1398/3910/1 4212/4242/1 4213/4241/1 1399/410/1
f 1415/3876/1 1414/436/1 4214/4243/1 4212/4242/1
f 4212/4242/1 4214/4243/1 4215/161/1 4213/4241/1
f 1414/436/1 193/435/1 658/3988/1 4214/4243/1
f 4214/4243/1 658/3988/1 659/162/1 4215/161/1
f 1421/442/1 4217/4244/1 1177/3883/1 284/443/1
f 4217/4244/1 4219/157/1 1176/160/1 1177/3883/1
f 343/451/1 1435/3841/1 4216/4245/1 1420/3869/1
f 1420/3869/1 4216/4245/1 4217/4244/1 1421/442/1
f 1435/3841/1 1434/456/1 4218/4246/1 4216/4245/1
f 4216/4245/1 4218/4246/1 4219/157/1 4217/4244/1
f 1434/456/1 191/455/1 656/3948/1 4218/4246/1
f 4218/4246/1 656/3948/1 657/158/1 4219/157/1
f 1443/462/1 4221/4247/1 1173/2140/1 282/463/1
f 4221/4247/1 4223/153/1 1172/156/1 1173/2140/1
f 347/479/1 1459/3801/1 4220/4248/1 1442/3835/1
f 1442/3835/1 4220/4248/1 4221/4247/1 1443/462/1
f 1459/3801/1 1458/488/1 4222/4249/1 4220/4248/1
f 4220/4248/1 4222/4249/1 4223/153/1 4221/4247/1
f 1458/488/1 187/487/1 652/3913/1 4222/4249/1
f 4222/4249/1 652/3913/1 653/154/1 4223/153/1
f 1465/494/1 4225/4250/1 1169/3808/1 280/495/1
f 4225/4250/1 4227/149/1 1168/152/1 1169/3808/1
f 351/503/1 1479/3766/1 4224/4251/1 1464/3794/1
f 1464/3794/1 4224/4251/1 4225/4250/1 1465/494/1
f 1479/3766/1 1478/508/1 4226/4252/1 4224/4251/1
f 4224/4251/1 4226/4252/1 4227/149/1 4225/4250/1
f 1478/508/1 185/507/1 650/3873/1 4226/4252/1
f 4226/4252/1 650/3873/1 651/150/1 4227/149/1
f 1487/514/1 4229/4253/1 1165/2096/1 278/515/1
f 4229/4253/1 4231/145/1 1164/148/1 1165/2096/1
f 355/531/1 1503/3726/1 4228/4254/1 1486/3760/1
f 1486/3760/1 4228/4254/1 4229/4253/1 1487/514/1
f 1503/3726/1 1502/540/1 4230/4255/1 4228/4254/1
f 4228/4254/1 4230/4255/1 4231/145/1 4229/4253/1
f 1502/540/1 181/539/1 646/3838/1 4230/4255/1
f 4230/4255/1 646/3838/1 647/146/1 4231/145/1
f 1509/546/1 4233/4256/1 1161/3733/1 276/547/1
f 4233/4256/1 4235/141/1 1160/144/1 1161/3733/1
f 359/555/1 1523/3691/1 4232/4257/1 1508/3719/1
f 1508/3719/1 4232/4257/1 4233/4256/1 1509/546/1
f 1523/3691/1 1522/560/1 4234/4258/1 4232/4257/1
f 4232/4257/1 4234/4258/1 4235/141/1 4233/4256/1
f 1522/560/1 179/559/1 644/3798/1 4234/4258/1
f 4234/4258/1 644/3798/1 645/142/1 4235/141/1
f 1531/566/1 4237/4259/1 1157/2052/1 274/567/1
f 4237/4259/1 4239/137/1 1156/140/1 1157/2052/1
f 363/583/1 1547/3651/1 4236/4260/1 1530/3685/1
f 1530/3685/1 4236/4260/1 4237/4259/1 1531/566/1
f 1547/3651/1 1546/592/1 4238/4261/1 4236/4260/1
f 4236/4260/1 4238/4261/1 4239/137/1 4237/4259/1
f 1546/592/1 175/591/1 640/3763/1 4238/4261/1
f 4238/4261/1 640/3763/1 641/138/1 4239/137/1
f 1553/598/1 4241/4262/1 1153/3658/1 272/599/1
f 4241/4262/1 4243/133/1 1152/136/1 1153/3658/1
f 367/607/1 1567/3616/1 4240/4263/1 1552/3644/1
f 1552/3644/1 4240/4263/1 4241/4262/1 1553/598/1
f 1567/3616/1 1566/612/1 4242/4264/1 4240/4263/1
f 4240/4263/1 4242/4264/1 4243/133/1 4241/4262/1
f 1566/612/1 173/611/1 638/3723/1 4242/4264/1
f 4242/4264/1 638/3723/1 639/134/1 4243/133/1
f 1575/618/1 4245/4265/1 1149/2008/1 270/619/1
f 4245/4265/1 4247/129/1 1148/132/1 1149/2008/1
f 371/635/1 1591/3576/1 4244/4266/1 1574/3610/1
f 1574/3610/1 4244/4266/1 4245/4265/1 1575/618/1
f 1591/3576/1 1590/644/1 4246/4267/1 4244/4266/1
f 4244/4266/1 4246/4267/1 4247/129/1 4245/4265/1
f 1590/644/1 169/643/1 634/3688/1 4246/4267/1
f 4246/4267/1 634/3688/1 635/130/1 4247/129/1
f 1599/650/1 4249/4268/1 1145/3583/1 268/651/1
f 4249/4268/1 4251/125/1 1144/128/1 1145/3583/1
f 375/667/1 1615/3537/1 4248/4269/1 1598/3569/1
f 1598/3569/1 4248/4269/1 4249/4268/1 1599/650/1
f 1615/3537/1 1614/672/1 4250/4270/1 4248/4269/1
f 4248/4269/1 4250/4270/1 4251/125/1 4249/4268/1
f 1614/672/1 167/671/1 632/3648/1 4250/4270/1
f 4250/4270/1 632/3648/1 633/126/1 4251/125/1
f 1783/870/1 4253/4271/1 1125/1964/1 250/871/1
f 4253/4271/1 4255/121/1 1124/124/1 1125/1964/1
f 411/887/1 1799/3243/1 4252/4272/1 1782/3277/1
f 1782/3277/1 4252/4272/1 4253/4271/1 1783/870/1
f 1799/3243/1 1798/896/1 4254/4273/1 4252/4272/1
f 4252/4272/1 4254/4273/1 4255/121/1 4253/4271/1
f 1798/896/1 163/895/1 628/3613/1 4254/4273/1
f 4254/4273/1 628/3613/1 629/122/1 4255/121/1
f 1807/902/1 4257/4274/1 1121/3250/1 248/903/1
f 4257/4274/1 4259/117/1 1120/120/1 1121/3250/1
f 415/919/1 1823/3201/1 4256/4275/1 1806/3236/1
f 1806/3236/1 4256/4275/1 4257/4274/1 1807/902/1
f 1823/3201/1 1822/928/1 4258/4276/1 4256/4275/1
f 4256/4275/1 4258/4276/1 4259/117/1 4257/4274/1
f 1822/928/1 161/927/1 626/3573/1 4258/4276/1
f 4258/4276/1 626/3573/1 627/118/1 4259/117/1
f 1831/934/1 4261/4277/1 1117/3208/1 246/935/1
f 4261/4277/1 4263/113/1 1116/116/1 1117/3208/1
f 419/951/1 1847/3159/1 4260/4278/1 1830/3194/1
f 1830/3194/1 4260/4278/1 4261/4277/1 1831/934/1
f 1847/3159/1 1846/960/1 4262/4279/1 4260/4278/1
f 4260/4278/1 4262/4279/1 4263/113/1 4261/4277/1
f 1846/960/1 159/959/1 624/3534/1 4262/4279/1
f 4262/4279/1 624/3534/1 625/114/1 4263/113/1
f 1855/966/1 4265/4280/1 1113/3166/1 244/967/1
f 4265/4280/1 4267/109/1 1112/112/1 1113/3166/1
f 423/983/1 1871/3117/1 4264/4281/1 1854/3152/1
f 1854/3152/1 4264/4281/1 4265/4280/1 1855/966/1
f 1871/3117/1 1870/992/1 4266/4282/1 4264/4281/1
f 4264/4281/1 4266/4282/1 4267/109/1 4265/4280/1
f 1870/992/1 157/991/1 622/3503/1 4266/4282/1
f 4266/4282/1 622/3503/1 623/110/1 4267/109/1
f 1879/998/1 4269/4283/1 1109/3124/1 242/999/1
f 4269/4283/1 4271/105/1 1108/108/1 1109/3124/1
f 427/1015/1 1895/3075/1 4268/4284/1 1878/3110/1
f 1878/3110/1 4268/4284/1 4269/4283/1 1879/998/1
f 1895/3075/1 1894/1024/1 4270/4285/1 4268/4284/1
f 4268/4284/1 4270/4285/1 4271/105/1 4269/4283/1
f 1894/1024/1 155/1023/1 620/3472/1 4270/4285/1
f 4270/4285/1 620/3472/1 621/106/1 4271/105/1
f 1903/1030/1 4273/4286/1 1105/3082/1 240/1031/1
f 4273/4286/1 4275/101/1 1104/104/1 1105/3082/1
f 431/1047/1 1919/3033/1 4272/4287/1 1902/3068/1
f 1902/3068/1 4272/4287/1 4273/4286/1 1903/1030/1
f 1919/3033/1 1918/1056/1 4274/4288/1 4272/4287/1
f 4272/4287/1 4274/4288/1 4275/101/1 4273/4286/1
f 1918/1056/1 153/1055/1 618/3441/1 4274/4288/1
f 4274/4288/1 618/3441/1 619/102/1 4275/101/1
f 1927/1062/1 4277/4289/1 1101/3040/1 238/1063/1
f 4277/4289/1 4279/97/1 1100/100/1 1101/3040/1
f 435/1079/1 1943/2991/1 4276/4290/1 1926/3026/1
f 1926/3026/1 4276/4290/1 4277/4289/1 1927/1062/1
f 1943/2991/1 1942/1088/1 4278/4291/1 4276/4290/1
f 4276/4290/1 4278/4291/1 4279/97/1 4277/4289/1
f 1942/1088/1 151/1087/1 616/3410/1 4278/4291/1
f 4278/4291/1 616/3410/1 617/98/1 4279/97/1
f 1951/1094/1 4281/4292/1 1097/2998/1 236/1095/1
f 4281/4292/1 4283/93/1 1096/96/1 1097/2998/1
f 439/1111/1 1967/2949/1 4280/4293/1 1950/2984/1
f 1950/2984/1 4280/4293/1 4281/4292/1 1951/1094/1
f 1967/2949/1 1966/1120/1 4282/4294/1 4280/4293/1
f 4280/4293/1 4282/4294/1 4283/93/1 4281/4292/1
f 1966/1120/1 149/1119/1 614/3379/1 4282/4294/1
f 4282/4294/1 614/3379/1 615/94/1 4283/93/1
f 1975/1126/1 4285/4295/1 1093/2956/1 234/1127/1
f 4285/4295/1 4287/89/1 1092/92/1 1093/2956/1
f 443/1143/1 1991/2907/1 4284/4296/1 1974/2942/1
f 1974/2942/1 4284/4296/1 4285/4295/1 1975/1126/1
f 1991/2907/1 1990/1152/1 4286/4297/1 4284/4296/1
f 4284/4296/1 4286/4297/1 4287/89/1 4285/4295/1
f 1990/1152/1 147/1151/1 612/3348/1 4286/4297/1
f 4286/4297/1 612/3348/1 613/90/1 4287/89/1
f 1999/1158/1 4289/4298/1 1089/2914/1 232/1159/1
f 4289/4298/1 4291/85/1 1088/88/1 1089/2914/1
f 447/1175/1 2015/2857/1 4288/4299/1 1998/2900/1
f 1998/2900/1 4288/4299/1 4289/4298/1 1999/1158/1
f 2015/2857/1 2014/1184/1 4290/4300/1 4288/4299/1
f 4288/4299/1 4290/4300/1 4291/85/1 4289/4298/1
f 2014/1184/1 145/1183/1 610/3317/1 4290/4300/1
f 4290/4300/1 610/3317/1 611/86/1 4291/85/1
f 2023/1190/1 4293/4301/1 1085/1911/1 230/1191/1
f 4293/4301/1 4295/81/1 1084/84/1 1085/1911/1
f 451/1207/1 2039/2810/1 4292/4302/1 2022/2850/1
f 2022/2850/1 4292/4302/1 4293/4301/1 2023/1190/1
f 2039/2810/1 2038/1216/1 4294/4303/1 4292/4302/1
f 4292/4302/1 4294/4303/1 4295/81/1 4293/4301/1
f 2038/1216/1 141/1215/1 606/3280/1 4294/4303/1
f 4294/4303/1 606/3280/1 607/82/1 4295/81/1
f 2047/1222/1 4297/4304/1 1081/2817/1 228/1223/1
f 4297/4304/1 4299/77/1 1080/80/1 1081/2817/1
f 455/1239/1 2063/2760/1 4296/4305/1 2046/2801/1
f 2046/2801/1 4296/4305/1 4297/4304/1 2047/1222/1
f 2063/2760/1 2062/1248/1 4298/4306/1 4296/4305/1
f 4296/4305/1 4298/4306/1 4299/77/1 4297/4304/1
f 2062/1248/1 139/1247/1 604/3240/1 4298/4306/1
f 4298/4306/1 604/3240/1 605/78/1 4299/77/1
f 2071/1254/1 4301/4307/1 1077/2767/1 226/1255/1
f 4301/4307/1 4303/73/1 1076/76/1 1077/2767/1
f 459/1271/1 2087/2710/1 4300/4308/1 2070/2751/1
f 2070/2751/1 4300/4308/1 4301/4307/1 2071/1254/1
f 2087/2710/1 2086/1280/1 4302/4309/1 4300/4308/1
f 4300/4308/1 4302/4309/1 4303/73/1 4301/4307/1
f 2086/1280/1 137/1279/1 602/3198/1 4302/4309/1
f 4302/4309/1 602/3198/1 603/74/1 4303/73/1
f 2095/1286/1 4305/4310/1 1073/2717/1 224/1287/1
f 4305/4310/1 4307/69/1 1072/72/1 1073/2717/1
f 463/1303/1 2111/2660/1 4304/4311/1 2094/2701/1
f 2094/2701/1 4304/4311/1 4305/4310/1 2095/1286/1
f 2111/2660/1 2110/1312/1 4306/4312/1 4304/4311/1
f 4304/4311/1 4306/4312/1 4307/69/1 4305/4310/1
f 2110/1312/1 135/1311/1 600/3156/1 4306/4312/1
f 4306/4312/1 600/3156/1 601/70/1 4307/69/1
f 2119/1318/1 4309/4313/1 1069/2667/1 222/1319/1
f 4309/4313/1 4311/65/1 1068/68/1 1069/2667/1
f 467/1335/1 2135/2610/1 4308/4314/1 2118/2651/1
f 2118/2651/1 4308/4314/1 4309/4313/1 2119/1318/1
f 2135/2610/1 2134/1344/1 4310/4315/1 4308/4314/1
f 4308/4314/1 4310/4315/1 4311/65/1 4309/4313/1
f 2134/1344/1 133/1343/1 598/3114/1 4310/4315/1
f 4310/4315/1 598/3114/1 599/66/1 4311/65/1
f 2143/1350/1 4313/4316/1 1065/2617/1 220/1351/1
f 4313/4316/1 4315/61/1 1064/64/1 1065/2617/1
f 471/1367/1 2159/2560/1 4312/4317/1 2142/2601/1
f 2142/2601/1 4312/4317/1 4313/4316/1 2143/1350/1
f 2159/2560/1 2158/1376/1 4314/4318/1 4312/4317/1
f 4312/4317/1 4314/4318/1 4315/61/1 4313/4316/1
f 2158/1376/1 131/1375/1 596/3072/1 4314/4318/1
f 4314/4318/1 596/3072/1 597/62/1 4315/61/1
f 2167/1382/1 4317/4319/1 1061/2567/1 218/1383/1
f 4317/4319/1 4319/57/1 1060/60/1 1061/2567/1
f 475/1399/1 2183/2510/1 4316/4320/1 2166/2551/1
f 2166/2551/1 4316/4320/1 4317/4319/1 2167/1382/1
f 2183/2510/1 2182/1408/1 4318/4321/1 4316/4320/1
f 4316/4320/1 4318/4321/1 4319/57/1 4317/4319/1
f 2182/1408/1 129/1407/1 594/3030/1 4318/4321/1
f 4318/4321/1 594/3030/1 595/58/1 4319/57/1
f 2191/1414/1 4321/4322/1 1057/2517/1 216/1415/1
f 4321/4322/1 4323/53/1 1056/56/1 1057/2517/1
f 479/1431/1 2207/2460/1 4320/4323/1 2190/2501/1
f 2190/2501/1 4320/4323/1 4321/4322/1 2191/1414/1
f 2207/2460/1 2206/1440/1 4322/4324/1 4320/4323/1
f 4320/4323/1 4322/4324/1 4323/53/1 4321/4322/1
f 2206/1440/1 127/1439/1 592/2988/1 4322/4324/1
f 4322/4324/1 592/2988/1 593/54/1 4323/53/1
f 2215/1446/1 4325/4325/1 1053/2467/1 214/1447/1
f 4325/4325/1 4327/49/1 1052/52/1 1053/2467/1
f 483/1463/1 2231/2410/1 4324/4326/1 2214/2451/1
f 2214/2451/1 4324/4326/1 4325/4325/1 2215/1446/1
f 2231/2410/1 2230/1472/1 4326/4327/1 4324/4326/1
f 4324/4326/1 4326/4327/1 4327/49/1 4325/4325/1
f 2230/1472/1 125/1471/1 590/2946/1 4326/4327/1
f 4326/4327/1 590/2946/1 591/50/1 4327/49/1
f 2239/1478/1 4329/4328/1 1049/2417/1 212/1479/1
f 4329/4328/1 4331/45/1 1048/48/1 1049/2417/1
f 487/1495/1 2255/2351/1 4328/4329/1 2238/2401/1
f 2238/2401/1 4328/4329/1 4329/4328/1 2239/1478/1
f 2255/2351/1 2254/1504/1 4330/4330/1 4328/4329/1
f 4328/4329/1 4330/4330/1 4331/45/1 4329/4328/1
f 2254/1504/1 123/1503/1 588/2904/1 4330/4330/1
f 4330/4330/1 588/2904/1 589/46/1 4331/45/1
f 2263/1510/2 4333/4331/2 845/4332/2 102/1511/2
f 4333/4331/2 4335/41/2 844/44/2 845/4332/2
f 491/1527/1 2279/2309/1 4332/4333/1 2262/2344/1
f 2262/2344/1 4332/4333/1 4333/4331/1 2263/1510/1
f 2279/2309/1 2278/1536/1 4334/4334/1 4332/4333/1
f 4332/4333/1 4334/4334/1 4335/41/1 4333/4331/1
f 2278/1536/1 207/1535/1 672/1901/1 4334/4334/1
f 4334/4334/1 672/1901/1 673/42/1 4335/41/1
f 2287/1542/2 4337/4335/2 849/4336/2 104/1543/2
f 4337/4335/2 4339/37/2 848/40/2 849/4336/2
f 495/1559/1 2303/2265/1 4336/4337/1 2286/2302/1
f 2286/2302/1 4336/4337/1 4337/4335/1 2287/1542/1
f 2303/2265/1 2302/1568/1 4338/4338/1 4336/4337/1
f 4336/4337/1 4338/4338/1 4339/37/1 4337/4335/1
f 2302/1568/1 201/1567/1 666/2348/1 4338/4338/1
f 4338/4338/1 666/2348/1 667/38/1 4339/37/1
f 2311/1574/2 4341/4339/2 853/4340/2 106/1575/2
f 4341/4339/2 4343/33/2 852/36/2 853/4340/2
f 499/1591/1 2327/2221/1 4340/4341/1 2310/2258/1
f 2310/2258/1 4340/4341/1 4341/4339/1 2311/1574/1
f 2327/2221/1 2326/1600/1 4342/4342/1 4340/4341/1
f 4340/4341/1 4342/4342/1 4343/33/1 4341/4339/1
f 2326/1600/1 195/1599/1 660/2306/1 4342/4342/1
f 4342/4342/1 660/2306/1 661/34/1 4343/33/1
f 2335/1606/2 4345/4343/2 857/4344/2 108/1607/2
f 4345/4343/2 4347/29/2 856/32/2 857/4344/2
f 503/1623/1 2351/2177/1 4344/4345/1 2334/2214/1
f 2334/2214/1 4344/4345/1 4345/4343/1 2335/1606/1
f 2351/2177/1 2350/1632/1 4346/4346/1 4344/4345/1
f 4344/4345/1 4346/4346/1 4347/29/1 4345/4343/1
f 2350/1632/1 189/1631/1 654/2262/1 4346/4346/1
f 4346/4346/1 654/2262/1 655/30/1 4347/29/1
f 2359/1638/2 4349/4347/2 861/4348/2 110/1639/2
f 4349/4347/2 4351/25/2 860/28/2 861/4348/2
f 507/1655/1 2375/2133/1 4348/4349/1 2358/2170/1
f 2358/2170/1 4348/4349/1 4349/4347/1 2359/1638/1
f 2375/2133/1 2374/1664/1 4350/4350/1 4348/4349/1
f 4348/4349/1 4350/4350/1 4351/25/1 4349/4347/1
f 2374/1664/1 183/1663/1 648/2218/1 4350/4350/1
f 4350/4350/1 648/2218/1 649/26/1 4351/25/1
f 2383/1670/2 4353/4351/2 865/4352/2 112/1671/2
f 4353/4351/2 4355/21/2 864/24/2 865/4352/2
f 511/1687/1 2399/2089/1 4352/4353/1 2382/2126/1
f 2382/2126/1 4352/4353/1 4353/4351/1 2383/1670/1
f 2399/2089/1 2398/1696/1 4354/4354/1 4352/4353/1
f 4352/4353/1 4354/4354/1 4355/21/1 4353/4351/1
f 2398/1696/1 177/1695/1 642/2174/1 4354/4354/1
f 4354/4354/1 642/2174/1 643/22/1 4355/21/1
f 2407/1702/2 4357/4355/2 869/4356/2 114/1703/2
f 4357/4355/2 4359/17/2 868/20/2 869/4356/2
f 515/1719/1 2423/2045/1 4356/4357/1 2406/2082/1
f 2406/2082/1 4356/4357/1 4357/4355/1 2407/1702/1
f 2423/2045/1 2422/1728/1 4358/4358/1 4356/4357/1
f 4356/4357/1 4358/4358/1 4359/17/1 4357/4355/1
f 2422/1728/1 171/1727/1 636/2130/1 4358/4358/1
f 4358/4358/1 636/2130/1 637/18/1 4359/17/1
f 2431/1734/2 4361/4359/2 873/4360/2 116/1735/2
f 4361/4359/2 4363/13/2 872/16/2 873/4360/2
f 519/1751/1 2447/2001/1 4360/4361/1 2430/2038/1
f 2430/2038/1 4360/4361/1 4361/4359/1 2431/1734/1
f 2447/2001/1 2446/1760/1 4362/4362/1 4360/4361/1
f 4360/4361/1 4362/4362/1 4363/13/1 4361/4359/1
f 2446/1760/1 165/1759/1 630/2086/1 4362/4362/1
f 4362/4362/1 630/2086/1 631/14/1 4363/13/1
f 2455/1766/2 4365/4363/2 877/4364/2 118/1767/2
f 4365/4363/2 4367/9/2 876/12/2 877/4364/2
f 523/1783/1 2471/1957/1 4364/4365/1 2454/1994/1
f 2454/1994/1 4364/4365/1 4365/4363/1 2455/1766/1
f 2471/1957/1 2470/1792/1 4366/4366/1 4364/4365/1
f 4364/4365/1 4366/4366/1 4367/9/1 4365/4363/1
f 2470/1792/1 143/1791/1 608/2042/1 4366/4366/1
f 4366/4366/1 608/2042/1 609/10/1 4367/9/1
f 2479/1798/2 4369/4367/2 779/4368/2 68/1799/2
f 4369/4367/2 4371/5/2 778/8/2 779/4368/2
f 527/1815/1 2495/1904/1 4368/4369/1 2478/1948/1
f 2478/1948/1 4368/4369/1 4369/4367/1 2479/1798/1
f 2495/1904/1 2494/1824/1 4370/4370/1 4368/4369/1
f 4368/4369/1 4370/4370/1 4371/5/1 4369/4367/1
f 2494/1824/1 121/1823/1 586/1998/1 4370/4370/1
f 4370/4370/1 586/1998/1 587/6/1 4371/5/1
f 2503/1830/2 4373/4371/2 841/4372/2 100/1831/2
f 4373/4371/2 4375/1/2 840/4/2 841/4372/2
f 531/1847/1 2519/1858/1 4372/4373/1 2502/1897/1
f 2502/1897/1 4372/4373/1 4373/4371/1 2503/1830/1
f 2519/1858/1 2518/1856/1 4374/4374/1 4372/4373/1
f 4372/4373/1 4374/4374/1 4375/1/1 4373/4371/1
f 2518/1856/2 67/1855/2 534/4375/2 4374/4374/2
f 4374/4374/2 534/4375/2 535/2/2 4375/1/2
