####
#
# OBJ File Generated by Meshlab
#
####
# Object rndy.obj
#
# Vertices: 1363
# Faces: 3658
#
####
vn -0.7018787578795490 0.6367351133874614 0.3192719915948125
v -1.1222080504911460 0.7257850097914711 0.7719858375587058
vn -0.6385201857857982 0.3399731649111388 -0.6904420464342923
v -1.1112748757418145 0.6657323432858387 -0.8401251535378226
vn 0.3382664548136634 0.5041200864580803 -0.7946311999772558
v 0.4393500652701942 0.7069316585276718 -1.3061962915581427
vn 0.6605348717924671 -0.2037117400424093 0.7226307564136770
v 1.1089554830399062 -0.6333485945966758 0.8597720065825720
vn 0.2743149283310409 0.4446874196291365 -0.8526455411941800
v 0.2760000000000000 0.4470000000000000 -0.8510000000000000
vn 0.7253700461639274 -0.4466896549256764 0.5237429219669910
v 0.7240000000000000 -0.4470000000000000 0.5260000000000000
vn -0.2840149004097927 -0.4399666560218550 0.8519183516829312
v -0.2760000000000000 -0.4470000000000000 0.8510000000000000
vn -0.8980577512226554 -0.4398476304831252 -0.0051320003202695
v -0.8940000000000000 -0.4470000000000000 0.0000000000000000
vn -0.2694789393322803 -0.4445193103279235 -0.8542737757896682
v -0.2760000000000000 -0.4470000000000000 -0.8510000000000000
vn 0.7293879063723929 -0.4378122005738795 -0.5256555517316968
v 0.7240000000000000 -0.4470000000000000 -0.5260000000000000
vn -0.7259705708592087 0.4479204194698719 -0.5218563289529877
v -0.7240000000000000 0.4470000000000000 -0.5260000000000000
vn -0.7234216447173953 0.4556148221850057 0.5187256093154687
v -0.7240000000000000 0.4470000000000000 0.5260000000000000
vn 0.2759232503082437 0.4529086831182210 0.8477854001428977
v 0.2760000000000000 0.4470000000000000 0.8510000000000000
vn 0.8960986143222088 0.4438324429802720 0.0044761554911190
v 0.8940000000000000 0.4470000000000000 -0.0000000000000000
vn -0.0004293628719314 -0.9999943367877743 -0.0033379694282033
v 0.0000000000000000 -1.0000000000000000 0.0000000000000000
vn 0.0082438886500107 0.9998120267696334 -0.0175484878757074
v 0.0000000000000000 1.0000000000000000 -0.0000000000000000
vn -0.0113722720768465 0.5294877499982458 -0.8482413536427031
v 0.2587500000000000 0.4815620000000000 -0.7978130000000000
vn -0.1824078598250936 -0.8502488103544293 0.4937654637223088
v 0.2415000177812363 0.5161250444107980 -0.7446249306381824
vn 0.2847218255067914 0.7965101390321190 -0.5333901766053765
v 0.2230845209053208 0.5490220126323124 -0.6941810773077645
vn 0.4878700811213090 0.7934800425306840 -0.3638299136302445
v 0.2070000000000000 0.5852500000000000 -0.6382500000000000
vn 0.0902295707024195 0.8162345033803281 -0.5706311068127344
v 0.1897500000000000 0.6198129999999999 -0.5850630000000000
vn 0.2286457051804292 0.8485128945849816 -0.4772284664870278
v 0.1207500000000000 0.7580630000000000 -0.3723130000000000
vn 0.2766462932981231 0.8577636444461411 -0.4332532269595724
v 0.1035000000000000 0.7926250000000000 -0.3191250000000000
vn 0.2297387316634543 0.8857023694391410 -0.4034246248601570
v 0.0690000000000000 0.8617500000000000 -0.2127500000000000
vn 0.0865206529172708 0.8922332444536341 -0.4432087703447560
v 0.0517500000000000 0.8963130000000000 -0.1595630000000000
vn -0.7197889386806494 0.6910822219956991 -0.0656448489561191
v 0.0172500000000000 0.9654380000000000 -0.0531880000000000
vn 0.4703616399556926 0.8066458372094759 0.3578860446717854
v -0.0452500000000000 0.9654380000000000 -0.0328750000000000
vn -0.0556942846687940 0.9333671503217867 -0.3545756750757426
v -0.0905000000000000 0.9308750000000000 -0.0657500000000000
vn -0.3743674323578958 0.8881475006395652 -0.2665390078345940
v -0.1810000000000000 0.8617500000000000 -0.1315000000000000
vn -0.3203379737832481 0.8551393212416488 -0.4075786106002315
v -0.2715000000000000 0.7926250000000000 -0.1972500000000000
vn -0.3731525786196485 0.8321906387245822 -0.4101413096588526
v -0.4063172651643662 0.6896532051551291 -0.2954882854575195
vn -0.5942690430452415 0.8038043647771094 -0.0272552314860929
v -0.4525000000000000 0.6543750000000000 -0.3287500000000000
vn -0.5332147891428068 0.8155077407415916 -0.2250091407697411
v -0.4977500000000000 0.6198129999999999 -0.3616250000000000
vn -0.2683069313256639 0.8247502039331661 -0.4977936236180675
v -0.5430000000000000 0.5852500000000000 -0.3945000000000000
vn -0.5345061330950570 0.7640395036180447 -0.3613126493701279
v -0.6335000000000000 0.5161249999999999 -0.4602500000000000
vn -0.0181923681490726 -0.9907975340116150 0.1341241377889573
v -0.6787500000000000 0.4815620000000000 -0.4931250000000000
vn -0.4068016544521190 0.5147696147230477 -0.7546685747352302
v -0.5990000000000000 0.4470000000000000 -0.5666250000000000
vn -0.2962673293862066 0.2850019152656222 -0.9115917824516037
v -0.5365000000000000 0.4470000000000000 -0.5869380000000000
vn -0.3262948209098216 0.6020742686749346 -0.7287237232634671
v -0.4740000000000000 0.4470000000000000 -0.6072500000000000
vn -0.3320981050936319 0.5328580468220651 -0.7783143006075329
v -0.4115000000000000 0.4470000000000000 -0.6275630000000000
vn -0.2646433198491753 0.5164374024358109 -0.8144055025750744
v -0.2239996023623837 0.4470003451893442 -0.6884998083493088
vn -0.2304080078231277 0.6237714991032456 -0.7468743313553272
v -0.1626633974253845 0.4472491425521347 -0.7083872296710724
vn -0.2677480547037060 0.4995990536753399 -0.8238396474855322
v -0.0365000000000000 0.4470000000000000 -0.7494380000000000
vn -0.1787761942575336 0.4816167327836355 -0.8579536089262687
v 0.0260000000000000 0.4470000000000000 -0.7697500000000000
vn -0.1669971468685686 0.6223883781761429 -0.7646859876112733
v 0.0885000000000000 0.4470000000000000 -0.7900630000000000
vn -0.0930724445001538 0.4726448465463343 -0.8763243515433984
v 0.1510000000000000 0.4470000000000000 -0.8103750000000000
vn 0.9865448150013441 -0.1605268637482841 0.0309911924440424
v 0.8381250000000000 0.4815620000000000 -0.0000000000000000
vn -0.4568346012244437 -0.7385371984127828 0.4958477121906499
v 0.7822500000000000 0.5161249999999999 -0.0000000000000000
vn 0.5474682559578525 0.2557358617820014 -0.7967921170023485
v 0.7263750000000000 0.5506880000000000 -0.0000000000000000
vn 0.6049391697893570 0.7891485062321161 0.1062696380260290
v 0.6768875823177989 0.5806330621929406 -0.0028703042852298
vn 0.4938936780769709 0.7983322211127036 0.3445790177722065
v 0.5587500000000000 0.6543750000000000 -0.0000000000000000
vn 0.5204713909992335 0.8414124237307833 0.1453776610859170
v 0.3911250000000000 0.7580630000000000 -0.0000000000000000
vn 0.4956012574851047 0.8605408474594911 0.1176811090739877
v 0.3352500000000000 0.7926250000000000 -0.0000000000000000
vn 0.2113866620461013 0.7879073423314293 0.5783750504726420
v 0.2793750000000000 0.8271880000000000 -0.0000000000000000
vn 0.4953468139837188 0.8007948352727524 0.3366885291729797
v 0.2235000000000000 0.8617500000000000 -0.0000000000000000
vn 0.0727490979273449 0.9555312554255976 -0.2857754164646408
v 0.0558750000000000 0.9654380000000000 -0.0000000000000000
vn -0.4591730109252874 0.7996033414009012 -0.3870331283731661
v 0.3146251173626370 0.4469998974140271 -0.7978129862662482
vn -0.4601417989205288 -0.8225609750894975 0.3341600920905944
v 0.3532501118115866 0.4470001279256393 -0.7446247541659567
vn 0.6792451517502397 0.5434246941761869 -0.4932703372222086
v 0.3918750000000000 0.4470000000000000 -0.6914380000000000
vn 0.6240890056880301 0.5269186465020622 -0.5769485704530005
v 0.4304993966066344 0.4470001405442578 -0.6382506119149922
vn 0.7554099046112190 0.4591857155317527 -0.4674444936747690
v 0.7008750000000000 0.4470000000000000 -0.2659380000000000
vn 0.6463169854570009 0.6519107348391636 -0.3965939335280315
v 0.7395000000000000 0.4470000000000000 -0.2127500000000000
vn 0.7437583899222934 0.3938186543577917 -0.5401206577238241
v 0.7781250000000000 0.4470000000000000 -0.1595630000000000
vn 0.5017198773619070 -0.2551310730038497 0.8265502406072224
v 0.3532500000000000 0.4470000000000000 0.7446250000000000
vn 0.5956051396006212 0.5818796406343972 0.5537784769169974
v 0.3918750000000000 0.4470000000000000 0.6914380000000000
vn 0.6896254420005425 0.4325060356005997 0.5808229324971673
v 0.4305014385512762 0.4469996653288939 0.6382485405567526
vn -0.7952092655277665 -0.1848036886327847 -0.5774857753109655
v 0.4691230747202891 0.4470002902424698 0.5850651864196516
vn 0.6961591365483644 0.5095883330385996 0.5056502619708381
v 0.5849999731357906 0.4470000837672261 0.4254999794842137
vn 0.6559736483906503 0.5860189635135923 0.4756893387700784
v 0.6622500000000000 0.4470000000000000 0.3191250000000000
vn 0.7838310516001038 0.4265673640758233 0.4512750452361392
v 0.7395000000000000 0.4470000000000000 0.2127500000000000
vn 0.5386331374346592 0.7462377896687992 0.3911566240363578
v 0.7781250000000000 0.4470000000000000 0.1595620000000000
vn 0.8066349205389792 0.5132355062178473 0.2931372035828695
v 0.8553750000000000 0.4470000000000000 0.0531870000000000
vn 0.9581358744446465 0.2332153772395190 -0.1660910410624890
v 0.8833750000000000 0.3911250000000000 0.0328750000000000
vn 0.8032395500920207 0.1811277420204597 0.5674495274811127
v 0.8621250000000000 0.2793750000000000 0.0986250000000000
vn 0.6066565675045001 0.5618296409333617 0.5624191174492095
v 0.8515001330183827 0.2235020060628916 0.1314993040925058
vn 0.9428906587764804 0.0171092251108765 0.3326627120796079
v 0.8302500000000000 0.1117500000000000 0.1972500000000000
vn 0.9414116651240269 0.0190986972320623 0.3367184529134766
v 0.8090000000000001 0.0000000000000000 0.2630000000000000
vn 0.9055385118219585 0.0540541828221461 0.4208065457270153
v 0.7983749999999999 -0.0558750000000000 0.2958750000000000
vn 0.9023498452043249 -0.0491296924597159 0.4281950842531293
v 0.7665000000000000 -0.2235000000000000 0.3945000000000000
vn 0.9684843136551183 -0.2341422008851086 -0.0849444757983232
v 0.7558750000000000 -0.2793750000000000 0.4273750000000000
vn 0.5447309764533198 0.1070731034546980 0.8317472655854015
v 0.7452500000000000 -0.3352500000000000 0.4602500000000000
vn 0.1691355962148940 -0.8394676425785814 0.5164176867193758
v 0.7346250000000000 -0.3911250000000000 0.4931250000000000
vn 0.5329571486621104 -0.4844403193130569 0.6937393276395800
v 0.6960000000000000 -0.3911250000000000 0.5463130000000000
vn 0.6643229038353068 -0.0543042578960553 0.7454704065314629
v 0.6120000000000000 -0.2235000000000000 0.6072500000000000
vn 0.4762130908222238 -0.1057592657486853 0.8729467737713700
v 0.5603953343905119 -0.1206230000127578 0.6446717873581412
vn 0.6777333018353850 0.0416176066465042 0.7341291074465878
v 0.5280008539309893 -0.0558768971915302 0.6681873562479053
vn -0.2339511352247222 0.2264856015647508 -0.9455004699157566
v 0.5000000000000000 0.0000000000000000 0.6885000000000000
vn 0.4720817312568422 -0.0468290665433875 0.8803101030547232
v 0.4440000000000000 0.1117500000000000 0.7291250000000000
vn -0.8185401914271184 -0.2167994550081795 -0.5319679984046153
v 0.4160000000000000 0.1676250000000000 0.7494380000000000
vn 0.5957389628426374 0.0689216725443474 0.8002155279703514
v 0.3600000000000000 0.2793750000000000 0.7900630000000000
vn 0.2025098317643638 -0.1602363759816161 0.9660818142637028
v 0.3320000000000000 0.3352500000000000 0.8103750000000000
vn -0.1583940432144610 -0.2007066251925848 0.9667616964267765
v -0.2415000000000000 -0.3911250000000000 0.8510000000000000
vn -0.2992948967738556 0.1841055514892789 -0.9362305862745329
v -0.1725007196094563 -0.2793755284097869 0.8509999423696931
vn 0.3116751687206984 -0.1924453052296836 0.9304963157895781
v -0.1379996007064589 -0.2234988599782025 0.8510000492059925
vn -0.1307889345690490 0.0110455709024852 0.9913487025046894
v -0.1035000000000000 -0.1676250000000000 0.8510000000000000
vn -0.0032657219535147 0.0020168584190315 0.9999926336439884
v -0.0345022100961327 -0.0558789381325860 0.8509999586078242
vn 0.1179468828626599 -0.0575345929666634 0.9913517556524234
v 0.0345022100963751 0.0558789381329771 0.8509999586078233
vn 0.0537136360964187 0.0262718721164241 0.9982107162482278
v 0.1380000000000000 0.2235000000000000 0.8510000000000000
vn -0.0607761340874221 0.1421269342348401 0.9879808682815640
v 0.1725000000000000 0.2793750000000000 0.8510000000000000
vn 0.0097289001461007 -0.0060023202467828 -0.9999346581920252
v 0.2070000000000000 0.3352500000000000 0.8510000000000000
vn 0.1262184014698152 0.2337442989835833 0.9640708053992081
v 0.2415000000000000 0.3911250000000000 0.8510000000000000
vn -0.3089468025387659 0.0299844697065951 -0.9506065457261942
v 0.5990000000000000 -0.4470000000000000 0.5666250000000000
vn 0.3447019991589499 -0.4195688368341997 0.8397276480701465
v 0.5365000000000000 -0.4470000000000000 0.5869380000000000
vn -0.1158575732391967 0.9270948862413334 -0.3564717304756343
v 0.4740000000000000 -0.4470000000000000 0.6072500000000000
vn 0.4440678458325658 0.2744696278618063 0.8529186196109370
v 0.4115000000000000 -0.4470000000000000 0.6275630000000000
vn 0.2599335517367535 -0.5410752343936642 0.7997950608795716
v 0.3489990173655918 -0.4469999360586251 0.6478753837598266
vn 0.2102236880452185 -0.7330778425173683 0.6468406896560754
v 0.0990000000000000 -0.4470000000000000 0.7291250000000000
vn -0.1179318657454526 -0.9926783144015077 -0.0261120500684648
v 0.0364995725466852 -0.4470000441500398 0.7494380953052097
vn 0.1834086753806598 -0.4448871467197085 0.8766052044556366
v -0.0260017909713713 -0.4469995963004767 0.7697507448033820
vn 0.1202376822720743 -0.6043004313745978 0.7876318228730445
v -0.0885000000000000 -0.4470000000000000 0.7900630000000000
vn 0.2790502818306891 -0.4300107894191273 0.8586161314541859
v -0.1510000000000000 -0.4470000000000000 0.8103750000000000
vn -0.6127672749117182 0.6653530722811193 0.4264053892756778
v -0.6615000000000000 0.4470000000000000 0.5463120000000000
vn -0.5765072470989624 -0.1409995286953816 0.8048344717704728
v -0.5990000000000000 0.4470000000000000 0.5666250000000000
vn -0.2607271873654666 0.9529679871767228 0.1545100293988661
v -0.5365026663231378 0.4470009413142296 0.5869362578362719
vn 0.3045488558691613 -0.1706941952500018 -0.9370770971999791
v -0.4740016976495517 0.4470000069708854 0.6072493513124660
vn -0.2766555277857738 0.6383774859537206 0.7182867842115588
v -0.4115000000000000 0.4470000000000000 0.6275630000000000
vn -0.3091634446565621 0.4311429749000439 0.8476636713239686
v -0.3489985053124400 0.4469999027612689 0.6478755837108854
vn -0.2660906043485587 0.5087833555918720 0.8187400609168294
v -0.2240000617754490 0.4469997962774371 0.6885000663248296
vn -0.2670767276797821 0.4080660036285629 0.8730132634814165
v -0.1615000000000000 0.4470000000000000 0.7088130000000000
vn -0.2338165240560092 0.6540195081112838 0.7194361098028372
v 0.0260004848583377 0.4469998905110717 0.7697502017232418
vn -0.2338150825282726 0.6540266972780686 0.7194300427629073
v 0.0885000000000000 0.4470000000000000 0.7900630000000000
vn 0.0535179629141126 -0.3675251294860838 0.9284724588493517
v 0.1510000000000000 0.4470000000000000 0.8103750000000000
vn -0.4812310473758696 -0.1422327174403593 0.8649777645298486
v -0.3320000000000000 -0.3352500000000000 0.8103750000000000
vn -0.5674817160711146 -0.0763804643718221 0.8198356704775218
v -0.3880000000000000 -0.2235000000000000 0.7697500000000000
vn 0.8147993055195764 0.2121865889780825 -0.5395173242655533
v -0.4160000000000000 -0.1676250000000000 0.7494380000000000
vn -0.6887799733018128 -0.1308957659455141 0.7130557108921373
v -0.4395891839099776 -0.1206256597090256 0.7323099993855851
vn -0.6858754400982829 -0.0497893130566467 0.7260137085312741
v -0.5280000000000000 0.0558750000000000 0.6681880000000000
vn -0.5076997656081065 0.0968734633747507 0.8560703709948466
v -0.5603952230845204 0.1206227925501756 0.6446718686521454
vn -0.4434854335939844 0.1014947193338621 0.8905164187915325
v -0.6120000000000000 0.2235000000000000 0.6072500000000000
vn -0.4915441555476974 0.5198876559294942 0.6986423751527221
v -0.6960000000000000 0.3911250000000000 0.5463130000000000
vn -0.8186645410708369 -0.5274885881154822 0.2270333865342529
v -0.8833750000000000 -0.3911250000000000 0.0328750000000000
vn 0.8380642078757131 -0.2493965737880699 -0.4852316276382090
v -0.8727500000000000 -0.3352500000000000 0.0657500000000000
vn -0.9430449245708211 -0.1251461438772520 0.3082283454094846
v -0.8621250000000000 -0.2793750000000000 0.0986250000000000
vn -0.6423145149941298 -0.5135738501655633 0.5689235135358488
v -0.8515000000000000 -0.2235000000000000 0.1315000000000000
vn -0.9706047427592980 0.0446032744021177 0.2365100024222364
v -0.8302500000000000 -0.1117500000000000 0.1972500000000000
vn -0.9563865296114681 0.0101033258874177 0.2919293215553127
v -0.7983749999999999 0.0558750000000000 0.2958750000000000
vn -0.9563871561771625 0.0101029830966370 0.2919272807257125
v -0.7877500000000000 0.1117500000000000 0.3287500000000000
vn -0.9473528230028502 0.0375332859602302 0.3179840895289544
v -0.7771250000000000 0.1676250000000000 0.3616250000000000
vn 0.9569883866944656 -0.2589527332279680 0.1308308437857406
v -0.7558750000000000 0.2793750000000000 0.4273750000000000
vn -0.0959846466353738 -0.1435415857105713 0.9849785585392087
v -0.7452496365450187 0.3352505609749349 0.4602508673770604
vn -0.7881418566419358 0.5306448011545485 0.3118469317095358
v -0.7346250000000000 0.3911250000000000 0.4931250000000000
vn -0.6673695681811482 -0.4693973936207843 0.5781729380797085
v -0.3918750000000000 -0.4470000000000000 0.6914380000000000
vn 0.7955175472491710 0.1827600694964668 -0.5777115101989139
v -0.4305004189409005 -0.4469999009684369 0.6382495771794046
vn -0.6004238038762656 -0.6219043040757899 0.5027188998941289
v -0.4691248436859756 -0.4470000238771534 0.5850631770661522
vn -0.6829513226342276 -0.5362840164038566 0.4959606281368587
v -0.5463737691781089 -0.4469999138950874 0.4786897462847912
vn -0.6440773421760423 -0.6053031665515933 0.4677311769147525
v -0.6622500000000000 -0.4470000000000000 0.3191250000000000
vn -0.6580141615077775 -0.6291804866652821 0.4137019198104538
v -0.7395000000000000 -0.4470000000000000 0.2127500000000000
vn -0.7544451331431963 -0.3614403858895549 0.5478808159851506
v -0.8167500000000000 -0.4470000000000000 0.1063750000000000
vn -0.3309109831820365 0.2352967459261828 -0.9138563139608148
v -0.7240000000000000 0.4470000000000000 -0.4602500000000000
vn -0.1919515108465360 0.9140785179704306 -0.3572325299699248
v -0.7240000000000000 0.4470000000000000 -0.3945000000000000
vn -0.6741699018446059 0.7385762949396834 -0.0000000661239381
v -0.7240000000000000 0.4470000000000000 -0.1972500000000000
vn -0.9113168929923242 0.4104620138300622 -0.0319758619803505
v -0.7240000000000000 0.4470000000000000 -0.1315000000000000
vn -0.7702888485346715 0.6376622240813018 -0.0064790279222764
v -0.7240117863975793 0.4471421247497848 -0.0662977843464292
vn -0.9015934571152870 0.4325842121328576 -0.0003708103289521
v -0.7239999851046175 0.4470000369463760 0.0000000000000134
vn -0.9148123679573169 0.4033173973636150 0.0212933890249163
v -0.7242027390070286 0.4468481468254314 0.0645027928459567
vn -0.7635025213347633 0.6458047092826141 0.0004211696304042
v -0.7240000000000000 0.4470000000000000 0.1315000000000000
vn -0.7645616603748873 0.6445505934252140 0.0000000000000001
v -0.7240000000000000 0.4470000000000000 0.1972500000000000
vn -0.8443490336808049 0.5302419332268545 0.0769298483694003
v -0.7240000000000000 0.4470000000000000 0.2630000000000000
vn 0.5228369306452052 -0.8524327210648974 0.0000033757255079
v -0.7240000000000000 0.4470000000000000 0.3945000000000000
vn -0.6131273904249397 0.6838638191782199 0.3954808211907151
v -0.7240000000000000 0.4470000000000000 0.4602500000000000
vn -0.7638172675270719 -0.2095613190470121 0.6104647699800160
v -0.8833750000000000 -0.3911250000000000 -0.0328750000000000
vn 0.9094337315400790 -0.3720123704176759 -0.1858415566909332
v -0.8621250149385239 -0.2793734748435179 -0.0986252808476610
vn -0.9835185074107486 -0.0124585305808722 -0.1803777441823091
v -0.8515000000000000 -0.2235000000000000 -0.1315000000000000
vn -0.9537018620264427 0.0036415985522760 -0.3007316031402088
v -0.8302500000000000 -0.1117500000000000 -0.1972500000000000
vn 0.7377212666259755 0.2327622778462294 0.6337105449490336
v -0.8089998720944499 -0.0000000911843065 -0.2630002401606473
vn -0.9547512042436849 0.0066105805699517 -0.2973322017874309
v -0.7983748601259515 0.0558756354254587 -0.2958754089353778
vn -0.9547509009562385 0.0066111264799317 -0.2973331635218602
v -0.7877508265212443 0.1117452820363784 -0.3287477439454933
vn -0.9472347537618241 0.0374166398990831 -0.3183493620606750
v -0.7771250000000000 0.1676250000000000 -0.3616250000000000
vn -0.9631329383018760 0.1164197031519553 -0.2425312265998039
v -0.7664998749189963 0.2235003542180498 -0.3945003209572762
vn 0.7868019843755024 0.1949382170363819 0.5856122684178058
v -0.7558750516526551 0.2793745486423160 -0.4273749351849817
vn -0.9515766581205510 0.0000771759797696 -0.3074115446172965
v -0.7346250000000000 0.3911250000000000 -0.4931250000000000
vn -0.7042380309011762 -0.2203053154145610 -0.6749180423077492
v -0.3600000000000000 -0.2793750000000000 -0.7900630000000000
vn 0.8939538145888591 0.2877881711301305 0.3435470068849418
v -0.3880003050989664 -0.2234996292026631 -0.7697498047762720
vn -0.6293725003066563 -0.1087800731653184 -0.7694525011590356
v -0.4160000000000000 -0.1676250000000000 -0.7494380000000000
vn -0.6905060862160116 -0.0848883656991581 -0.7183281355116005
v -0.4440000000000000 -0.1117500000000000 -0.7291250000000000
vn -0.6820866417476902 -0.0620534351859836 -0.7286337792958663
v -0.5280000000000000 0.0558750000000000 -0.6681880000000000
vn -0.5212435414598956 0.1365407470088667 -0.8424142656036915
v -0.6400000000000000 0.2793750000000000 -0.5869380000000000
vn 0.5924073449489070 0.0039958848880973 0.8056286803202501
v -0.6680000000000000 0.3352500000000000 -0.5666250000000000
vn -0.4834168263206564 0.5127941430276850 -0.7094718732314669
v -0.6960000000000000 0.3911250000000000 -0.5463130000000000
vn -0.9661229576775908 0.2545404984148849 0.0426094510056882
v -0.8553750000000000 -0.4470000000000000 -0.0531870000000000
vn -0.5027960184338796 -0.7835014163169101 -0.3651324341611328
v -0.7781250000000000 -0.4470000000000000 -0.1595620000000000
vn -0.7818783474176189 -0.4330896039051975 -0.4484413504893728
v -0.7395000000000000 -0.4470000000000000 -0.2127500000000000
vn -0.0136223183531137 -0.9951976133420457 0.0969337033285249
v -0.7008762415391258 -0.4469997420476000 -0.2659354521978464
vn -0.6563933223949628 -0.5847503250459253 -0.4766706029051793
v -0.6622500000000000 -0.4470000000000000 -0.3191250000000000
vn -0.6995842215186641 -0.5274305593691037 -0.4820777136994814
v -0.6236250785551567 -0.4469999947035912 -0.3723128949915065
vn -0.6966415786048298 -0.5086765358284525 -0.5059038375586172
v -0.5850000000000000 -0.4470000000000000 -0.4255000000000000
vn 0.7884635441512206 0.2245521259640872 0.5726269136789721
v -0.4305000000000000 -0.4470000000000000 -0.6382500000000000
vn -0.5456621994214956 0.4385358040924833 -0.7141002119110840
v -0.3918750000000000 -0.4470000000000000 -0.6914380000000000
vn -0.6464089706625663 -0.6014948353002836 -0.4694245474557612
v -0.3532500000000000 -0.4470000000000000 -0.7446250000000000
vn -0.1480363513013301 -0.2314679234937858 -0.9615133067653636
v -0.2415000000000000 -0.3911250000000000 -0.8510000000000000
vn 0.6313286104451054 -0.6221324026012431 0.4630069753978415
v -0.2069999530236120 -0.3352493789692926 -0.8510000446534668
vn -0.0226908494645130 0.0140107970732438 -0.9996443482138792
v 0.0000000000000000 -0.0000000000000000 -0.8510000000000000
vn -0.0923489363016366 0.0763464204166193 -0.9927954965920853
v 0.0345000000000000 0.0558750000000000 -0.8510000000000000
vn 0.2234520306301901 -0.1366957204214070 -0.9650821053287212
v 0.0689988545565594 0.1117484459318313 -0.8510000337483677
vn -0.1241394356821194 0.3040510560485034 -0.9445328770478637
v 0.2070000000000000 0.3352500000000000 -0.8510000000000000
vn 0.1763976169866700 0.2750831385761610 -0.9450995437479127
v 0.2415000000000000 0.3911250000000000 -0.8510000000000000
vn -0.4306964288782708 -0.4446362296547640 0.7853656533296454
v 0.6960000000000000 -0.3911250000000000 -0.5463130000000000
vn -0.5244674016366803 0.0462471271396367 0.8501735986560623
v 0.6680000000000000 -0.3352500000000000 -0.5666250000000000
vn 0.5860124543338067 -0.1273435992159235 -0.8002330979810834
v 0.6400000000000000 -0.2793750000000000 -0.5869380000000000
vn 0.0599640978644278 -0.5914363774977058 -0.8041189702647840
v 0.6120000000000000 -0.2235000000000000 -0.6072500000000000
vn 0.5257257638162675 -0.0802571897620755 -0.8468596133665227
v 0.5559993631991607 -0.1117484178536843 -0.6478755000241679
vn 0.5670766902038492 -0.0152060755022274 -0.8235246217905500
v 0.5280000000000000 -0.0558750000000000 -0.6681880000000000
vn 0.5672684747323988 -0.0150068354269969 -0.8233961819593560
v 0.4720000000000000 0.0558750000000000 -0.7088130000000000
vn 0.4352154942434720 -0.0461539244841232 -0.8991425297610630
v 0.4159990354171231 0.1676264015586886 -0.7494386385485583
vn 0.7985235045363138 0.1928552455426218 -0.5702342211492911
v 0.3600000000000000 0.2793750000000000 -0.7900630000000000
vn -0.2598013880955117 -0.0372723354964238 -0.9649424914212699
v 0.3320000000000000 0.3352500000000000 -0.8103750000000000
vn 0.0050000220285858 0.3716135758707321 -0.9283740356172620
v -0.1510000000000000 -0.4470000000000000 -0.8103750000000000
vn 0.2285590817362571 -0.6731923405901875 -0.7032587139357636
v -0.0885000000000000 -0.4470000000000000 -0.7900630000000000
vn -0.3089704021920390 0.0272991578774251 0.9506797812873022
v -0.0260000000000000 -0.4470000000000000 -0.7697500000000000
vn 0.2101050087902030 -0.5395738996926281 -0.8153011051456747
v 0.0365005065798852 -0.4470000704741288 -0.7494378080491945
vn 0.2574450048965587 -0.4108266823973354 -0.8746104884371154
v 0.1615000000000000 -0.4470000000000000 -0.7088130000000000
vn 0.2610372331804967 -0.5354841938851795 -0.8031912854311920
v 0.2240000618131581 -0.4469997962774380 -0.6885000663125734
vn 0.2819888738888929 -0.6205600413600411 -0.7317017903969474
v 0.4115000962681992 -0.4469999871791730 -0.6275629736718549
vn 0.3555986366325659 -0.4375471375265910 -0.8258947342533107
v 0.4740000000000000 -0.4470000000000000 -0.6072500000000000
vn 0.2012333292911377 -0.7590271025479647 -0.6191792993794657
v 0.5365000000000000 -0.4470000000000000 -0.5869380000000000
vn 0.6843645074986222 -0.2119062096855517 -0.6976682443488964
v 0.6615000000000000 -0.4470000000000000 -0.5463120000000000
vn 0.8433434216329854 -0.2245218227962270 -0.4882231296002150
v 0.7346250000000000 -0.3911250000000000 -0.4931250000000000
vn 0.9857294261985102 -0.1152525721252123 -0.1226961407089829
v 0.7664998749189941 -0.2235003542180609 -0.3945003209572827
vn 0.9665235106936511 -0.0341730126426479 -0.2542921714944155
v 0.7877500000000000 -0.1117500000000000 -0.3287500000000000
vn 0.9665252282877316 -0.0341776790203012 -0.2542850159567678
v 0.7983749999999999 -0.0558750000000000 -0.2958750000000000
vn 0.9022069645189965 0.0591774952626592 -0.4272243172244017
v 0.8089998722450814 0.0000000919764789 -0.2630002396948383
vn 0.9189728769375398 0.0555950630434731 -0.3903819161005456
v 0.8302500000000000 0.1117500000000000 -0.1972500000000000
vn 0.9824884583443415 0.0205320604721344 -0.1851887245836738
v 0.8515004654106865 0.2235018994083233 -0.1314982115511355
vn -0.9030196600923054 0.3736384682937921 -0.2120136516780142
v 0.8621250149370456 0.2793734748372126 -0.0986252808511606
vn -0.6920301250667003 -0.2637601272599846 0.6719560262903845
v 0.8727500000000000 0.3352500000000000 -0.0657500000000000
vn 0.8424301648794112 0.4921803866540525 -0.2192484533453209
v 0.8833750000000000 0.3911250000000000 -0.0328750000000000
vn 0.6279330886908872 -0.6264009971796136 -0.4618677590604354
v 0.7240000000000000 -0.4470000000000000 -0.4602500000000000
vn 0.8764228500263480 -0.4815423013107838 0.0000000892459861
v 0.7240000000000000 -0.4470000000000000 -0.3945000000000000
vn 0.8510783223019598 -0.5197464992701608 -0.0743590331035460
v 0.7240000000000000 -0.4470000000000000 -0.2630000000000000
vn 0.7870842472999957 -0.6144071975068360 -0.0547921828730592
v 0.7240003673401169 -0.4469996085940592 -0.1972461331125556
vn -0.5287918742307625 0.8487515096256103 -0.0001692801383633
v 0.7240001784617743 -0.4469995002921077 -0.1315063483639903
vn 0.7588837726932909 -0.6512063081136868 -0.0050758069052700
v 0.7240117863975793 -0.4471421247497848 -0.0662977843464292
vn 0.8492266244812495 -0.5280285293032394 -0.0001118661746440
v 0.7239999851046176 -0.4470000369463759 0.0000000000000134
vn 0.9218531888057225 -0.3873774556874131 0.0111984424750588
v 0.7242027390070279 -0.4468481468254334 0.0645027928459531
vn 0.8572090476300249 -0.5149681154352498 0.0006991039213624
v 0.7240000000000000 -0.4470000000000000 0.1315000000000000
vn 0.9010668148556533 -0.4314900315635447 0.0435309984629227
v 0.7240000000000000 -0.4470000000000000 0.1972500000000000
vn 0.8360459685100257 -0.5412455049024447 0.0898912785593279
v 0.7240000000000000 -0.4470000000000000 0.2630000000000000
vn 0.7179853641882544 -0.6960581992990347 -0.0000002124181854
v 0.7240000367123226 -0.4469999088100086 0.3287502409058690
vn 0.8685563206998509 -0.2270320567316630 0.4405296391714509
v 0.7240000000000000 -0.4470000000000000 0.4602500000000000
vn 0.4401650783053732 -0.5505180164094733 0.7093550714902964
v 0.6787500000000000 -0.4815620000000000 0.4931250000000000
vn 0.4034240834361277 -0.8191102671810637 0.4078080174570953
v 0.4977500000000000 -0.6198129999999999 0.3616250000000000
vn 0.3209905682784792 -0.8380551324471768 0.4411673719295250
v 0.4525000000000000 -0.6543750000000000 0.3287500000000000
vn 0.4208745935917783 -0.8506613197223007 0.3150236429179070
v 0.3167512334425669 -0.7580620432511981 0.2301259911110930
vn 0.6602836965644002 -0.4469283521976503 -0.6035565326074636
v 0.2262500000000000 -0.8271880000000000 0.1643750000000000
vn 0.3060407774995526 -0.8880184003264004 0.3431652126734445
v 0.1810000000000000 -0.8617500000000000 0.1315000000000000
vn 0.3815534692114999 -0.8971311876678327 0.2226490113303287
v 0.0905000000000000 -0.9308750000000000 0.0657500000000000
vn -0.5161656067418164 -0.8041386501786418 -0.2948458880597192
v 0.0452500000000000 -0.9654380000000000 0.0328750000000000
vn 0.6909378971885103 -0.7226802094184156 -0.0183885057488239
v -0.0172500000000000 -0.9654380000000000 0.0531880000000000
vn -0.3208669495702776 0.3620799763959817 -0.8751814048336209
v -0.0344998665514792 -0.9308747181871115 0.1063756222887911
vn -0.0430521403601807 0.8312967047001717 -0.5541590944530665
v -0.0517502990068981 -0.8963142758861683 0.1595603529653590
vn -0.0383725352132303 -0.8769155974530360 0.4791101997295550
v -0.0690000000000000 -0.8617500000000000 0.2127500000000000
vn 0.0410295979200187 -0.8316731966953193 0.5537474749315887
v -0.0862495810718236 -0.8271885310463206 0.2659371743689574
vn -0.1410989243942043 -0.8713644050709476 0.4699097435786498
v -0.1035002330480871 -0.7926243624690662 0.3191260527059858
vn -0.1510516168243048 -0.8505568675147825 0.5037225666755500
v -0.1207500000000000 -0.7580630000000000 0.3723130000000000
vn -0.1510476389430552 -0.8505569277905840 0.5037236577302793
v -0.1380000184412754 -0.7234999830672559 0.4255000187672856
vn -0.2678637074252547 0.7658637428985470 -0.5845526165862454
v -0.1552500000000000 -0.6889380000000001 0.4786880000000000
vn -0.1796539227290960 -0.8116770437325884 0.5557920876780936
v -0.1897500000000000 -0.6198129999999999 0.5850630000000000
vn -0.1612163659477112 -0.8506148983925120 0.5004633632777827
v -0.2070000000000000 -0.5852500000000000 0.6382500000000000
vn -0.1612375538732048 -0.8506149415479921 0.5004564640768380
v -0.2242500000000000 -0.5506880000000000 0.6914380000000000
vn 0.0147649229146550 -0.4671962889763104 0.8840303301460241
v -0.2587500000000000 -0.4815620000000000 0.7978130000000000
vn -0.0881972723493113 -0.9760366455298950 0.1989314146455793
v -0.0558750000000000 -0.9654380000000000 0.0000000000000000
vn 0.5282241142886772 0.5140823398983545 -0.6757948156715730
v -0.1676244432625792 -0.8963132931818909 -0.0000002529699392
vn -0.5044372854335444 -0.8154933845062412 0.2837491231545798
v -0.2235000000000000 -0.8617500000000000 0.0000000000000000
vn -0.4541380005821954 -0.8815574775345943 -0.1288995354144035
v -0.2793750000000000 -0.8271880000000000 0.0000000000000000
vn -0.4956015240939891 -0.8605413007404387 0.1176766715864664
v -0.3352500000000000 -0.7926250000000000 0.0000000000000000
vn -0.5204724244559191 -0.8414138285545556 0.1453658298849577
v -0.3911136294169101 -0.7580698867728660 0.0000005721544204
vn -0.5206943342093886 -0.8426704091435626 0.1370547039545242
v -0.4469994659560690 -0.7235002527498571 0.0000000181014192
vn -0.6039636027597133 -0.7875199279094094 0.1226390218774841
v -0.6768865430997050 -0.5806337447017307 -0.0028701751474697
vn 0.4558885220833224 0.7357919600458757 -0.5007752459582365
v -0.7263750000000000 -0.5506880000000000 0.0000000000000000
vn 0.4859236142775712 0.7855602543995618 0.3831100726881477
v -0.7822504513770084 -0.5161246678266107 0.0000002888492482
vn -0.7890811618824783 -0.5496114814581576 -0.2743686195824280
v -0.8381250000000000 -0.4815630000000000 0.0000000000000000
vn 0.6966395217405289 -0.7104377740041666 0.0998576287377765
v -0.0172500000000000 -0.9654380000000000 -0.0531870000000000
vn -0.3923095719818655 -0.9079989647043994 -0.1470750822782165
v -0.0345000000000000 -0.9308750000000000 -0.1063750000000000
vn -0.2390470026446265 -0.8477964896776385 -0.4733895252505000
v -0.0517498601791042 -0.8963130993435630 -0.1595618469209827
vn -0.2390471968991187 -0.8477965587442806 -0.4733893034660053
v -0.0690000000000000 -0.8617500000000000 -0.2127500000000000
vn 0.0058841203208742 -0.8667168530262969 -0.4987657504362565
v -0.0862500000000000 -0.8271880000000000 -0.2659370000000000
vn -0.2391259105784435 -0.8653668688630375 -0.4404077442146233
v -0.1035000000000000 -0.7926250000000000 -0.3191250000000000
vn -0.1523746898999246 -0.8505699089130886 -0.5033018815079892
v -0.1207500000000000 -0.7580630000000000 -0.3723120000000000
vn -0.2577300936668700 -0.8149882716690489 -0.5190080113643362
v -0.1897500000000000 -0.6198129999999999 -0.5850630000000000
vn -0.0301214515440901 -0.8091681233889173 -0.5868046065328176
v -0.2070000000000000 -0.5852500000000000 -0.6382500000000000
vn -0.3014670662692066 -0.8412121349752556 -0.4488649595651347
v -0.2415000000000000 -0.5161249999999999 -0.7446250000000000
vn 0.1450162127951664 -0.6033078676138498 0.7842129270177689
v 0.0452500104425588 -0.9654380181757577 -0.0328748888471191
vn 0.3221841076844615 -0.8796840949231283 -0.3497903570638333
v 0.1357500000000000 -0.8963130000000000 -0.0986250000000000
vn 0.4172924043618123 -0.8830193222951015 -0.2148113724071364
v 0.1810000000000000 -0.8617500000000000 -0.1315000000000000
vn 0.4715220324600882 -0.8478866715248730 -0.2423946475382238
v 0.2262500000000000 -0.8271880000000000 -0.1643750000000000
vn 0.5085999605692343 -0.8450771984920197 -0.1648350954677213
v 0.3177854302824959 -0.7574863508665521 -0.2305861251630434
vn 0.3432426799691745 -0.8403884423398663 -0.4194421636282552
v 0.4063045864566094 -0.6896629409742026 -0.2954787521570007
vn -0.6249667799196565 0.7795840090394268 -0.0408080488000906
v 0.4525000000000000 -0.6543750000000000 -0.3287500000000000
vn 0.3906592109607892 -0.8127493957877016 -0.4322311887615464
v 0.5430000000000000 -0.5852500000000000 -0.3945000000000000
vn 0.5848884123677459 -0.8097910831193674 -0.0463027729007600
v 0.5882500000000001 -0.5506880000000000 -0.4273750000000000
vn 0.5314233795954751 -0.7404157235872231 -0.4115504196136028
v 0.6335000000000000 -0.5161249999999999 -0.4602500000000000
vn 0.8486724117031733 0.5075065326484510 -0.1489706579601041
v 0.4749159967897426 1.0754118001214670 -0.0539586821851761
vn 0.7595630074754099 0.6445566923742978 -0.0872393717905811
v 0.3104601313358196 1.3324781115526534 -0.0301905665807980
vn 0.5920590551917428 0.7906832283625769 0.1558400062615303
v 0.1762664525561847 1.4732888284915335 0.0239489334363565
vn 0.0371814729773475 0.9555793812239616 0.2923791788873922
v -0.0022563502472644 1.5425439327814678 0.0595620906000164
vn 0.2877606992588195 0.6337481294332000 0.7180230416929495
v 0.1263853489581172 1.3365262909858362 0.2826149756093021
vn 0.4119591697308405 0.5212503579561724 0.7473872535742356
v 0.1968962397208970 1.1253450075657006 0.4020683238565842
vn -0.6365792429140894 0.5870658500186164 0.5001205407027832
v -0.6145488428106443 0.6039016130129783 0.4464551945607260
vn -0.2697100944005734 0.9474725136428631 -0.1719078266679802
v -0.0478965638331031 1.5435280728757004 -0.0218980252843135
vn -0.7280458944718243 0.5463274523962478 -0.4140959916504224
v -0.3360347002684250 1.2171026883940548 -0.1972067611574233
vn -0.5525865373478511 0.5279857407874780 -0.6448869484390346
v -0.5471444698166912 0.6761157859147402 -0.4439023787714307
vn -0.6527084808293048 0.6145046243123867 -0.4431204190196989
v -0.6145484237116438 0.6039024082528337 -0.4464547238442589
vn 0.2420650375084832 0.5555808548552451 -0.7954460580921447
v 0.2176758739015182 0.6682302187629157 -0.6756516143107369
vn -0.2539394183094010 -0.5595501635291886 0.7889349696414408
v -0.2162277202691552 -0.6646383698736351 0.6785818786643025
vn -0.0857512509843639 -0.8434446049701855 0.5303281260703645
v 0.0066819798361385 -1.4863834923214476 0.1588550025049519
vn 0.6485528647738110 -0.5632587504296828 0.5119753525884572
v 0.5742638574401300 -0.6646395662131006 0.4216605281916492
vn -0.8376619589306683 -0.5431335950809981 -0.0576917711188140
v -0.3795834463791548 -1.2359561360554985 -0.0024068764449899
vn -0.2470976859547017 -0.5547449893939898 -0.7944814222737331
v -0.2195677684644788 -0.6657066112851305 -0.6771305767916503
vn -0.1390137373512593 -0.8599433716509166 -0.4910932481528214
v -0.0512096921031427 -1.5005075690758485 -0.1411675355291285
vn 0.6704515446924011 -0.5565184286157495 -0.4906953890456179
v 0.5714448947685640 -0.6688552237096205 -0.4212805094526129
vn 0.6743626942543635 -0.6087358880399926 -0.4179420715962411
v 0.2666892509342169 -1.3265715995504879 -0.1698969530056181
vn 0.5343134061629342 -0.8316027797000405 -0.1514793741396142
v 0.1692044370039167 -1.4772879375678416 -0.0517251479282352
vn 0.1700321634430892 0.9685556152838635 -0.1816289720748301
v 0.1369311490258769 0.9626764368277629 -0.0168877341865598
vn 0.1977773540089581 0.9780875280915137 0.0650300363912539
v 1.0311161615898803 0.8778626752643400 0.0255043055485966
vn 0.8834521879185320 0.4465394933949810 -0.1418263462848596
v 1.3768482697077604 0.7069286580947370 -0.0149796053648911
vn 0.6507807695630007 0.3668208062260849 -0.6647758164122952
v 1.2926336754598728 0.6538400156913379 -0.2119358003808877
vn 0.3691886279271783 0.5149822721497707 -0.7736233039281502
v 1.0515471681023236 0.6597467404011799 -0.3606683912899954
vn 0.3967492647664025 0.4544337544585451 -0.7975462266953746
v 0.4973892931532171 0.4908839394055993 -0.6785912307933439
vn 0.9419529795025442 0.0155091795917501 -0.3353864185602489
v 1.3861288353335186 0.5654473549944782 -0.0920071096305863
vn 0.7772151931468833 -0.3161457678891023 0.5440481568643190
v 1.2380021747302099 0.2744545414971200 0.2241374885436175
vn 0.7641451163185401 -0.3795221506383970 0.5215795034137467
v 0.9784469131599461 -0.0437012441873379 0.3648301889376568
vn 0.8163126262188849 -0.3209714281436967 0.4802197815490559
v 0.8152364461595671 -0.2790068103707903 0.4464529893794741
vn 0.3899786634452146 0.4963919536371553 0.7755718344691047
v 0.4892220919347792 0.4922761857255236 0.6819359583048082
vn -0.1482992090600276 0.9755496779261773 0.1622041013362551
v 0.0172500000000000 0.9654380000000000 0.0531870000000000
vn 0.3303363252196122 -0.7388960827441399 -0.5872908062840485
v 0.0345000000000000 0.9308750000000000 0.1063750000000000
vn -0.0037590979116787 0.8662785553385368 0.4995471286510092
v 0.0690000000000000 0.8617500000000000 0.2127500000000000
vn 0.2008099578244316 0.8820400225649012 0.4262402602198183
v 0.0862500000000000 0.8271880000000000 0.2659370000000000
vn 0.2942996474633779 0.8546553283845191 0.4277288710934549
v 0.1035000000000000 0.7926250000000000 0.3191250000000000
vn 0.2931552407406890 0.8423190305851069 0.4522816108802505
v 0.1207494095756536 0.7580640057710920 0.3723104450875308
vn 0.0337259999063069 0.8403789983061460 0.5409488849570523
v 0.1547153671803572 0.6896683635262031 0.4778034305461623
vn 0.3843862685679452 0.8224224893989738 0.4193667195512854
v 0.1897500000000000 0.6198129999999999 0.5850630000000000
vn 0.1968502441210581 0.7445727877342159 0.6378568375075854
v 0.2415000000000000 0.5161249999999999 0.7446250000000000
vn 0.0336325369218572 0.9908835815631105 0.1304552806476700
v 0.0792051049209904 0.9356942549888618 0.2558074420419250
vn 0.2273708785221970 0.9738062238032695 -0.0019804247172828
v 0.2699040236439151 0.9071316869795739 0.6213186168470746
vn 0.4512012275183115 0.7482042440124564 0.4864235412967976
v 0.4567883092852310 0.7586673547303976 1.2439139650711712
vn 0.7836889869069751 0.2915675699048776 0.5484705315515896
v 0.5673469421380737 0.6559024372809006 1.2137321420170151
vn 0.7649773023801077 0.5784626879288748 0.2831795287752175
v 0.5787271894638040 0.7147272786500227 1.1234971650346710
vn 0.9039661187056279 0.4014971094452731 0.1471235104916023
v 0.6710575284868794 0.6531210334925522 0.8918186285406280
vn 0.8640148334493254 0.4877060969584518 0.1249845213179921
v 0.7991882579690116 0.4922754787377766 0.2551557381205798
vn 0.7534864929378804 -0.3114268239647501 0.5790262846153033
v 0.6176094718140854 0.2662890783972573 1.0810219154199925
vn 0.2352510195515358 -0.0069223496352713 0.9719099952544423
v 0.4353656582762291 0.5731212135253557 1.3421640033045246
vn -0.1591782849286896 -0.1224990326637157 0.9796204676320390
v 0.2579311903957517 0.5054730097876544 1.3383130258680080
vn -0.3539796662429235 -0.2153002664289720 0.9101341610785534
v 0.1785030739667592 0.3887207604622023 1.2945105838591322
vn -0.1214115442592657 -0.4684122745174151 0.8751280923396312
v -0.0131635269524715 -0.0772191652865331 1.0400678300613164
vn -0.3146528879184708 -0.2842171394111145 0.9056567659933478
v -0.1574821288902971 -0.2224022593874170 0.9354476078712974
vn -0.5367420811650762 0.5051335645434575 0.6758313549090509
v 0.1001714093342426 0.6971859886663277 1.1962955806052260
vn -0.5742975308635717 0.5685196988016588 0.5890396405323467
v -0.5538144598071288 0.4911920099196737 0.6287832040677656
vn -0.4779392587631676 0.8465689453530878 0.2342970031747627
v -0.1357500000000000 0.8963130000000000 0.0986250000000000
vn -0.3626693496064502 0.8961759997619668 0.2556159625427834
v -0.1810000000000000 0.8617500000000000 0.1315000000000000
vn -0.4720780102616312 0.8478169477233376 0.2415549117292028
v -0.2262483146473085 0.8271890854464147 0.1643741382160897
vn -0.3550876754511301 0.8445222517265747 0.4008676952329643
v -0.4525000000000000 0.6543750000000000 0.3287500000000000
vn -0.4568091084151448 0.8470837276394352 0.2716147949531460
v -0.5430000000000000 0.5852500000000000 0.3945000000000000
vn 0.6240932938744418 -0.7813407716765880 0.0037628522139211
v -0.5882500000000001 0.5506880000000000 0.4273750000000000
vn -0.4849689692504376 0.7985625328856063 0.3565150486802667
v -0.6225199969891766 0.5226458633761641 0.4568759702354104
vn 0.0206996770130860 0.4740296895960909 0.8802655149175092
v -0.7845548704087216 0.6830774100547843 0.9172373668392811
vn -0.4357516552917617 0.0231863165108808 0.8997682421808113
v -1.0260569573295044 0.5729296276024425 0.9155013696306806
vn -0.4003991805174973 -0.4332598956750309 0.8074443380447832
v -0.5580773345142287 -0.1137279670666584 0.8433302633521339
vn -0.4197083375115480 -0.3249327735372675 0.8475043386937150
v -0.3968114079263572 -0.2790078826817644 0.8404063010586450
vn -0.9537678633157035 -0.1879198671364541 0.2345484735435616
v -1.1723596895705484 0.4363835019742165 0.6797604530750492
vn -0.9735931287303226 -0.2203413692318624 -0.0597168376099212
v -0.9237327432280644 -0.2826363506841073 0.0895774508193892
vn -0.8213531280402968 0.4933996038991580 -0.2862444234051973
v -1.1144968349630977 0.6836313585457463 0.4632041075369154
vn -0.5956741457234412 0.6824534168664811 -0.4235913666777377
v -0.7723444706957292 0.5378251635357688 -0.2469752875815788
vn -0.1383514470808188 0.9844244374567247 -0.1084776660361695
v -0.1625772291880475 0.9491619768089971 -0.1180893319945588
vn 0.0396649779161147 0.9818403491898473 -0.1855160861749534
v -0.2880633242533169 0.9223840066215624 -0.2740031544062692
vn -0.7452038182702391 0.5406005256596866 0.3904130388344209
v -0.7770197614708928 0.4798289544060386 0.3283568678655692
vn -0.9225247511095367 0.1918488944605204 -0.3348762238268989
v -1.1729275496774618 0.6330976354108926 -0.7589122319155193
vn -0.8950481481675426 -0.4010863956263196 -0.1949833728945625
v -0.9176117577075299 -0.2896609359365373 -0.1270655274996033
vn -0.3303414596799782 -0.3760252635382815 -0.8657248530552113
v -0.5270866961272838 -0.0900794961037581 -0.8658564801022297
vn -0.3947156460021244 -0.3244231980827119 -0.8596215140088753
v -0.3968112847646193 -0.2790079921631003 -0.8404063233731051
vn 0.0054987996746088 0.3435311972669705 -0.9391251672202489
v -0.8044427320956812 0.6398058113848528 -0.9410397286180197
vn 0.1914140683498674 0.4589159795273537 -0.8676155704989403
v -0.5612190732250341 0.6382351237370281 -0.9041955425427236
vn 0.1496826630977733 0.5024155669804178 -0.8515713114142019
v -0.0032034959540710 0.4970514554713191 -0.8380786490405960
vn 0.0569507755729560 0.9757114388654496 -0.2115272966516445
v 0.0619346609548398 0.9491618580875621 -0.1911026615528367
vn 0.0231118103770553 0.9966551466916910 -0.0783859859544997
v 0.2223537904699991 0.9025437043764875 -0.7605047358848619
vn 0.1074526714116111 0.9741618274123486 -0.1986521014717492
v 0.3606136284163702 0.8714816620747073 -1.0005822569790848
vn 0.1002423526041853 -0.0153159354969450 -0.9948451602456694
v 0.3888889709654574 0.5890260606689437 -1.3475580862437107
vn -0.2826051416794021 -0.1563425532970889 -0.9464097103923396
v 0.2066782367403744 0.4341646967138483 -1.3133545182377941
vn -0.3108366237893066 -0.3251484690596401 -0.8931176106087245
v 0.1133458723365414 0.2437312315715321 -1.2219978417767530
vn -0.0707383753320503 -0.4090036485981716 -0.9097868418969167
v -0.1625986239096379 -0.2896595326399871 -0.9126348718426193
vn 0.7022516575290816 -0.3440861377138571 -0.6232554366636667
v 0.6590934324688517 -0.2196515117436094 -0.6834020709660071
vn 0.8636601522617525 0.4881191177996019 -0.1258207782273851
v 0.7991881580843243 0.4922755603951232 -0.2551559906803973
vn 0.9495930220874750 0.0051404894801628 0.3134432448955964
v 1.1800544642298110 -0.5672452199663925 0.7535693226254605
vn 0.8000409515939634 -0.5627106509234779 0.2080653722028274
v 1.1196888993460434 -0.7382031460441878 0.7338921729333648
vn 0.7573614489191964 -0.6238915866462192 -0.1927768756959159
v 1.1075383317419960 -0.7405923740996702 0.5606997302840242
vn 0.6667623351637215 -0.6314479716364312 -0.3958553366108106
v 0.9941919078322017 -0.7152884687082888 0.2818015934887410
vn 0.6972237508662155 -0.5635611643895632 -0.4430325667712535
v 0.8250633048946151 -0.5652002042492660 -0.1391818312220554
vn 0.3996751419583927 -0.7710776584414653 0.4956803663178175
v 1.0397354102701879 -0.7749599456865469 0.7937399181292991
vn -0.1310798754431086 -0.5830721218068772 0.8017761327362178
v 0.6713508324222106 -0.7004035862787730 0.8913100156908882
vn -0.2318368280108801 -0.5863186439465123 0.7761972255416638
v 0.4493804454702551 -0.6560433539614867 0.8638401136803525
vn -0.1492960287614513 -0.4422852942911648 0.8843610203134451
v 0.0043815498469856 -0.4908856853246887 0.8417046192717186
vn 0.2412890564314425 0.3130770607099753 0.9185653734512457
v 0.4896819451251055 0.1115068483866323 0.8694907928869504
vn 0.3841931416930826 0.3134082510364212 0.8684301342412587
v 0.3968117347881478 0.2790074771620745 0.8404062749912307
vn 0.1039725416406682 0.4723070164260995 0.8752804081089989
v -0.1698028911755199 -0.1757877331746953 1.2055705359232078
vn 0.3413632735123680 -0.4082315296027935 0.8466511287036024
v -0.2530448804511113 -0.6832030378486246 1.3066745835082580
vn 0.6134334346287722 -0.5477514889521206 0.5689180324355020
v -0.0016985700253175 -0.6891085979815746 1.1056441542309128
vn -0.2173400025376981 -0.9019252067316049 0.3732214419872809
v -0.4031624514161253 -0.8196512415644280 1.1664183292278743
vn -0.0741606098221952 -0.9905206958824410 0.1156241972052778
v -0.0859018306838772 -0.9356944017477271 0.2536286026581731
vn -0.9424740860403350 -0.2862802430447649 0.1725868464995684
v -0.8100801171374267 -0.4616996821179053 0.2819938379079980
vn -0.8256133907420807 -0.5451573069925927 0.1454855307580394
v -0.8208258403849672 -0.4798272324861628 0.1911018093761642
vn -0.7286147065716083 -0.1959868143737162 0.6562848299017826
v -0.5417026886970994 -0.6354543217026201 1.2656032062211016
vn -0.6579005944404598 0.1426653348898224 0.7394683293121245
v -0.5397517987533373 -0.4901777150228638 1.2612982559689618
vn -0.6945526169171504 0.3606441956850714 0.6225210249077582
v -0.6590934876392166 0.2196514210754957 0.6834020269292126
vn -0.8276952140779276 0.3148094843576513 0.4645595991376814
v -0.8152366938342518 0.2790064061269787 0.4464527768861503
vn -0.8071158343646374 0.4472847891111752 0.3853574280426504
v -0.9199405792165146 0.1674810825182831 0.3495569346114787
vn -0.8326357530315694 0.2858615999554318 0.4743425433634136
v -1.3135136123597186 -0.3805525437947583 0.1770193626976978
vn -0.8632155564027617 -0.5046226423335470 0.0146591960413820
v -1.3768070179665075 -0.7106355877189439 0.0177417116398078
vn -0.4464561306971378 -0.4972386726065413 0.7439291806532561
v -1.1726452096688109 -0.6830809091579106 0.2809772118504032
vn -0.4195317952725933 -0.4319507851454957 0.7983806059565479
v -0.4973892307407492 -0.4908838912979280 0.6785912971218425
vn -0.5469525478646372 -0.8192547184317583 0.1722341914710381
v -1.3064408924889244 -0.7749659389972615 0.0310270786029217
vn -0.2690015597617239 -0.9603563223034079 0.0731703154129651
v -1.1232643215513491 -0.8546591693894796 0.0205393453817306
vn -0.1716686342699770 -0.9851542591210520 0.0009827225100820
v -0.1817401334618739 -0.9559362252034153 0.0000003467202196
vn -0.3687112665729436 -0.4766618796666677 -0.7980259734963613
v -1.0304177373273249 -0.6412632400026194 -0.3828613987279312
vn -0.3887594107124467 -0.4926097853916404 -0.7785895709029973
v -0.4892229636213941 -0.4922763638353015 -0.6819353616349721
vn -0.7852838971229755 0.2431224900593966 -0.5694037721570437
v -0.6872327901974298 0.2751046944815052 -0.6287747705994896
vn -0.8246132686411339 0.2823219400804948 -0.4902114638910137
v -0.6813029144645036 0.1572831152931025 -0.6950928256945904
vn -0.2360052414246831 -0.4806382530533300 -0.8445640270115228
v -0.4216322013383290 -0.6959775384540898 -1.3214141666659309
vn -0.8636606961006416 -0.4881178966652559 -0.1258217825578778
v -0.7991883589740910 -0.4922752765221191 -0.2551556609847241
vn -0.1328646654213136 -0.9770024562211084 -0.1667728431741914
v -0.3606145874841633 -0.8714818891813637 -1.0005793917418166
vn -0.0231155302756845 -0.9966552316619336 -0.0783838086658928
v -0.2223539669691366 -0.9025450532998623 -0.7604916773669427
vn -0.0569511063798854 -0.9757112428555560 -0.2115281117189228
v -0.0619347289543187 -0.9491618064514559 -0.1911028915429513
vn 0.0757499393955661 0.3738225736101412 -0.9244017687894472
v 0.1625971744054860 0.2896567651996259 -0.9126360886850351
vn 0.4669887779232045 0.3149188210889327 -0.8262854333810737
v 0.4055146546574397 0.2751678382475296 -0.8381206161942836
vn -0.2210142852526558 -0.6008222935135418 -0.7682221406151902
v 0.0913314076494706 -0.5566999147412385 -0.8236596125924237
vn -0.1112331845615196 -0.5096852628764348 -0.8531401476069934
v -0.0717598522755503 -0.4798278480114113 -0.8404063099915188
vn 0.1034032727015083 -0.9920753111270811 -0.0713746470865020
v 0.2278787901760017 -0.9336526697020080 -0.1638641630354606
vn 0.7819518530471086 -0.5095668540593280 0.3590166023462875
v 1.1144964806649402 -0.6836308407661496 -0.4632023049653685
vn 0.7390582516595668 -0.5026701106007174 0.4484592072447248
v 0.9603483164475963 -0.6560260223022993 -0.1601694465878577
vn 0.9263337639017126 0.3724938759695059 -0.0561611095056022
v 1.1278451734583681 -0.2500911615183207 -0.5093709593265688
vn 0.9414716526647275 0.3203436987816634 -0.1049335117092225
v 0.9213604285676732 0.2790064201913726 -0.1180918976326275
vn 0.6221695323328978 -0.7818725221532490 0.0397546492674787
v -0.0957245484099791 0.9274245568852381 0.0677726440430901
vn -0.3198858429829735 0.8550339263756036 0.4081544220093558
v -0.2715015727393877 0.7926239200374611 0.1972509283639296
vn -0.4904463382056691 0.8495660019850381 -0.1941648722395705
v -0.3149060552969501 0.7595432212007188 -0.2288296760704652
vn 0.3477225033336968 -0.8958847235019687 -0.2765494944330013
v -0.6787500950102570 0.4815629415776548 0.4931249661686807
vn -0.2678425717164639 0.8252734067766980 0.4971761869232009
v -0.3620000307773799 0.7234999453740381 0.2630001255909568
vn -0.5070626720362390 0.7568220968687894 -0.4124412204406805
v -0.5882507388050320 0.5506862033056199 -0.4273758706502265
vn -0.4199186744509097 0.8507506255210880 -0.3160564506901710
v -0.3620000346298092 0.7234999443848238 -0.2630001145275507
vn -0.9740115638479052 0.2264982858443503 -0.0000003589591861
v -0.7240000367123225 0.4469999088100088 -0.3287502409058690
vn 0.6073481345002287 -0.7944357913111798 -0.0001303950606106
v -0.4518404731203690 0.6548788415315009 0.0096698578967636
vn -0.1099517031827703 0.7609811037907426 0.6393890698476407
v 0.1117502489295761 0.9308748724907555 -0.0000001444359996
vn -0.4870454488699920 -0.6332807278988176 0.6014501229586472
v 0.1676241998566368 0.8963134213766624 0.0000003634702325
vn -0.7150950486910552 -0.6559641191303373 0.2415577482737786
v 0.0862474872529332 0.8271912096556222 -0.2659330094087901
vn -0.4645011299879440 -0.7507230429504907 0.4697378130649891
v 0.4469985984136821 0.7235008656132853 -0.0000002956494247
vn -0.4909177671314010 -0.7946296761548722 0.3571602213135200
v 0.2764636242977439 0.6369016049099893 -0.4276132383566148
vn 0.3029491262520663 0.8287659741719217 -0.4704984452237597
v 0.1724999302008152 0.6543752081535307 -0.5318746821044475
vn -0.4455306854701594 -0.8347591735252320 0.3235421618892375
v 0.8167501690169779 0.4469998916666429 -0.1063748450328522
vn 0.5184856378146414 0.8279440720679903 0.2137317405240011
v 0.6146253585756964 0.6198127644254402 0.0000000574729962
vn 0.7022584266984736 0.4976755593044401 -0.5090698771308291
v 0.6622531144515195 0.4469995982463380 -0.3191209557139707
vn -0.4913743130411945 -0.7942980837372448 0.3572699800635860
v 0.5712646111503762 0.5669301256097822 -0.1774326422741776
vn -0.6081043184047972 -0.6203632856155880 -0.4953367862350517
v 0.8167502966619197 0.4469996793822165 0.1063748861701967
vn 0.9414110988486398 0.0190993649188188 0.3367199982541790
v 0.8196256477120507 0.0558785570905193 0.2301228714524156
vn 0.6653032090890807 0.6054599953208284 0.4367949565206463
v 0.7008754431729387 0.4470000873403618 0.2659362499803013
vn 0.5393069313010624 -0.1535444622152163 0.8279928332864187
v 0.6420945933610490 -0.2811654021167712 0.5850345881649780
vn -0.9233354323536449 0.2375042435904882 -0.3017340114021253
v 0.3146250234203271 0.4469999795282873 0.7978129972592684
vn -0.7946531155934395 -0.1884262181788623 -0.5770805716539514
v 0.3920154566205296 0.3508896833084370 0.7226258081282805
vn 0.6076798220048165 0.6497151957416391 0.4567224522076819
v 0.5470343696740722 0.4472501537166326 0.4777002957948800
vn -0.7947179357066754 -0.1883599020219468 -0.5770129547734638
v 0.6635277154718130 0.0919915831865735 0.4332819868286993
vn -0.0161932159531531 -0.3006232981591654 0.9536054804587691
v 0.4720032072671544 0.0558692282069263 0.7088107519942923
vn -0.2200921741805681 0.2303419231196124 0.9478934715030107
v 0.3040000188740267 0.3911250572670959 0.8306879759982339
vn -0.2705980646140599 0.2062406288196768 -0.9403411564167493
v 0.3880000353855833 0.2234998828545596 0.7697499807804074
vn -0.3511518427217755 0.2399539560986302 -0.9050494363877136
v 0.1034982018708469 0.1676209102424644 0.8510001249924495
vn -0.3037853703151576 0.1873238477540457 -0.9341435782817873
v 0.2930097096259396 -0.2240029436522616 0.7108210084282697
vn -0.2533303220444326 0.2162345484685843 -0.9429031593867164
v 0.6679997545885634 -0.3352498071321400 0.5666252116048743
vn 0.5635654732649054 -0.0177132179871680 0.8258814680402038
v 0.5840001660227869 -0.1676252569417871 0.6275628682375770
vn -0.5781741479138872 0.5171887753162001 -0.6310550097820156
v -0.2134999598484803 -0.4470000661310936 0.8306879595531537
vn -0.0032677260505505 0.0020176433988770 0.9999926255135952
v 0.0000000882023640 -0.0000000790505079 0.8510000200363220
vn 0.0741058079940204 -0.0880738586551851 0.9933535748378519
v -0.0689976274313441 -0.1117467815452783 0.8510000699427009
vn 0.2599371107834360 -0.5410549395756359 0.7998076336209631
v 0.2239995984741605 -0.4470003501407095 0.6884998050111674
vn 0.5348517122688632 0.2917886061796908 -0.7929647250582956
v 0.2135000910736675 0.4470000906653683 0.8306879488312020
vn 0.3033063026671626 -0.1876341734187659 -0.9342369633705531
v -0.2604436373896045 0.1242045655742264 0.7414317098007909
vn -0.2373214756014318 0.6406701822365688 0.7302193059700084
v -0.0990111748943780 0.4469993101799533 0.7291220638583584
vn 0.0073616763674154 -0.6168753536777267 -0.7870264314151342
v -0.3040000188742012 -0.3911250572667223 0.8306879759981047
vn -0.5047904142501451 0.0324126184399444 0.8626332128123944
v -0.4719949295999447 -0.0558859823750230 0.7088165346971579
vn -0.2321646954988867 -0.3114820140146181 -0.9214545616086051
v -0.6679992563573448 0.3352494155185189 0.5666256412017792
vn 0.7946465852348190 0.1884303030606880 -0.5770882302240264
v -0.6557185499622034 -0.0964796527037269 0.4425698790383416
vn -0.9817304616550764 -0.1440961704943006 0.1242642116918147
v -0.6400000195078408 0.2793751916059917 0.5869379704716424
vn -0.9154862088832836 -0.3932783429321803 -0.0849537893506307
v -0.5839997648628477 0.1676242014546414 0.6275631985122170
vn 0.9506112401755406 -0.2188066650167931 -0.2201406672928689
v -0.3146251173626346 -0.4469998974140266 0.7978129862662515
vn 0.7845957166505574 0.1860649445523917 -0.5914299602001183
v -0.3599983341493979 -0.2793764309389397 0.7900640177304554
vn -0.7158923370265287 -0.4235673180255569 0.5550575545718947
v -0.5077556220671204 -0.4469994625698653 0.5318681348269564
vn -0.6003238294924003 -0.0101182263853036 0.7996930168748476
v -0.4999999471224196 -0.0000000625501192 0.6885000340371278
vn 0.2284632108575136 0.1544046819366829 -0.9612303342491366
v -0.8553749932950854 -0.4470000295841729 0.0531879665883821
vn -0.9360891351641181 -0.1043473047308474 0.3359297114324678
v -0.8408748554007166 -0.1676243418785657 0.1643755225663571
vn -0.9708285628389883 0.0461703984252792 0.2352874749858892
v -0.8198553715346749 -0.0564222060587560 0.2296655632118496
vn -0.9091367558771851 -0.0816039365328151 0.4084252154990626
v -0.8090002062327659 -0.0000001906196714 0.2629999674356703
vn -0.7544489041141539 -0.3614274402151071 0.5478841634328442
v -0.7781248646601338 -0.4469998876598598 0.1595633555367573
vn -0.6829505904201302 -0.5362837255741979 0.4959619508884268
v -0.5849998396675192 -0.4470001491042917 0.4254999963142725
vn 0.9916284490459618 -0.1291240451338952 -0.0000033106227755
v -0.7240003872164836 0.4469995618505586 0.3287485714025623
vn -0.9631331879916389 0.1164171184183374 0.2425314757474441
v -0.7664998749189917 0.2235003542180735 0.3945003209572898
vn 0.9864993964367301 -0.1525540168926883 0.0595500861449642
v -0.8727499918821960 -0.3352501781726534 -0.0657499830457810
vn 0.9195921165794092 0.1222830891406002 -0.3733593245591094
v -0.7452496532228948 0.3352504511755476 -0.4602508439290404
vn -0.7889501887853277 0.6063558834401160 -0.0994491942307830
v -0.7240000649973711 0.4469999288974626 -0.2629995710118406
vn 0.9824018292440789 -0.1867796720390239 0.0000032988572857
v -0.7689949340866639 0.2103802418900479 -0.0115188190152658
vn 0.8364421535826790 0.2486895088299300 0.4883830995314007
v -0.5559992471567782 0.1117479678482675 -0.6478756071113380
vn -0.6796139609601040 0.0004856031104656 -0.7335697841771683
v -0.5840019294035843 0.1676299156272335 -0.6275614137822834
vn 0.7567128851392989 0.2565208605166150 0.6013174349575884
v -0.8167494327279946 -0.4469997213367801 -0.1063762977082932
vn 0.7163305061585457 0.2269111109971405 0.6598347926963878
v -0.8408743995493317 -0.1676222836400036 -0.1643771769579451
vn 0.8709214467834541 0.4779598725795422 -0.1142374445458356
v -0.3320000296603316 -0.3352499792269886 -0.8103749820194460
vn -0.7129694820549898 -0.4292310309726916 -0.5544684298572460
v -0.5077521044883286 -0.4469997990615863 -0.5318724297942456
vn 0.7946497988855473 0.1884521951300687 0.5770766563306974
v -0.6106617624580425 -0.2129897829514694 -0.4665714705414187
vn -0.6966355625674506 -0.5086893288965622 -0.5058992583836202
v -0.5463773850612369 -0.4469997819897580 -0.4786850142253015
vn -0.3909098166019640 -0.0416782185298233 0.9194848782793544
v -0.6614999149537933 0.4469998235195345 -0.5463131848611528
vn -0.5939268738329386 0.0360397805313767 -0.8037113927015610
v -0.6119988041763723 0.2234984114641851 -0.6072509797632223
vn 0.3035390976978648 -0.1874366727845140 0.9342010007831490
v -0.2894159516572742 0.1926098060797732 -0.7182887638396623
vn -0.4700294007159971 -0.4961876729206317 -0.7299795584152811
v -0.3040000188740277 -0.3911250572670945 -0.8306879759982332
vn -0.0150855099556829 0.0107728168875008 -0.9998281721404360
v -0.1379999217999056 -0.2234997783726084 -0.8510000094926847
vn 0.1003957154044138 -0.0834231127412555 -0.9914440400693303
v -0.0344979752966665 -0.0558714354019087 -0.8510000339702454
vn -0.4882152827705940 0.0495084830401568 -0.8713178224828708
v -0.4720024670024032 -0.0558696441081531 -0.7088112817679304
vn -0.6090106928602639 -0.0169097652466875 -0.7929817373818663
v -0.4999993756740948 -0.0000016270262112 -0.6885004047937781
vn -0.2465742027871230 0.3875011915144962 -0.8882814807788917
v -0.0989997348127528 0.4470004887402859 -0.7291247641790963
vn 0.3392749834622629 -0.2094827390634877 0.9170656833788625
v 0.1724999048929730 0.2793749302282768 -0.8510000076172164
vn 0.3098185552901487 0.9442134203253353 -0.1116847334037050
v 0.3040000188741958 0.3911250572667287 -0.8306879759981081
vn -0.1743091962527759 0.1069433671881093 -0.9788663955393405
v 0.1380014342920714 0.2235016110900959 -0.8509999113700473
vn 0.5159678740719754 0.0061299390787763 -0.8565860008035017
v 0.3879998368235564 0.2235005266358300 -0.7697500900877895
vn 0.5670677324895600 -0.0152137765594497 -0.8235306477429654
v 0.5000000368840213 0.0000001625524559 -0.6884998712782225
vn -0.5417763533424800 -0.2632123257443000 0.7982466126049022
v -0.2135000910736587 -0.4470000906653702 -0.8306879488311985
vn 0.2373179451423628 -0.6406838739208849 -0.7302084405230701
v 0.0989960229338043 -0.4470002486262875 -0.7291260420726041
vn -0.3214681804197260 0.1984875818863265 0.9258838419664475
v -0.1725001866098845 -0.2793751366037460 -0.8509999850267009
vn -0.3035361102838851 0.1874664083014239 0.9341960048685141
v 0.2643923732586935 -0.1617471358568703 -0.7326146901247492
vn -0.0914509572478940 0.0554652976616225 -0.9942637090700593
v -0.0690000910470592 -0.1117501231577677 -0.8509999972852265
vn -0.1694393684005118 -0.3210273643016705 0.9317895319252938
v 0.5989999250740058 -0.4469999647432980 -0.5666250561105134
vn 0.7137128848395732 0.0431812739232185 -0.6991060689168289
v 0.5840001660283435 -0.1676252569527480 -0.6275628682335295
vn 0.3059379384948215 -0.4219142018718864 -0.8534578982283473
v 0.3589679382848064 -0.4469576262692017 -0.6446474034355562
vn 0.7471173913057831 0.3839836590760978 -0.5425607368497766
v 0.4691248436858485 0.4470000238771522 -0.5850631770663263
vn -0.3988691588533000 -0.8700956551070044 0.2895461018207184
v 0.5077503155727484 0.4469999699320250 -0.5318746145049260
vn 0.9438214996524329 -0.0565509679834485 -0.3255809650670131
v 0.7771256605458774 -0.1676210013825048 -0.3616233419404088
vn -0.7649810781069927 -0.2122956392562837 0.6080579838231129
v 0.7558750516526500 -0.2793745486423402 -0.4273749351849964
vn -0.7946511096908024 -0.1884063925450584 0.5770898068024886
v 0.6426806436487409 0.0953939487181291 -0.4608779797892532
vn 0.2499204578970873 0.7930630185576930 0.5555095078580298
v 0.8553749932950828 0.4470000295837945 -0.0531879665886578
vn 0.7014386135929707 0.4983466509049256 -0.5095434102141008
v 0.5849996998996901 0.4470001329696666 -0.4255002130457505
vn 0.9274849084984255 0.0980946541399003 -0.3607619482939421
v 0.8408748554007425 0.1676243418787061 -0.1643755225662747
vn -0.9702671761353555 0.2038337469851805 -0.1305121086501344
v 0.8727499918821977 0.3352501781726623 0.0657499830457756
vn -0.9902660644096040 -0.0019433274735208 -0.1391737947928595
v 0.7452500845680812 -0.3352495363766712 -0.4602498626861203
vn -0.9363934123825726 -0.3006353520227392 0.1810683913903394
v 0.7239997059931793 -0.4470003433718913 0.3945008644372577
vn 0.8227152837809499 0.1640549313447839 0.5442660574890641
v 0.7771251735503683 -0.1676243959958023 0.3616245332832014
vn -0.9824029960308760 0.1867735317609071 -0.0000349730741440
v 0.7699040431509663 -0.2055993745566939 0.0007030233322921
vn -0.5432061902432719 0.8302187900709929 -0.1251550857714026
v 0.1357482970293341 -0.8963139517553509 0.0986242675226293
vn 0.5042962825107656 -0.8376832121235959 0.2096952445147879
v 0.3619998374171286 -0.7235000655633221 0.2630001804113871
vn -0.1876124338272963 0.7947086560246536 -0.5772691977863424
v -0.0791325716838083 -0.5218166759554803 0.6840202035038568
vn 0.2465822194477002 0.5043337534330095 0.8275534267951640
v 0.1614974412093080 -0.4469998911457072 0.7088138717572620
vn 0.9600838396088877 -0.2657838783544819 0.0871662258486954
v 0.6615000639815535 -0.4469999145992301 0.5463130176471129
vn -0.1753635764674401 0.7893005940477111 -0.5884319742200270
v 0.6335005875631404 -0.5161246352227662 0.4602500355119177
vn 0.2990754899381931 0.5825591296518776 -0.7557636613237479
v 0.5882473051800150 -0.5506887593627940 0.4273745417497014
vn -0.1875724622109645 0.7946954427000092 -0.5773003765562195
v 0.1352980681223356 -0.6591845299501179 0.4252196690423774
vn 0.2599274948075867 -0.5411017848496075 0.7997790669151207
v 0.2864981383474304 -0.4470000799394643 0.6681885754638925
vn 0.0973527860781955 -0.6626852380157797 -0.7425434063802482
v -0.1117502489073072 -0.9308748725044489 0.0000001444358899
vn 0.1938035723902010 0.9576980675267658 -0.2127312548364596
v -0.7008761504029585 -0.4469997688467230 0.2659365601014456
vn -0.7475257858165346 -0.4085876795430742 0.5236996349673908
v -0.6236250786023849 -0.4469999947034795 0.3723128949264815
vn 0.4914200072466044 0.7944484045548469 -0.3568726789458750
v -0.7723239499026765 -0.4913994141094374 0.0687108784353269
vn -0.3953836324560401 -0.3657038826770089 -0.8425748948199367
v -0.6146230842695135 -0.6198142594868519 0.0000003120055547
vn 0.1797682580897738 0.8482457136162531 -0.4981591941488402
v -0.2415000177812412 -0.5161250444107899 0.7446249306381939
vn -0.1510435991701477 -0.8505568853767488 0.5037249407046784
v -0.1724999302008150 -0.6543752081535318 0.5318746821044456
vn 0.4912910649396633 0.7944530376272815 -0.3570398584405344
v -0.3658006279770132 -0.6387030211874593 0.3005839924814481
vn 0.4914856856207531 0.7943310020782886 0.3570435267123604
v -0.3801664960960348 -0.6474359640419337 -0.2613614198427002
vn 0.8543439667348705 0.4851173870865373 0.1864336537486114
v -0.3146250770045646 -0.4470001399748628 -0.7978128354954388
vn 0.5077717017284031 0.7882719077911677 0.3475561800790115
v -0.2242498332688908 -0.5506872420731000 -0.6914391647693409
vn -0.3045720098113145 -0.8405062240324923 -0.4480905915126298
v -0.1724999302861357 -0.6543752079847313 -0.5318746823599331
vn -0.5196959739802063 -0.8394108741308370 0.1590769594242643
v -0.5587512160147647 -0.6543742183218421 0.0000001173262817
vn -0.1876084424672612 0.7946942242429391 0.5772903621834695
v 0.1073369687390057 -0.6361537252757274 -0.4660129905943197
vn -0.2962003184992475 -0.8392388422305865 -0.4560082641931054
v -0.1380000634156133 -0.7234999798507804 -0.4254999761109518
vn 0.2612427163119386 -0.5348455396076711 -0.8035499312026223
v 0.2865008104604879 -0.4469999658404357 -0.6681877491996597
vn 0.5185774252381999 -0.8180821705845730 -0.2486343021486631
v 0.4977500882962820 -0.6198129358759774 -0.3616250445891631
vn -0.9195184899514746 0.0505169475962746 -0.3897868451383594
v -0.2587501965285730 -0.4815629193031041 -0.7978130189280358
vn -0.8419454360654490 0.4606177168016944 -0.2809968000831237
v 0.0905005377896885 -0.9308747605042709 -0.0657500558412230
vn -0.3614218372254932 -0.4110481356659158 0.8369072145358314
v 0.2715015727487525 -0.7926239200310831 0.1972509283693559
vn -0.6133311666304885 0.7897040159145733 -0.0138725371896960
v 0.2714988438872861 -0.7926258247505974 -0.1972492574668670
vn -0.6069899688605919 0.7947094921921853 -0.0000268748329714
v 0.5137952727494768 -0.6075570649870993 0.0537298515961721
vn 0.6463224197297909 -0.7573271671949214 -0.0933964216827575
v 0.5430012567342736 -0.5852486980300883 0.3945015421283566
vn -0.4688730202130443 0.8818021174484679 0.0508243699390037
v 0.6787500004928159 -0.4815630009504615 -0.4931249977371314
vn 0.5278424787847754 -0.8354216959455079 -0.1531434214515114
v 0.3619999980393224 -0.7234999788638192 -0.2630000415494613
vn -0.8466177027675000 0.5322015270170158 -0.0000011990112917
v 0.7240000367123226 -0.4469999088100086 -0.3287502409058709
vn -0.6070017209887897 0.7947005163683064 -0.0000007710428181
v 0.5959427815439572 -0.5448119302902464 -0.3327813891738474
vn 0.3148143993633256 0.7927341428570225 0.5219812953566924
v 0.0872334895964203 1.4864830356595065 0.1415309101413199
vn 0.5807635249378278 0.6175639052589120 0.5304041393344803
v 0.2272046530252952 1.3248697818492663 0.2182066119981241
vn 0.6413614977216860 0.4715920290754733 0.6051911990046399
v 0.3060874005935385 1.1239798394331300 0.3183800647315920
vn 0.3574323825280499 0.5871587550153405 0.7262827881267440
v 0.2483152614426643 0.6011490825707303 0.7208576396636078
vn 0.6416244731376191 0.4601202025986808 0.6136834971151024
v 0.3362068484866603 0.5904574716318958 0.6498645965138420
vn 0.7369166952079376 0.3838121843910398 0.5564548422260248
v 0.4306558854736999 0.7425051973329225 0.4380779262206024
vn 0.7827531770516450 0.4723110961953923 0.4052402894903999
v 0.7072613731568450 0.6383180453290819 0.0913162913803023
vn 0.8264867220300495 0.5625102349962152 0.0224038798543127
v 0.7116520825035719 0.6646369751709472 0.0036255547328518
vn 0.8348193693846409 0.4883824523389341 0.2540850266104622
v 0.4673532894261050 1.0520383865473990 0.1191286238913990
vn 0.7652129904065876 0.4121488952413626 0.4945526943252173
v 0.5161391324302828 0.8601116575799239 0.2326604232948288
vn 0.7745230474995888 0.5557618920673580 0.3020641789713904
v 0.3324251764676879 1.2727136052307237 0.1199074329198860
vn -0.6638766854521486 0.5421830327231226 0.5150779606430722
v -0.3301206036161975 1.1846791315034477 0.2481050459268776
vn -0.5421324121144437 0.7305860551747115 0.4151342719160011
v -0.1775112489697191 1.4208532700202612 0.1565288054561149
vn -0.4193211953298418 0.5817138538923764 0.6969782832605559
v -0.1667885481876465 1.3093766661382422 0.2791349421085594
vn -0.1131444555098161 0.6901304066189858 0.7147855301048703
v -0.0465673942046723 1.3757699061735627 0.2714048873513404
vn -0.2279135431094331 0.4991311867121641 0.8360164324453266
v -0.1012601655657448 1.1584894941050883 0.4097408418221825
vn 0.0916774365216907 0.5493195728819094 0.8305680312181827
v 0.0448860747271307 1.2663617049896065 0.3551885282673168
vn -0.3946086666032306 0.5037191753806960 0.7684731567175344
v -0.5877804998292991 0.5632738808814578 0.5043407754961551
vn -0.3343328864055109 0.4178307082420749 0.8447715787819130
v -0.4480237718695737 0.6152421156837206 0.5378093760833152
vn -0.6700742644349259 0.5161760153805477 0.5334442813339116
v -0.4992300444512255 0.7959903099701704 0.3905018252375534
vn -0.2917573779397596 0.3763120111156335 0.8793559590449271
v -0.2229541776912445 0.7062863445223284 0.5817801607907647
vn -0.4895643060469477 0.4904736944906894 0.7209454523453384
v -0.5150636077417334 0.6825120379142752 0.4632849317325626
vn -0.2125927230733822 0.4127061063361404 0.8857076288985586
v -0.0690179156483220 0.8761152078082162 0.5552861664670516
vn -0.3614145022909703 0.4269386394059907 0.8289167362986055
v -0.2585715920648242 0.9587250836254011 0.4550418111843413
vn -0.4918711070938568 0.4940798424987959 0.7169016133631091
v -0.2854070293620835 1.0833723979363137 0.3676528373562096
vn -0.1524649558371187 0.4697812096462496 0.8695171374417481
v 0.1308380542967659 0.6066290578755368 0.7203752692251122
vn 0.3036928172117527 0.5088934665994763 0.8054800509176852
v 0.1981842578030736 0.7849200497076996 0.6112228383538895
vn -0.0399833149788533 0.4677193649322525 0.8829722137138134
v 0.0332413126738731 1.0251661314978759 0.4962266671191981
vn -0.2294759879524540 0.3935450070846189 0.8902039644665779
v -0.0212703643060154 0.6523396065008703 0.6653591569306010
vn -0.6082235238120252 0.7109012683459721 -0.3531055532638519
v -0.2136744243155750 1.4138762734575396 -0.1135822265492676
vn -0.6318593256935079 0.7743028905374204 0.0347681785479351
v -0.2047409151105375 1.4521406677954403 0.0054678430752944
vn -0.8037342562964603 0.5948457321750132 -0.0130307393784106
v -0.3139699399686572 1.3306795569487613 -0.0084232734206955
vn -0.7953369962508853 0.5500192185652222 0.2547899558528977
v -0.3669678393767549 1.2255119456119881 0.1131125006688267
vn -0.8072319713025622 0.5245650008178221 -0.2705699621613193
v -0.6025213409887151 0.6661324978031619 -0.3652465812561577
vn -0.9000295825600970 0.4310704955331255 -0.0642259947180505
v -0.6612856717330442 0.5814156375558965 -0.3165065328048002
vn -0.8694240126839626 0.4727764691512513 -0.1434722843806183
v -0.4483604492158348 1.0916727855393578 -0.0958655210699093
vn -0.8560599904418821 0.4936621293216754 0.1531632946832697
v -0.6634586744555688 0.5619923218675240 0.3955989576534342
vn -0.8225846142404521 0.4829757489636602 0.3001482605777984
v -0.4821977647259551 0.9510519206861292 0.2455606661593242
vn -0.9119811893992137 0.4063464691715601 0.0563281206308334
v -0.6472917911834667 0.6263571449818229 0.2402047230637864
vn -0.8856666838630531 0.4561894887936090 0.0865197977878376
v -0.4723578075963859 1.0479865532926742 0.0770700612639676
vn -0.9221825255020614 0.3867068415585189 -0.0060998647915019
v -0.5679311586769242 0.8413773043910854 -0.0082958426313280
vn 0.1137695221967453 0.7592115299833413 -0.6408231804167810
v 0.0558508642246761 1.4458203769680253 -0.2070524500424222
vn 0.2148694808140349 0.5573030609218855 -0.8020251894434515
v 0.1001899528569037 1.2304183315005783 -0.3689593512317498
vn -0.1448387074056162 0.5871186937041107 -0.7964379375320144
v -0.0479779291314589 1.2969473712250299 -0.3314789660364841
vn -0.2913869949712242 0.7588384001581113 -0.5824584977550914
v -0.0989112393261164 1.4503969917503639 -0.1742269267738208
vn -0.4593081877583390 0.5852518628615053 -0.6682187109586861
v -0.1852113188500469 1.2942340286707099 -0.2851590791786642
vn -0.1389586427912113 0.4757423434101655 -0.8685388409738672
v 0.1416442558750848 0.6240919365891087 -0.7113766284441977
vn -0.2228165242063967 0.4038284253821975 -0.8872854103353189
v -0.0058833869876210 0.8019309896816789 -0.6028248739935894
vn -0.0935247494576081 0.4792767722185233 -0.8726665439047639
v -0.0245081590975747 1.1203569434334621 -0.4447748408784787
vn -0.3519943637291805 0.4451720031896571 -0.8233601007329643
v -0.5139800982898216 0.5836207712671794 -0.5256750391836246
vn -0.5549879029646262 0.5054231339304462 -0.6607086220497299
v -0.3143026719520938 1.1125994450244701 -0.3251417274591692
vn -0.3471560942517706 0.4364449829125744 -0.8300592889151344
v -0.2295365770643508 0.9744658491768706 -0.4599897238686272
vn -0.2723392059734683 0.3880602043837899 -0.8804775037803930
v -0.1678372949518958 0.8413771033942299 -0.5426368634676436
vn 0.4407418256016670 0.8527662003952053 -0.2802435559095590
v 0.1023081517715456 1.5095770144797358 -0.0785848847733374
vn 0.7143583702680218 0.6081965293318379 -0.3461056204928242
v 0.2851986168213389 1.3203655881044041 -0.1487372050010041
vn 0.5144389690470434 0.6109236531441909 -0.6017680925030600
v 0.2053148660576017 1.3340816467175614 -0.2352221348431869
vn 0.7300759723391459 0.4753840197037933 -0.4909166002727083
v 0.3809827466716279 1.1160432860147587 -0.2303768027620668
vn 0.7496815777953532 0.3828746055191731 -0.5398004894058613
v 0.6230191592177959 0.4468459918770252 -0.3734934797799420
vn 0.7739551362460646 0.4671496691798289 -0.4275098053419500
v 0.7286275136028734 0.6052584032578145 -0.0924252244104263
vn 0.7773868180687957 0.4027370450228523 -0.4831900326570635
v 0.6256709807895766 0.6523427077734203 -0.2255181666240422
vn 0.6266876223145668 0.4696483211304801 -0.6218465071840770
v 0.2983924163446472 0.6378284720782199 -0.6520840068309988
vn 0.5123929828902918 0.4940016009679970 -0.7024356549363401
v 0.2404511946367986 1.0743319384438481 -0.4064428005113853
vn 0.7298561624130115 0.3876051727303608 -0.5630916552928298
v 0.4265304450160209 0.5644320439940230 -0.5614673044387205
vn 0.7035066539071502 0.4122012897326405 -0.5789373754138810
v 0.3992080809135264 0.9318787116346604 -0.3512889298558535
vn 0.3067683322868605 -0.9322843795333376 0.1916742705322705
v 0.0815507536151734 -1.5292169014076959 0.0459472537259101
vn 0.6282151110164811 -0.6632963190511745 0.4066740309187601
v 0.2398273403102516 -1.3687592632189902 0.1553030638306018
vn 0.6770979452097068 -0.5259500012539607 0.5146989107951867
v 0.3301212417448491 -1.1846767356759556 0.2481065253987160
vn 0.4404985640971897 -0.5404938606112573 0.7168175511731368
v 0.2124400966332938 -1.1750295650237912 0.3537145006677112
vn 0.1590191426552483 -0.6606952569341323 0.7336175364138527
v 0.0475310227945243 -1.3930864194001100 0.2604848899029004
vn 0.4025341689365188 -0.4818356154297797 0.7783319873562897
v 0.5314604834650061 -0.6280311924252011 0.4896931710644069
vn 0.3077505176608482 -0.3873028816376125 0.8690719744386430
v 0.3588672335858263 -0.5919636676645113 0.5843621912200744
vn 0.2593155165953725 -0.4646247508554237 0.8466872526177600
v 0.1177606961053567 -1.0943601780246421 0.4432504224868513
vn 0.4845057165330783 -0.4643825434918714 0.7413521861752270
v 0.3375735744706193 -0.9772985752438080 0.4000333998978751
vn 0.1447636974325563 -0.4734605528439485 0.8688374858432146
v -0.1412516381773153 -0.6185663941311854 0.7143532351471459
vn 0.2284492489624253 -0.4043889522790996 0.8855961359011882
v -0.0280679186209823 -0.6263345981839534 0.6897672500248105
vn -0.0095548770115908 -0.5056622752347559 0.8626786004820703
v -0.0319862118168012 -1.1363873828331135 0.4378036813622891
vn -0.3863851501550235 -0.9204021396155055 0.0597194870279337
v -0.0818940552135731 -1.5359233671438182 -0.0032879409938336
vn -0.3130757362268737 -0.6595043852776287 0.6834014553581065
v -0.1155732326369474 -1.3804843018104616 0.2436029368948696
vn -0.3058706804663272 -0.5465966476935676 0.7795352663999363
v -0.1502619408524380 -1.1908820748125650 0.3785913048126653
vn -0.5087178794084054 -0.7321756311992168 0.4529072358091042
v -0.1865673656017283 -1.4212845716642355 0.1475751355698187
vn -0.6456916485046171 -0.5081883017646476 0.5699359130647527
v -0.3037954245053477 -1.1509806926361656 0.3047833315521858
vn -0.7481467866575178 -0.6384982067814706 0.1805448020599791
v -0.3138104709242251 -1.3228303068329683 0.0774972606441669
vn -0.5982976673630217 -0.4984158703654836 0.6273926373458525
v -0.2945418600910952 -0.5965663672520884 0.6885122617436110
vn -0.7076811195693694 -0.4102971769472967 0.5751901073507112
v -0.3979525656161175 -0.5853071511475716 0.5816997136012546
vn -0.7275872013974967 -0.3892995328347756 0.5648563871438332
v -0.4176681323686096 -0.8489594647267809 0.3845367578968061
vn -0.5457201973729020 -0.4703464781817369 0.6935154335999436
v -0.2890230024538463 -0.7218419107536697 0.6028917206303226
vn -0.7741452852427239 -0.4634746902423728 0.4311499609662491
v -0.7249857168207341 -0.6066259544129371 0.0977766268401262
vn -0.8256949124992773 -0.5634148492643026 0.0281357264220043
v -0.7116521148812186 -0.6646369375316848 0.0036255447783808
vn -0.8242871640464949 -0.4918486411925249 0.2804203725574405
v -0.4258814190002498 -1.1363962340991673 0.1046030844297482
vn -0.7688938230416675 -0.4047776101284878 0.4949316874347802
v -0.5426664873101160 -0.8095077635505622 0.2327991273594429
vn -0.6927831356431696 -0.6683878624009042 -0.2707567032661748
v -0.2444836669782385 -1.3866650695224056 -0.1016674937595133
vn -0.5363386306307897 -0.6047100908874919 -0.5887839835388955
v -0.2279570581229236 -1.3107051409603803 -0.2312776232545027
vn -0.6923857638678846 -0.4271383440590520 -0.5815107815230744
v -0.3769651514921314 -0.9938881479083315 -0.3319932479001510
vn -0.7479033610638136 -0.3751731197711555 -0.5476181997620506
v -0.4803082684426983 -0.7205359544083455 -0.3868708947248347
vn -0.7962959306459639 -0.4818761157687620 -0.3656613185562412
v -0.7219820673792978 -0.6225284532136505 -0.0817094484822440
vn -0.8080183016838826 -0.5023337583389761 -0.3078428485070478
v -0.4236811524687167 -1.1268109443244751 -0.1254970270624964
vn -0.7719293816806920 -0.4026417902694406 -0.4919396491712009
v -0.6258148925524620 -0.6868014761865042 -0.1988855423365233
vn -0.7198174881169075 -0.4975800343666671 -0.4840215834038107
v -0.3473995842864376 -1.1709939065081882 -0.2241796884457689
vn -0.5987723467238107 -0.4796181540587660 -0.6414344105955980
v -0.2912492634115948 -0.6506663607299112 -0.6467126873502760
vn -0.2584425642241903 -0.5691500013821645 -0.7805611551466722
v -0.1101458078336418 -1.2313306530002306 -0.3686733217514051
vn -0.5304312912562547 -0.4942900573584009 -0.6887089257827657
v -0.2545978964288776 -1.0877276127040072 -0.3865233492821637
vn -0.7041556994257326 -0.4098055945210832 -0.5798483643725132
v -0.3732759118350956 -0.6004823016469142 -0.6019432876921678
vn 0.0796503566997062 -0.6076936236851669 -0.7901672483784685
v 0.0268087836942819 -1.3212469577480510 -0.3201099206637655
vn 0.3058628201887317 -0.7752874820785176 -0.5526094962616440
v 0.0674021630791478 -1.4727387055862904 -0.1648073066047320
vn 0.4019135595545842 -0.5879631860351469 -0.7019720667616076
v 0.1667867635029910 -1.3093794802899783 -0.2791334565942789
vn 0.2502412703344076 -0.4725853703607095 -0.8450102806134686
v 0.1302285397221278 -1.1285985311352609 -0.4167656470388855
vn 0.1717415614348480 -0.4636565023018015 -0.8692108397559132
v -0.1308377170029536 -0.6066296940340857 -0.7203751637853593
vn 0.2267141965409344 -0.4019008631632882 -0.8871732464831220
v 0.0322103897014082 -0.7686333926356386 -0.6119207891159451
vn 0.0284778652002053 -0.4808227827637639 -0.8763552149493659
v -0.0332413126737574 -1.0251661314983309 -0.4962266671189557
vn 0.4026817453397131 -0.4701990630116114 -0.7853408515499274
v 0.5293951715684431 -0.6230338646073929 -0.4946869420926648
vn 0.5591675265218160 -0.5176970950356502 -0.6475503031233352
v 0.2850880886618845 -1.1605026628057149 -0.3143103912755504
vn 0.3323072778069816 -0.3988025886595589 -0.8547095228175174
v 0.4038468285912064 -0.6177191865430137 -0.5543686796501230
vn 0.3973263479405372 -0.4580749042370200 -0.7951724060481979
v 0.2560350330764141 -1.0591221887512818 -0.4008731595856374
vn 0.2954790181001186 -0.3867565551310768 -0.8735625432250012
v 0.1853825566246295 -0.8317004178806756 -0.5413296375012507
vn 0.8104508412806585 -0.5846642871123611 0.0365664496891277
v 0.3358766431366385 -1.2972056289619727 0.0306297851996755
vn 0.8515936023016225 -0.5063292166433264 -0.1357168408573583
v 0.4065373836851611 -1.1695565444609703 -0.0950507475596113
vn 0.8720788279520038 -0.4701277663090707 -0.1358616987347916
v 0.6251765572194583 -0.6378359139278457 -0.3519011033007521
vn 0.9213352534706085 -0.3878478150152927 -0.0267473942677201
v 0.6756410223633148 -0.5644180581994398 -0.2032215643211333
vn 0.8188589945455323 -0.4868060845133262 -0.3041213296246816
v 0.4338441625015858 -1.0743028841071776 -0.1872811601524328
vn 0.8599661405402981 -0.4804343081243630 0.1721659452426318
v 0.6335002459490012 -0.6215778071614074 0.3580098023862969
vn 0.8348968521084614 -0.4944582674745938 0.2417814469007187
v 0.4378337061986479 -1.0765994308493769 0.1705350311905771
vn 0.9041718363389578 -0.4155225687074988 0.0990670745816138
v 0.6418570781596696 -0.6322351519752121 0.2670730361478770
vn 0.9043462232894991 -0.4238212380568004 0.0503335533617516
v 0.5084120544330634 -0.9744608206371641 0.0759811965538099
vn 0.9067258214539375 -0.4158346702072158 -0.0702126182558252
v 0.5299222458071203 -0.9318625593624404 -0.0492807620039884
vn 0.3852718208261267 0.7099287502485965 -0.5895479570380910
v 1.1627653180270683 0.7742117580576743 -0.2014115711471435
vn 0.5102201635417425 0.8401183517073458 -0.1840558063196324
v 1.2816609568063710 0.7872733891925053 -0.0738817389167933
vn 0.2173481287964863 0.9085629709073125 -0.3567535827496955
v 1.0420448578407679 0.8458868489006850 -0.1456416481584680
vn 0.2158732386002619 0.7468580291993060 -0.6289688617704082
v 0.9863242451975096 0.7610821360237569 -0.2997450762985574
vn 0.0863830160889164 0.8887094378110176 -0.4502593804431032
v 0.8172783738635241 0.8420429270687325 -0.2233809344650676
vn 0.1259363152099394 0.7901462312806490 -0.5998407936313849
v 0.3853041258703652 0.5552148723505229 -0.6628378514698033
vn 0.0252528938326966 0.8385587611811851 -0.5442255923781523
v 0.1552956025499047 0.6887299126233363 -0.4791960879070643
vn 0.0489539534729670 0.8103714357956746 -0.5838678330631201
v 0.4008848962180714 0.6564591265046242 -0.5259961201819865
vn 0.0670546240116621 0.8091475214296412 -0.5837670476850531
v 0.7085601162564521 0.7724364341162173 -0.3505975077874877
vn 0.1933580968780531 0.6763619783358805 -0.7107370263559309
v 0.5184194417897148 0.5610927956929942 -0.6196065496874347
vn 0.0918899400085134 0.9862825840108550 -0.1371236792173495
v 0.8418508089046831 0.8974170531812625 -0.0585797704624198
vn 0.0460071800322879 0.9003890606489844 -0.4326463669662747
v 0.2768703376394863 0.9009272705588484 -0.1329427940098653
vn 0.0385831685928787 0.9395265179335304 -0.3402958436434820
v 0.6127433563690829 0.8910338216765704 -0.1331822884114615
vn 0.0054394707405648 0.8582993755990553 -0.5131204478524846
v 0.3147148141331298 0.8363671643910726 -0.2520980285540348
vn 0.8231365284108721 -0.1822658176302163 -0.5377968271748043
v 1.3220091074573355 0.4423253491312049 -0.1854554739812261
vn 0.7421521259468166 0.0190822306717643 -0.6699597677661027
v 1.2935716105333401 0.5535648727904929 -0.2326493282347137
vn 0.5805666465508029 0.0658294022229312 -0.8115472005470333
v 1.1339041786985962 0.4589668898087553 -0.3736184966107847
vn 0.5091789335286848 -0.0375732773374834 -0.8598401377469603
v 0.9806542302508400 0.3400429551941156 -0.4688910981419086
vn 0.7496887458734092 -0.2125311665114461 -0.6267354207095996
v 0.8004175507320775 -0.2826232746019412 -0.4709147459973034
vn 0.7450543096982555 -0.3362339046830808 -0.5760562793179369
v 0.9225211712828215 -0.0891582039040333 -0.4084207648320910
vn 0.5387694746723193 -0.1277243695865341 -0.8327148002617917
v 0.7627849440484566 -0.1253431265187209 -0.5302976702460213
vn 0.6669891303446970 -0.1738713887548454 -0.7244958524204856
v 1.1522778407363115 0.3043933315831745 -0.3416138379215888
vn 0.5222876952639435 0.0742217058431910 -0.8495332258114482
v 0.4259512324620407 0.4043338462711829 -0.7531399613801419
vn 0.4725744937738805 0.0753647618703932 -0.8780623557029305
v 0.5285191771155653 0.3661025265303416 -0.6986042721488100
vn 0.4563823042657592 0.2015608216980409 -0.8666535798746154
v 1.0016621957469656 0.5370470727961881 -0.4378090956734850
vn 0.4602582855785815 -0.0570092200374621 -0.8859527410573237
v 0.8025213380435621 0.2578139397105362 -0.5588893303844205
vn 0.9572216676538234 0.0996626631820557 0.2716505706629257
v 1.3983494682492343 0.5924224082387500 0.0616541702225616
vn 0.8698497207790008 -0.2124715527071227 0.4452160178507942
v 1.3331753043144809 0.4418256241721099 0.1686462562969514
vn 0.9664205855949604 -0.2436251045849842 0.0817193988857562
v 1.3996084150987083 0.5166791198367536 0.0368112699179802
vn 0.8950164475790188 -0.3493341855320753 -0.2773286595028995
v 1.3291745007044642 0.3580705972478407 -0.1129971428253892
vn 0.8649795811387267 -0.5014191563287301 -0.0197269835417709
v 1.2942401947470501 0.2462490026603638 -0.0156049903383156
vn 0.7955693628757193 -0.5990185534258361 0.0908083779457648
v 0.8211092631577085 -0.3207225380741307 0.3278655938056490
vn 0.7577566378660533 -0.6522368128995388 0.0197994360674002
v 0.8072912420472153 -0.3512947372244759 0.2032182154644198
vn 0.7918893217087947 -0.5999299027001719 0.1139974298383405
v 1.0525952360903490 -0.0694186448980199 0.1093206032923726
vn 0.8230574779537799 -0.5182039009280923 0.2324674279275937
v 0.8629795165898235 -0.2444786250303837 0.3645874957640433
vn 0.8432593001399533 -0.4591398671573585 0.2794715282711268
v 1.2493555106915686 0.2093347230939246 0.1330807697578501
vn 0.8298812347818103 -0.5345133744508549 -0.1599768379803092
v 0.7996760288381444 -0.3414755419882500 -0.3956026022705755
vn 0.8026099642972641 -0.5007928829878582 -0.3240736545284947
v 0.9266806151766366 -0.1715986180542659 -0.3217372957846958
vn 0.7876761537531790 -0.3762934461327298 -0.4878211959377664
v 1.2070241679612688 0.2348944874301734 -0.2481046115491249
vn 0.8087012447070240 -0.5427963110840101 -0.2266593511922701
v 1.1586502497934805 0.0902788373929995 -0.1705385364223681
vn 0.7837346062710663 -0.6147290520597910 -0.0887032101268459
v 0.8528094728548411 -0.2907447742779743 -0.2670705045814166
vn 0.7649915646125268 -0.6414567894889606 -0.0576289275467939
v 0.8696527425041384 -0.2795077695071010 -0.1857069383695072
vn 0.7790670526278278 -0.6256666815109637 -0.0399466038211973
v 1.1000730728190053 -0.0217459094176916 -0.0521769233564026
vn 0.5016602679577575 0.4613640219576593 0.7317651363624830
v 1.1694196545623743 0.6714599465054724 0.2909950216990861
vn 0.5398163388489142 0.1179040193588095 0.8334848304143223
v 1.1583599426291500 0.5049398244888449 0.3562039095800370
vn 0.7345485825279646 0.0366607171303916 0.6775650313627787
v 1.2683706159335790 0.5130953825895467 0.2688812046680494
vn 0.4692991419239395 0.1582957412849684 0.8687351573871616
v 0.5080734190047309 0.4233370760607491 0.6996362723118331
vn 0.4568582443743290 0.1430562110838853 0.8779609700992002
v 0.9778685769435194 0.4744272162722591 0.4632954023474486
vn 0.4671828584755646 -0.0146555892918290 0.8840392471203469
v 0.5274504412453168 0.3293833823930580 0.6996329564877590
vn 0.6431755924924261 -0.1739996626910746 0.7456871157566080
v 0.8222093412898529 -0.1790617282827210 0.4726949312401454
vn 0.6318570024584820 -0.1855456789933011 0.7525486890900128
v 1.0947340515006023 0.2464712530761456 0.3771383441511050
vn 0.4925219573843266 -0.1035385975788409 0.8641191354817450
v 0.7098390763597523 -0.1089477030142978 0.5645945060542533
vn 0.4611814134952745 -0.0877195285275580 0.8829592222528759
v 0.7591798236048065 0.1590110767206503 0.5718948708499466
vn 0.5038724008198434 -0.0635554420397111 0.8614367704475959
v 0.9280104907280650 0.2710094808175885 0.4922586738464182
vn 0.7212154922159144 0.5468708752865717 0.4251828542533853
v 1.3432996030169850 0.7175202039136392 0.1008552417982708
vn 0.3804054669383969 0.8351488142686995 0.3972633116070062
v 1.1900076551758259 0.8003348077760444 0.1518029773100811
vn 0.1071981667721910 0.9073419737887224 0.4064961200821812
v 0.8566253100285129 0.8583729095583991 0.1860764339292303
vn 0.0925504350843089 0.9147286060331475 0.3933268288209690
v 0.1588943044912453 0.9390800857414083 0.0698975868907125
vn 0.0888192882284859 0.9951091804448582 -0.0432302328578941
v 0.3806820334468793 0.9282274487178824 -0.0057641869246716
vn 0.0648249804517058 0.9665315377214161 0.2482226994038027
v 0.4175924500027257 0.9106479686460099 0.0949260489099725
vn 0.0124741313572826 0.8583914337915781 0.5128435847703663
v 0.2426781219734075 0.8469487260806094 0.2341093767560808
vn 0.1820633912436281 0.7621147677852392 0.6213163463908868
v 0.3703831360689885 0.5182681081286438 0.7147293487441849
vn 0.2011646886337247 0.6880273925440203 0.6972453478912378
v 0.5036292610756894 0.5690960315434033 0.6173945801147854
vn 0.3648907372050941 0.4450111173302506 0.8178140713844468
v 0.9843559855984930 0.6382312865296806 0.4017558613782973
vn 0.2463151570881491 0.7291358148347710 0.6385059176811715
v 1.0461472185331293 0.7811188526468358 0.2568910243670318
vn 0.0451091536922705 0.8224707445607548 0.5670159068269998
v 0.3225526785400464 0.6136423649682632 0.5903002843037435
vn 0.0692980393478010 0.8136692812435039 0.5771828847975575
v 0.7125080686917743 0.7749665302642597 0.3462030936754816
vn 0.7491668661690825 0.6600069086230059 0.0560346964326508
v 0.6230351490934313 0.7299783097552500 0.8612027502691727
vn 0.4740645868055749 0.8743264758495319 0.1039999094489867
v 0.4760124371331885 0.8406572267069130 0.9772826669689225
vn 0.1128552421082869 0.9680541318321910 0.2239082226522803
v 0.3541581188131578 0.8720742277445603 1.0049495924552616
vn 0.4722006990998810 0.8749556821799502 -0.1071403471648360
v 0.4542725022137542 0.8320163038357857 0.5540478460957842
vn 0.5275793961431620 0.8395766061139751 -0.1295032942876574
v 0.5018247450086795 0.6896965615264679 -0.0002358522734926
vn 0.5699451706627984 0.8117301198729475 -0.1275018232387437
v 0.6931649777023494 0.6009220797425725 0.1813733427164502
vn 0.6792605622202379 0.7330890006610729 -0.0344326258364912
v 0.7585057493774874 0.5475333670530985 0.2373634517811205
vn 0.6142581889456288 0.7870319878784932 -0.0571622897482547
v 0.5632473170216158 0.7806695840812142 0.7159572813453960
vn 0.4285826206954222 0.9012102153145061 -0.0643201760773815
v 0.1543307030274532 0.9227808223827459 0.1765506680916080
vn 0.4766372599761205 0.8671128304966725 -0.1446798589662881
v 0.3041225048446740 0.8576057811179151 0.2354371534571241
vn 0.6969245736878901 -0.0771965055414321 0.7129774457317316
v 0.5599918948495395 0.5310225531113169 1.2493495417517291
vn 0.9114759011897211 -0.0597144764424037 0.4069961459935407
v 0.6800252366750128 0.4298468537069505 1.0410752848735638
vn 0.9216969216216946 0.2309144259844375 0.3116942613289016
v 0.6625073775461021 0.5633580525236298 1.0565332006111323
vn 0.9662369204385810 -0.0945092646473636 0.2396960835666319
v 0.7422975845439106 -0.2182928317440636 0.5091790503736392
vn 0.9755478712602575 -0.0838472137921552 0.2031649468261507
v 0.7860765550840434 -0.1205785636297242 0.3338895288041852
vn 0.9614807906437446 -0.1096771099743099 0.2520428947039827
v 0.7359970696049893 0.2604240251305667 0.8072349933717187
vn 0.9012280665159942 -0.1939365750216597 0.3875262274901028
v 0.7054467895834645 -0.1725732352256393 0.6360802128018402
vn 0.9758898095523464 0.1126145074327163 0.1869680516226551
v 0.8290434872572625 0.4085324737730364 0.2478256383246292
vn 0.9747576855240982 0.1092663384576031 0.1947005952527414
v 0.7422585815950119 0.4653083313761837 0.8021412904543734
vn 0.9845315134558914 -0.0598399180770121 0.1646720474664378
v 0.8057790596642257 0.2717247001679592 0.4309514673993771
vn 0.2798260605963563 0.4006379859785315 0.8724600735862875
v 0.4280178689581625 0.6726705044877977 1.3279099344916028
vn 0.2968009526718385 -0.3109208117189107 0.9029050023857120
v 0.4357430778539445 0.4157280128502328 1.3020133167804593
vn 0.4474514501513421 -0.4271306815890388 0.7857140577861288
v 0.4726015058084456 0.3367684077215914 1.2490637585806699
vn 0.0559616517879936 -0.4407547943993469 0.8958814122098686
v 0.2918628167691303 0.2556449386038471 1.2518598776236132
vn 0.0780483573784709 -0.5395280482708221 0.8383423757866471
v -0.0866278569963024 -0.2799390022770203 0.9142947023042676
vn 0.1467191739829726 -0.6074430644466760 0.7806961044102793
v 0.0113624395973354 -0.2440751423715034 0.9299285384975721
vn 0.1817324942310543 -0.5746381534838999 0.7979751206028756
v 0.3380985105099632 0.0730837119904575 1.1276631743380789
vn 0.3583955100132106 -0.5804250590360243 0.7312040818030207
v 0.5851692788962097 -0.3011017213967496 0.6870971992675970
vn 0.6930493898933925 -0.3600319715602814 0.6245474542601330
v 0.6616469408222010 -0.2170160686475870 0.6824432824241750
vn 0.5664823492945777 -0.4732425006611751 0.6746401140650130
v 0.5440350449957847 0.1824180882158279 1.1008523925270455
vn 0.3731413719006718 -0.5707034097733843 0.7314800986008555
v 0.4510510966226949 0.0908491627395391 1.0960849590316972
vn 0.2397522780468121 -0.6567102101093275 0.7150178634898062
v 0.3051786836144135 -0.1810246551550344 0.9135164822455100
vn -0.5582761907933833 0.1596984580265076 0.8141400968489303
v 0.0892253818159782 0.5735147426550053 1.2490669932292178
vn -0.2881901770404278 0.2831079424156803 0.9147657157975296
v 0.2454093495732604 0.6319597925291356 1.3209226892043091
vn -0.6867704841860862 0.1341708579523954 0.7143839884313806
v -0.1115389017664219 0.4893701583478587 1.0955626240380592
vn -0.6178840137358297 -0.0455055193914579 0.7849513317872738
v -0.0665735389501745 0.3885353379338771 1.1448285659507547
vn -0.6854956848959889 0.0050764903179286 0.7280589915899885
v -0.5500622615272786 0.3306723339276720 0.6716619154082993
vn -0.7005755870965930 -0.0305582009548480 0.7129235885553704
v -0.3652100303514895 0.3152158242143625 0.8568913708369232
vn -0.6741469511159148 0.2210892383841249 0.7047307549496076
v -0.4999467532712503 0.4325931284388933 0.7046768140080480
vn -0.6686884061459106 0.3877292883583741 0.6344460689728881
v -0.0993095046019928 0.5903174858661012 1.0722184079309858
vn -0.5849515843438482 -0.1490280929534681 0.7972592247721404
v -0.2522880656862175 -0.1885811882953217 0.8898547606917404
vn -0.4787001516405656 -0.2291557251439200 0.8475457618636669
v -0.0108177532413756 0.2295576595532660 1.1571610801939651
vn -0.6427650700082461 -0.1268613321394721 0.7554861131649562
v -0.2136849920808614 0.0129433412373796 0.9626379244170733
vn -0.6881367316689329 -0.0879942644355886 0.7202255535278090
v -0.2592939423064710 0.2064864197662358 0.9540417739449566
vn 0.0279213393152236 0.8153525978877973 0.5782910512263388
v 0.3755434090654820 0.7751790307686833 1.2541431300942789
vn -0.2698573801595980 0.8927987173731606 0.3606763710450649
v 0.1844974908505540 0.8442530630185459 1.0582009963474561
vn -0.3003570567409101 0.6597380100266371 0.6888623930742850
v 0.2634477071421605 0.7411852454928282 1.2664405938442607
vn -0.4296337755681377 0.8745445753911271 0.2249146605826761
v 0.0338054558199908 0.8446508041318310 0.8311250501180971
vn -0.5026246795630118 0.8425831156016520 0.1934479899021768
v -0.3177854302817734 0.7574863508671001 0.2305861251625208
vn -0.3705414231565694 0.9073956863301175 0.1983232768854914
v -0.0118936684508568 0.9214403369319588 0.2521761278041888
vn -0.4634724404399650 0.8709993727659759 0.1629521082830770
v -0.1252109277650652 0.8503817847833667 0.3527653794144738
vn -0.1857428974777825 0.9726830121526997 0.1392384067206640
v 0.1619093890970100 0.8924136728236756 0.8053462304901693
vn -0.6241382060643051 0.6297285778063344 0.4624861273863707
v -0.3987813257573716 0.5635144916407988 0.7286620431165538
vn -0.5473655365750422 0.7080555606722494 0.4461482851822055
v -0.0129716002666099 0.7354617999547125 1.0381129035163004
vn -0.5235419909572911 0.8243801244954200 0.2151771224860845
v -0.4866102219547169 0.5953073325840523 0.5033937046311678
vn -0.5412360778023386 0.8045912957700976 0.2443283750531980
v -0.1774157926837164 0.7506023412596091 0.7046998550644408
vn 0.1961853989950765 0.6054007543149741 0.7713632191749896
v -0.5787216675782354 0.6827611611834049 0.8825311003861621
vn -0.0098213112505112 0.7552252824358359 0.6553917260806948
v -0.8713340744807596 0.7703911197962902 0.8548908968523089
vn -0.0763527208897385 0.9691673863569521 0.2342751357587227
v -0.8606338468033294 0.8686846376415117 0.6721984022196675
vn -0.2954048641948645 0.8711108382595621 0.3923032929720786
v -0.9428471030606094 0.8323551530138572 0.7420855032862160
vn 0.1617507488822090 0.8457449275641280 0.5084802972934078
v -0.5954784398172150 0.8208612704809304 0.7364672351272440
vn 0.1329344053644785 0.5745772267488879 0.8075824752754048
v 0.0779733370274439 0.4911897113406136 0.8340767751431919
vn 0.2475938496828808 0.7361949145349184 0.6298526283283538
v 0.0089857027985999 0.5622904318099394 0.7829306788473241
vn 0.2872882006980814 0.8059244249822197 0.5176401365396016
v 0.2062383369640541 0.5806392821034579 0.6452083979258162
vn 0.3216758546555396 0.8380434523975977 0.4406901592106904
v -0.1365589397661147 0.7604708818436978 0.5616685102535910
vn 0.2775040529786847 0.7939863024552365 0.5409041061906121
v -0.4258093773120066 0.7742232333831919 0.7316408335753408
vn 0.1911542322772823 0.9027995111944720 0.3852442109487246
v -0.1324437476615920 0.9218113620559601 0.2087442066605441
vn 0.1085639581712440 0.9527363437725107 0.2837381296921169
v -0.5938971912877411 0.8812893799787317 0.5966491001839237
vn 0.2705563945733672 0.8725947322330454 0.4066665349332303
v -0.3176592181621871 0.8462469715554533 0.5191416401171851
vn -0.3900891574981081 0.4752071238133830 0.7886752428467806
v -1.0520879343052389 0.6877977332694478 0.8769333288938521
vn -0.0606213963648589 0.2443616983984122 0.9677873767820172
v -0.8484401120948586 0.6013012200610123 0.9484537422051167
vn -0.1390800525963002 -0.0402074182392177 0.9894645534269265
v -0.8305734345915129 0.4714456686195284 0.9646387541495481
vn -0.0126857175259733 -0.0987149287798769 0.9950348915524697
v -0.6889108504764428 0.3593410629897104 0.9670324090842665
vn 0.1383117192230261 0.3351726741070627 0.9319491117316929
v -0.6030558450345731 0.5840910818593880 0.9352553640391781
vn 0.1169310662694139 0.1411199752364911 0.9830627031529322
v -0.5476282210765205 0.5049977621973214 0.9484848876179783
vn 0.5332626805383781 -0.6511584709057451 0.5400218137378486
v -0.2055223383187369 -0.3279948114522701 0.8510505611373619
vn 0.0748970895701607 -0.1058125841130125 0.9915614570046810
v -0.2912271462466930 -0.1250509067108266 0.8764929758895162
vn 0.1041182277667717 -0.1110768539269200 0.9883427174661653
v -0.3966054437995469 0.1683032849515101 0.9266667949848644
vn 0.1162920915141691 -0.0051194629034186 0.9932018629416886
v -0.5010801118724606 0.3548363348610061 0.9538943351913020
vn -0.1020690905967354 -0.2002992221586097 0.9744034699996770
v -0.3896473815067390 -0.1866392703220592 0.8632877391390822
vn -0.2681971280107007 -0.3261469661561343 0.9064758446831119
v -0.7777530210666498 0.2270912959686625 0.9238156036239793
vn 0.0941246086556942 0.0930651805774856 0.9912010039389046
v 0.0972878431788316 0.4043377756884313 0.8599772551548061
vn 0.1804101227843769 0.3834068092333688 0.9057877269153150
v -0.1554605176317039 0.5117332988023234 0.8658567399031245
vn 0.1412922855492683 0.0529774258987863 0.9885493828784694
v -0.0176312454256568 0.3660897427334582 0.8761476949387246
vn 0.1525098879573574 -0.0324205492395923 0.9877700350092816
v -0.0891047685505280 0.2730355985898987 0.8869933953917053
vn -0.8497714289891196 0.0625012412742220 0.5234330074737082
v -1.1609648150094083 0.5890314703797548 0.7868543719207366
vn -0.8179197605831158 -0.4092593101384502 0.4043687454696001
v -1.1221827666075503 0.3677913667516943 0.7547318588503554
vn -0.7027019616991267 -0.2450978602692792 0.6679348710133497
v -1.0759041813515993 0.4507555129075900 0.8671933501068255
vn -0.6058554671032987 -0.4854874966642077 0.6302706113755938
v -0.9798045718375943 0.2238892000011723 0.8120192046723859
vn -0.7593397229719383 -0.5438299076183543 0.3572845038575173
v -0.8787932837643858 -0.3414797391211775 0.1500424145443002
vn -0.9327648447183464 -0.3603614504330945 0.0094535442726965
v -0.9779561599429194 -0.1136270173035023 0.2439827927271951
vn -0.6888808895923200 -0.6166541663090179 0.3810259297321170
v -0.8556129793569712 -0.2609448483576245 0.3159926214628981
vn -0.8287571658954183 -0.5117845245921250 0.2263584775638122
v -0.9581013294762678 -0.1219612623010798 0.3287150374678965
vn -0.8132228893005777 -0.5130813403046520 0.2746198655392619
v -1.0648878411284961 0.1509107657102620 0.5890520327827002
vn -0.6811941755810377 -0.5796239602636276 0.4472254016072644
v -0.9828407211987278 0.0830905729200824 0.6560743534641894
vn -0.9320039732248525 -0.3562417911669497 0.0667860772860038
v -1.1278454795352768 0.2500919305199300 0.5093715968002605
vn -0.2314119383533282 0.5047879057921133 0.8316475725651871
v -0.3239763282605483 -0.4440392944229352 0.7877847313261320
vn -0.4007667376713112 -0.3114055316263771 0.8616336906416717
v -0.9419267451905425 0.3520849587528259 0.9114542068330893
vn -0.5894473306105288 -0.6008424562658105 0.5399446149232249
v -0.5003945217149637 -0.2956969722033203 0.7441989312843672
vn -0.6061799092328718 -0.6534219013904131 0.4534156331951563
v -0.7985682555341405 -0.1360891044821997 0.6060905047483259
vn -0.5036873779235533 -0.5375540505495925 0.6762652349915834
v -0.8192931265251986 0.0507673772501721 0.8040333003553672
vn -0.9666185398796101 0.2553187942142989 0.0214688537646306
v -1.1782386470841300 0.6412996014693646 0.6923832567818066
vn -0.9371487080319143 0.1981982267534213 -0.2871754898070399
v -1.1613494631499190 0.5810138792103330 0.4772349595538975
vn -0.9943176933769015 -0.0684611855084147 -0.0815192659217472
v -1.1840379348413839 0.4946329622117662 0.5693672609414201
vn -0.8969325759616222 0.1341646472698032 -0.4213214943505943
v -1.0810266982593182 0.4840317543311103 0.2366008032027616
vn -0.9587294177372361 -0.1369999171922817 -0.2491363607635950
v -1.1194067697123282 0.2970930506060215 0.3405927921129101
vn -0.8635983458048198 0.3425918624218899 -0.3699036535714128
v -0.7836233216671394 0.4676328220714400 -0.3323499778129655
vn -0.9029495524390954 0.0221360592934303 -0.4291760718271641
v -0.8086252614367605 0.3306666152717598 -0.3155894922070261
vn -0.8369808187941551 0.3123241161297473 -0.4493514832004430
v -0.8722842775891272 0.4576619327269503 -0.1562557956426366
vn -0.9364044953150801 -0.1463618587350537 -0.3189432981915912
v -0.9409248203982794 -0.1326604624336054 0.0548993140551973
vn -0.8996031060138979 -0.0784679669231471 -0.4296010123557620
v -1.0213590909212704 0.2734045366770569 0.1056105327468075
vn -0.7388542927855926 0.6663397644684863 -0.1004273484683531
v -1.1111023459607368 0.7517511869297647 0.6290867633496608
vn -0.4327398129660575 0.9011803206295150 -0.0247039264932966
v -1.0055289506456597 0.8273268670023766 0.6076166863704612
vn -0.3587615400521534 0.8899126009973091 -0.2816837232883920
v -0.8393761611823486 0.8539597818910688 0.3819757361639921
vn -0.5980834105811260 0.7361394248702180 -0.3168516705643081
v -1.0118558957305444 0.7732080463539567 0.4168233951618311
vn -0.2464573833720911 0.9518162657315153 -0.1824953546540164
v -0.2441810130104279 0.9282515593704882 0.1054164549602973
vn -0.2887603532598855 0.9039482710405654 -0.3154282512204613
v -0.2445512838845638 0.9107309849153739 0.0347657305642661
vn -0.3043936662400468 0.8643116654821229 -0.4003871137592492
v -0.3354590992051777 0.8595502379274474 -0.0173920806367003
vn -0.2739671121435512 0.9087091403785504 -0.3149439944755235
v -0.6609453341647992 0.8683023292424061 0.2562655776835998
vn -0.0875906513151522 0.9915177480247617 0.0960230865682462
v -0.2278787901760018 0.9336526697020080 0.1638641630354606
vn -0.2009032714149776 0.9724396343454270 -0.1183175096462568
v -0.7410903713715530 0.8902675390015957 0.4311179817924478
vn -0.7655330448999298 0.4664219371846824 -0.4431813778568886
v -1.0333124177390842 0.6382514623599660 0.2542049841823893
vn -0.3882224581729420 0.8098879591428921 -0.4397326649289536
v -0.6679935588726675 0.6009393698712693 -0.2610964590450112
vn -0.5017529030150744 0.7514984202785873 -0.4283621699388651
v -0.8920758736382443 0.7573387641469739 0.2204962890515631
vn -0.3292791219227587 0.8439159664382110 -0.4235340617428984
v -0.6335605499283310 0.7913522011393803 0.0559867484869615
vn -0.5013096386770327 0.7846685460113877 -0.3646696026129371
v -1.0614958633722096 0.7679588250432853 -0.7871225078804417
vn -0.8255761303587676 0.5597896939281511 0.0711305247672900
v -1.1348868894154833 0.7301011494747186 -0.6217017615992743
vn -0.6822042675280605 0.6671931813867358 0.2990829250852488
v -1.0824273371769770 0.7401712630018388 -0.4740109740547567
vn -0.4286524418552997 0.9025524930874183 0.0406949789676167
v -0.9802412803773514 0.8378227546359912 -0.6130283367331540
vn -0.3960586474442243 0.8846587884674346 0.2460007637630063
v -0.8868641149184694 0.8476990239432662 -0.4334441275373109
vn -0.5632852292410594 0.7232911525230381 0.3994491947679236
v -0.9669383440277950 0.7610940757070771 -0.3260436624690105
vn -0.1542920685485704 0.9641643821471843 -0.2158263231900636
v -0.8911635967751310 0.8624545085913139 -0.6735714359381570
vn -0.4434564057974840 0.7913009114890783 0.4209385746563635
v -0.8367964101044574 0.7697444971960586 -0.1877115562293557
vn -0.2970925265606078 0.9033391012442281 0.3093775991003630
v -0.7468820944112811 0.8619096461986570 -0.3099772755027823
vn -0.4446216612553930 0.8008107536160844 0.4012651433096743
v -0.7018313448863077 0.5552166317120762 0.3094820883732691
vn -0.3268928902082497 0.8286457201875433 0.4544087463354604
v -0.4063045864558610 0.6896629409747764 0.2954787521564601
vn -0.5263949839801089 0.7261790351369116 0.4422356043651451
v -0.7740266119709205 0.5506109964308826 0.2229833569113532
vn -0.3850235735940980 0.8100367210870556 0.4422639011578516
v -0.6339835821668228 0.6564785241460184 0.1895879841924770
vn -0.3238728888415504 0.8433014442784229 0.4288927907430419
v -0.6335594804420478 0.7913517740726537 -0.0559851536654268
vn -0.6646214740369715 0.5880830916248992 0.4609084221337506
v -0.8729613885737031 0.5997257291566505 0.0293110987691951
vn -0.2801334743761240 0.9280439756952928 0.2454783406120312
v -0.2443103584031421 0.9233178235226451 -0.0740138809466169
vn -0.1575682492664149 0.9864651605099064 0.0453732732264447
v -0.6973206489333599 0.8990818771875124 -0.4368215020158091
vn -0.3003367791269159 0.8685171649538974 0.3943041380509652
v -0.3354518706079135 0.8595509397612574 0.0173959375739015
vn -0.9995389240038659 -0.0150611086035837 0.0263647948754518
v -1.1944671727429330 0.5315854403550950 -0.6288974008287600
vn -0.9290860064845382 0.2028165736038476 0.3092969932382268
v -1.1473414634710881 0.5566501131783370 -0.4201916036137530
vn -0.9615054925770999 -0.1471956596171538 0.2320358281256136
v -0.9252940905082535 -0.2369116517433708 -0.0628918141450374
vn -0.9386561954301216 -0.1566394524396580 0.3072273241755256
v -0.9409248203983401 -0.1326604624334608 -0.0548993140552996
vn -0.9135548005790748 -0.1270448462751257 0.3863641201947415
v -0.9820946689468285 0.0347501199684398 -0.0829637998424019
vn -0.9439648675060371 -0.3286136382286204 0.0307149098071137
v -0.9779572045544644 -0.1136244367828866 -0.2439844592540915
vn -0.9657717940213792 -0.1853745873424289 0.1814417378674232
v -1.1391776066341910 0.3104041610529534 -0.4263594040458771
vn -0.9374070824766330 -0.0437351222666191 0.3454782204466310
v -1.1140237396756751 0.3733298334329548 -0.3001738908956657
vn -0.8767521176526348 0.2208911963304028 0.4272151724545183
v -0.8245587929120262 0.4325931669581871 0.2576311250239903
vn -0.7727408936622689 0.4514051040123969 0.4462117696045176
v -1.0333123631243888 0.6382528465059888 -0.2542058090351485
vn -0.9044218496240647 0.0012903959049880 0.4266373785792734
v -0.8086252614367612 0.3306666152717602 0.3155894922070247
vn -0.8823355672426348 0.1479887851244987 0.4467474300496790
v -1.0331979022303162 0.4669709972062777 -0.1402091618035354
vn -0.8975059786254845 -0.0608775322650606 0.4367802014707489
v -1.0261286879883682 0.2798974809952997 -0.1146124750882750
vn -0.6772060832130994 -0.2015315458870020 -0.7076559593980454
v -1.0750439489632033 0.4571447963485978 -0.8703470044489453
vn -0.5158318017320267 -0.3790095612168834 -0.7682898572987129
v -0.9919696480753394 0.3291140701066620 -0.8762738976308700
vn -0.7594859906650748 -0.4937140306144204 -0.4235888170832100
v -1.0691341067484750 0.2382434968109540 -0.7174562275620012
vn -0.5770478255284696 -0.5622446555967373 -0.5923653891862447
v -0.9384140829759853 0.1315490338316521 -0.7769491910659774
vn -0.9047001640048322 -0.2815146949493701 -0.3197922603459826
v -1.1543497341493740 0.3959475192682367 -0.6995086461056407
vn -0.9198442414975356 -0.3772144592935972 -0.1076839035495204
v -1.1299437043560989 0.2559410780342950 -0.5460829623463770
vn -0.6018208132526939 -0.5461405353479633 -0.5827025179160513
v -0.4153179567465852 -0.3457870836610579 -0.7854856878876264
vn -0.6137193254089249 -0.6020471608312563 -0.5107717746260434
v -0.4598219447500632 -0.4468392841779649 -0.5978804385007674
vn -0.5993664931937963 -0.6538872354362117 -0.4617264235130574
v -0.7459080114170965 -0.1763836440136893 -0.6172728162236657
vn -0.5126797095502802 -0.5499552755721787 -0.6593244347707504
v -0.5318340907643692 -0.2198397865305454 -0.7897658021884780
vn -0.6846440099129460 -0.6068606451461124 -0.4037112050255308
v -0.8325452769618896 -0.3436086846915369 -0.2247764814708780
vn -0.8040914177484265 -0.5326130676332393 -0.2641217751145025
v -0.9610202292804301 -0.1034912110308304 -0.3636301332273972
vn -0.6593871809131527 -0.6321142684043685 -0.4069890629083480
v -0.8684998950159667 -0.1667033136090196 -0.4531803016045655
vn -0.3543161926697385 0.2058074191984539 -0.9121969863000495
v -1.0183944314042734 0.6212583836910485 -0.9165605229432912
vn -0.0090955402029162 -0.0462672649338492 -0.9988876870519318
v -0.7293581604115544 0.4461117143570495 -0.9726837618237645
vn -0.2488930249278622 -0.0848802277894112 -0.9648044408441931
v -0.8739545509457008 0.4646862671892207 -0.9576491825819865
vn -0.2926861812461669 -0.3494772948072412 -0.8900564137860862
v -0.8227914718267882 0.2518701481129886 -0.9207235275554477
vn 0.1365748662051536 0.2049064053324806 -0.9692062066323994
v -0.0101112819711017 0.4325946080447965 -0.8638125131997034
vn 0.1377539166220320 -0.0220478932467718 -0.9902210606014545
v 0.1121424350227847 0.1821465601340834 -0.8508868129456442
vn 0.1272508158524757 0.0086210107180799 -0.9918331049320133
v 0.0172638927947395 0.3347479519729056 -0.8703154636097734
vn 0.1358314567616704 -0.0542287669561199 -0.9892467114872918
v -0.4049711974821493 0.2957132344592557 -0.9392016937585252
vn 0.1466938223138721 0.1806335494974620 -0.9725494554473280
v -0.5082260518153854 0.5051315087691780 -0.9409388960671292
vn -0.1055994958206519 -0.1824260227902599 -0.9775323486674760
v -0.3534790862321792 -0.2451405907130270 -0.8586955410111201
vn 0.0545391650313959 -0.1090650629852025 -0.9925372998097914
v -0.2732438990216403 -0.1927254151496221 -0.8666227341644990
vn -0.0894477426206222 -0.2217552089193692 -0.9709911063738955
v -0.5106361097367276 -0.0027924899533009 -0.8980397248040767
vn 0.0777400777621882 -0.1242728833181666 -0.9891980240484299
v -0.3884111188444390 0.0706089065829307 -0.9124087267231842
vn -0.0692633597496706 0.8549872541478846 -0.5140032901070266
v -0.8588895591230306 0.8190708753594168 -0.7834018486621519
vn -0.1886944145625997 0.6416506161382403 -0.7434237719647486
v -0.9553532290069726 0.7526807877527932 -0.8609834316428202
vn 0.1055379776697292 0.8929902944515057 -0.4375272211929185
v -0.7115347375762804 0.8514803469727940 -0.7177429883862806
vn 0.1354626938209045 0.6918517555455094 -0.7092185889635020
v -0.6959318262897580 0.7442753140094048 -0.8592774832950194
vn 0.1774831663322948 0.9034007167777959 -0.3903419918405241
v -0.1208615679522851 0.9295461784411297 -0.1848042885317721
vn 0.2622173129580312 0.8782960862797206 -0.3997975307712586
v -0.0925286669411418 0.8710211400391269 -0.3044852302335401
vn 0.2202999271551365 0.8951799516951181 -0.3874542504329607
v -0.4449516278635252 0.8372542424725887 -0.6272268152111995
vn 0.0549530292544786 0.9762197286280579 -0.2097026609585998
v -0.5586594083265579 0.8964941933044378 -0.5104087439837951
vn 0.2220923438394448 0.7465812018800045 -0.6271295717850575
v 0.0790390786206543 0.5304879029665326 -0.7933418032097174
vn 0.3065490581580367 0.8147719018657380 -0.4921122055715637
v 0.0270335488349234 0.6344665562071308 -0.6691826969798034
vn 0.2593421997851619 0.6911899999553043 -0.6745354011261229
v -0.3266897074992614 0.6672955398319516 -0.8084470747059536
vn 0.3145927342810919 0.8377947261764745 -0.4462414238149930
v -0.2789423274976798 0.8019445124504364 -0.5876753503544526
vn 0.2590615666245097 0.7902229743675052 -0.5553690263958083
v -0.4442262979947810 0.7713148220193039 -0.7390738202140155
vn -0.2740380628712525 0.6644640984909571 -0.6952629732082467
v 0.2634492122881023 0.7411849628350896 -1.2664415033830716
vn -0.5546854520145896 0.4933410901141418 -0.6700288188789798
v 0.1001700225985321 0.6971843197702254 -1.1962956667524540
vn 0.1543804798146874 0.8686362296482433 -0.4707842053368732
v 0.3812812378172933 0.7930942013349643 -1.2257441313417026
vn -0.4825830158238585 0.7630953846525507 -0.4298826197467459
v 0.0635344567118589 0.7832369073185625 -1.0567652833019847
vn -0.2096109907012877 0.8856479667291963 -0.4143560203564863
v 0.2206817896994503 0.8263518496545730 -1.1215220374218557
vn -0.2125563009142295 0.9500059365236940 -0.2287106020966203
v 0.2177528891244149 0.8684383064766391 -0.9923007575525299
vn -0.4276480147428243 0.8775070521504278 -0.2170220009878893
v 0.0293726186687952 0.8443308176172585 -0.8208271628254351
vn -0.5760468583757486 0.5906349674750186 -0.5650843761344088
v -0.5538193477756177 0.4911906372567951 -0.6287793582911909
vn -0.5538676694165656 0.7734213741506708 -0.3083017722653410
v -0.4901864044328279 0.5712338009166039 -0.5658575007785620
vn -0.6494168186316153 0.4844295246380814 -0.5861619497522115
v -0.3912688755333766 0.5443095125379523 -0.7568224213787990
vn -0.6562224922485351 0.5220938585559349 -0.5447844009562838
v -0.0944056909764258 0.6399832838829967 -1.0413779103445153
vn -0.5243831334281325 0.8306626850069776 -0.1871412116907771
v -0.2118970551836852 0.7486562376517377 -0.6153221241632862
vn -0.5798407928846784 0.7391982476963138 -0.3425939367670811
v -0.1378085342834072 0.7196824790128703 -0.8744958494311066
vn -0.1906313062546972 0.9636816158490851 -0.1870225878072593
v 0.0246427868038310 0.9282521179590957 -0.2648010416016246
vn -0.4045802922385630 0.8956270609590812 -0.1848430545353472
v -0.0426125866406457 0.9107314404651647 -0.2433481710996735
vn -0.2822004255005536 0.9481406098900408 -0.1462610806901417
v 0.0999498580035940 0.8927005934523486 -0.6792538505985058
vn -0.4715756937146416 0.8663685766318352 -0.1643832549941825
v -0.1252128119775577 0.8503820226429658 -0.3527590412698213
vn -0.1315716908373254 0.3444606730986280 -0.9295352251844184
v 0.3324878905077889 0.6635873749343265 -1.3343021629781391
vn -0.2957848546005377 0.0803057392679428 -0.9518730524757847
v 0.2417236142998540 0.5650172119198890 -1.3286490507877309
vn -0.4062426730119952 0.3507666472209723 -0.8437592368806560
v 0.2280749749561565 0.6518378691522138 -1.3044169798382026
vn -0.5429886094769324 0.1615528433858716 -0.8240534259210669
v 0.0892216488057222 0.5735138902168183 -1.2490644001858673
vn -0.4943432876109329 -0.1857138459663659 -0.8491967271547833
v -0.2140962578804750 -0.2115477759499619 -0.9111845282456148
vn -0.6057559705535795 -0.1462250805407185 -0.7820984144975306
v -0.2257494721699608 -0.1089556674525234 -0.9259999641226327
vn -0.6855750048811472 -0.1008968480240303 -0.7209762400669184
v -0.2985133908524128 0.0751513130702344 -0.8978154761960038
vn -0.5926335797231060 -0.0825472536966293 -0.8012311720669142
v -0.0593212371915953 0.3338989759453106 -1.1501058877782739
vn -0.6503114048603682 0.1054981953090453 -0.7523065914207245
v -0.5845751448576159 0.4043383080108947 -0.6384075669161978
vn -0.6946121280587884 0.1376683680894920 -0.7060888130973451
v -0.5256462295686711 0.3943729406867684 -0.6927426395744793
vn -0.6742953798448803 0.2118600123729708 -0.7074186001775563
v -0.0940366648578835 0.5278227716544558 -1.1046152686650648
vn -0.6988153947167097 -0.0330721147894518 -0.7145371084347421
v -0.3287214539014271 0.3141656758041327 -0.8937076750238302
vn 0.4515155531086917 -0.4239484699348661 -0.7851123487379612
v 0.4726018886719429 0.3367721115429100 -1.2490656753155471
vn 0.3915324911736099 -0.5710819570856968 -0.7215037814499363
v 0.4510515070244086 0.0908508596977245 -1.0960862945933860
vn 0.1074314439048804 -0.3762370372669123 -0.9202739682557193
v 0.3560524595989260 0.3443092314287282 -1.2913558476199281
vn 0.2039649046997146 -0.5726324468075409 -0.7940342552522814
v 0.3380971953146263 0.0730836927311212 -1.1276635121765577
vn 0.2995811035828034 -0.6162034859885974 -0.7283848064255666
v 0.5342124046124777 -0.3240421674517632 -0.6908718015386166
vn 0.4639456518928196 -0.5295580613734260 -0.7101568078418776
v 0.6099481807207835 -0.2609859452113226 -0.6996494019408819
vn 0.6814964176372499 -0.4084066996230781 -0.6072615585154225
v 0.5911530305427638 0.1844256106635617 -1.0613806241265842
vn -0.1757856037997248 -0.4284177159271012 -0.8863169197169665
v -0.0437901920936529 -0.1137101249705882 -1.0105814847632246
vn -0.0299873405902989 -0.4947265587383228 -0.8685311689762539
v 0.2094248296961356 0.1557498533343249 -1.1958687029601940
vn 0.1825651866736016 -0.6058977673407863 -0.7743112088471168
v -0.0577485139775486 -0.3527715884654352 -0.8583192721448746
vn 0.0746293338042554 -0.5753361782503580 -0.8145052145518809
v 0.0035956055623456 -0.2228311867405988 -0.9454931913442529
vn 0.2326158977848868 -0.6536426308352524 -0.7201674494535983
v 0.3051770680971128 -0.1810287599039229 -0.9135134859636495
vn 0.8001241739858768 0.3096922757335371 -0.5137041955779623
v 0.5673474507294899 0.6559022130102703 -1.2137312766573651
vn 0.5759570396102155 -0.0981958381192679 -0.8115608824355024
v 0.5100154691012767 0.5197497824642165 -1.2976915250094818
vn 0.9456425059319142 0.1786050075831407 -0.2717728872441759
v 0.6870370974442308 0.5455342249997762 -1.0003193802052639
vn 0.8911847873986639 -0.0462061500130005 -0.4512811389922850
v 0.6524554702744028 0.4652952764415400 -1.1079447571457492
vn 0.7573281681150189 -0.2677545481185685 -0.5956186260866686
v 0.6210509923377316 0.3580135056805553 -1.1226946588178941
vn 0.9767230417019360 0.1055073524019583 -0.1867626793490799
v 0.8288477533790006 0.4060589521930258 -0.2510432819688284
vn 0.9791262414720520 -0.0587429069808946 -0.1945792233005544
v 0.8198126531435209 0.0562209118125677 -0.2298206392605242
vn 0.9855506244958244 -0.0404874229652012 -0.1644710769026802
v 0.8162894514406820 0.2684666151820272 -0.3529498693852116
vn 0.9109165008569151 0.3992486579802831 -0.1040751534591065
v 0.7072401357589347 0.6027887684206121 -0.7604431644972227
vn 0.9787149026693333 0.1147348505520585 -0.1701559677523964
v 0.7460639492497834 0.4637869548158012 -0.7740570069240043
vn 0.8749170259632154 -0.2241345354261602 -0.4292830158636393
v 0.6958639745683626 -0.1822865393233441 -0.6484019142975386
vn 0.9546582518886929 -0.1250534140535716 -0.2701652563420595
v 0.7340296761139365 -0.1775295916399972 -0.5565949618784571
vn 0.8874756758846232 -0.2231544125366163 -0.4032233039874668
v 0.6850352592472548 0.2303232234875396 -0.9367468494698291
vn 0.9735360885019740 -0.0802983820957600 -0.2139618055099554
v 0.7512682424743550 0.2524606560297489 -0.7432333002650204
vn 0.2949401104880255 0.9554139200223991 0.0139489301648522
v 0.3474111901153508 0.8898706363866431 -0.6809855713877830
vn 0.6195131824415111 0.7159638798042727 -0.3218682022145153
v 0.5388207065890552 0.7604058437677300 -1.1286142875318501
vn 0.4346402449971124 0.8916732551649832 -0.1265174432729851
v 0.4686043554745833 0.8383025337038672 -0.9962919815850702
vn 0.8395588326530606 0.5121798422605151 -0.1811429703196459
v 0.6291269729365275 0.6830831260570752 -1.0296356703443279
vn 0.5080969720157859 0.8568674776180998 0.0872673640531513
v 0.5108035048983844 0.8146025949217917 -0.6658661499161669
vn 0.2355131367968182 0.9695140953457708 -0.0676460000443106
v 0.1163189071652383 0.9358382384225489 -0.2175918347386980
vn 0.3394753373446239 0.9395695249729359 0.0443351223849171
v 0.1509401294828357 0.9244948460263304 -0.2087362768323986
vn 0.4645897867775181 0.8768223866678513 0.1238500394029541
v 0.2168839954946365 0.8956237542058717 -0.1928418389885467
vn 0.6263633157438617 0.7786118499830976 0.0378494881901156
v 0.7660913015193974 0.5417803127383272 -0.1758623973394997
vn 0.7640081857432979 0.6451756275230071 0.0063167845877942
v 0.6956629769048487 0.6351742644511854 -0.5550803066360626
vn 0.6806170125864800 0.7325372592370610 -0.0122329884864666
v 0.5926033407956616 0.7622095259128626 -0.7724182082011676
vn 0.5158810578437362 0.8397130063555320 0.1695547142234089
v 0.4915077831800976 0.7604780262084510 -0.3032805944161255
vn 0.8824811443336830 -0.3522632182691741 -0.3116691434039590
v 1.1464730565858448 -0.6108862680103346 0.4591821818986591
vn 0.8687563628766338 -0.2762186648593591 -0.4110542922105008
v 1.0931790851769976 -0.5428271617620593 0.2878553275024837
vn 0.9698988244678883 -0.2350903424556129 -0.0634728381271135
v 1.1856983411117010 -0.6071048710575897 0.6481021657866289
vn 0.9491499996764872 -0.0541214481394559 -0.3101373034083655
v 1.1496045140447322 -0.5085853703275722 0.4037651190444735
vn 0.9890072384486074 0.1473267888474374 -0.0126293144771247
v 1.1827357570764523 -0.4542957001256139 0.5976331133910668
vn 0.9584793634525576 0.1751055778500532 -0.2250674264334556
v 1.1194066692832749 -0.2970930422583188 0.3405924959548017
vn 0.8472316077871788 -0.3835455275595109 -0.3675478622648328
v 0.7836240615560035 -0.4676340763369632 -0.3323475034888301
vn 0.8975614178822472 -0.1192648660294264 -0.4244518734323043
v 0.8086919538659589 -0.3867258361809723 -0.3123950211030544
vn 0.8969692464779599 0.0236304194208757 -0.4414609542765412
v 0.9494058451507856 -0.3351917102987080 -0.0433962665983164
vn 0.7847732558108860 -0.4425246356882616 -0.4339388018752795
v 1.0193116329969849 -0.6399829483988421 0.2323887155092056
vn 0.9615055601377409 0.1471956967655324 -0.2320355246032784
v 0.9252940905082508 0.2369116517433798 0.0628918141450321
vn 0.9361773344203775 0.1465091929996464 -0.3195419454221137
v 0.9409248203982794 0.1326604624336054 0.0548993140551973
vn 0.9045687961169506 0.0774578781913435 -0.4192321197112952
v 1.0244139228708042 -0.2542650625381926 0.1162618747760669
vn 0.5253869101895925 -0.8496256758689510 0.0458781593534576
v 1.0603306103384174 -0.7974416429438200 0.6630855559275481
vn 0.2118090100259889 -0.9715918380726225 -0.1055757711905221
v 0.7707847534694880 -0.8860313949834586 0.4494325694147179
vn 0.4420276614282895 -0.8781584365549547 -0.1828915165872791
v 0.9463262926858483 -0.8408942373429756 0.5033784578324019
vn 0.3889139506529625 -0.8523156926539472 -0.3497197435709444
v 0.8652515548433429 -0.8011817077892969 0.2724021260862577
vn 0.3192791759313495 -0.8529180909721655 -0.4130272847028327
v 0.2652423731432491 -0.8644876114839017 -0.0615958652722113
vn 0.1456107294076432 -0.9863802453065237 0.0764952753470180
v 0.1722552807753117 -0.9479048012522276 0.1187982172440172
vn 0.2855726089888412 -0.9199651553068393 -0.2685375169628434
v 0.2299814802513818 -0.9237970313401584 0.0616621242424803
vn 0.3059614291834982 -0.8730670640039064 -0.3796597234413861
v 0.6157052410272993 -0.8340119123313016 0.1286374703474697
vn 0.0988583310488810 -0.9950202685809093 -0.0127159543646968
v 0.4060587835343885 -0.9196317662373037 0.2702956134202661
vn 0.2289391674770734 -0.9480523805594089 -0.2208699647089714
v 0.5705562156349576 -0.8956601467469987 0.2776520657828672
vn 0.4841755034598296 -0.7780564394874199 -0.4002527436777663
v 0.7142898771424592 -0.5231889565662485 -0.3586490838585450
vn 0.3983914361731151 -0.8035861610299418 -0.4421917518284157
v 0.6583767188721786 -0.6382573700476774 -0.2031459389227000
vn 0.1777468962485146 -0.4829559819136091 0.8574144624438530
v 0.9604395912135933 -0.6939598244929402 0.9048087339766471
vn 0.0309807893673282 -0.7687520456329668 0.6387961200769039
v 0.8233451488597976 -0.7742103404193036 0.8470742563813184
vn 0.1968537432788370 -0.9535680567721664 0.2279398272809386
v 0.9156701175120766 -0.8497570478376701 0.6984187033348821
vn -0.0858307701235050 -0.8816815086863424 0.4639728398738241
v 0.7263080992149988 -0.8381951116899701 0.7468592668546634
vn -0.2360321936809072 -0.8177559487347327 0.5249419128390642
v 0.5089943956104535 -0.8065097406256246 0.7229522767199049
vn -0.2561997880905924 -0.7799602141408533 0.5709848797820218
v -0.0481950495179544 -0.5562319227186142 0.7736230001120429
vn -0.0915888881106376 -0.9575656127513328 0.2732756353040309
v 0.1683796994480441 -0.9266188925486362 0.2038342091539636
vn 0.0234624465804276 -0.9881971702904873 0.1513798739275943
v 0.6860334253134484 -0.8941349350034313 0.5571243371015212
vn -0.1406095010356810 -0.9406964381310522 0.3087380435029809
v 0.5708306412008057 -0.8842321913323047 0.5652443463297375
vn -0.2474031701402327 -0.8790562573268366 0.4074945004034995
v 0.1139684486203878 -0.9001098042581336 0.2529124647782940
vn -0.3148673944321684 -0.8360345605690044 0.4493381103998291
v 0.2725246894475461 -0.7759521809780092 0.6310382597344490
vn 0.3355308240655628 0.2818842045658047 0.8988661531719769
v 0.9037464862570707 -0.3489885331779136 0.9277307570098264
vn 0.0670173422165754 0.0559762348875401 0.9961803737125327
v 0.7480168323743406 -0.4272492349133060 0.9702001069336806
vn 0.2896343437820792 -0.0480018495905778 0.9559329314014703
v 0.9799401699300148 -0.5840770717881778 0.9318705287998444
vn 0.0003899789260070 -0.2379228400789717 0.9712839801444237
v 0.7997673557958467 -0.5633558199891654 0.9572496524808335
vn -0.1491309969800338 -0.3476874418851165 0.9256745586301511
v 0.6030575440751261 -0.5840962880504162 0.9352541854009092
vn -0.1254244604089733 -0.1145517437645734 0.9854677076046751
v 0.5298741359862043 -0.4611491496625156 0.9542635099998599
vn 0.0505640974315867 0.1322080133687816 0.9899314689674275
v 0.3455889760078319 0.2369032741301509 0.8611688739810953
vn -0.0944737869173943 0.0822814247459488 0.9921211976000027
v 0.0744642631624014 0.1206795922613581 0.8509874076185425
vn -0.0598056012643141 0.1242922487687072 0.9904416827625097
v 0.2819147019222118 0.1287046288755080 0.8755529334245247
vn -0.0613996445350674 0.1092109717047857 0.9921204802393023
v 0.4904435283597321 -0.2033338345851957 0.9385739788565274
vn 0.1368975766464085 0.2572968694902822 0.9565863131253977
v 0.6773789786510748 -0.2005051750664044 0.9356389181810357
vn -0.1122706176930225 -0.0457810977470287 0.9926224858887210
v -0.0313082495333422 -0.3885900877090957 0.8674545334306484
vn -0.1440769704328434 0.0723022700958247 0.9869215816516953
v 0.2194465257342159 -0.2487544710336408 0.9075226916795092
vn 0.8693046759446841 0.3869861900763755 0.3074915756096080
v 1.1273609300667080 -0.3366911279485394 0.7064483325138350
vn 0.7501232435577162 0.2980882232689354 0.5903037613151561
v 1.1049911775293073 -0.4023456482877693 0.8072241859775890
vn 0.7528505785008123 0.5554628684825008 0.3530963157386157
v 1.0179856967817349 -0.0939827532987389 0.6103606817115348
vn 0.5287628107185515 0.2473867579613532 0.8119172876508961
v 1.0040620518751628 -0.4115353825452847 0.8997684398315344
vn 0.6217995381074013 0.4929420178751227 0.6085831918666705
v 1.0119285842572259 -0.2402050223095323 0.7975152901101745
vn 0.8950475689477712 0.4010868706639697 0.1949850545597510
v 0.9176117577075329 0.2896609359365273 0.1270655274996103
vn 0.6772411579911051 0.6132884022300178 0.4064747834897250
v 0.8325443080854087 0.3436106824577204 0.2247752120595305
vn 0.9461839293567837 0.3211498008080073 -0.0399847129279973
v 0.9779561599430172 0.1136270173032641 0.2439827927273788
vn 0.6144224450748924 0.6619023371636560 0.4293836921047195
v 0.7497899857888385 0.3366174260682127 0.3654956064174723
vn 0.8041619797070365 0.5351481897077558 0.2587275119622412
v 0.9610159386662920 0.1034987607604649 0.3636267062852753
vn 0.6511853851113075 0.6382224534840484 0.4106454603258629
v 0.8578642614349242 0.1018513945570781 0.5751148334856907
vn 0.9212692674226820 0.3810150495330928 0.0780414564944150
v 1.1278454178517703 -0.2500916721493614 0.5093726677707697
vn 0.5555655228156392 0.5307849787400005 0.6400111375613416
v 0.4824340400934348 0.2643518638606166 0.7897694579116308
vn 0.5920234384914809 0.6248455978387314 0.5089953115091358
v 0.5099688586923998 0.3341010182381675 0.6893126398236534
vn 0.4460207641241104 0.4945606449950452 0.7459726847494011
v 0.7937283178204810 -0.0866988603230288 0.8498257349749213
vn 0.5983080697797033 0.6248949478851269 0.5015314125198244
v 0.8400940705546058 0.0456346062029753 0.6774308970248389
vn 0.2013843973230876 -0.0430902436496932 0.9785640272445267
v -0.2706930212655404 -0.5671253226948055 1.3368232770840591
vn 0.5918780710681476 -0.2484382442048614 0.7667847075972853
v -0.0519311775462205 -0.5676095228994871 1.2250584148157182
vn 0.4463996263799432 0.0655486518157193 0.8924296878819018
v -0.1192453077932882 -0.4366674707894099 1.2717348746415080
vn 0.6223981399588274 0.0192360737316367 0.7824643946168943
v 0.0709757238833000 -0.3744316271386377 1.1410700113923744
vn 0.6818592525410043 -0.1003646711831078 0.7245653127928010
v 0.5279716726527975 -0.4032475987542503 0.6871479229928645
vn 0.6266626555099546 -0.4869016888155904 0.6084576087269663
v 0.4916357501857597 -0.4908908617102522 0.6834098921022222
vn 0.7017714283095592 0.0242480945895832 0.7119893905931013
v 0.4867062920423575 -0.3055314798250114 0.7343438969641067
vn 0.6942693257091020 0.0574417353386826 0.7174193685848671
v 0.2993319714892113 -0.2931608299691250 0.9248792729576327
vn 0.6903067639318282 -0.1159904018682109 0.7141588047097215
v 0.1055938650622375 -0.4748879734865451 1.1047239977880026
vn 0.6842743466051564 -0.3804191726201168 0.6221333230756185
v 0.1666293002324619 -0.5743482932486663 1.0057684326005691
vn 0.4598157103277297 0.2170010213270508 0.8610923697715723
v 0.1899287892653493 0.1967602936972672 0.9264213797459201
vn 0.3749080856336614 0.2891968534818306 0.8808002652490018
v -0.0738897931512380 -0.2482782776031792 1.2064183149313741
vn 0.5867073652331030 0.1375092537704131 0.7980386411125306
v 0.2441506921276725 0.1807932928925000 0.8963710783985577
vn 0.5471760217737009 0.2007457296711006 0.8125881818084261
v 0.1690622875858774 0.0602844665484448 0.9757020467747934
vn 0.6605136113933535 0.1070485689156999 0.7431435749955796
v 0.3203595174305561 0.1178960094830003 0.8456759960767410
vn 0.5780161604882068 0.1519117150399193 0.8017606557122281
v 0.0772193728999466 -0.2586560850872304 1.1226977511991314
vn -0.2014027171694929 -0.5125434421433243 0.8347072333654584
v -0.4216314673501926 -0.6959769972395338 1.3214144406044730
vn 0.1345620771573654 -0.8181375320463284 0.5590563710827721
v -0.3077554269433982 -0.8076549759807239 1.1952366743454317
vn 0.4533279971064131 -0.6739192669003733 0.5833751355174055
v -0.1706874740389482 -0.7488804044512476 1.2038306099365836
vn 0.2377516499748473 -0.9312154141363778 0.2762462767333747
v -0.1839761126238233 -0.8612220324806533 1.0006017285507596
vn 0.5293619403063677 -0.7650462383080494 0.3667154065563391
v -0.0024885597545134 -0.7785765915569409 0.9759188672057780
vn 0.2553274314965185 -0.9515608390070218 0.1712888565950602
v -0.0209945677815112 -0.9252720164727936 0.2763088112180613
vn 0.4377050916126338 -0.8796804616273511 0.1859476759937219
v 0.0796474384957225 -0.8986519267257891 0.2200700167087856
vn 0.4884975732533101 -0.8518078878951201 0.1891915511995218
v 0.0910527998671452 -0.8072357349779008 0.6961153248332211
vn 0.2988527503255894 -0.9416358884506822 0.1549480145226947
v -0.0804973827852212 -0.8824916416800416 0.7208719509109555
vn 0.0507370822406779 -0.9932307196034219 0.1044915600504240
v -0.2406233577395737 -0.9008374380051253 0.7853068011100308
vn 0.5549269864867064 -0.7513079474190478 0.3572007948112101
v 0.4926082663802959 -0.5503538970327146 0.6093916507020291
vn 0.6319061257331957 -0.6362792393895077 0.4425419503084111
v 0.2978681251593327 -0.6118130755212532 0.8024623526300335
vn 0.5384145020214979 -0.8106079831191096 0.2302705402705951
v 0.4326184880581391 -0.6196207466747503 0.5480321205544044
vn -0.6719796000079766 -0.6448783163517064 0.3641090142697760
v -0.5550932873392038 -0.7218639996794194 1.1747539603468764
vn -0.9184225155740122 -0.3829642175779857 0.0991891674608903
v -0.7109596366626373 -0.5952484324665313 0.7858971005604263
vn -0.6985167351284589 -0.7153891952601090 0.0171076021280640
v -0.5830461562974826 -0.7732486137493030 0.7997873133646487
vn -0.4477875937771507 -0.8891882123512734 0.0939712396151935
v -0.4809696196925982 -0.8387559669790960 0.9650204442461447
vn -0.1232876382074779 -0.9821103923614359 0.1423352924642667
v -0.3524006675463310 -0.8795612858058937 0.9389780928058283
vn -0.4715430968252154 -0.8754186603334074 -0.1062510092966073
v -0.4542730612746380 -0.8320157571741583 0.5540465200346579
vn -0.5220450253902637 -0.8411251895443098 -0.1413414552752576
v -0.5018353427675305 -0.6896895822038666 -0.0002377366308118
vn -0.5950838411578330 -0.8008034801398403 -0.0677422186583768
v -0.7489304164473163 -0.5552110669069904 0.1621392479873870
vn -0.5731893556535702 -0.8090211483668328 -0.1301489303093035
v -0.6236693491917713 -0.6564707043972741 0.2192901404265867
vn -0.7640837848830623 -0.6449685321765772 0.0138405990031337
v -0.7489438320682544 -0.5611053097329782 0.3022567287056700
vn -0.4272483335234745 -0.9009222761808189 -0.0761440331384276
v -0.1725252501775561 -0.9153396622143491 0.1963518610950604
vn -0.2418059324160225 -0.9703246090408344 -0.0002100908610578
v -0.3140065137945391 -0.8969223071776751 0.7230708966985979
vn -0.4935112106054045 -0.8549285609878614 -0.1598244055643959
v -0.3041239639094152 -0.8576055105316512 0.2354404678256386
vn -0.7523399489531710 0.2773081671725929 0.5975657132303671
v -0.6210508405374692 -0.3580137730135302 1.1226949855506259
vn -0.9058582928625055 -0.0144415264393474 0.4233346141840149
v -0.6622108399714458 -0.4836554421251418 1.0891552444642361
vn -0.9046529534225205 -0.3524797921620236 0.2395016283479673
v -0.6710655139048028 -0.6269704233792278 0.9730658550716498
vn -0.9272105301306648 0.1591694466759180 0.3390364583045513
v -0.7095275286474333 -0.2967193605371120 0.9209074951334593
vn -0.9773048372114128 -0.0779250701114382 0.1969846151639803
v -0.7479232240361046 -0.4164657896192269 0.7788496993082935
vn -0.9499115778736306 0.1143013466105310 0.2908662860914768
v -0.7291564724170317 0.2061548247005684 0.5582575424360532
vn -0.8884942748763358 0.2066014379832644 0.4097484220045533
v -0.6958639745683615 0.1822865393233288 0.6484019142975496
vn -0.9577665814737121 0.1321783877484342 0.2553664998083813
v -0.7431241662877228 0.0841886802125315 0.5731727393345056
vn -0.7688112549715875 0.3451124616479474 0.5383554987592367
v -0.6143331368917800 -0.2022947724052267 1.0413683532334130
vn -0.9821683553152891 -0.0664263246894484 0.1758774152798250
v -0.8272699158349838 -0.3774670914599379 0.2709105062072446
vn -0.9820650130639079 0.0756963986209823 0.1726799506358498
v -0.7815364329469340 -0.2460457681402344 0.5677303103587016
vn -0.2497342442167755 0.0704464660782220 0.9657484676056007
v -0.4027443505612309 -0.5597548619860265 1.3448310536379153
vn -0.4007154866656923 0.3896124347309636 0.8292341342764948
v -0.4544863814307242 -0.3839969418747192 1.2839026163089557
vn 0.0743759263840351 0.3277376822554092 0.9418366276612782
v -0.2746191596658200 -0.3357329075633995 1.2955821269257120
vn -0.3606154159467796 0.5696646264330928 0.7385382421868051
v -0.4372991744949363 -0.1043633670906913 1.1147294132734049
vn 0.0868817636333287 0.3880137884275848 0.9175493769482030
v 0.1625995785860263 0.2896611267716722 0.9126341599236277
vn -0.1337586473483491 0.5908038449589671 0.7956503258600732
v 0.0319437894237856 0.2957092237466219 0.8965064426401369
vn 0.1872715453525812 0.4220963167924894 0.8869972196413416
v 0.0437901735025446 0.1137110588517481 1.0105810421664896
vn -0.1549519582866353 0.5577829776140827 0.8153944079444649
v -0.3139908389356791 -0.1021407696370117 1.1529026641436020
vn -0.4582017716896140 0.5319275939394967 0.7121124709104852
v -0.6099494694691673 0.2609890505893436 0.6996460278364662
vn -0.2992610113281005 0.6161979706165016 0.7285210416364015
v -0.5342114952162368 0.3240386050062238 0.6908753342823573
vn -0.5828377296116120 0.4508064518845614 0.6760722771127613
v -0.5440373280988782 -0.1824190964222504 1.1008511996962056
vn -0.2306264007577178 0.6543403398216613 0.7201737172069065
v -0.2901835943374366 0.1360982314586824 0.9600844507258635
vn -0.6746086015735938 -0.4817817533063835 0.5592759398221482
v -1.3226658930756940 -0.6890117997431406 0.1539079346590941
vn -0.8940249368562858 -0.0389675243513381 0.4463193299925984
v -1.3670887145380990 -0.5729334248404110 0.1375268491965562
vn -0.6112143796545050 -0.1747727340322493 0.7719271167295857
v -1.2085732730412633 -0.5633557168548748 0.3043716876971324
vn -0.6838124513709012 0.0575050403720325 0.7273882743637884
v -1.2073929238479908 -0.4327409507196269 0.3155711868385827
vn -0.5242241256818228 -0.0694430582564541 0.8487442062913414
v -0.4259512324619684 -0.4043338462711749 0.7531399613801848
vn -0.4754753135905767 -0.0283131020793276 0.8792733331658524
v -0.5166131031402309 -0.3460781617029870 0.7067472349585905
vn -0.4901840293433101 0.0982716794013774 0.8660613687287928
v -0.8932320612660932 -0.1918227715770946 0.5045236394673218
vn -0.4406719643622694 -0.2703357612321176 0.8559946238289994
v -1.0134508360899621 -0.5346619236692258 0.4326852414848903
vn -0.5289719263367153 -0.0072842715131684 0.8486080606122872
v -1.0199065755773045 -0.4034793720528439 0.4463010203479723
vn -0.6560580493692398 0.1623741564504871 0.7370362739884794
v -0.7859269345827995 0.2369029593164461 0.4933955565857486
vn -0.7313240090161874 0.3338213662773372 0.5947507791110689
v -0.9775543401109416 0.0203991721676400 0.3824751139379292
vn -0.6439301377171659 0.1992289914771006 0.7386892355345169
v -1.1238515582890967 -0.2602274783137531 0.3538189556494421
vn -0.5386856623788716 0.1296385397075724 0.8324731864570321
v -0.7426927211887503 0.1287066065327436 0.5425235219325611
vn -0.0858261260594203 -0.9765154538091060 0.1976143834786020
v -0.8449626562326352 -0.8918522846375959 0.0835582999146937
vn -0.3740710814417972 -0.7962845838778801 0.4753963478061181
v -1.1575978565167393 -0.7970078482693961 0.1775333000283134
vn -0.1391964478355407 -0.9091995867606079 0.3924034407906070
v -0.9173844135413020 -0.8633467683206260 0.1637229028686221
vn -0.0639797949073327 -0.9154152596871241 0.3973933670502954
v -0.1960814995511077 -0.9130428540042471 0.1143002629848895
vn -0.0245233917580477 -0.8865845645746419 0.4619160238773646
v -0.4018391844648792 -0.8804934873892496 0.1703360257175416
vn -0.2757326160720688 -0.5829181425415497 0.7643153560736318
v -0.8702327611547569 -0.6560457281980362 0.4348491970217520
vn -0.1260962630479857 -0.7809415032864411 0.6117434927239087
v -0.4148539021864338 -0.5562319352240390 0.6544263002849952
vn -0.2354821193214125 -0.7306690652860501 0.6408360855272631
v -0.9863257922620271 -0.7610822672253631 0.2997444001237317
vn -0.0076406998917348 -0.8365784366062371 0.5477938837835165
v -0.5783260879806883 -0.7714738125236202 0.3579839189598066
vn -0.0964737609274998 -0.8070001911384671 0.5826178034998425
v -0.7433143700804900 -0.7769770416902345 0.3390880853456548
vn -0.5976519263280181 -0.3452125258527494 -0.7236300760407723
v -1.2464982777527616 -0.6416455778597153 -0.2550074382707894
vn -0.5268429370274015 -0.7758934429639304 -0.3470243289308687
v -1.2516975226611489 -0.7926554992824297 -0.0938653989596248
vn -0.3924030335673568 -0.6853249891534205 -0.6134733233719294
v -1.1709422805606495 -0.7584849858397147 -0.2111371658875617
vn -0.2403884139333858 -0.9064130133608465 -0.3473166561751698
v -1.0924358812690431 -0.8445918205640224 -0.1239514093438809
vn -0.1595844544380763 -0.7721721249105497 -0.6150471619419343
v -0.3664823978789860 -0.5231867592225092 -0.7099354291226661
vn -0.0421784278167536 -0.8347572269326610 -0.5490003208656631
v -0.1555930611844307 -0.6882477933336913 -0.4799108563509307
vn -0.0485024884705432 -0.8147924029384875 -0.5777203897439401
v -0.4126816583618093 -0.6382793829065256 -0.5512416587227872
vn -0.1959925378547206 -0.7512885963124626 -0.6302002619454513
v -0.9048873638969872 -0.7619209281064890 -0.3294596123062933
vn -0.2177871872086378 -0.6570451810003286 -0.7217065686357547
v -0.5980788849804848 -0.5975546187446210 -0.5641442588121536
vn -0.0766082232903168 -0.9963357207785126 -0.0380304039560810
v -0.4066471162234731 -0.9263025443011358 -0.0001075088216260
vn -0.1130655922929440 -0.9885423060285322 -0.1000014051463156
v -0.8617797111086234 -0.8977260149829827 -0.0363668735599921
vn -0.0561006414425782 -0.8991174006701269 -0.4340974750467061
v -0.2329098459656123 -0.9053086714013379 -0.1257253297788568
vn -0.0715365006137042 -0.9086881438929316 -0.4113008463744809
v -0.8110674018106617 -0.8602106252380344 -0.1926152565853356
vn -0.0062530183029283 -0.8452939397219967 -0.5342649672506785
v -0.4878591065119557 -0.8111568635716564 -0.2952024145683110
vn -0.9739565808012642 -0.0174231499052802 -0.2260641779700815
v -1.3977716816330628 -0.6005732319349841 -0.0645234616545910
vn -0.8168351945270719 0.0811227653297233 -0.5711386538548932
v -1.3255571669438535 -0.4761966696860149 -0.1933708613327884
vn -0.7665952247779196 -0.3874238577465434 -0.5120883867033863
v -1.3332956710380732 -0.6701521219566901 -0.1479164273930053
vn -0.7678652520630860 0.3225234086780206 -0.5534994178215583
v -1.2051954749615392 -0.2524011713143018 -0.2602127998424228
vn -0.6349863874853080 0.0653276069133670 -0.7697561896362581
v -1.1570159080593514 -0.3994437754269715 -0.3568794611937791
vn -0.6133461450901218 0.1476919285487604 -0.7758824656767515
v -0.7995898138945632 0.1939341464432373 -0.4896885392338067
vn -0.5137154021969162 0.1122717379165475 -0.8505830602656383
v -0.7160519087210718 0.1225830853169651 -0.5587811499510134
vn -0.7919194160198048 0.3423651759850365 -0.5056181610697804
v -0.8514897793709317 0.2158373138462198 -0.4216574423923901
vn -0.4908626165114331 0.0797025225643915 -0.8675836556830829
v -0.9311729891636861 -0.2853825653366245 -0.4936843092741427
vn -0.6320097043247559 0.2201875140050073 -0.7430216634228300
v -1.0249440605485713 -0.1354953440281475 -0.4000416270506584
vn -0.4784698646143463 -0.1151763041927426 -0.8705176664539497
v -0.4915304021150158 -0.4085305818259964 -0.7125619832595065
vn -0.4601034102023642 0.0268229736385216 -0.8874600723442955
v -0.6266875476574669 -0.3074768038535469 -0.6500410548223788
vn -0.4867643802964549 -0.1376519488582033 -0.8626194868249539
v -1.0335191524447724 -0.4998073044904275 -0.4298933554951133
vn -0.9600439252610617 0.2727220783039067 0.0627561118531940
v -1.3850490335531531 -0.4430105774017344 -0.0082863269544527
vn -0.8808717344671262 0.4056119204258634 -0.2440163056546016
v -1.3179473981646512 -0.3065682219017214 -0.0848579531104036
vn -0.8197955768202245 0.5591358755564126 0.1237024045512423
v -0.8276111780922777 0.3045121474577972 0.3672759809147198
vn -0.7709983276866161 0.6342664917806445 0.0571628910108169
v -0.9539594364073402 0.1839561742017232 0.1576287498141418
vn -0.8392817879247604 0.5057329299321627 0.1996003107213207
v -1.2412555269921168 -0.1801107138718404 0.1028088318284067
vn -0.8147117530612695 0.5631907221827356 -0.1380614713492570
v -0.8395259694691311 0.2880529778653028 -0.3580096849521078
vn -0.8056033052284673 0.5192572816670636 -0.2852633696090340
v -1.1526812218571969 -0.0948245710696388 -0.1986923760641479
vn -0.7715972445670650 0.6327735556860340 -0.0650793315958804
v -0.8499719428673761 0.2982515301776427 -0.2402085235686744
vn -0.7914916029144996 0.6090271489940394 -0.0512540174428125
v -1.1000717013652141 0.0217474944571580 -0.0521785663943423
vn -0.7902180287163356 -0.3165402012839229 -0.5247454316740663
v -0.5673475947463016 -0.6559025607208743 -1.2137311447517309
vn -0.9420234865557897 -0.1484996171289523 -0.3008980134361614
v -0.6951138560090584 -0.5132742989477613 -0.9977227988196453
vn -0.5440116470252482 0.0119319348339770 -0.8389928228727553
v -0.4947096021823296 -0.5732079554998146 -1.3136920461064012
vn -0.7841283608432921 0.1752094139446799 -0.5953523116494750
v -0.6085888805979477 -0.4315818071459450 -1.1742580560573768
vn -0.9767469283207990 -0.1039069575655351 -0.1875334161832450
v -0.8288479244772988 -0.4060590522160988 -0.2510419745282154
vn -0.9537904993395024 0.0045977050362091 -0.3004372554762519
v -0.8198130029743307 -0.0562227357629724 -0.2298195583732047
vn -0.9123024721069098 -0.3953020003358723 -0.1069604035055916
v -0.7072395889627630 -0.6027897475148993 -0.7604438614144076
vn -0.9791185838482649 -0.1057043618653385 -0.1736473053220513
v -0.7460639179375381 -0.4637869925703734 -0.7740573066919743
vn -0.9448552955989331 0.1221512263923968 -0.3038544853535750
v -0.7291562285576084 0.2061540628237612 -0.5582586340464660
vn -0.9567319414355776 0.1349775987571588 -0.2577693544055651
v -0.7431260353305651 0.0841953606312807 -0.5731621189053429
vn -0.9824150974544004 0.0716654364062154 -0.1724083568692874
v -0.7815355865439640 -0.2460453573011956 -0.5677353604944214
vn -0.9317720481606266 0.1437474600375708 -0.3333729413124252
v -0.7095278853926085 -0.2967146817417428 -0.9209040954311120
vn -0.0697784650339724 -0.8851599144925284 -0.4600248814934715
v -0.3579388312186418 -0.8068417037781771 -1.2097578698868898
vn -0.2949424018844619 -0.9554132057151650 0.0139494055678534
v -0.3474171826274958 -0.8898693666601482 -0.6809961991816035
vn -0.6078992655907997 -0.7206112547138824 -0.3334335053258004
v -0.5388202089198288 -0.7604071248737161 -1.1286120768610588
vn -0.4334656238185061 -0.8922421889809967 -0.1265362761030709
v -0.4686004363545464 -0.8383048981994647 -0.9962919424654337
vn -0.8430842054835647 -0.5057140569494221 -0.1829270758195822
v -0.6291280515430828 -0.6830822592782366 -1.0296334892993670
vn -0.5080974558044786 -0.8568671954467505 0.0872673178929891
v -0.5108039508207627 -0.8146027605507429 -0.6658687989988147
vn -0.2355145525936669 -0.9695137588353527 -0.0676458937818862
v -0.1163187609729597 -0.9358382945349024 -0.2175911039743310
vn -0.3394783721604063 -0.9395683441683410 0.0443369086888408
v -0.1509400214045366 -0.9244946512637328 -0.2087301369722869
vn -0.4645901820142032 -0.8768222713579424 0.1238493731381318
v -0.2168773456149588 -0.8956257765723787 -0.1928323977594566
vn -0.6263609934042974 -0.7786136447751472 0.0378509988182921
v -0.7660904069594062 -0.5417813326227273 -0.1758624190877222
vn -0.7640057616387659 -0.6451784806621456 0.0063185657592980
v -0.6956662080533592 -0.6351703827181032 -0.5550621459844561
vn -0.6806144473081877 -0.7325396669572598 -0.0122315350433586
v -0.5926020553503298 -0.7622108117363412 -0.7724158769491759
vn -0.5158809980824136 -0.8397129339064865 0.1695552548511940
v -0.4915086884649335 -0.7604778356679078 -0.3032821310368840
vn 0.3553687179135069 -0.5944432913554201 -0.7213530672916320
v -0.2371352277583968 -0.7246472935220607 -1.2697999304352861
vn 0.5869791710491591 -0.5529328425024371 -0.5913719002764818
v -0.0418016570706158 -0.7157774740705973 -1.1227000093373356
vn 0.4009907604173367 -0.8140404894187317 -0.4201719786549762
v -0.1351272900516078 -0.8081975160256679 -1.0902398139457954
vn 0.4228411761464198 -0.8799197536837868 -0.2166715644291529
v -0.0293768920045857 -0.8443316556792383 -0.8208336440199965
vn 0.1810402740200283 -0.9546239192635858 -0.2364690084399729
v -0.2177525308694979 -0.8684387101263930 -0.9922999153937335
vn 0.5941241604986883 -0.5848034657585038 -0.5522874146208397
v 0.4894040655608954 -0.5103515663172311 -0.6723416340647501
vn 0.5547542677846341 -0.7756571178841591 -0.3010045478898516
v 0.4901843675868255 -0.5712349280626926 -0.5658605940554976
vn 0.6609805732298702 -0.5088433254485990 -0.5515280155704906
v 0.0944113449528666 -0.6399834283853600 -1.0413711916731085
vn 0.5244708863156267 -0.8305972649718970 -0.1871856640571207
v 0.2119104698943111 -0.7486478502398880 -0.6153228247294505
vn 0.5765746015784229 -0.7339736941373084 -0.3589489450174160
v 0.1378132312911297 -0.7196814327742986 -0.8744903544489621
vn 0.1906307413503252 -0.9636816445512923 -0.1870230157150237
v -0.0246424241842369 -0.9282520986360808 -0.2648006360597741
vn 0.4045792950021458 -0.8956273263393965 -0.1848439514014748
v 0.0426116923907278 -0.9107327662961808 -0.2433426698783184
vn 0.2821980847523178 -0.9481415031997490 -0.1462598060720858
v -0.0999483867123572 -0.8927007225284880 -0.6792496549463348
vn 0.4715102698616289 -0.8664184509526751 -0.1643080438194695
v 0.1252116955898103 -0.8503825354589317 -0.3527591284982064
vn 0.2927116719035981 -0.2421865556252164 -0.9250219183380437
v -0.2457406783743954 -0.6312448614796967 -1.3206624661145807
vn 0.3491711499767339 0.0634246141232959 -0.9349100632399012
v -0.1847651058986056 -0.5013024429218744 -1.3106524040470235
vn 0.5583437585367209 0.0600528715642305 -0.8274333205279915
v 0.0008239503465830 -0.3754573961569787 -1.1958160369557804
vn 0.5686563683087654 -0.2637617938688857 -0.7791403281033226
v -0.0696794178686745 -0.5907675231097612 -1.2274933716934695
vn 0.6290768729054890 0.0719961216496343 -0.7740018387851946
v 0.4396139968692520 0.1205354841864251 -0.7322981824329059
vn 0.6242641635812437 0.1161455291221484 -0.7725312098117114
v 0.2741198669870882 0.1915644786908250 -0.8740023518930771
vn 0.3677430700616313 0.2750754143640407 -0.8883121922129051
v 0.1569157555399593 0.1789883497521001 -0.9482547860134095
vn 0.5167466807908665 0.2082835021135896 -0.8304160707975975
v 0.0437147951280835 -0.2194741509097366 -1.1360517781471362
vn 0.6821654167509611 0.0706311449634305 -0.7277785278160811
v 0.1886751830082364 -0.2898075032353474 -1.0319556630007471
vn 0.6807860734210565 -0.1286507882441818 -0.7210958999468037
v 0.5257042818127668 -0.4085338678951459 -0.6882948335884507
vn 0.6741126897701195 -0.2019519618072032 -0.7104839805464416
v 0.0940377280714411 -0.5278220653710863 -1.1046144543004097
vn 0.7037337155421475 -0.0115329085379766 -0.7103702201175796
v 0.4203700438449681 -0.3410137463807735 -0.7996285067819985
vn -0.4061646452532895 0.3579417220671419 -0.8407782136508286
v -0.4792879919939997 -0.3764714689866341 -1.2652899913980511
vn -0.0601857994291146 0.0881105107966541 -0.9942908062705956
v -0.3640890117246316 -0.5213404252851057 -1.3453843821577602
vn -0.0010545721025706 0.3289424812674109 -0.9443493696166264
v -0.3148003532966995 -0.3940675302654711 -1.3139218468363385
vn -0.5069817447112418 0.4684818609977194 -0.7235290294422599
v -0.5120876710861848 -0.1980441065581470 -1.1373405802550693
vn -0.4378652146040121 0.5272178089407724 -0.7282275988833943
v -0.6007362012401382 0.2869655916420056 -0.6882901254562067
vn -0.4105743695622294 0.5874204832204030 -0.6973993568621111
v -0.5286727902059537 0.0954778910547939 -0.8931544380966652
vn -0.2544296014968109 0.6559786216322280 -0.7106037051997803
v -0.3843257052240703 0.1960212156652317 -0.8720103300078454
vn -0.7073780819520961 0.3934907070537786 -0.5871808176670036
v -0.6143350946259274 -0.2022910284071836 -1.0413629190877653
vn 0.2569465444063282 0.3356496533440971 -0.9062658459456773
v -0.1534392874758621 -0.2838091225487221 -1.2481973992746505
vn -0.0368711089376707 0.5168677010968928 -0.8552708932779832
v 0.0702933857855823 0.2389473872163495 -0.9418187494627436
vn 0.0231752977478319 0.5281487071412614 -0.8488355840322162
v -0.1268866443075198 -0.0015061714806572 -1.0984695552727550
vn -0.1496415582056364 0.4914171964776073 -0.8579723439970999
v -0.3289720370799509 -0.1875731472188261 -1.2111466207194932
vn -0.1957062594143672 0.6372964710753353 -0.7453537871245847
v -0.0380978939179369 0.3391912807416824 -0.8456812033357261
vn -0.2544480816402296 0.5924709643371887 -0.7643522291240922
v -0.3681118641365931 -0.0989892397410817 -1.1420747541101119
vn 0.2259265229425785 -0.4407279234221312 -0.8687439805530123
v 0.9604406244484953 -0.6939584586215002 -0.9048092721640032
vn 0.0876706175468459 -0.2196037976336346 -0.9716419272982409
v 0.8466379615530066 -0.6011488354855227 -0.9535347487354782
vn 0.2154539614668333 0.1215351274466564 -0.9689214639405886
v 0.8739528782754745 -0.4646845668728664 -0.9576495230708106
vn -0.0699443864485067 0.0066898211061260 -0.9975284602946975
v 0.5968431939966384 -0.3883295134253586 -0.9642449722891591
vn 0.2870043441015954 0.3276821403010188 -0.9001405009189156
v 0.7939379853095490 -0.2411676899725210 -0.9245130351375668
vn -0.0310362889600876 -0.0422738143817473 -0.9986238898530334
v -0.1121423346516823 -0.1821464909488743 -0.8508867965972061
vn -0.1303866688594304 -0.0090091421562505 -0.9914222873938984
v -0.0172596438697423 -0.3347452586045805 -0.8703161292694742
vn -0.1436773728461160 0.0754791282244610 -0.9867419691765997
v 0.2727016356181414 -0.2396508223616610 -0.9151578082260335
vn -0.1295747708124295 -0.2276641331592561 -0.9650800076893888
v 0.0101072591567872 -0.4325938442924625 -0.8638121317218261
vn -0.1413408916805562 -0.1832910601705728 -0.9728448692368650
v 0.5082397054319664 -0.5051368572889291 -0.9409401431085490
vn -0.0832530810363262 0.1068428161383455 -0.9907843040428057
v 0.2658434773590028 0.1467558387929752 -0.8726850610292018
vn 0.2098626326527521 0.2415195271455958 -0.9474312605268119
v 0.4252925283409310 0.1732689605403678 -0.8622327099000574
vn 0.0641919978138459 0.1757014067786076 -0.9823484122614978
v 0.6771775038696306 -0.2919305784290763 -0.9554964848983221
vn 0.4426527877113541 -0.6608715261531996 -0.6060588547751016
v 1.0684486849424242 -0.7286385249787772 -0.8378847685716205
vn -0.0150717382071808 -0.6804922744049063 -0.7326002369523585
v 0.8024466513952455 -0.7617470186271514 -0.8606906639202094
vn 0.0429074732989637 -0.8991693251399518 -0.4354922197496324
v 0.8054203822951618 -0.8408803995323879 -0.7489966137106678
vn -0.2127413454753123 -0.7873551591255550 -0.5786302561426646
v 0.5834827070556764 -0.7891174352271031 -0.7845077234503295
vn -0.1016216597001861 -0.9500797957330446 -0.2949939321742666
v 0.1851966424745062 -0.9265680886793292 -0.2067112649410008
vn -0.2885541922463257 -0.8572454555830886 -0.4264583297570975
v 0.2810119323832322 -0.8168394395228619 -0.5582743484946948
vn -0.2443925564614601 -0.8797583835111069 -0.4077958619066117
v 0.0901785079655130 -0.9010312252864955 -0.2358430227401802
vn -0.1151607276070510 -0.9512577938382386 -0.2860884766624159
v 0.5606628287310585 -0.8856075417325916 -0.5656073365039670
vn -0.2444912296563184 -0.7905604625604099 -0.5614607676921086
v -0.0715466328707465 -0.5485724629124450 -0.7748911273986252
vn -0.1712007838873841 -0.4619993001694350 -0.8701993669494925
v 0.5964652930155774 -0.6328682274590697 -0.9155524211041303
vn -0.3050432451146822 -0.8107424524508494 -0.4996451684984916
v 0.2392784102880627 -0.7415435339349083 -0.6689520052049152
vn 0.4790702276721361 -0.8609259540515257 -0.1711672240782032
v 1.0388426235133326 -0.8156822900308919 -0.6996417501121269
vn 0.7240996367338651 -0.6665154159314419 0.1773045865385932
v 1.0868132614307029 -0.7634952273083239 -0.5508925097397429
vn 0.1220623894794639 -0.9866078893625116 -0.1081926324765857
v 0.8212757999026576 -0.8803621937871102 -0.5953711327810379
vn 0.3880600796921541 -0.9077809584644886 0.1591951820835468
v 0.9683723524649995 -0.8424979552144698 -0.5499470799132573
vn 0.5244666846399462 -0.7547935960849933 0.3939813752093713
v 0.9060513102823875 -0.7653700198987191 -0.2482936325742669
vn 0.3118710776119483 -0.8986501789743669 0.3084870933742615
v 0.7468799614982625 -0.8619095228233334 -0.3099749592596872
vn 0.4349477591839558 -0.8083664765374655 0.3966914246505196
v 0.7018321696711529 -0.5552170594203866 0.3094807074570128
vn 0.3163025751064419 -0.8377227688669893 0.4451665345720165
v 0.4063172651642226 -0.6896532051552392 0.2954882854574155
vn 0.6961495919651958 -0.5909061844820667 0.4076832431527412
v 0.7832022675096452 -0.5002746027485331 0.2855234307345914
vn 0.3604941403714710 -0.8257150804816267 0.4338647031311202
v 0.6894829083220847 -0.7778314511217930 -0.0718629875455710
vn 0.2883497139350456 -0.9162886660893715 0.2779739607764323
v 0.2411146260879124 -0.9232802901650166 -0.0704359264762951
vn 0.1921443438135395 -0.9753796862593686 0.1082359403019157
v 0.7410903713715149 -0.8902675390016015 -0.4311179817924349
vn 0.3022016232577658 -0.8671238852440880 0.3959423525458841
v 0.3354518706079135 -0.8595509397612574 0.0173959375739015
vn 0.9247149413707305 -0.3043172982446867 -0.2286771943040692
v 1.1752287778822768 -0.6414932017115578 -0.7352792714241151
vn 0.9897451067317383 0.1428178363556720 -0.0027729621822945
v 1.1869604683368065 -0.4617041507432404 -0.5766619014942040
vn 0.9448319613011513 -0.2530275657615548 0.2080134992460869
v 1.1761794747659584 -0.6130466721798059 -0.5577005872115069
vn 0.8813025889645700 -0.2195982437097711 0.4184284383785717
v 1.0860589662709828 -0.5234400318073495 -0.2608110872101672
vn 0.9330773638714025 0.0889952417208334 0.3484917215399022
v 0.8433947318564028 0.1811364755251552 0.1562817931927904
vn 0.9273475306528163 0.1214966306653779 0.3539281369559148
v 0.9173338495999035 0.1653312507256208 -0.0085728719513881
vn 0.8978875358553832 0.0957048126340115 0.4296958945512941
v 0.9740108942435309 -0.1365828536375105 -0.0371590405980597
vn 0.9617870953258212 0.2198400135642821 0.1632052440970455
v 0.9419478478541260 0.1846587242129309 -0.1054839478733506
vn 0.9555905938931502 0.2120443863372981 0.2046553079833876
v 1.1044763604028407 -0.2283402780023422 -0.3552951585888936
vn 0.9392504013745359 0.0496347272829674 0.3396249068683256
v 1.1067000498586204 -0.3598755097386669 -0.2863771434070099
vn 0.8950788369643217 -0.1463913322994319 0.4211928933946947
v 0.8179457879400142 -0.4292787485797863 0.2784432191973353
vn 0.8949351702098368 0.0260096493060824 0.4454374695335644
v 0.8818234255918539 -0.3110725592119036 0.1717628818035908
vn 0.5836720501278947 -0.1017992894826242 -0.8055829209711024
v 1.0962888802721995 -0.5919174502249465 -0.8726855577731369
vn 0.4465623363963712 0.1811714257586821 -0.8762185767265952
v 0.9919284588818459 -0.4491931061591669 -0.9173195908038311
vn 0.8137260197400727 0.2414003484477144 -0.5287493135383730
v 1.1289174758627523 -0.4700821725668722 -0.8139696369152634
vn 0.4568368470538604 0.4506428888143250 -0.7669557235818557
v 0.8684233801368234 -0.1889100597789292 -0.8697460465815378
vn 0.6071936666904600 0.4654852830881043 -0.6439249198154874
v 0.9797608245689573 -0.2591517007615540 -0.8367403408877309
vn 0.8468002621863353 0.4007512040871030 -0.3497538968816369
v 1.1112469235289235 -0.3007308001482709 -0.7076984487989981
vn 0.5592501727172380 0.5239000650534532 -0.6424702064319615
v 0.4643195790145961 0.2967478510308462 -0.7791592012999872
vn 0.5852389226056562 0.6285369345425230 -0.5122857848733058
v 0.5369880970716573 0.2962404131360769 -0.7075998721531516
vn 0.6146065077791448 0.6437522614596498 -0.4558967717160440
v 0.5470455211393681 0.4472505115093536 -0.4776848584524817
vn 0.5917877205669403 0.6122630035830607 -0.5243293890577125
v 0.8279336557573030 0.0483246171474229 -0.6913065901287619
vn 0.7339400247452749 0.5581991720326654 -0.3869699270214058
v 0.8787932837643833 0.3414797391211887 -0.1500424145442888
vn 0.8693939422958221 0.4628068649245939 -0.1731010655022019
v 0.9659143010509397 0.1259682819020706 -0.2925024732558157
vn 0.6506534251556978 0.6364407993954718 -0.4142381310285326
v 0.8295432965558507 0.2816812759762186 -0.3320410530628105
vn 0.7512979108487720 0.5462128851734023 -0.3704091430092110
v 1.0437325350266715 -0.1605930973115383 -0.6668798567077858
vn 0.0754089463529163 -0.8247729581008243 0.5604132924864995
v 0.0344998665682524 0.9308747181534371 -0.1063756223410897
vn 0.1078849741396698 -0.7556896726379743 0.6459829340030541
v -0.1357499074133467 0.8963130898100957 -0.0986248369459556
vn -0.4720703143687551 0.8478177522865014 -0.2415671277298492
v -0.2262490251116051 0.8271887894048895 -0.1643740279045443
vn 0.2221613021464679 0.8492056621284378 -0.4790554239726206
v 0.1380000184438780 0.7234999830620393 -0.4255000187753136
vn 0.1877122221665604 -0.7946541326110041 0.5773118145106199
v -0.1135792057017292 0.6487452465487421 -0.4466497990418994
vn -0.3273422716111642 0.4099963065942455 -0.8513225392267729
v -0.2853779805007866 0.4468468354946736 -0.6687656151706014
vn -0.2463963974392403 0.6057887869607076 -0.7565109126256134
v -0.3489946025441140 0.4470004446050644 -0.6478765870165939
vn 0.3600053458234406 -0.4305155970792635 0.8276789665383737
v 0.2134999598484922 0.4470000661310939 -0.8306879595531568
vn -0.1590186634152976 0.5688844632932983 -0.8068974731086400
v -0.0452500104425573 0.9654380181757589 0.0328748888471175
vn -0.1982241618633954 0.5344688914244528 0.8216143777667667
v -0.0365005065799936 0.4470000704741285 0.7494378080491603
vn 0.1876535567319197 -0.7946998574383694 -0.5772679440548346
v -0.0902622105589687 0.6394830507478279 0.4669788698326981
vn -0.4035030937538163 0.8157178536726716 0.4144751337906161
v -0.4977498106837789 0.6198131374641572 0.3616249045040205
vn -0.2660883481896668 0.5087927692483726 0.8187349442391395
v -0.2865012267511079 0.4469999491454606 0.6681876200119996
vn 0.2842602608226408 0.8434246394487921 0.4558848337987558
v 0.0517498601877206 0.8963130993278213 0.1595618469459705
vn 0.7468359874124999 0.4062760608230239 0.5264748524931869
v 0.6230140056851154 0.4468440220036589 0.3735022305003893
vn -0.4914374258588332 -0.7946988805713517 -0.3562905354958005
v 0.3866004916074737 0.6752366312879957 0.1906130862830895
vn -0.1089113234106544 -0.9134183633487853 -0.3921800825260844
v 0.2587501140950257 0.4815628365379799 0.7978131306580316
vn -0.6767298444358565 0.3849377502868372 0.6275823818861791
v 0.2242496743535837 0.5506865576450545 0.6914402172264087
vn -0.5160194047745712 -0.7850350888524014 -0.3427008654301875
v 0.1724999302855394 0.6543752079859215 0.5318746823581170
vn 0.2832833067137960 0.8437860501568980 0.4558241653290425
v 0.1380000634038368 0.7234999798743773 0.4254999760746391
vn -0.4914197025839860 -0.7944499232578600 -0.3568697176111292
v 0.3350402909020782 0.4939552815499262 0.6651707109910516
vn -0.4402608284731079 -0.8418623773645364 -0.3121508297126622
v 0.5077480721457588 0.4469997522608987 0.5318778077156953
# 1363 vertices, 0 vertices normals

f 431//431 438//438 350//350
f 438//438 154//154 153//153
f 1350//1350 27//27 16//16
f 348//348 438//438 430//430
f 349//349 438//438 348//348
f 350//350 438//438 349//349
f 434//434 438//438 811//811
f 430//430 28//28 27//27
f 438//438 1343//1343 28//28
f 438//438 29//29 1343//1343
f 438//438 1344//1344 29//29
f 438//438 30//30 1344//1344
f 160//160 433//433 12//12
f 159//159 433//433 160//160
f 487//487 438//438 159//159
f 158//158 438//438 487//487
f 157//157 438//438 158//158
f 156//156 438//438 157//157
f 155//155 438//438 156//156
f 154//154 438//438 155//155
f 438//438 353//353 354//354
f 438//438 352//352 353//353
f 438//438 1353//1353 352//352
f 438//438 351//351 1353//1353
f 438//438 898//898 351//351
f 36//36 149//149 11//11
f 35//35 438//438 36//36
f 435//435 438//438 35//35
f 33//33 438//438 34//34
f 32//32 438//438 33//33
f 31//31 438//438 32//32
f 438//438 150//150 149//149
f 438//438 491//491 437//437
f 438//438 151//151 491//491
f 438//438 152//152 151//151
f 438//438 153//153 152//152
f 443//443 18//18 58//58
f 26//26 56//56 16//16
f 1342//1342 439//439 26//26
f 25//25 440//440 1342//1342
f 24//24 440//440 25//25
f 22//22 443//443 23//23
f 1345//1345 443//443 22//22
f 441//441 55//55 440//440
f 441//441 54//54 55//55
f 443//443 53//53 54//54
f 443//443 52//52 53//53
f 57//57 17//17 5//5
f 59//59 443//443 58//58
f 60//60 443//443 59//59
f 523//523 443//443 60//60
f 524//524 443//443 523//523
f 1336//1336 448//448 524//524
f 529//529 448//448 1336//1336
f 58//58 18//18 17//17
f 443//443 20//20 19//19
f 443//443 21//21 20//20
f 443//443 702//702 444//444
f 443//443 1345//1345 702//702
f 47//47 528//528 14//14
f 48//48 445//445 47//47
f 49//49 448//448 48//48
f 50//50 448//448 49//49
f 767//767 448//448 51//51
f 448//448 63//63 445//445
f 448//448 62//62 63//63
f 448//448 61//61 62//62
f 448//448 629//629 447//447
f 1363//1363 456//456 67//67
f 455//455 456//456 1363//1363
f 456//456 457//457 67//67
f 73//73 72//72 14//14
f 531//531 449//449 73//73
f 74//74 456//456 531//531
f 75//75 456//456 74//74
f 1320//1320 456//456 75//75
f 450//450 456//456 76//76
f 456//456 71//71 449//449
f 456//456 70//70 71//71
f 456//456 69//69 451//451
f 456//456 1356//1356 69//69
f 456//456 68//68 1356//1356
f 83//83 82//82 6//6
f 462//462 456//456 83//83
f 452//452 456//456 462//462
f 463//463 456//456 84//84
f 85//85 456//456 463//463
f 87//87 456//456 86//86
f 456//456 81//81 82//82
f 456//456 80//80 81//81
f 456//456 79//79 80//80
f 456//456 534//534 79//79
f 456//456 777//777 534//534
f 456//456 78//78 777//777
f 456//456 77//77 78//78
f 453//453 458//458 13//13
f 65//65 454//454 64//64
f 453//453 91//91 458//458
f 454//454 90//90 91//91
f 454//454 459//459 90//90
f 454//454 89//89 459//459
f 67//67 88//88 89//89
f 456//456 87//87 457//457
f 461//461 108//108 93//93
f 461//461 465//465 97//97
f 458//458 101//101 13//13
f 90//90 459//459 91//91
f 88//88 460//460 89//89
f 457//457 460//460 88//88
f 87//87 460//460 457//457
f 458//458 100//100 101//101
f 459//459 99//99 100//100
f 459//459 98//98 99//99
f 461//461 1068//1068 460//460
f 461//461 97//97 1068//1068
f 540//540 83//83 6//6
f 102//102 462//462 540//540
f 103//103 461//461 102//102
f 104//104 461//461 103//103
f 105//105 461//461 104//104
f 544//544 461//461 106//106
f 467//467 461//461 544//544
f 461//461 452//452 462//462
f 461//461 84//84 452//452
f 461//461 463//463 84//84
f 461//461 86//86 85//85
f 461//461 87//87 86//86
f 92//92 464//464 7//7
f 838//838 464//464 92//92
f 95//95 461//461 94//94
f 466//466 461//461 95//95
f 465//465 461//461 96//96
f 93//93 110//110 111//111
f 93//93 109//109 110//110
f 93//93 108//108 109//109
f 461//461 539//539 107//107
f 101//101 468//468 13//13
f 100//100 468//468 101//101
f 99//99 469//469 100//100
f 98//98 469//469 99//99
f 460//460 469//469 98//98
f 1068//1068 469//469 460//460
f 465//465 469//469 97//97
f 469//469 121//121 122//122
f 469//469 120//120 121//121
f 469//469 1351//1351 120//120
f 469//469 118//118 119//119
f 471//471 92//92 7//7
f 478//478 469//469 123//123
f 124//124 469//469 478//478
f 125//125 469//469 124//124
f 126//126 469//469 125//125
f 472//472 469//469 126//126
f 471//471 838//838 92//92
f 469//469 93//93 838//838
f 469//469 94//94 93//93
f 469//469 466//466 95//95
f 469//469 96//96 466//466
f 112//112 130//130 12//12
f 113//113 473//473 112//112
f 116//116 469//469 115//115
f 118//118 469//469 1354//1354
f 114//114 475//475 473//473
f 115//115 129//129 475//475
f 115//115 476//476 129//129
f 469//469 127//127 128//128
f 469//469 480//480 127//127
f 144//144 479//479 474//474
f 484//484 474//474 483//483
f 130//130 141//141 12//12
f 473//473 474//474 130//130
f 475//475 474//474 473//473
f 476//476 474//474 129//129
f 127//127 474//474 128//128
f 474//474 140//140 141//141
f 474//474 139//139 140//140
f 474//474 488//488 139//139
f 474//474 138//138 488//488
f 474//474 137//137 138//138
f 474//474 136//136 137//137
f 474//474 484//484 136//136
f 477//477 471//471 7//7
f 142//142 478//478 859//859
f 144//144 474//474 143//143
f 486//486 474//474 145//145
f 477//477 123//123 471//471
f 143//143 124//124 478//478
f 143//143 125//125 124//124
f 474//474 126//126 125//125
f 474//474 472//472 126//126
f 131//131 481//481 8//8
f 132//132 481//481 131//131
f 133//133 474//474 132//132
f 134//134 474//474 133//133
f 482//482 474//474 134//134
f 483//483 474//474 135//135
f 474//474 485//485 148//148
f 474//474 546//546 147//147
f 474//474 146//146 546//546
f 474//474 547//547 146//146
f 165//165 492//492 1219//1219
f 166//166 492//492 165//165
f 141//141 160//160 12//12
f 139//139 487//487 140//140
f 488//488 492//492 139//139
f 137//137 492//492 138//138
f 136//136 492//492 137//137
f 140//140 159//159 160//160
f 492//492 158//158 487//487
f 492//492 157//157 158//158
f 492//492 156//156 157//157
f 492//492 155//155 156//156
f 492//492 154//154 155//155
f 161//161 131//131 8//8
f 163//163 492//492 162//162
f 496//496 492//492 163//163
f 164//164 492//492 496//496
f 489//489 132//132 131//131
f 162//162 133//133 132//132
f 162//162 134//134 133//133
f 492//492 482//482 134//134
f 492//492 135//135 482//482
f 492//492 484//484 483//483
f 149//149 171//171 11//11
f 150//150 490//490 149//149
f 437//437 492//492 150//150
f 151//151 492//492 491//491
f 152//152 492//492 151//151
f 153//153 492//492 152//152
f 154//154 492//492 153//153
f 492//492 170//170 490//490
f 492//492 169//169 170//170
f 492//492 167//167 168//168
f 492//492 166//166 167//167
f 493//493 494//494 170//170
f 497//497 173//173 554//554
f 498//498 926//926 499//499
f 499//499 500//500 498//498
f 171//171 179//179 11//11
f 169//169 493//493 170//170
f 168//168 493//493 169//169
f 166//166 493//493 167//167
f 165//165 493//493 166//166
f 490//490 178//178 179//179
f 170//170 177//177 178//178
f 170//170 502//502 177//177
f 499//499 508//508 176//176
f 180//180 161//161 8//8
f 182//182 496//496 181//181
f 183//183 496//496 182//182
f 184//184 499//499 183//183
f 185//185 499//499 184//184
f 186//186 499//499 185//185
f 495//495 489//489 161//161
f 495//495 162//162 489//489
f 495//495 163//163 162//162
f 499//499 1219//1219 164//164
f 499//499 165//165 1219//1219
f 504//504 554//554 9//9
f 497//497 554//554 504//504
f 174//174 499//499 173//173
f 175//175 499//499 174//174
f 507//507 499//499 175//175
f 508//508 499//499 507//507
f 173//173 188//188 189//189
f 173//173 187//187 188//188
f 499//499 926//926 187//187
f 494//494 503//503 502//502
f 503//503 510//510 1349//1349
f 503//503 512//512 510//510
f 179//179 501//501 11//11
f 178//178 501//501 179//179
f 177//177 503//503 178//178
f 502//502 503//503 177//177
f 176//176 503//503 493//493
f 508//508 503//503 176//176
f 503//503 38//38 37//37
f 503//503 39//39 38//38
f 503//503 40//40 39//39
f 503//503 1348//1348 40//40
f 503//503 1347//1347 1348//1348
f 503//503 41//41 1347//1347
f 190//190 504//504 9//9
f 191//191 504//504 190//190
f 505//505 503//503 517//517
f 519//519 503//503 1284//1284
f 506//506 503//503 519//519
f 191//191 172//172 497//497
f 503//503 173//173 172//172
f 503//503 174//174 173//173
f 503//503 175//175 174//174
f 1349//1349 196//196 5//5
f 45//45 503//503 46//46
f 44//44 503//503 45//45
f 43//43 503//503 44//44
f 42//42 503//503 509//509
f 1349//1349 195//195 196//196
f 503//503 937//937 512//512
f 503//503 194//194 937//937
f 503//503 192//192 193//193
f 196//196 511//511 5//5
f 195//195 511//511 196//196
f 510//510 518//518 195//195
f 512//512 518//518 510//510
f 194//194 518//518 937//937
f 193//193 518//518 194//194
f 192//192 518//518 193//193
f 518//518 205//205 206//206
f 518//518 204//204 513//513
f 518//518 203//203 1257//1257
f 515//515 190//190 9//9
f 208//208 517//517 207//207
f 209//209 517//517 208//208
f 210//210 518//518 209//209
f 211//211 518//518 516//516
f 212//212 518//518 211//211
f 515//515 191//191 190//190
f 518//518 1284//1284 505//505
f 518//518 519//519 1284//1284
f 518//518 192//192 506//506
f 197//197 216//216 10//10
f 198//198 520//520 197//197
f 199//199 518//518 198//198
f 200//200 518//518 199//199
f 521//521 518//518 200//200
f 202//202 518//518 201//201
f 514//514 518//518 202//202
f 518//518 215//215 520//520
f 518//518 214//214 215//215
f 518//518 213//213 214//214
f 518//518 522//522 213//213
f 518//518 212//212 560//560
f 527//527 523//523 60//60
f 527//527 524//524 523//523
f 527//527 1336//1336 524//524
f 527//527 530//530 223//223
f 527//527 529//529 1336//1336
f 511//511 57//57 5//5
f 206//206 57//57 511//511
f 205//205 527//527 206//206
f 513//513 527//527 205//205
f 204//204 527//527 513//513
f 203//203 527//527 1257//1257
f 527//527 59//59 58//58
f 527//527 60//60 59//59
f 217//217 197//197 10//10
f 218//218 527//527 526//526
f 525//525 527//527 218//218
f 220//220 527//527 219//219
f 221//221 527//527 220//220
f 532//532 198//198 197//197
f 526//526 199//199 198//198
f 526//526 200//200 199//199
f 527//527 521//521 200//200
f 527//527 201//201 521//521
f 527//527 514//514 202//202
f 528//528 226//226 14//14
f 63//63 527//527 445//445
f 62//62 527//527 63//63
f 61//61 527//527 62//62
f 447//447 527//527 61//61
f 629//629 527//527 447//447
f 529//529 527//527 629//629
f 528//528 225//225 226//226
f 527//527 224//224 225//225
f 527//527 223//223 224//224
f 527//527 1005//1005 222//222
f 527//527 221//221 1005//1005
f 221//221 535//535 1005//1005
f 535//535 75//75 224//224
f 226//226 73//73 14//14
f 225//225 531//531 226//226
f 223//223 535//535 224//224
f 530//530 535//535 223//223
f 222//222 535//535 530//530
f 224//224 74//74 531//531
f 224//224 75//75 74//74
f 535//535 76//76 1320//1320
f 535//535 77//77 450//450
f 227//227 217//217 10//10
f 228//228 532//532 227//227
f 570//570 532//532 228//228
f 229//229 535//535 570//570
f 231//231 535//535 230//230
f 232//232 535//535 231//231
f 233//233 535//535 232//232
f 535//535 218//218 526//526
f 535//535 219//219 525//525
f 535//535 220//220 219//219
f 535//535 221//221 220//220
f 82//82 239//239 6//6
f 81//81 533//533 82//82
f 80//80 535//535 81//81
f 79//79 535//535 80//80
f 534//534 535//535 79//79
f 78//78 535//535 777//777
f 77//77 535//535 78//78
f 535//535 238//238 533//533
f 535//535 237//237 238//238
f 535//535 236//236 237//237
f 535//535 235//235 236//236
f 535//535 234//234 235//235
f 535//535 233//233 234//234
f 250//250 536//536 249//249
f 539//539 543//543 538//538
f 248//248 247//247 15//15
f 251//251 543//543 250//250
f 252//252 543//543 251//251
f 254//254 543//543 253//253
f 249//249 246//246 247//247
f 250//250 245//245 536//536
f 250//250 244//244 245//245
f 543//543 564//564 244//244
f 464//464 260//260 7//7
f 110//110 538//538 111//111
f 108//108 538//538 109//109
f 107//107 538//538 108//108
f 539//539 538//538 107//107
f 464//464 550//550 260//260
f 538//538 259//259 550//550
f 538//538 258//258 259//259
f 538//538 257//257 258//258
f 538//538 551//551 257//257
f 538//538 256//256 551//551
f 543//543 255//255 256//256
f 240//240 540//540 6//6
f 541//541 540//540 240//240
f 241//241 543//543 567//567
f 242//242 543//543 241//241
f 1310//1310 543//543 242//242
f 541//541 103//103 102//102
f 541//541 104//104 103//103
f 542//542 105//105 104//104
f 543//543 106//106 105//105
f 550//550 552//552 859//859
f 261//261 248//248 15//15
f 263//263 552//552 262//262
f 264//264 552//552 263//263
f 265//265 552//552 264//264
f 266//266 552//552 265//265
f 545//545 249//249 248//248
f 262//262 250//250 249//249
f 552//552 251//251 250//250
f 552//552 252//252 251//251
f 552//552 254//254 253//253
f 552//552 255//255 254//254
f 481//481 271//271 8//8
f 148//148 548//548 481//481
f 485//485 548//548 148//148
f 147//147 548//548 485//485
f 547//547 552//552 146//146
f 548//548 270//270 271//271
f 548//548 269//269 270//270
f 546//546 268//268 269//269
f 552//552 557//557 549//549
f 552//552 267//267 1125//1125
f 260//260 477//477 7//7
f 550//550 859//859 260//260
f 258//258 552//552 259//259
f 257//257 552//552 258//258
f 256//256 552//552 551//551
f 255//255 552//552 256//256
f 552//552 142//142 859//859
f 552//552 143//143 142//142
f 552//552 144//144 143//143
f 552//552 479//479 144//144
f 552//552 145//145 479//479
f 553//553 495//495 270//270
f 272//272 261//261 15//15
f 273//273 553//553 272//272
f 275//275 553//553 274//274
f 276//276 553//553 275//275
f 277//277 553//553 276//276
f 278//278 553//553 277//277
f 559//559 553//553 278//278
f 553//553 545//545 261//261
f 553//553 262//262 545//545
f 553//553 263//263 262//262
f 553//553 264//264 263//263
f 553//553 265//265 264//264
f 553//553 266//266 265//265
f 554//554 562//562 9//9
f 188//188 555//555 189//189
f 187//187 553//553 188//188
f 498//498 553//553 926//926
f 500//500 553//553 498//498
f 554//554 281//281 562//562
f 553//553 280//280 555//555
f 553//553 279//279 280//280
f 553//553 1183//1183 556//556
f 271//271 180//180 8//8
f 269//269 553//553 270//270
f 268//268 553//553 269//269
f 549//549 553//553 268//268
f 1125//1125 553//553 557//557
f 270//270 495//495 180//180
f 553//553 182//182 181//181
f 553//553 183//183 182//182
f 553//553 185//185 184//184
f 212//212 558//558 560//560
f 558//558 1183//1183 559//559
f 282//282 272//272 15//15
f 283//283 558//558 563//563
f 284//284 558//558 283//283
f 285//285 558//558 284//284
f 565//565 558//558 285//285
f 286//286 558//558 565//565
f 569//569 558//558 286//286
f 282//282 273//273 272//272
f 558//558 274//274 273//273
f 558//558 275//275 274//274
f 558//558 276//276 275//275
f 558//558 277//277 276//276
f 558//558 278//278 277//277
f 216//216 568//568 10//10
f 520//520 558//558 216//216
f 215//215 558//558 520//520
f 214//214 558//558 215//215
f 522//522 558//558 213//213
f 560//560 558//558 522//522
f 558//558 291//291 568//568
f 558//558 290//290 291//291
f 558//558 289//289 290//290
f 558//558 561//561 289//289
f 558//558 287//287 288//288
f 558//558 569//569 287//287
f 562//562 515//515 9//9
f 555//555 558//558 281//281
f 280//280 558//558 555//555
f 279//279 558//558 280//280
f 556//556 558//558 279//279
f 1183//1183 558//558 556//556
f 562//562 207//207 515//515
f 558//558 208//208 207//207
f 558//558 209//209 208//208
f 558//558 210//210 209//209
f 558//558 211//211 516//516
f 558//558 212//212 211//211
f 566//566 565//565 564//564
f 571//571 570//570 568//568
f 566//566 233//233 232//232
f 247//247 282//282 15//15
f 246//246 563//563 247//247
f 245//245 565//565 536//536
f 244//244 565//565 245//245
f 564//564 565//565 244//244
f 537//537 566//566 243//243
f 536//536 283//283 563//563
f 536//536 284//284 283//283
f 536//536 285//285 284//284
f 566//566 286//286 565//565
f 566//566 569//569 286//286
f 239//239 240//240 6//6
f 533//533 566//566 239//239
f 237//237 566//566 238//238
f 236//236 566//566 237//237
f 235//235 566//566 236//236
f 234//234 566//566 235//235
f 233//233 566//566 234//234
f 566//566 541//541 240//240
f 566//566 542//542 541//541
f 566//566 241//241 567//567
f 566//566 242//242 241//241
f 566//566 1310//1310 242//242
f 568//568 227//227 10//10
f 290//290 571//571 291//291
f 289//289 571//571 290//290
f 561//561 571//571 289//289
f 288//288 571//571 561//561
f 287//287 566//566 288//288
f 568//568 228//228 227//227
f 571//571 229//229 570//570
f 571//571 230//230 229//229
f 566//566 232//232 231//231
f 572//572 294//294 295//295
f 296//296 573//573 572//572
f 573//573 582//582 294//294
f 297//297 574//574 573//573
f 574//574 582//582 573//573
f 576//576 598//598 575//575
f 577//577 574//574 576//576
f 577//577 581//581 574//574
f 579//579 580//580 578//578
f 292//292 582//582 580//580
f 580//580 581//581 578//578
f 580//580 582//582 581//581
f 582//582 292//292 293//293
f 582//582 293//293 294//294
f 453//453 575//575 13//13
f 64//64 575//575 453//453
f 65//65 576//576 64//64
f 66//66 576//576 65//65
f 67//67 577//577 66//66
f 1363//1363 577//577 67//67
f 455//455 577//577 1363//1363
f 68//68 577//577 455//455
f 579//579 72//72 14//14
f 578//578 449//449 72//72
f 578//578 71//71 449//449
f 578//578 70//70 71//71
f 581//581 451//451 70//70
f 581//581 69//69 451//451
f 581//581 1356//1356 69//69
f 583//583 585//585 584//584
f 584//584 586//586 295//295
f 596//596 587//587 585//585
f 586//586 587//587 588//588
f 590//590 593//593 589//589
f 592//592 594//594 595//595
f 593//593 595//595 596//596
f 591//591 596//596 583//583
f 598//598 599//599 597//597
f 599//599 600//600 597//597
f 599//599 587//587 594//594
f 594//594 592//592 600//600
f 584//584 295//295 299//299
f 112//112 298//298 12//12
f 113//113 589//589 112//112
f 114//114 589//589 113//113
f 115//115 590//590 114//114
f 116//116 590//590 115//115
f 117//117 590//590 116//116
f 1354//1354 592//592 117//117
f 118//118 592//592 1354//1354
f 593//593 591//591 298//298
f 575//575 468//468 13//13
f 598//598 597//597 575//575
f 297//297 588//588 598//598
f 597//597 122//122 468//468
f 597//597 121//121 122//122
f 597//597 120//120 121//121
f 597//597 1351//1351 120//120
f 600//600 470//470 1351//1351
f 600//600 119//119 470//470
f 592//592 118//118 119//119
f 300//300 603//603 601//601
f 607//607 611//611 603//603
f 606//606 612//612 607//607
f 612//612 611//611 607//607
f 609//609 604//604 611//611
f 610//610 611//611 612//612
f 605//605 607//607 300//300
f 601//601 602//602 299//299
f 602//602 584//584 299//299
f 149//149 302//302 11//11
f 150//150 605//605 149//149
f 437//437 606//606 150//150
f 491//491 606//606 437//437
f 151//151 606//606 491//491
f 152//152 606//606 151//151
f 153//153 612//612 152//152
f 154//154 612//612 153//153
f 605//605 301//301 302//302
f 298//298 160//160 12//12
f 591//591 608//608 298//298
f 591//591 583//583 609//609
f 608//608 159//159 160//160
f 608//608 487//487 159//159
f 608//608 158//158 487//487
f 610//610 157//157 158//158
f 610//610 156//156 157//157
f 610//610 155//155 156//156
f 614//614 615//615 613//613
f 615//615 617//617 616//616
f 620//620 623//623 615//615
f 618//618 620//620 303//303
f 618//618 619//619 620//620
f 624//624 623//623 620//620
f 301//301 623//623 621//621
f 622//622 617//617 623//623
f 617//617 300//300 601//601
f 1349//1349 303//303 5//5
f 46//46 618//618 1349//1349
f 45//45 618//618 46//46
f 44//44 618//618 45//45
f 43//43 619//619 44//44
f 509//509 619//619 43//43
f 42//42 624//624 509//509
f 41//41 624//624 42//42
f 302//302 501//501 11//11
f 301//301 37//37 501//501
f 621//621 38//38 37//37
f 621//621 39//39 38//38
f 621//621 40//40 39//39
f 623//623 1348//1348 40//40
f 623//623 1347//1347 1348//1348
f 293//293 626//626 625//625
f 626//626 627//627 625//625
f 292//292 626//626 293//293
f 627//627 613//613 625//625
f 627//627 614//614 613//613
f 631//631 292//292 630//630
f 632//632 633//633 635//635
f 633//633 628//628 635//635
f 294//294 625//625 295//295
f 528//528 579//579 14//14
f 445//445 630//630 528//528
f 63//63 630//630 445//445
f 62//62 630//630 63//63
f 61//61 630//630 62//62
f 447//447 631//631 61//61
f 629//629 631//631 447//447
f 303//303 57//57 5//5
f 303//303 633//633 632//632
f 303//303 614//614 633//633
f 632//632 58//58 57//57
f 632//632 59//59 58//58
f 632//632 60//60 59//59
f 634//634 523//523 60//60
f 634//634 524//524 523//523
f 634//634 1336//1336 524//524
f 634//634 529//529 1336//1336
f 637//637 640//640 636//636
f 638//638 639//639 637//637
f 641//641 642//642 644//644
f 644//644 643//643 639//639
f 306//306 644//644 638//638
f 304//304 647//647 645//645
f 643//643 642//642 646//646
f 644//644 639//639 638//638
f 636//636 305//305 648//648
f 640//640 650//650 649//649
f 540//540 306//306 6//6
f 102//102 641//641 540//540
f 103//103 641//641 102//102
f 104//104 642//642 103//103
f 105//105 642//642 104//104
f 106//106 642//642 105//105
f 544//544 642//642 106//106
f 467//467 642//642 544//544
f 304//304 464//464 7//7
f 650//650 647//647 304//304
f 645//645 111//111 464//464
f 645//645 110//110 111//111
f 645//645 109//109 110//110
f 646//646 108//108 109//109
f 646//646 107//107 108//108
f 646//646 539//539 107//107
f 642//642 467//467 539//539
f 650//650 652//652 649//649
f 651//651 653//653 648//648
f 653//653 660//660 307//307
f 652//652 653//653 651//651
f 657//657 656//656 652//652
f 657//657 652//652 650//650
f 659//659 660//660 658//658
f 660//660 661//661 658//658
f 660//660 652//652 661//661
f 660//660 653//653 652//652
f 649//649 651//651 305//305
f 477//477 304//304 7//7
f 859//859 654//654 477//477
f 142//142 654//654 859//859
f 143//143 655//655 142//142
f 144//144 655//655 143//143
f 479//479 655//655 144//144
f 145//145 656//656 479//479
f 486//486 656//656 145//145
f 304//304 657//657 650//650
f 659//659 481//481 8//8
f 307//307 660//660 659//659
f 658//658 148//148 481//481
f 658//658 485//485 148//148
f 658//658 147//147 485//485
f 658//658 546//546 147//147
f 661//661 146//146 546//546
f 661//661 547//547 146//146
f 656//656 486//486 547//547
f 662//662 309//309 648//648
f 667//667 669//669 662//662
f 663//663 671//671 309//309
f 666//666 667//667 307//307
f 668//668 664//664 669//669
f 308//308 672//672 670//670
f 672//672 669//669 664//664
f 664//664 665//665 673//673
f 669//669 672//672 663//663
f 307//307 662//662 653//653
f 180//180 659//659 8//8
f 495//495 666//666 180//180
f 181//181 666//666 495//495
f 182//182 666//666 181//181
f 183//183 668//668 182//182
f 184//184 668//668 183//183
f 185//185 668//668 184//184
f 186//186 665//665 185//185
f 659//659 666//666 307//307
f 308//308 554//554 9//9
f 670//670 189//189 554//554
f 670//670 188//188 189//189
f 673//673 187//187 188//188
f 673//673 926//926 187//187
f 673//673 498//498 926//926
f 665//665 500//500 498//498
f 665//665 186//186 500//500
f 674//674 676//676 675//675
f 676//676 682//682 311//311
f 679//679 680//680 678//678
f 308//308 680//680 671//671
f 310//310 682//682 681//681
f 684//684 683//683 681//681
f 683//683 685//685 522//522
f 684//684 677//677 685//685
f 680//680 674//674 671//671
f 677//677 684//684 676//676
f 309//309 636//636 648//648
f 671//671 674//674 309//309
f 309//309 312//312 636//636
f 515//515 308//308 9//9
f 207//207 678//678 515//515
f 208//208 678//678 207//207
f 209//209 678//678 208//208
f 210//210 678//678 209//209
f 516//516 679//679 210//210
f 211//211 679//679 516//516
f 212//212 685//685 211//211
f 310//310 216//216 10//10
f 681//681 520//520 216//216
f 681//681 215//215 520//520
f 681//681 214//214 215//215
f 683//683 213//213 214//214
f 683//683 522//522 213//213
f 685//685 212//212 560//560
f 311//311 686//686 312//312
f 312//312 637//637 636//636
f 687//687 694//694 686//686
f 695//695 694//694 687//687
f 692//692 694//694 693//693
f 692//692 686//686 694//694
f 690//690 687//687 311//311
f 686//686 692//692 637//637
f 227//227 310//310 10//10
f 228//228 688//688 227//227
f 570//570 688//688 228//228
f 229//229 688//688 570//570
f 230//230 689//689 229//229
f 231//231 689//689 230//230
f 232//232 689//689 231//231
f 233//233 689//689 232//232
f 306//306 239//239 6//6
f 306//306 638//638 691//691
f 691//691 533//533 239//239
f 691//691 238//238 533//533
f 691//691 237//237 238//238
f 693//693 236//236 237//237
f 694//694 235//235 236//236
f 694//694 234//234 235//235
f 699//699 700//700 698//698
f 698//698 706//706 314//314
f 703//703 705//705 701//701
f 754//754 708//708 707//707
f 708//708 709//709 707//707
f 708//708 700//700 709//709
f 705//705 704//704 699//699
f 700//700 706//706 698//698
f 317//317 696//696 316//316
f 17//17 318//318 5//5
f 18//18 701//701 17//17
f 19//19 701//701 18//18
f 20//20 701//701 19//19
f 21//21 701//701 20//20
f 444//444 703//703 21//21
f 702//702 703//703 444//444
f 318//318 705//705 317//317
f 313//313 26//26 16//16
f 313//313 1342//1342 26//26
f 313//313 25//25 1342//1342
f 707//707 24//24 25//25
f 707//707 441//441 24//24
f 709//709 23//23 441//441
f 709//709 22//22 23//23
f 709//709 1345//1345 22//22
f 319//319 316//316 315//315
f 710//710 711//711 319//319
f 734//734 717//717 710//710
f 717//717 712//712 711//711
f 316//316 720//720 317//317
f 716//716 715//715 714//714
f 715//715 716//716 717//717
f 716//716 713//713 717//717
f 715//715 717//717 734//734
f 318//318 719//719 718//718
f 318//318 720//720 719//719
f 720//720 721//721 719//719
f 720//720 712//712 713//713
f 717//717 713//713 712//712
f 197//197 714//714 10//10
f 198//198 714//714 197//197
f 199//199 714//714 198//198
f 200//200 716//716 199//199
f 521//521 716//716 200//200
f 201//201 716//716 521//521
f 202//202 721//721 201//201
f 514//514 721//721 202//202
f 318//318 511//511 5//5
f 317//317 720//720 318//318
f 718//718 206//206 511//511
f 718//718 205//205 206//206
f 718//718 513//513 205//205
f 719//719 204//204 513//513
f 721//721 1257//1257 204//204
f 721//721 203//203 1257//1257
f 721//721 514//514 203//203
f 320//320 731//731 723//723
f 731//731 726//726 724//724
f 724//724 725//725 319//319
f 729//729 730//730 727//727
f 735//735 737//737 736//736
f 735//735 726//726 738//738
f 726//726 735//735 725//725
f 722//722 319//319 315//315
f 725//725 734//734 710//710
f 239//239 322//322 6//6
f 533//533 730//730 239//239
f 238//238 727//727 533//533
f 237//237 727//727 238//238
f 236//236 728//728 237//237
f 235//235 728//728 236//236
f 234//234 728//728 235//235
f 233//233 728//728 234//234
f 730//730 321//321 322//322
f 714//714 227//227 10//10
f 715//715 732//732 714//714
f 715//715 734//734 733//733
f 732//732 228//228 227//227
f 732//732 570//570 228//228
f 732//732 229//229 570//570
f 736//736 230//230 229//229
f 737//737 231//231 230//230
f 737//737 232//232 231//231
f 739//739 741//741 750//750
f 741//741 723//723 722//722
f 741//741 320//320 723//723
f 742//742 744//744 743//743
f 744//744 749//749 743//743
f 742//742 743//743 759//759
f 745//745 746//746 452//452
f 749//749 748//748 747//747
f 740//740 746//746 741//741
f 750//750 722//722 315//315
f 458//458 323//323 13//13
f 91//91 742//742 458//458
f 90//90 742//742 91//91
f 459//459 744//744 90//90
f 89//89 744//744 459//459
f 88//88 744//744 89//89
f 457//457 748//748 88//88
f 87//87 748//748 457//457
f 323//323 742//742 759//759
f 322//322 83//83 6//6
f 321//321 745//745 322//322
f 745//745 462//462 83//83
f 745//745 452//452 462//462
f 747//747 463//463 84//84
f 747//747 85//85 463//463
f 748//748 87//87 86//86
f 752//752 760//760 751//751
f 756//756 755//755 753//753
f 755//755 754//754 753//753
f 756//756 762//762 752//752
f 759//759 760//760 758//758
f 758//758 761//761 757//757
f 755//755 752//752 314//314
f 760//760 759//759 739//739
f 314//314 751//751 697//697
f 324//324 313//313 16//16
f 325//325 753//753 324//324
f 1355//1355 753//753 325//325
f 326//326 753//753 1355//1355
f 327//327 756//756 326//326
f 328//328 756//756 327//327
f 329//329 756//756 328//328
f 1361//1361 756//756 329//329
f 753//753 754//754 313//313
f 323//323 1358//1358 13//13
f 757//757 332//332 1358//1358
f 757//757 1359//1359 332//332
f 761//761 826//826 1359//1359
f 761//761 331//331 826//826
f 761//761 1360//1360 331//331
f 761//761 330//330 1360//1360
f 338//338 763//763 337//337
f 763//763 764//764 337//337
f 764//764 765//765 335//335
f 770//770 766//766 764//764
f 769//769 770//770 763//763
f 334//334 772//772 771//771
f 334//334 766//766 772//772
f 334//334 764//764 766//766
f 335//335 807//807 783//783
f 337//337 335//335 336//336
f 335//335 765//765 807//807
f 47//47 339//339 14//14
f 48//48 769//769 47//47
f 49//49 769//769 48//48
f 50//50 768//768 49//49
f 446//446 768//768 50//50
f 51//51 768//768 446//446
f 767//767 768//768 51//51
f 339//339 763//763 338//338
f 333//333 56//56 16//16
f 333//333 334//334 771//771
f 771//771 439//439 56//56
f 771//771 440//440 439//439
f 771//771 55//55 440//440
f 771//771 54//54 55//55
f 772//772 53//53 54//54
f 772//772 52//52 53//53
f 772//772 442//442 52//52
f 773//773 336//336 783//783
f 340//340 774//774 773//773
f 774//774 775//775 336//336
f 775//775 338//338 337//337
f 774//774 781//781 775//775
f 777//777 778//778 776//776
f 782//782 778//778 777//777
f 779//779 778//778 774//774
f 783//783 336//336 335//335
f 82//82 791//791 6//6
f 81//81 779//779 82//82
f 80//80 776//776 81//81
f 79//79 776//776 80//80
f 534//534 776//776 79//79
f 777//777 776//776 534//534
f 77//77 782//782 78//78
f 339//339 73//73 14//14
f 780//780 531//531 73//73
f 780//780 74//74 531//531
f 780//780 75//75 74//74
f 782//782 1320//1320 75//75
f 782//782 76//76 1320//1320
f 782//782 450//450 76//76
f 782//782 77//77 450//450
f 342//342 784//784 341//341
f 343//343 786//786 342//342
f 786//786 785//785 784//784
f 789//789 793//793 785//785
f 788//788 789//789 344//344
f 791//791 792//792 790//790
f 790//790 793//793 794//794
f 344//344 786//786 343//343
f 785//785 340//340 773//773
f 464//464 345//345 7//7
f 111//111 787//787 464//464
f 110//110 787//787 111//111
f 109//109 788//788 110//110
f 108//108 788//788 109//109
f 107//107 794//794 108//108
f 539//539 794//794 107//107
f 467//467 794//794 539//539
f 787//787 344//344 345//345
f 791//791 540//540 6//6
f 790//790 102//102 540//540
f 790//790 103//103 102//102
f 790//790 104//104 103//103
f 790//790 105//105 104//104
f 794//794 106//106 105//105
f 794//794 544//544 106//106
f 794//794 467//467 544//544
f 795//795 343//343 342//342
f 797//797 798//798 795//795
f 800//800 797//797 799//799
f 801//801 797//797 802//802
f 345//345 804//804 803//803
f 344//344 343//343 804//804
f 804//804 798//798 805//805
f 805//805 806//806 126//126
f 805//805 798//798 806//806
f 798//798 804//804 343//343
f 346//346 796//796 809//809
f 130//130 347//347 12//12
f 473//473 801//801 130//130
f 475//475 799//799 473//473
f 129//129 799//799 475//475
f 476//476 799//799 129//129
f 128//128 800//800 476//476
f 127//127 800//800 128//128
f 480//480 806//806 127//127
f 801//801 815//815 347//347
f 815//815 801//801 802//802
f 345//345 471//471 7//7
f 345//345 123//123 471//471
f 803//803 478//478 123//123
f 803//803 124//124 478//478
f 805//805 125//125 124//124
f 805//805 126//126 125//125
f 806//806 480//480 472//472
f 814//814 808//808 765//765
f 808//808 809//809 807//807
f 808//808 816//816 809//809
f 813//813 814//814 812//812
f 813//813 818//818 810//810
f 815//815 818//818 817//817
f 815//815 816//816 818//818
f 807//807 809//809 783//783
f 1350//1350 333//333 16//16
f 430//430 812//812 1350//1350
f 348//348 812//812 430//430
f 349//349 812//812 348//348
f 350//350 813//813 349//349
f 431//431 813//813 350//350
f 811//811 813//813 431//431
f 333//333 814//814 334//334
f 334//334 814//814 765//765
f 347//347 433//433 12//12
f 347//347 354//354 433//433
f 354//354 352//352 353//353
f 817//817 1353//1353 352//352
f 817//817 351//351 1353//1353
f 817//817 898//898 351//351
f 817//817 434//434 898//898
f 820//820 822//822 832//832
f 819//819 823//823 820//820
f 823//823 830//830 821//821
f 826//826 828//828 825//825
f 828//828 831//831 823//823
f 829//829 830//830 831//831
f 830//830 823//823 831//831
f 828//828 823//823 819//819
f 355//355 820//820 832//832
f 1358//1358 824//824 13//13
f 332//332 824//824 1358//1358
f 1359//1359 825//825 332//332
f 826//826 825//825 1359//1359
f 1360//1360 827//827 331//331
f 330//330 827//827 1360//1360
f 1361//1361 827//827 330//330
f 845//845 825//825 819//819
f 882//882 324//324 16//16
f 882//882 830//830 829//829
f 882//882 821//821 830//830
f 829//829 325//325 324//324
f 829//829 1355//1355 325//325
f 829//829 326//326 1355//1355
f 829//829 327//327 326//326
f 831//831 328//328 327//327
f 827//827 329//329 328//328
f 827//827 1361//1361 329//329
f 843//843 834//834 860//860
f 356//356 833//833 832//832
f 833//833 355//355 832//832
f 833//833 836//836 355//355
f 834//834 837//837 833//833
f 835//835 837//837 834//834
f 839//839 842//842 838//838
f 842//842 840//840 835//835
f 845//845 846//846 844//844
f 845//845 837//837 846//846
f 837//837 847//847 846//846
f 841//841 840//840 847//847
f 860//860 356//356 850//850
f 92//92 358//358 7//7
f 838//838 842//842 92//92
f 94//94 839//839 93//93
f 95//95 839//839 94//94
f 466//466 839//839 95//95
f 96//96 840//840 466//466
f 465//465 840//840 96//96
f 842//842 357//357 358//358
f 824//824 101//101 13//13
f 845//845 844//844 824//824
f 819//819 836//836 845//845
f 844//844 100//100 101//101
f 844//844 99//99 100//100
f 844//844 98//98 99//99
f 846//846 460//460 98//98
f 847//847 1068//1068 460//460
f 847//847 97//97 1068//1068
f 840//840 465//465 97//97
f 359//359 850//850 848//848
f 856//856 857//857 849//849
f 855//855 853//853 852//852
f 853//853 855//855 858//858
f 357//357 861//861 859//859
f 357//357 863//863 861//861
f 861//861 863//863 862//862
f 863//863 857//857 862//862
f 848//848 832//832 1//1
f 858//858 849//849 359//359
f 848//848 356//356 832//832
f 481//481 360//360 8//8
f 148//148 852//852 481//481
f 485//485 852//852 148//148
f 147//147 852//852 485//485
f 546//546 854//854 147//147
f 146//146 862//862 546//546
f 547//547 862//862 146//146
f 486//486 862//862 547//547
f 852//852 853//853 360//360
f 358//358 477//477 7//7
f 357//357 859//859 358//358
f 843//843 863//863 357//357
f 843//843 860//860 863//863
f 861//861 142//142 859//859
f 861//861 143//143 142//142
f 861//861 144//144 143//143
f 862//862 479//479 144//144
f 862//862 145//145 479//479
f 862//862 486//486 145//145
f 361//361 865//865 864//864
f 865//865 868//868 866//866
f 867//867 868//868 865//865
f 866//866 858//858 359//359
f 868//868 858//858 866//866
f 873//873 867//867 870//870
f 871//871 867//867 884//884
f 853//853 868//868 872//872
f 361//361 864//864 874//874
f 864//864 359//359 848//848
f 171//171 869//869 11//11
f 490//490 869//869 171//171
f 170//170 870//870 490//490
f 169//169 870//870 170//170
f 168//168 870//870 169//169
f 167//167 873//873 168//168
f 166//166 873//873 167//167
f 165//165 873//873 166//166
f 362//362 871//871 884//884
f 360//360 161//161 8//8
f 360//360 489//489 161//161
f 360//360 162//162 489//489
f 872//872 163//163 162//162
f 872//872 496//496 163//163
f 873//873 164//164 496//496
f 873//873 1219//1219 164//164
f 873//873 165//165 1219//1219
f 875//875 874//874 1//1
f 883//883 875//875 821//821
f 883//883 876//876 875//875
f 880//880 881//881 879//879
f 878//878 883//883 882//882
f 879//879 881//881 883//883
f 880//880 887//887 881//881
f 881//881 876//876 883//883
f 887//887 886//886 876//876
f 884//884 877//877 886//886
f 885//885 886//886 887//887
f 877//877 884//884 361//361
f 27//27 882//882 16//16
f 28//28 878//878 27//27
f 1343//1343 879//879 28//28
f 29//29 879//879 1343//1343
f 1344//1344 880//880 29//29
f 30//30 880//880 1344//1344
f 432//432 887//887 30//30
f 436//436 887//887 432//432
f 882//882 883//883 821//821
f 869//869 36//36 11//11
f 362//362 35//35 36//36
f 362//362 435//435 35//35
f 885//885 34//34 435//435
f 885//885 33//33 34//34
f 885//885 32//32 33//33
f 885//885 31//31 32//32
f 915//915 893//893 890//890
f 889//889 891//891 888//888
f 890//890 891//891 889//889
f 893//893 892//892 890//890
f 891//891 904//904 894//894
f 892//892 904//904 891//891
f 895//895 896//896 892//892
f 900//900 899//899 897//897
f 899//899 895//895 902//902
f 896//896 905//905 903//903
f 366//366 888//888 2//2
f 433//433 365//365 12//12
f 354//354 897//897 433//433
f 353//353 897//897 354//354
f 352//352 897//897 353//353
f 1353//1353 897//897 352//352
f 351//351 900//900 1353//1353
f 898//898 900//900 351//351
f 899//899 902//902 365//365
f 363//363 1350//1350 16//16
f 364//364 903//903 363//363
f 364//364 904//904 903//903
f 903//903 430//430 1350//1350
f 903//903 349//349 348//348
f 905//905 350//350 349//349
f 905//905 431//431 350//350
f 901//901 811//811 431//431
f 901//901 434//434 811//811
f 906//906 889//889 366//366
f 924//924 912//912 906//906
f 912//912 907//907 906//906
f 907//907 890//890 889//889
f 909//909 910//910 912//912
f 910//910 913//913 912//912
f 911//911 912//912 924//924
f 915//915 907//907 917//917
f 917//917 918//918 916//916
f 923//923 906//906 366//366
f 131//131 367//367 8//8
f 132//132 908//908 131//131
f 133//133 908//908 132//132
f 134//134 909//909 133//133
f 482//482 909//909 134//134
f 135//135 910//910 482//482
f 483//483 910//910 135//135
f 484//484 910//910 483//483
f 908//908 911//911 367//367
f 365//365 141//141 12//12
f 902//902 914//914 365//365
f 914//914 140//140 141//141
f 916//916 139//139 140//140
f 916//916 488//488 139//139
f 916//916 138//138 488//488
f 918//918 137//137 138//138
f 918//918 136//136 137//137
f 918//918 484//484 136//136
f 919//919 366//366 2//2
f 919//919 923//923 366//366
f 920//920 921//921 919//919
f 926//926 928//928 925//925
f 928//928 922//922 935//935
f 911//911 930//930 367//367
f 930//930 931//931 929//929
f 930//930 921//921 931//931
f 931//931 922//922 927//927
f 923//923 924//924 906//906
f 554//554 369//369 9//9
f 189//189 925//925 554//554
f 188//188 925//925 189//189
f 187//187 925//925 188//188
f 926//926 925//925 187//187
f 500//500 927//927 498//498
f 186//186 927//927 500//500
f 925//925 368//368 369//369
f 368//368 928//928 935//935
f 367//367 180//180 8//8
f 367//367 495//495 180//180
f 929//929 181//181 495//495
f 929//929 182//182 181//181
f 929//929 183//183 182//182
f 931//931 184//184 183//183
f 931//931 185//185 184//184
f 927//927 186//186 185//185
f 370//370 934//934 932//932
f 933//933 934//934 370//370
f 936//936 938//938 940//940
f 938//938 939//939 940//940
f 936//936 940//940 371//371
f 368//368 943//943 941//941
f 943//943 944//944 942//942
f 943//943 933//933 944//944
f 934//934 920//920 919//919
f 196//196 372//372 5//5
f 195//195 936//936 196//196
f 510//510 938//938 195//195
f 512//512 938//938 510//510
f 937//937 938//938 512//512
f 193//193 939//939 194//194
f 192//192 939//939 193//193
f 372//372 936//936 371//371
f 369//369 190//190 9//9
f 368//368 941//941 369//369
f 941//941 191//191 190//190
f 942//942 517//517 191//191
f 942//942 505//505 517//517
f 942//942 1284//1284 505//505
f 944//944 519//519 1284//1284
f 944//944 506//506 519//519
f 939//939 192//192 506//506
f 945//945 946//946 888//888
f 945//945 948//948 946//946
f 951//951 957//957 947//947
f 950//950 364//364 949//949
f 364//364 951//951 952//952
f 371//371 948//948 955//955
f 955//955 19//19 953//953
f 955//955 954//954 19//19
f 954//954 957//957 956//956
f 952//952 947//947 894//894
f 947//947 957//957 948//948
f 888//888 946//946 2//2
f 946//946 370//370 932//932
f 26//26 363//363 16//16
f 1342//1342 949//949 26//26
f 25//25 949//949 1342//1342
f 24//24 949//949 25//25
f 441//441 950//950 24//24
f 23//23 950//950 441//441
f 22//22 956//956 23//23
f 1345//1345 956//956 22//22
f 949//949 364//364 363//363
f 372//372 17//17 5//5
f 953//953 18//18 17//17
f 953//953 19//19 18//18
f 954//954 21//21 20//20
f 954//954 444//444 21//21
f 956//956 702//702 444//444
f 956//956 1345//1345 702//702
f 958//958 960//960 3//3
f 958//958 962//962 960//960
f 961//961 962//962 958//958
f 966//966 967//967 965//965
f 969//969 970//970 966//966
f 967//967 966//966 968//968
f 971//971 973//973 972//972
f 374//374 963//963 973//973
f 973//973 974//974 972//972
f 970//970 964//964 961//961
f 961//961 964//964 963//963
f 958//958 3//3 975//975
f 36//36 965//965 11//11
f 35//35 965//965 36//36
f 435//435 966//966 35//35
f 34//34 966//966 435//435
f 33//33 966//966 34//34
f 32//32 969//969 33//33
f 31//31 969//969 32//32
f 436//436 969//969 31//31
f 373//373 27//27 16//16
f 1018//1018 971//971 373//373
f 1018//1018 374//374 971//971
f 971//971 28//28 27//27
f 972//972 1343//1343 28//28
f 972//972 29//29 1343//1343
f 974//974 1344//1344 29//29
f 974//974 30//30 1344//1344
f 974//974 432//432 30//30
f 377//377 978//978 976//976
f 982//982 985//985 978//978
f 981//981 986//986 982//982
f 985//985 986//986 984//984
f 985//985 982//982 986//986
f 376//376 975//975 3//3
f 377//377 976//976 376//376
f 977//977 959//959 958//958
f 504//504 379//379 9//9
f 497//497 979//979 504//504
f 172//172 979//979 497//497
f 173//173 980//980 172//172
f 174//174 980//980 173//173
f 175//175 981//981 174//174
f 507//507 981//981 175//175
f 508//508 981//981 507//507
f 979//979 994//994 379//379
f 965//965 179//179 11//11
f 967//967 983//983 965//965
f 983//983 178//178 179//179
f 983//983 177//177 178//178
f 983//983 502//502 177//177
f 984//984 494//494 502//502
f 986//986 493//493 494//494
f 986//986 176//176 493//493
f 981//981 508//508 176//176
f 989//989 377//377 376//376
f 987//987 989//989 1000//1000
f 988//988 990//990 987//987
f 989//989 378//378 377//377
f 992//992 988//988 993//993
f 998//998 990//990 988//988
f 994//994 997//997 379//379
f 994//994 995//995 997//997
f 997//997 998//998 996//996
f 990//990 995//995 989//989
f 1000//1000 376//376 3//3
f 1003//1003 987//987 1000//1000
f 216//216 380//380 10//10
f 520//520 992//992 216//216
f 215//215 991//991 520//520
f 214//214 991//991 215//215
f 213//213 991//991 214//214
f 522//522 998//998 213//213
f 560//560 998//998 522//522
f 212//212 998//998 560//560
f 379//379 515//515 9//9
f 378//378 995//995 994//994
f 379//379 207//207 515//515
f 996//996 208//208 207//207
f 996//996 209//209 208//208
f 996//996 210//210 209//209
f 998//998 516//516 210//210
f 998//998 211//211 516//516
f 998//998 212//212 211//211
f 999//999 1000//1000 3//3
f 1001//1001 1002//1002 999//999
f 1008//1008 1012//1012 1001//1001
f 1006//1006 1008//1008 1004//1004
f 1004//1004 1008//1008 1007//1007
f 993//993 1011//1011 1009//1009
f 993//993 1003//1003 1011//1011
f 1009//1009 1011//1011 1010//1010
f 1011//1011 1002//1002 1012//1012
f 1002//1002 1011//1011 1003//1003
f 1016//1016 999//999 1014//1014
f 226//226 381//381 14//14
f 225//225 1004//1004 226//226
f 224//224 1004//1004 225//225
f 223//223 1004//1004 224//224
f 530//530 1006//1006 223//223
f 222//222 1006//1006 530//530
f 1005//1005 1006//1006 222//222
f 380//380 217//217 10//10
f 380//380 993//993 1009//1009
f 1009//1009 532//532 217//217
f 1010//1010 526//526 532//532
f 1010//1010 218//218 526//526
f 1010//1010 525//525 218//218
f 1012//1012 219//219 525//525
f 1012//1012 220//220 219//219
f 1012//1012 221//221 220//220
f 960//960 1014//1014 3//3
f 375//375 1015//1015 960//960
f 1013//1013 1017//1017 1015//1015
f 1015//1015 1023//1023 1014//1014
f 1022//1022 50//50 1021//1021
f 1023//1023 1022//1022 1016//1016
f 56//56 373//373 16//16
f 439//439 1018//1018 56//56
f 440//440 1019//1019 439//439
f 55//55 1020//1020 440//440
f 54//54 1020//1020 55//55
f 53//53 1020//1020 54//54
f 52//52 1024//1024 53//53
f 442//442 1024//1024 52//52
f 1018//1018 1019//1019 374//374
f 374//374 1013//1013 375//375
f 381//381 47//47 14//14
f 1021//1021 48//48 47//47
f 1021//1021 49//49 48//48
f 1021//1021 50//50 49//49
f 1024//1024 51//51 446//446
f 1024//1024 767//767 51//51
f 1024//1024 442//442 767//767
f 1025//1025 1028//1028 1027//1027
f 1028//1028 1029//1029 1027//1027
f 1026//1026 1028//1028 1025//1025
f 1028//1028 1030//1030 1029//1029
f 1030//1030 1085//1085 1029//1029
f 1032//1032 1033//1033 1026//1026
f 1032//1032 1026//1026 1034//1034
f 1081//1081 1030//1030 1036//1036
f 1033//1033 1037//1037 1028//1028
f 383//383 382//382 4//4
f 384//384 1027//1027 383//383
f 217//217 1031//1031 10//10
f 532//532 1031//1031 217//217
f 526//526 1032//1032 532//532
f 218//218 1032//1032 526//526
f 525//525 1032//1032 218//218
f 219//219 1033//1033 525//525
f 220//220 1033//1033 219//219
f 221//221 1033//1033 220//220
f 386//386 1032//1032 1034//1034
f 1079//1079 226//226 14//14
f 1081//1081 1035//1035 1079//1079
f 1035//1035 225//225 226//226
f 1035//1035 224//224 225//225
f 1036//1036 223//223 224//224
f 1036//1036 530//530 223//223
f 1037//1037 222//222 530//530
f 1037//1037 1005//1005 222//222
f 1037//1037 221//221 1005//1005
f 1039//1039 1040//1040 1052//1052
f 1039//1039 1041//1041 1040//1040
f 1040//1040 385//385 384//384
f 1044//1044 1046//1046 1043//1043
f 1045//1045 1047//1047 1044//1044
f 1047//1047 1041//1041 1039//1039
f 387//387 383//383 4//4
f 1052//1052 1038//1038 387//387
f 1038//1038 384//384 383//383
f 282//282 1043//1043 15//15
f 563//563 1044//1044 282//282
f 283//283 1044//1044 563//563
f 284//284 1042//1042 283//283
f 285//285 1042//1042 284//284
f 565//565 1042//1042 285//285
f 286//286 1042//1042 565//565
f 569//569 1042//1042 286//286
f 1046//1046 1039//1039 1057//1057
f 1031//1031 568//568 10//10
f 386//386 1048//1048 1031//1031
f 1048//1048 291//291 568//568
f 1048//1048 290//290 291//291
f 1048//1048 289//289 290//290
f 1049//1049 561//561 289//289
f 1049//1049 288//288 561//561
f 1049//1049 287//287 288//288
f 1051//1051 1052//1052 387//387
f 388//388 1053//1053 1051//1051
f 1053//1053 1057//1057 1052//1052
f 1055//1055 1054//1054 389//389
f 1056//1056 1058//1058 1059//1059
f 1056//1056 1057//1057 1058//1058
f 389//389 1054//1054 388//388
f 1054//1054 1058//1058 1053//1053
f 1050//1050 387//387 4//4
f 388//388 1051//1051 1050//1050
f 260//260 390//390 7//7
f 550//550 1055//1055 260//260
f 259//259 1055//1055 550//550
f 258//258 1055//1055 259//259
f 257//257 1055//1055 258//258
f 551//551 1060//1060 257//257
f 256//256 1060//1060 551//551
f 255//255 1060//1060 256//256
f 1043//1043 248//248 15//15
f 1046//1046 1056//1056 1043//1043
f 1046//1046 1057//1057 1056//1056
f 1056//1056 249//249 248//248
f 1059//1059 250//250 249//249
f 1059//1059 251//251 250//250
f 1059//1059 252//252 251//251
f 1059//1059 253//253 252//252
f 1060//1060 254//254 253//253
f 1060//1060 255//255 254//254
f 1063//1063 1050//1050 4//4
f 1061//1061 1062//1062 1063//1063
f 1062//1062 1064//1064 1063//1063
f 1064//1064 388//388 1050//1050
f 1064//1064 1065//1065 388//388
f 1062//1062 1066//1066 1064//1064
f 1073//1073 1069//1069 1068//1068
f 1069//1069 391//391 1067//1067
f 1070//1070 1066//1066 1062//1062
f 390//390 1066//1066 1072//1072
f 1066//1066 1073//1073 1072//1072
f 1077//1077 1063//1063 4//4
f 101//101 392//392 13//13
f 100//100 1067//1067 101//101
f 99//99 1067//1067 100//100
f 98//98 1069//1069 99//99
f 460//460 1069//1069 98//98
f 1068//1068 1069//1069 460//460
f 465//465 1073//1073 97//97
f 1067//1067 391//391 392//392
f 391//391 1071//1071 1088//1088
f 390//390 92//92 7//7
f 389//389 1065//1065 390//390
f 1072//1072 838//838 92//92
f 1072//1072 93//93 838//838
f 1072//1072 94//94 93//93
f 1072//1072 95//95 94//94
f 1073//1073 466//466 95//95
f 1073//1073 96//96 466//466
f 1073//1073 465//465 96//96
f 1075//1075 1077//1077 4//4
f 1076//1076 1078//1078 1074//1074
f 1078//1078 1075//1075 1074//1074
f 1083//1083 1081//1081 1079//1079
f 1082//1082 1084//1084 1080//1080
f 1084//1084 1083//1083 1080//1080
f 1081//1081 1083//1083 1085//1085
f 1086//1086 1088//1088 1087//1087
f 1084//1084 455//455 1089//1089
f 1076//1076 1089//1089 1078//1078
f 1029//1029 1074//1074 382//382
f 1085//1085 1074//1074 1029//1029
f 72//72 1079//1079 14//14
f 449//449 1079//1079 72//72
f 71//71 1080//1080 449//449
f 70//70 1080//1080 71//71
f 451//451 1080//1080 70//70
f 69//69 1082//1082 451//451
f 1356//1356 1082//1082 69//69
f 68//68 1082//1082 1356//1356
f 392//392 453//453 13//13
f 391//391 1086//1086 392//392
f 1086//1086 64//64 453//453
f 1086//1086 65//65 64//64
f 1087//1087 66//66 65//65
f 1087//1087 67//67 66//66
f 1087//1087 1363//1363 67//67
f 1089//1089 455//455 1363//1363
f 394//394 1090//1090 1106//1106
f 1091//1091 1092//1092 394//394
f 1098//1098 1093//1093 1091//1091
f 1092//1092 1101//1101 1145//1145
f 1094//1094 1098//1098 1099//1099
f 1097//1097 1093//1093 1098//1098
f 1100//1100 1101//1101 1103//1103
f 1101//1101 1105//1105 1103//1103
f 1103//1103 1105//1105 1104//1104
f 1093//1093 1105//1105 1092//1092
f 395//395 1091//1091 1108//1108
f 1090//1090 1145//1145 1143//1143
f 83//83 1095//1095 6//6
f 462//462 1094//1094 83//83
f 452//452 1094//1094 462//462
f 84//84 1094//1094 452//452
f 463//463 1096//1096 84//84
f 85//85 1096//1096 463//463
f 86//86 1096//1096 85//85
f 87//87 1097//1097 86//86
f 1147//1147 458//458 13//13
f 1149//1149 1100//1100 1147//1147
f 1149//1149 1101//1101 1100//1100
f 1100//1100 91//91 458//458
f 1102//1102 90//90 91//91
f 1104//1104 459//459 90//90
f 1104//1104 89//89 459//459
f 1104//1104 88//88 89//89
f 1104//1104 457//457 88//88
f 1097//1097 87//87 457//457
f 1107//1107 394//394 1106//1106
f 1109//1109 1108//1108 1107//1107
f 1109//1109 1110//1110 1108//1108
f 1110//1110 395//395 1108//1108
f 1113//1113 1114//1114 1112//1112
f 1111//1111 1114//1114 1115//1115
f 1110//1110 1113//1113 1118//1118
f 1114//1114 1113//1113 1109//1109
f 1123//1123 1109//1109 396//396
f 247//247 397//397 15//15
f 246//246 1111//1111 247//247
f 536//536 1112//1112 246//246
f 245//245 1112//1112 536//536
f 244//244 1112//1112 245//245
f 564//564 1113//1113 244//244
f 243//243 1113//1113 564//564
f 537//537 1113//1113 243//243
f 397//397 1111//1111 1115//1115
f 1095//1095 240//240 6//6
f 1099//1099 395//395 1117//1117
f 1116//1116 541//541 240//240
f 1116//1116 542//542 541//541
f 1118//1118 567//567 542//542
f 1118//1118 241//241 567//567
f 1118//1118 242//242 241//241
f 1118//1118 1310//1310 242//242
f 1118//1118 537//537 1310//1310
f 1119//1119 396//396 1106//1106
f 1134//1134 1121//1121 1119//1119
f 1120//1120 1121//1121 1134//1134
f 1122//1122 396//396 1119//1119
f 1121//1121 1122//1122 1119//1119
f 1122//1122 1123//1123 396//396
f 1121//1121 1124//1124 1122//1122
f 1127//1127 1128//1128 1126//1126
f 1129//1129 1124//1124 1131//1131
f 1130//1130 1122//1122 1124//1124
f 271//271 399//399 8//8
f 270//270 1126//1126 271//271
f 269//269 1126//1126 270//270
f 268//268 1126//1126 269//269
f 549//549 1126//1126 268//268
f 557//557 1127//1127 549//549
f 1125//1125 1127//1127 557//557
f 1128//1128 398//398 399//399
f 398//398 1128//1128 1120//1120
f 397//397 261//261 15//15
f 1129//1129 545//545 261//261
f 1129//1129 262//262 545//545
f 1129//1129 263//263 262//262
f 1129//1129 264//264 263//263
f 1131//1131 265//265 264//264
f 1131//1131 266//266 265//265
f 1131//1131 267//267 266//266
f 401//401 1133//1133 400//400
f 1135//1135 1133//1133 1132//1132
f 1133//1133 1134//1134 400//400
f 1135//1135 1136//1136 1133//1133
f 1139//1139 1142//1142 1135//1135
f 1136//1136 1135//1135 1142//1142
f 1133//1133 1136//1136 1134//1134
f 400//400 1119//1119 1106//1106
f 141//141 402//402 12//12
f 140//140 1138//1138 141//141
f 139//139 1137//1137 140//140
f 488//488 1137//1137 139//139
f 138//138 1139//1139 488//488
f 137//137 1142//1142 138//138
f 136//136 1142//1142 137//137
f 484//484 1142//1142 136//136
f 399//399 131//131 8//8
f 398//398 132//132 131//131
f 1141//1141 133//133 132//132
f 1141//1141 134//134 133//133
f 1142//1142 482//482 134//134
f 1142//1142 135//135 482//482
f 1142//1142 483//483 135//135
f 1145//1145 1144//1144 1143//1143
f 1150//1150 1146//1146 1144//1144
f 1148//1148 1149//1149 1147//1147
f 1148//1148 1150//1150 393//393
f 402//402 1153//1153 1151//1151
f 1152//1152 1146//1146 1154//1154
f 1143//1143 401//401 400//400
f 1144//1144 1132//1132 401//401
f 468//468 1147//1147 13//13
f 122//122 1147//1147 468//468
f 121//121 1148//1148 122//122
f 120//120 1148//1148 121//121
f 1351//1351 1148//1148 120//120
f 470//470 1154//1154 1351//1351
f 119//119 1154//1154 470//470
f 118//118 1154//1154 119//119
f 402//402 112//112 12//12
f 1151//1151 113//113 112//112
f 1152//1152 114//114 113//113
f 1152//1152 115//115 114//114
f 1152//1152 116//116 115//115
f 1154//1154 117//117 116//116
f 1154//1154 1354//1354 117//117
f 1154//1154 118//118 1354//1354
f 1155//1155 1156//1156 406//406
f 1162//1162 1157//1157 407//407
f 1157//1157 1158//1158 1156//1156
f 1158//1158 405//405 1156//1156
f 1162//1162 1163//1163 1157//1157
f 1158//1158 1166//1166 405//405
f 1160//1160 408//408 1159//1159
f 1165//1165 1167//1167 1164//1164
f 1166//1166 1163//1163 1161//1161
f 1167//1167 1161//1161 128//128
f 471//471 408//408 7//7
f 123//123 1159//1159 471//471
f 478//478 1159//1159 123//123
f 124//124 1159//1159 478//478
f 125//125 1160//1160 124//124
f 126//126 1160//1160 125//125
f 472//472 1160//1160 126//126
f 480//480 1161//1161 472//472
f 1173//1173 1162//1162 407//407
f 403//403 130//130 12//12
f 404//404 1164//1164 403//403
f 1164//1164 473//473 130//130
f 1164//1164 475//475 473//473
f 1167//1167 129//129 475//475
f 1167//1167 476//476 129//129
f 1167//1167 128//128 476//476
f 1161//1161 480//480 127//127
f 410//410 1169//1169 409//409
f 1168//1168 1170//1170 410//410
f 1170//1170 1175//1175 1169//1169
f 1171//1171 1187//1187 411//411
f 1176//1176 1177//1177 1172//1172
f 1171//1171 1172//1172 1168//1168
f 1172//1172 1177//1177 1170//1170
f 1172//1172 1170//1170 1168//1168
f 1175//1175 1173//1173 407//407
f 248//248 411//411 15//15
f 249//249 411//411 248//248
f 250//250 1171//1171 249//249
f 251//251 1171//1171 250//250
f 252//252 1172//1172 251//251
f 253//253 1172//1172 252//252
f 254//254 1176//1176 253//253
f 255//255 1176//1176 254//254
f 1187//1187 1168//1168 1188//1188
f 408//408 260//260 7//7
f 408//408 1173//1173 1174//1174
f 1174//1174 550//550 260//260
f 1174//1174 259//259 550//550
f 1174//1174 258//258 259//259
f 1174//1174 257//257 258//258
f 1176//1176 551//551 257//257
f 1176//1176 256//256 551//551
f 1176//1176 255//255 256//256
f 412//412 1180//1180 1178//1178
f 1185//1185 1181//1181 1180//1180
f 1185//1185 1190//1190 1181//1181
f 1184//1184 1191//1191 1190//1190
f 1187//1187 1189//1189 411//411
f 1187//1187 1190//1190 1189//1189
f 1187//1187 1188//1188 1190//1190
f 1189//1189 1190//1190 1191//1191
f 1178//1178 1179//1179 1194//1194
f 1179//1179 410//410 409//409
f 1181//1181 1188//1188 410//410
f 562//562 413//413 9//9
f 281//281 1182//1182 562//562
f 555//555 1182//1182 281//281
f 280//280 1182//1182 555//555
f 279//279 1184//1184 280//280
f 556//556 1184//1184 279//279
f 1183//1183 1184//1184 556//556
f 411//411 272//272 15//15
f 411//411 273//273 272//272
f 1189//1189 274//274 273//273
f 1189//1189 275//275 274//274
f 1189//1189 276//276 275//275
f 1191//1191 277//277 276//276
f 1191//1191 278//278 277//277
f 1191//1191 559//559 278//278
f 1195//1195 1196//1196 1193//1193
f 1196//1196 1204//1204 1178//1178
f 1200//1200 1204//1204 1196//1196
f 1197//1197 1198//1198 1201//1201
f 1201//1201 1200//1200 1196//1196
f 1199//1199 1201//1201 1195//1195
f 1204//1204 1200//1200 1203//1203
f 1201//1201 1196//1196 1195//1195
f 1192//1192 1194//1194 406//406
f 179//179 1199//1199 11//11
f 178//178 1197//1197 179//179
f 177//177 1197//1197 178//178
f 502//502 1198//1198 177//177
f 494//494 1198//1198 502//502
f 493//493 1198//1198 494//494
f 176//176 1200//1200 493//493
f 508//508 1200//1200 176//176
f 413//413 504//504 9//9
f 1202//1202 497//497 504//504
f 1202//1202 172//172 497//497
f 1202//1202 173//173 172//172
f 1203//1203 174//174 173//173
f 1203//1203 175//175 174//174
f 1203//1203 507//507 175//175
f 1200//1200 508//508 507//507
f 1205//1205 1206//1206 1192//1192
f 1208//1208 404//404 1207//1207
f 1211//1211 1206//1206 1213//1213
f 1156//1156 1192//1192 406//406
f 405//405 1205//1205 1156//1156
f 1206//1206 1195//1195 1193//1193
f 160//160 403//403 12//12
f 159//159 1207//1207 160//160
f 487//487 1207//1207 159//159
f 158//158 1207//1207 487//487
f 157//157 1208//1208 158//158
f 156//156 1208//1208 157//157
f 155//155 1208//1208 156//156
f 154//154 1208//1208 155//155
f 1207//1207 404//404 403//403
f 1199//1199 149//149 11//11
f 1199//1199 1211//1211 1210//1210
f 1210//1210 150//150 149//149
f 1210//1210 437//437 150//150
f 1210//1210 491//491 437//437
f 1212//1212 151//151 491//491
f 1212//1212 152//152 151//151
f 1212//1212 153//153 152//152
f 1215//1215 1217//1217 1214//1214
f 1221//1221 1225//1225 1215//1215
f 1224//1224 1221//1221 1218//1218
f 1218//1218 1221//1221 1220//1220
f 415//415 1222//1222 414//414
f 1272//1272 1225//1225 415//415
f 1272//1272 1217//1217 1225//1225
f 415//415 1225//1225 1223//1223
f 1215//1215 1225//1225 1217//1217
f 1214//1214 1216//1216 416//416
f 1230//1230 1214//1214 1228//1228
f 161//161 417//417 8//8
f 489//489 1218//1218 161//161
f 162//162 1218//1218 489//489
f 163//163 1218//1218 162//162
f 496//496 1224//1224 163//163
f 164//164 1224//1224 496//496
f 1219//1219 1224//1224 164//164
f 414//414 171//171 11//11
f 414//414 490//490 171//171
f 1222//1222 170//170 490//490
f 1222//1222 169//169 170//170
f 1223//1223 168//168 169//169
f 1224//1224 167//167 168//168
f 1224//1224 166//166 167//167
f 1224//1224 165//165 166//166
f 1226//1226 1228//1228 416//416
f 418//418 1229//1229 1226//1226
f 1227//1227 1231//1231 1229//1229
f 1229//1229 1237//1237 1228//1228
f 1236//1236 268//268 1235//1235
f 1237//1237 1236//1236 1230//1230
f 261//261 420//420 15//15
f 545//545 1232//1232 261//261
f 262//262 1233//1233 545//545
f 263//263 1234//1234 262//262
f 264//264 1234//1234 263//263
f 265//265 1234//1234 264//264
f 266//266 1238//1238 265//265
f 267//267 1238//1238 266//266
f 1232//1232 1233//1233 419//419
f 419//419 1227//1227 418//418
f 417//417 271//271 8//8
f 1235//1235 270//270 271//271
f 1235//1235 269//269 270//270
f 1235//1235 268//268 269//269
f 1238//1238 557//557 549//549
f 1238//1238 1125//1125 557//557
f 1238//1238 267//267 1125//1125
f 1239//1239 1226//1226 416//416
f 1248//1248 1241//1241 1240//1240
f 1241//1241 1243//1243 1226//1226
f 1247//1247 1248//1248 1245//1245
f 1244//1244 1245//1245 1246//1246
f 1249//1249 1251//1251 1250//1250
f 419//419 1243//1243 1251//1251
f 1251//1251 1252//1252 1250//1250
f 1248//1248 1242//1242 1241//1241
f 1241//1241 1242//1242 1243//1243
f 568//568 1244//1244 10//10
f 291//291 1244//1244 568//568
f 290//290 1245//1245 291//291
f 289//289 1245//1245 290//290
f 561//561 1245//1245 289//289
f 288//288 1247//1247 561//561
f 287//287 1247//1247 288//288
f 569//569 1247//1247 287//287
f 420//420 282//282 15//15
f 1232//1232 1249//1249 420//420
f 1232//1232 419//419 1249//1249
f 1249//1249 563//563 282//282
f 1250//1250 283//283 563//563
f 1250//1250 284//284 283//283
f 1252//1252 285//285 284//284
f 1252//1252 565//565 285//285
f 1252//1252 286//286 565//565
f 1273//1273 1255//1255 1254//1254
f 1254//1254 1256//1256 1253//1253
f 1255//1255 1263//1263 1256//1256
f 1261//1261 1258//1258 1257//1257
f 1258//1258 1261//1261 1260//1260
f 1263//1263 1261//1261 1264//1264
f 1260//1260 1255//1255 1273//1273
f 1267//1267 1254//1254 1266//1266
f 1273//1273 1254//1254 1267//1267
f 1256//1256 1240//1240 1239//1239
f 511//511 421//421 5//5
f 206//206 1259//1259 511//511
f 205//205 1258//1258 206//206
f 513//513 1258//1258 205//205
f 204//204 1258//1258 513//513
f 1257//1257 1258//1258 204//204
f 514//514 1261//1261 203//203
f 1259//1259 1274//1274 421//421
f 1244//1244 197//197 10//10
f 1262//1262 198//198 197//197
f 1262//1262 199//199 198//198
f 1262//1262 200//200 199//199
f 1264//1264 521//521 200//200
f 1261//1261 201//201 521//521
f 1261//1261 202//202 201//201
f 1261//1261 514//514 202//202
f 1216//1216 1266//1266 416//416
f 1265//1265 1266//1266 1216//1216
f 1268//1268 1276//1276 1265//1265
f 1269//1269 1270//1270 1272//1272
f 1275//1275 1276//1276 1278//1278
f 1275//1275 1278//1278 1277//1277
f 1277//1277 1278//1278 1271//1271
f 1278//1278 1276//1276 1268//1268
f 501//501 414//414 11//11
f 37//37 1269//1269 501//501
f 38//38 1269//1269 37//37
f 39//39 1269//1269 38//38
f 40//40 1270//1270 39//39
f 1348//1348 1271//1271 40//40
f 1347//1347 1271//1271 1348//1348
f 41//41 1271//1271 1347//1347
f 1269//1269 415//415 414//414
f 415//415 1269//1269 1272//1272
f 421//421 1349//1349 5//5
f 1259//1259 1275//1275 1274//1274
f 1259//1259 1273//1273 1275//1275
f 421//421 46//46 1349//1349
f 1274//1274 45//45 46//46
f 1277//1277 44//44 45//45
f 1277//1277 43//43 44//44
f 1277//1277 509//509 43//43
f 1277//1277 42//42 509//509
f 1279//1279 1328//1328 1292//1292
f 1280//1280 1329//1329 1328//1328
f 1288//1288 1282//1282 1280//1280
f 1282//1282 1291//1291 1281//1281
f 1287//1287 1285//1285 1288//1288
f 1285//1285 1282//1282 1288//1288
f 1287//1287 1288//1288 1301//1301
f 1290//1290 1283//1283 1291//1291
f 1289//1289 1282//1282 1286//1286
f 1281//1281 1331//1331 1329//1329
f 190//190 424//424 9//9
f 191//191 1287//1287 190//190
f 517//517 1285//1285 191//191
f 505//505 1285//1285 517//517
f 1284//1284 1285//1285 505//505
f 506//506 1286//1286 519//519
f 192//192 1286//1286 506//506
f 1287//1287 423//423 424//424
f 423//423 1287//1287 1301//1301
f 422//422 196//196 5//5
f 1290//1290 195//195 196//196
f 1289//1289 510//510 195//195
f 1289//1289 512//512 510//510
f 1289//1289 937//937 512//512
f 1289//1289 194//194 937//937
f 1289//1289 193//193 194//194
f 1286//1286 192//192 193//193
f 1305//1305 1294//1294 1303//1303
f 1294//1294 1293//1293 1292//1292
f 1299//1299 1295//1295 1294//1294
f 423//423 1295//1295 1302//1302
f 1293//1293 1280//1280 1279//1279
f 1293//1293 1301//1301 1280//1280
f 272//272 425//425 15//15
f 273//273 1296//1296 272//272
f 274//274 1298//1298 273//273
f 275//275 1298//1298 274//274
f 276//276 1298//1298 275//275
f 277//277 1298//1298 276//276
f 278//278 1297//1297 277//277
f 559//559 1297//1297 278//278
f 424//424 562//562 9//9
f 423//423 1300//1300 424//424
f 1300//1300 281//281 562//562
f 1300//1300 555//555 281//281
f 1300//1300 280//280 555//555
f 1300//1300 279//279 280//280
f 1302//1302 556//556 279//279
f 1302//1302 1183//1183 556//556
f 1302//1302 559//559 1183//1183
f 427//427 1307//1307 426//426
f 1304//1304 1306//1306 1303//1303
f 1307//1307 1306//1306 1304//1304
f 1306//1306 1314//1314 1305//1305
f 1307//1307 1308//1308 1306//1306
f 1312//1312 1311//1311 1309//1309
f 1311//1311 1307//1307 427//427
f 1308//1308 1315//1315 1313//1313
f 1304//1304 1303//1303 1316//1316
f 240//240 1311//1311 6//6
f 541//541 1309//1309 240//240
f 542//542 1309//1309 541//541
f 567//567 1309//1309 542//542
f 241//241 1309//1309 567//567
f 242//242 1312//1312 241//241
f 1310//1310 1312//1312 242//242
f 425//425 247//247 15//15
f 1313//1313 246//246 247//247
f 1313//1313 536//536 246//246
f 1313//1313 245//245 536//536
f 1315//1315 244//244 245//245
f 1315//1315 564//564 244//244
f 1312//1312 243//243 564//564
f 1312//1312 537//537 243//243
f 1324//1324 1325//1325 1317//1317
f 1318//1318 1319//1319 426//426
f 1325//1325 1319//1319 1318//1318
f 1323//1323 1321//1321 1324//1324
f 1321//1321 1325//1325 1324//1324
f 1323//1323 1324//1324 428//428
f 1327//1327 1325//1325 1322//1322
f 1318//1318 1304//1304 1316//1316
f 1318//1318 426//426 1304//1304
f 73//73 429//429 14//14
f 531//531 1323//1323 73//73
f 74//74 1321//1321 531//531
f 75//75 1321//1321 74//74
f 1320//1320 1321//1321 75//75
f 450//450 1322//1322 76//76
f 77//77 1322//1322 450//450
f 1323//1323 1339//1339 429//429
f 1339//1339 1323//1323 428//428
f 1311//1311 82//82 6//6
f 427//427 1319//1319 1326//1326
f 1326//1326 81//81 82//82
f 1326//1326 80//80 81//81
f 1326//1326 79//79 80//80
f 1327//1327 534//534 79//79
f 1327//1327 777//777 534//534
f 1327//1327 78//78 777//777
f 1322//1322 77//77 78//78
f 1329//1329 1330//1330 1328//1328
f 1331//1331 1332//1332 1329//1329
f 1332//1332 1333//1333 1330//1330
f 1336//1336 1337//1337 1335//1335
f 1334//1334 1335//1335 1331//1331
f 1335//1335 1337//1337 1331//1331
f 428//428 1333//1333 1341//1341
f 1340//1340 1341//1341 1337//1337
f 1337//1337 1341//1341 1332//1332
f 1328//1328 1316//1316 1292//1292
f 1330//1330 1317//1317 1316//1316
f 1333//1333 428//428 1317//1317
f 57//57 422//422 5//5
f 58//58 1334//1334 57//57
f 59//59 1334//1334 58//58
f 60//60 1334//1334 59//59
f 523//523 1335//1335 60//60
f 524//524 1335//1335 523//523
f 1336//1336 1335//1335 524//524
f 1290//1290 1334//1334 1283//1283
f 429//429 528//528 14//14
f 1339//1339 1338//1338 429//429
f 1338//1338 445//445 528//528
f 1338//1338 63//63 445//445
f 1338//1338 62//62 63//63
f 1340//1340 61//61 62//62
f 1340//1340 447//447 61//61
f 1340//1340 629//629 447//447
f 1340//1340 529//529 629//629
f 1343//1343 1346//1346 1342//1342
f 27//27 26//26 16//16
f 28//28 1342//1342 27//27
f 29//29 1346//1346 1343//1343
f 1344//1344 1346//1346 29//29
f 432//432 1346//1346 30//30
f 436//436 1346//1346 432//432
f 1346//1346 25//25 1342//1342
f 1346//1346 24//24 25//25
f 1346//1346 441//441 24//24
f 1346//1346 23//23 441//441
f 1346//1346 22//22 23//23
f 501//501 36//36 11//11
f 37//37 1346//1346 501//501
f 38//38 1346//1346 37//37
f 39//39 1346//1346 38//38
f 40//40 1346//1346 39//39
f 1348//1348 1346//1346 40//40
f 1346//1346 35//35 36//36
f 1346//1346 435//435 35//35
f 1346//1346 33//33 34//34
f 1346//1346 32//32 33//33
f 1346//1346 31//31 32//32
f 17//17 1349//1349 5//5
f 18//18 1349//1349 17//17
f 19//19 1346//1346 18//18
f 20//20 1346//1346 19//19
f 21//21 1346//1346 20//20
f 444//444 1346//1346 21//21
f 1345//1345 1346//1346 702//702
f 1346//1346 45//45 46//46
f 1346//1346 44//44 45//45
f 1346//1346 43//43 44//44
f 1346//1346 41//41 42//42
f 1351//1351 1352//1352 120//120
f 1352//1352 118//118 1354//1354
f 324//324 1350//1350 16//16
f 325//325 1350//1350 324//324
f 1355//1355 1352//1352 325//325
f 326//326 1352//1352 1355//1355
f 327//327 1352//1352 326//326
f 328//328 1352//1352 327//327
f 329//329 1352//1352 328//328
f 1352//1352 348//348 430//430
f 1352//1352 349//349 348//348
f 1352//1352 350//350 349//349
f 1352//1352 431//431 350//350
f 1352//1352 811//811 431//431
f 1352//1352 434//434 811//811
f 468//468 1358//1358 13//13
f 122//122 1358//1358 468//468
f 121//121 1352//1352 122//122
f 120//120 1352//1352 121//121
f 119//119 1352//1352 470//470
f 118//118 1352//1352 119//119
f 1352//1352 1359//1359 332//332
f 1352//1352 826//826 1359//1359
f 1352//1352 331//331 826//826
f 1352//1352 1360//1360 331//331
f 1352//1352 330//330 1360//1360
f 1352//1352 1361//1361 330//330
f 433//433 112//112 12//12
f 353//353 1352//1352 354//354
f 352//352 1352//1352 353//353
f 898//898 1352//1352 351//351
f 433//433 113//113 112//112
f 1352//1352 114//114 113//113
f 1352//1352 115//115 114//114
f 1352//1352 117//117 116//116
f 56//56 324//324 16//16
f 439//439 1357//1357 56//56
f 440//440 1357//1357 439//439
f 55//55 1357//1357 440//440
f 54//54 1357//1357 55//55
f 53//53 1357//1357 54//54
f 52//52 1357//1357 53//53
f 442//442 1357//1357 52//52
f 1357//1357 325//325 324//324
f 1357//1357 326//326 1355//1355
f 1357//1357 327//327 326//326
f 1357//1357 328//328 327//327
f 1357//1357 329//329 328//328
f 72//72 47//47 14//14
f 70//70 1357//1357 71//71
f 451//451 1357//1357 70//70
f 69//69 1357//1357 451//451
f 1356//1356 1357//1357 69//69
f 449//449 48//48 47//47
f 449//449 49//49 48//48
f 1357//1357 50//50 49//49
f 1357//1357 446//446 50//50
f 1357//1357 51//51 446//446
f 1357//1357 767//767 51//51
f 1358//1358 453//453 13//13
f 1359//1359 1362//1362 332//332
f 331//331 1363//1363 826//826
f 330//330 1357//1357 1360//1360
f 1358//1358 64//64 453//453
f 1362//1362 65//65 64//64
f 1362//1362 66//66 65//65
f 1362//1362 67//67 66//66
f 1357//1357 455//455 1363//1363
f 1357//1357 68//68 455//455
f 1350//1350 430//430 27//27
f 811//811 438//438 431//431
f 430//430 438//438 28//28
f 438//438 432//432 30//30
f 432//432 438//438 436//436
f 159//159 438//438 433//433
f 433//433 438//438 354//354
f 438//438 434//434 898//898
f 36//36 438//438 149//149
f 34//34 438//438 435//435
f 31//31 436//436 438//438
f 438//438 437//437 150//150
f 442//442 443//443 448//448
f 26//26 439//439 56//56
f 1342//1342 440//440 439//439
f 24//24 441//441 440//440
f 23//23 443//443 441//441
f 441//441 443//443 54//54
f 443//443 442//442 52//52
f 57//57 58//58 17//17
f 524//524 448//448 443//443
f 18//18 443//443 19//19
f 443//443 444//444 21//21
f 47//47 445//445 528//528
f 48//48 448//448 445//445
f 50//50 446//446 448//448
f 51//51 448//448 446//446
f 767//767 442//442 448//448
f 448//448 447//447 61//61
f 629//629 448//448 529//529
f 66//66 67//67 454//454
f 73//73 449//449 72//72
f 531//531 456//456 449//449
f 76//76 456//456 1320//1320
f 77//77 456//456 450//450
f 456//456 451//451 70//70
f 83//83 456//456 82//82
f 84//84 456//456 452//452
f 85//85 86//86 456//456
f 64//64 454//454 453//453
f 65//65 66//66 454//454
f 68//68 456//456 455//455
f 453//453 454//454 91//91
f 454//454 67//67 89//89
f 67//67 457//457 88//88
f 91//91 459//459 458//458
f 89//89 460//460 459//459
f 87//87 461//461 460//460
f 458//458 459//459 100//100
f 459//459 460//460 98//98
f 540//540 462//462 83//83
f 102//102 461//461 462//462
f 105//105 106//106 461//461
f 463//463 461//461 85//85
f 838//838 93//93 464//464
f 94//94 461//461 93//93
f 96//96 461//461 466//466
f 464//464 93//93 111//111
f 108//108 461//461 107//107
f 461//461 467//467 539//539
f 115//115 469//469 476//476
f 100//100 469//469 468//468
f 97//97 469//469 1068//1068
f 468//468 469//469 122//122
f 469//469 470//470 1351//1351
f 470//470 469//469 119//119
f 123//123 469//469 471//471
f 480//480 469//469 472//472
f 471//471 469//469 838//838
f 94//94 469//469 95//95
f 96//96 469//469 465//465
f 112//112 473//473 130//130
f 113//113 114//114 473//473
f 116//116 117//117 469//469
f 1354//1354 469//469 117//117
f 114//114 115//115 475//475
f 476//476 469//469 128//128
f 130//130 474//474 141//141
f 129//129 474//474 475//475
f 128//128 474//474 476//476
f 127//127 480//480 474//474
f 859//859 478//478 477//477
f 142//142 143//143 478//478
f 145//145 474//474 479//479
f 477//477 478//478 123//123
f 143//143 474//474 125//125
f 474//474 480//480 472//472
f 132//132 474//474 481//481
f 135//135 474//474 482//482
f 481//481 474//474 148//148
f 485//485 474//474 147//147
f 474//474 486//486 547//547
f 141//141 140//140 160//160
f 139//139 492//492 487//487
f 138//138 492//492 488//488
f 136//136 484//484 492//492
f 140//140 487//487 159//159
f 161//161 489//489 131//131
f 164//164 1219//1219 492//492
f 489//489 162//162 132//132
f 162//162 492//492 134//134
f 492//492 483//483 135//135
f 149//149 490//490 171//171
f 150//150 492//492 490//490
f 437//437 491//491 492//492
f 169//169 492//492 168//168
f 171//171 490//490 179//179
f 168//168 167//167 493//493
f 490//490 170//170 178//178
f 170//170 494//494 502//502
f 493//493 499//499 176//176
f 180//180 495//495 161//161
f 181//181 496//496 495//495
f 183//183 499//499 496//496
f 495//495 496//496 163//163
f 496//496 499//499 164//164
f 499//499 493//493 165//165
f 172//172 173//173 497//497
f 554//554 173//173 189//189
f 173//173 499//499 187//187
f 500//500 499//499 186//186
f 503//503 508//508 507//507
f 178//178 503//503 501//501
f 493//493 503//503 494//494
f 501//501 503//503 37//37
f 517//517 503//503 191//191
f 1284//1284 503//503 505//505
f 504//504 191//191 497//497
f 191//191 503//503 172//172
f 503//503 507//507 175//175
f 46//46 503//503 1349//1349
f 43//43 509//509 503//503
f 42//42 41//41 503//503
f 1349//1349 510//510 195//195
f 194//194 503//503 193//193
f 503//503 506//506 192//192
f 195//195 518//518 511//511
f 937//937 518//518 512//512
f 511//511 518//518 206//206
f 518//518 513//513 205//205
f 518//518 1257//1257 204//204
f 518//518 514//514 203//203
f 207//207 517//517 515//515
f 209//209 518//518 517//517
f 210//210 516//516 518//518
f 515//515 517//517 191//191
f 517//517 518//518 505//505
f 519//519 518//518 506//506
f 197//197 520//520 216//216
f 198//198 518//518 520//520
f 201//201 518//518 521//521
f 522//522 518//518 560//560
f 206//206 527//527 57//57
f 1257//1257 527//527 204//204
f 203//203 514//514 527//527
f 57//57 527//527 58//58
f 217//217 532//532 197//197
f 219//219 527//527 525//525
f 532//532 526//526 198//198
f 526//526 527//527 200//200
f 201//201 527//527 202//202
f 445//445 527//527 528//528
f 528//528 527//527 225//225
f 530//530 527//527 222//222
f 226//226 531//531 73//73
f 225//225 224//224 531//531
f 222//222 1005//1005 535//535
f 75//75 535//535 1320//1320
f 535//535 450//450 76//76
f 227//227 532//532 217//217
f 570//570 535//535 532//532
f 229//229 230//230 535//535
f 532//532 535//535 526//526
f 218//218 535//535 525//525
f 82//82 533//533 239//239
f 81//81 535//535 533//533
f 777//777 535//535 534//534
f 543//543 537//537 243//243
f 248//248 249//249 247//247
f 252//252 253//253 543//543
f 254//254 255//255 543//543
f 249//249 536//536 246//246
f 250//250 543//543 244//244
f 543//543 243//243 564//564
f 111//111 538//538 464//464
f 110//110 109//109 538//538
f 467//467 543//543 539//539
f 464//464 538//538 550//550
f 538//538 543//543 256//256
f 567//567 543//543 542//542
f 1310//1310 537//537 543//543
f 540//540 541//541 102//102
f 541//541 542//542 104//104
f 542//542 543//543 105//105
f 543//543 544//544 106//106
f 544//544 543//543 467//467
f 546//546 552//552 549//549
f 261//261 545//545 248//248
f 266//266 267//267 552//552
f 545//545 262//262 249//249
f 262//262 552//552 250//250
f 252//252 552//552 253//253
f 481//481 548//548 271//271
f 147//147 546//546 548//548
f 146//146 552//552 546//546
f 486//486 552//552 547//547
f 548//548 546//546 269//269
f 546//546 549//549 268//268
f 552//552 1125//1125 557//557
f 260//260 859//859 477//477
f 259//259 552//552 550//550
f 257//257 551//551 552//552
f 145//145 552//552 486//486
f 272//272 553//553 261//261
f 273//273 274//274 553//553
f 266//266 553//553 267//267
f 189//189 555//555 554//554
f 188//188 553//553 555//555
f 187//187 926//926 553//553
f 186//186 553//553 500//500
f 554//554 555//555 281//281
f 553//553 556//556 279//279
f 553//553 559//559 1183//1183
f 271//271 270//270 180//180
f 549//549 557//557 553//553
f 1125//1125 267//267 553//553
f 495//495 553//553 181//181
f 183//183 553//553 184//184
f 185//185 553//553 186//186
f 563//563 558//558 282//282
f 282//282 558//558 273//273
f 558//558 559//559 278//278
f 216//216 558//558 568//568
f 214//214 213//213 558//558
f 561//561 558//558 288//288
f 281//281 558//558 562//562
f 562//562 558//558 207//207
f 210//210 558//558 516//516
f 571//571 566//566 231//231
f 247//247 563//563 282//282
f 246//246 536//536 563//563
f 243//243 566//566 564//564
f 536//536 565//565 285//285
f 239//239 566//566 240//240
f 533//533 238//238 566//566
f 566//566 567//567 542//542
f 566//566 537//537 1310//1310
f 291//291 571//571 568//568
f 288//288 566//566 571//571
f 287//287 569//569 566//566
f 568//568 570//570 228//228
f 571//571 231//231 230//230
f 296//296 297//297 573//573
f 572//572 573//573 294//294
f 576//576 574//574 598//598
f 598//598 574//574 297//297
f 579//579 292//292 580//580
f 581//581 582//582 574//574
f 581//581 577//577 1356//1356
f 64//64 576//576 575//575
f 66//66 577//577 576//576
f 68//68 1356//1356 577//577
f 579//579 578//578 72//72
f 578//578 581//581 70//70
f 295//295 586//586 572//572
f 584//584 585//585 586//586
f 583//583 596//596 585//585
f 585//585 587//587 586//586
f 590//590 595//595 593//593
f 590//590 592//592 595//595
f 591//591 593//593 596//596
f 598//598 588//588 599//599
f 599//599 594//594 600//600
f 599//599 588//588 587//587
f 596//596 595//595 587//587
f 594//594 587//587 595//595
f 572//572 586//586 296//296
f 586//586 588//588 296//296
f 112//112 589//589 298//298
f 114//114 590//590 589//589
f 117//117 592//592 590//590
f 589//589 593//593 298//298
f 575//575 597//597 468//468
f 297//297 296//296 588//588
f 597//597 600//600 1351//1351
f 600//600 592//592 119//119
f 601//601 603//603 602//602
f 300//300 607//607 603//603
f 602//602 603//603 584//584
f 603//603 604//604 584//584
f 603//603 611//611 604//604
f 606//606 607//607 605//605
f 609//609 610//610 608//608
f 609//609 611//611 610//610
f 610//610 612//612 155//155
f 604//604 609//609 583//583
f 584//584 604//604 583//583
f 149//149 605//605 302//302
f 150//150 606//606 605//605
f 152//152 612//612 606//606
f 154//154 155//155 612//612
f 301//301 605//605 300//300
f 298//298 608//608 160//160
f 591//591 609//609 608//608
f 608//608 610//610 158//158
f 613//613 616//616 299//299
f 613//613 615//615 616//616
f 614//614 620//620 615//615
f 615//615 623//623 617//617
f 619//619 624//624 620//620
f 301//301 622//622 623//623
f 623//623 624//624 1347//1347
f 303//303 620//620 614//614
f 625//625 613//613 299//299
f 299//299 616//616 601//601
f 616//616 617//617 601//601
f 617//617 622//622 300//300
f 1349//1349 618//618 303//303
f 44//44 619//619 618//618
f 509//509 624//624 619//619
f 41//41 1347//1347 624//624
f 302//302 301//301 501//501
f 301//301 300//300 622//622
f 301//301 621//621 37//37
f 621//621 623//623 40//40
f 626//626 628//628 627//627
f 629//629 635//635 631//631
f 631//631 628//628 292//292
f 631//631 635//635 628//628
f 633//633 614//614 627//627
f 632//632 635//635 634//634
f 633//633 627//627 628//628
f 292//292 628//628 626//626
f 634//634 635//635 629//629
f 295//295 625//625 299//299
f 294//294 293//293 625//625
f 528//528 630//630 579//579
f 61//61 631//631 630//630
f 579//579 630//630 292//292
f 303//303 632//632 57//57
f 632//632 634//634 60//60
f 634//634 629//629 529//529
f 636//636 640//640 305//305
f 637//637 639//639 640//640
f 639//639 643//643 640//640
f 640//640 643//643 647//647
f 306//306 641//641 644//644
f 644//644 642//642 643//643
f 645//645 647//647 646//646
f 647//647 643//643 646//646
f 305//305 640//640 649//649
f 640//640 647//647 650//650
f 540//540 641//641 306//306
f 103//103 642//642 641//641
f 304//304 645//645 464//464
f 645//645 646//646 109//109
f 646//646 642//642 539//539
f 649//649 652//652 651//651
f 655//655 657//657 654//654
f 657//657 655//655 656//656
f 661//661 652//652 656//656
f 305//305 651//651 648//648
f 477//477 654//654 304//304
f 142//142 655//655 654//654
f 479//479 656//656 655//655
f 654//654 657//657 304//304
f 659//659 658//658 481//481
f 658//658 661//661 546//546
f 661//661 656//656 547//547
f 307//307 667//667 662//662
f 662//662 663//663 309//309
f 662//662 669//669 663//663
f 668//668 667//667 666//666
f 668//668 665//665 664//664
f 667//667 668//668 669//669
f 308//308 671//671 672//672
f 673//673 670//670 664//664
f 670//670 672//672 664//664
f 663//663 672//672 671//671
f 653//653 662//662 648//648
f 180//180 666//666 659//659
f 182//182 668//668 666//666
f 185//185 665//665 668//668
f 308//308 670//670 554//554
f 670//670 673//673 188//188
f 673//673 665//665 498//498
f 675//675 676//676 311//311
f 674//674 677//677 676//676
f 308//308 678//678 680//680
f 679//679 685//685 677//677
f 680//680 679//679 677//677
f 681//681 682//682 684//684
f 683//683 684//684 685//685
f 680//680 677//677 674//674
f 676//676 684//684 682//682
f 309//309 674//674 675//675
f 309//309 675//675 312//312
f 675//675 311//311 312//312
f 515//515 678//678 308//308
f 210//210 679//679 678//678
f 211//211 685//685 679//679
f 310//310 681//681 216//216
f 310//310 311//311 682//682
f 681//681 683//683 214//214
f 522//522 685//685 560//560
f 311//311 687//687 686//686
f 312//312 686//686 637//637
f 234//234 695//695 689//689
f 689//689 695//695 688//688
f 688//688 695//695 690//690
f 691//691 638//638 692//692
f 691//691 692//692 693//693
f 694//694 695//695 234//234
f 690//690 695//695 687//687
f 637//637 692//692 638//638
f 227//227 688//688 310//310
f 229//229 689//689 688//688
f 233//233 234//234 689//689
f 310//310 688//688 690//690
f 310//310 690//690 311//311
f 306//306 691//691 239//239
f 691//691 693//693 237//237
f 693//693 694//694 236//236
f 317//317 699//699 696//696
f 696//696 698//698 697//697
f 696//696 699//699 698//698
f 697//697 698//698 314//314
f 699//699 704//704 700//700
f 702//702 704//704 703//703
f 703//703 704//704 705//705
f 754//754 707//707 313//313
f 754//754 706//706 708//708
f 708//708 706//706 700//700
f 709//709 700//700 704//704
f 317//317 705//705 699//699
f 709//709 704//704 702//702
f 316//316 697//697 315//315
f 316//316 696//696 697//697
f 17//17 701//701 318//318
f 21//21 703//703 701//701
f 701//701 705//705 318//318
f 313//313 707//707 25//25
f 707//707 709//709 441//441
f 709//709 702//702 1345//1345
f 319//319 711//711 316//316
f 710//710 717//717 711//711
f 711//711 712//712 316//316
f 316//316 712//712 720//720
f 716//716 721//721 713//713
f 720//720 713//713 721//721
f 199//199 716//716 714//714
f 201//201 721//721 716//716
f 318//318 718//718 511//511
f 718//718 719//719 513//513
f 719//719 721//721 204//204
f 723//723 731//731 724//724
f 724//724 726//726 725//725
f 232//232 738//738 728//728
f 728//728 729//729 727//727
f 728//728 738//738 729//729
f 730//730 729//729 731//731
f 729//729 738//738 726//726
f 733//733 734//734 735//735
f 733//733 736//736 732//732
f 733//733 735//735 736//736
f 735//735 738//738 737//737
f 737//737 738//738 232//232
f 731//731 729//729 726//726
f 725//725 735//735 734//734
f 722//722 724//724 319//319
f 319//319 725//725 710//710
f 239//239 730//730 322//322
f 533//533 727//727 730//730
f 237//237 728//728 727//727
f 233//233 232//232 728//728
f 321//321 730//730 731//731
f 321//321 731//731 320//320
f 714//714 732//732 227//227
f 715//715 733//733 732//732
f 732//732 736//736 229//229
f 736//736 737//737 230//230
f 739//739 740//740 741//741
f 759//759 740//740 739//739
f 750//750 741//741 722//722
f 741//741 746//746 320//320
f 743//743 749//749 740//740
f 748//748 749//749 744//744
f 745//745 321//321 746//746
f 321//321 320//320 746//746
f 452//452 746//746 747//747
f 746//746 749//749 747//747
f 747//747 748//748 85//85
f 746//746 740//740 749//749
f 759//759 743//743 740//740
f 722//722 723//723 724//724
f 458//458 742//742 323//323
f 90//90 744//744 742//742
f 88//88 748//748 744//744
f 322//322 745//745 83//83
f 452//452 747//747 84//84
f 85//85 748//748 86//86
f 314//314 752//752 751//751
f 751//751 760//760 739//739
f 752//752 762//762 760//760
f 330//330 762//762 756//756
f 755//755 756//756 752//752
f 758//758 762//762 761//761
f 758//758 760//760 762//762
f 761//761 762//762 330//330
f 697//697 750//750 315//315
f 697//697 751//751 750//750
f 750//750 751//751 739//739
f 324//324 753//753 313//313
f 326//326 756//756 753//753
f 1361//1361 330//330 756//756
f 706//706 754//754 755//755
f 706//706 755//755 314//314
f 323//323 757//757 1358//1358
f 323//323 758//758 757//757
f 323//323 759//759 758//758
f 757//757 761//761 1359//1359
f 337//337 764//764 335//335
f 763//763 770//770 764//764
f 767//767 766//766 768//768
f 768//768 770//770 769//769
f 768//768 766//766 770//770
f 334//334 765//765 764//764
f 772//772 766//766 767//767
f 47//47 769//769 339//339
f 49//49 768//768 769//769
f 339//339 769//769 763//763
f 333//333 771//771 56//56
f 771//771 772//772 54//54
f 772//772 767//767 442//442
f 773//773 774//774 336//336
f 336//336 775//775 337//337
f 775//775 781//781 338//338
f 776//776 778//778 779//779
f 791//791 779//779 340//340
f 780//780 338//338 781//781
f 780//780 781//781 782//782
f 340//340 779//779 774//774
f 782//782 781//781 778//778
f 778//778 781//781 774//774
f 341//341 773//773 783//783
f 82//82 779//779 791//791
f 81//81 776//776 779//779
f 78//78 782//782 777//777
f 339//339 780//780 73//73
f 339//339 338//338 780//780
f 780//780 782//782 75//75
f 342//342 786//786 784//784
f 786//786 789//789 785//785
f 785//785 793//793 792//792
f 794//794 789//789 788//788
f 787//787 788//788 344//344
f 791//791 340//340 792//792
f 790//790 792//792 793//793
f 344//344 789//789 786//786
f 794//794 793//793 789//789
f 341//341 784//784 773//773
f 784//784 785//785 773//773
f 785//785 792//792 340//340
f 464//464 787//787 345//345
f 110//110 788//788 787//787
f 108//108 794//794 788//788
f 791//791 790//790 540//540
f 790//790 794//794 105//105
f 796//796 795//795 342//342
f 802//802 797//797 795//795
f 795//795 798//798 343//343
f 799//799 797//797 801//801
f 800//800 806//806 798//798
f 797//797 800//800 798//798
f 345//345 344//344 804//804
f 803//803 804//804 805//805
f 809//809 796//796 783//783
f 346//346 795//795 796//796
f 346//346 802//802 795//795
f 783//783 796//796 341//341
f 796//796 342//342 341//341
f 130//130 801//801 347//347
f 473//473 799//799 801//801
f 476//476 800//800 799//799
f 127//127 806//806 800//800
f 345//345 803//803 123//123
f 803//803 805//805 124//124
f 126//126 806//806 472//472
f 809//809 816//816 346//346
f 808//808 810//810 816//816
f 811//811 818//818 813//813
f 813//813 810//810 814//814
f 333//333 812//812 814//814
f 347//347 815//815 354//354
f 815//815 817//817 354//354
f 818//818 816//816 810//810
f 814//814 810//810 808//808
f 817//817 818//818 811//811
f 765//765 808//808 807//807
f 1350//1350 812//812 333//333
f 349//349 813//813 812//812
f 815//815 802//802 816//816
f 802//802 346//346 816//816
f 354//354 817//817 352//352
f 817//817 811//811 434//434
f 355//355 819//819 820//820
f 820//820 821//821 822//822
f 820//820 823//823 821//821
f 827//827 828//828 826//826
f 827//827 831//831 828//828
f 825//825 828//828 819//819
f 832//832 822//822 1//1
f 332//332 825//825 824//824
f 331//331 827//827 826//826
f 824//824 825//825 845//845
f 882//882 829//829 324//324
f 829//829 831//831 327//327
f 831//831 827//827 328//328
f 860//860 834//834 356//356
f 843//843 835//835 834//834
f 356//356 834//834 833//833
f 833//833 837//837 836//836
f 842//842 839//839 840//840
f 843//843 842//842 835//835
f 845//845 836//836 837//837
f 837//837 841//841 847//847
f 841//841 837//837 835//835
f 835//835 840//840 841//841
f 92//92 842//842 358//358
f 93//93 839//839 838//838
f 466//466 840//840 839//839
f 357//357 842//842 843//843
f 824//824 844//844 101//101
f 819//819 355//355 836//836
f 844//844 846//846 98//98
f 846//846 847//847 460//460
f 847//847 840//840 97//97
f 359//359 849//849 850//850
f 849//849 857//857 851//851
f 849//849 851//851 850//850
f 850//850 851//851 860//860
f 852//852 854//854 855//855
f 854//854 856//856 855//855
f 854//854 857//857 856//856
f 854//854 862//862 857//857
f 863//863 860//860 851//851
f 863//863 851//851 857//857
f 858//858 855//855 856//856
f 858//858 856//856 849//849
f 848//848 850//850 356//356
f 481//481 852//852 360//360
f 147//147 854//854 852//852
f 546//546 862//862 854//854
f 358//358 859//859 477//477
f 861//861 862//862 144//144
f 884//884 867//867 865//865
f 865//865 866//866 864//864
f 864//864 866//866 359//359
f 867//867 873//873 868//868
f 870//870 871//871 869//869
f 870//870 867//867 871//871
f 853//853 872//872 360//360
f 853//853 858//858 868//868
f 872//872 868//868 873//873
f 361//361 884//884 865//865
f 1//1 864//864 848//848
f 490//490 870//870 869//869
f 168//168 873//873 870//870
f 869//869 871//871 362//362
f 360//360 872//872 162//162
f 872//872 873//873 496//496
f 875//875 877//877 874//874
f 875//875 876//876 877//877
f 874//874 877//877 361//361
f 876//876 886//886 877//877
f 878//878 879//879 883//883
f 881//881 887//887 876//876
f 362//362 886//886 885//885
f 362//362 884//884 886//886
f 885//885 887//887 31//31
f 822//822 875//875 1//1
f 822//822 821//821 875//875
f 1//1 874//874 864//864
f 27//27 878//878 882//882
f 28//28 879//879 878//878
f 29//29 880//880 879//879
f 30//30 887//887 880//880
f 436//436 31//31 887//887
f 869//869 362//362 36//36
f 362//362 885//885 435//435
f 890//890 892//892 891//891
f 893//893 895//895 892//892
f 898//898 901//901 900//900
f 900//900 895//895 899//899
f 900//900 901//901 895//895
f 903//903 904//904 896//896
f 905//905 896//896 901//901
f 915//915 902//902 893//893
f 902//902 895//895 893//893
f 901//901 896//896 895//895
f 892//892 896//896 904//904
f 366//366 889//889 888//888
f 888//888 891//891 894//894
f 433//433 897//897 365//365
f 1353//1353 900//900 897//897
f 897//897 899//899 365//365
f 363//363 903//903 1350//1350
f 430//430 903//903 348//348
f 903//903 905//905 349//349
f 905//905 901//901 431//431
f 901//901 898//898 434//434
f 906//906 907//907 889//889
f 912//912 913//913 907//907
f 908//908 909//909 911//911
f 911//911 909//909 912//912
f 914//914 915//915 917//917
f 914//914 917//917 916//916
f 917//917 907//907 913//913
f 917//917 913//913 918//918
f 913//913 910//910 918//918
f 907//907 915//915 890//890
f 131//131 908//908 367//367
f 133//133 909//909 908//908
f 482//482 910//910 909//909
f 365//365 914//914 141//141
f 902//902 915//915 914//914
f 914//914 916//916 140//140
f 916//916 918//918 138//138
f 918//918 910//910 484//484
f 919//919 921//921 923//923
f 920//920 922//922 921//921
f 923//923 921//921 924//924
f 926//926 927//927 928//928
f 928//928 927//927 922//922
f 367//367 930//930 929//929
f 911//911 924//924 930//930
f 930//930 924//924 921//921
f 931//931 921//921 922//922
f 935//935 922//922 920//920
f 932//932 919//919 2//2
f 554//554 925//925 369//369
f 498//498 927//927 926//926
f 925//925 928//928 368//368
f 367//367 929//929 495//495
f 929//929 931//931 183//183
f 931//931 927//927 185//185
f 370//370 940//940 933//933
f 934//934 933//933 935//935
f 937//937 939//939 938//938
f 941//941 943//943 942//942
f 368//368 935//935 943//943
f 943//943 935//935 933//933
f 944//944 933//933 939//939
f 371//371 940//940 370//370
f 940//940 939//939 933//933
f 946//946 932//932 2//2
f 932//932 934//934 919//919
f 934//934 935//935 920//920
f 196//196 936//936 372//372
f 195//195 938//938 936//936
f 194//194 939//939 937//937
f 369//369 941//941 190//190
f 941//941 942//942 191//191
f 942//942 944//944 1284//1284
f 944//944 939//939 506//506
f 894//894 945//945 888//888
f 894//894 947//947 945//945
f 945//945 947//947 948//948
f 950//950 956//956 951//951
f 364//364 950//950 951//951
f 372//372 955//955 953//953
f 372//372 371//371 955//955
f 955//955 957//957 954//954
f 955//955 948//948 957//957
f 956//956 957//957 951//951
f 952//952 951//951 947//947
f 946//946 948//948 370//370
f 948//948 371//371 370//370
f 26//26 949//949 363//363
f 24//24 950//950 949//949
f 23//23 956//956 950//950
f 904//904 364//364 952//952
f 904//904 952//952 894//894
f 372//372 953//953 17//17
f 19//19 954//954 20//20
f 954//954 956//956 444//444
f 959//959 961//961 958//958
f 962//962 961//961 963//963
f 968//968 966//966 970//970
f 970//970 969//969 964//964
f 971//971 374//374 973//973
f 973//973 964//964 974//974
f 973//973 963//963 964//964
f 974//974 969//969 432//432
f 968//968 970//970 961//961
f 974//974 964//964 969//969
f 959//959 968//968 961//961
f 960//960 962//962 375//375
f 962//962 963//963 375//375
f 963//963 374//374 375//375
f 35//35 966//966 965//965
f 33//33 969//969 966//966
f 436//436 432//432 969//969
f 373//373 971//971 27//27
f 971//971 972//972 28//28
f 972//972 974//974 29//29
f 975//975 976//976 977//977
f 378//378 982//982 377//377
f 976//976 978//978 977//977
f 377//377 982//982 978//978
f 979//979 980//980 378//378
f 980//980 981//981 982//982
f 378//378 980//980 982//982
f 984//984 968//968 985//985
f 376//376 976//976 975//975
f 975//975 977//977 958//958
f 977//977 978//978 959//959
f 978//978 985//985 959//959
f 985//985 968//968 959//959
f 504//504 979//979 379//379
f 172//172 980//980 979//979
f 174//174 981//981 980//980
f 994//994 979//979 378//378
f 965//965 983//983 179//179
f 967//967 984//984 983//983
f 967//967 968//968 984//984
f 983//983 984//984 502//502
f 984//984 986//986 494//494
f 986//986 981//981 176//176
f 1000//1000 989//989 376//376
f 993//993 988//988 987//987
f 987//987 990//990 989//989
f 989//989 995//995 378//378
f 991//991 988//988 992//992
f 380//380 992//992 993//993
f 991//991 998//998 988//988
f 379//379 997//997 996//996
f 997//997 995//995 990//990
f 997//997 990//990 998//998
f 1003//1003 993//993 987//987
f 216//216 992//992 380//380
f 520//520 991//991 992//992
f 213//213 998//998 991//991
f 379//379 996//996 207//207
f 996//996 998//998 210//210
f 1016//1016 1001//1001 999//999
f 999//999 1002//1002 1000//1000
f 1002//1002 1003//1003 1000//1000
f 1001//1001 1012//1012 1002//1002
f 1005//1005 1012//1012 1006//1006
f 1008//1008 1006//1006 1012//1012
f 1010//1010 1011//1011 1012//1012
f 1007//1007 1008//1008 1001//1001
f 1016//1016 1007//1007 1001//1001
f 226//226 1004//1004 381//381
f 223//223 1006//1006 1004//1004
f 381//381 1004//1004 1007//1007
f 380//380 1009//1009 217//217
f 1009//1009 1010//1010 532//532
f 1010//1010 1012//1012 525//525
f 1012//1012 1005//1005 221//221
f 960//960 1015//1015 1014//1014
f 375//375 1013//1013 1015//1015
f 1014//1014 1023//1023 1016//1016
f 1015//1015 1017//1017 1023//1023
f 1020//1020 1024//1024 1017//1017
f 1019//1019 1020//1020 1013//1013
f 1020//1020 1017//1017 1013//1013
f 1022//1022 1023//1023 50//50
f 50//50 1017//1017 1024//1024
f 50//50 1023//1023 1017//1017
f 3//3 1014//1014 999//999
f 56//56 1018//1018 373//373
f 439//439 1019//1019 1018//1018
f 440//440 1020//1020 1019//1019
f 53//53 1024//1024 1020//1020
f 374//374 1019//1019 1013//1013
f 381//381 1021//1021 47//47
f 381//381 1022//1022 1021//1021
f 381//381 1007//1007 1022//1022
f 1007//1007 1016//1016 1022//1022
f 50//50 1024//1024 446//446
f 1028//1028 1037//1037 1030//1030
f 1081//1081 1036//1036 1035//1035
f 1081//1081 1085//1085 1030//1030
f 1036//1036 1030//1030 1037//1037
f 1026//1026 1033//1033 1028//1028
f 383//383 1027//1027 382//382
f 384//384 1025//1025 1027//1027
f 385//385 1026//1026 1025//1025
f 385//385 1034//1034 1026//1026
f 1027//1027 1029//1029 382//382
f 532//532 1032//1032 1031//1031
f 525//525 1033//1033 1032//1032
f 221//221 1037//1037 1033//1033
f 1031//1031 1032//1032 386//386
f 1079//1079 1035//1035 226//226
f 1035//1035 1036//1036 224//224
f 1036//1036 1037//1037 530//530
f 1052//1052 1040//1040 1038//1038
f 1038//1038 1040//1040 384//384
f 1040//1040 1041//1041 385//385
f 287//287 1045//1045 1042//1042
f 1044//1044 1047//1047 1046//1046
f 1042//1042 1045//1045 1044//1044
f 386//386 1034//1034 385//385
f 386//386 1049//1049 1048//1048
f 386//386 385//385 1049//1049
f 385//385 1041//1041 1049//1049
f 1049//1049 1045//1045 287//287
f 1046//1046 1047//1047 1039//1039
f 1047//1047 1045//1045 1041//1041
f 1049//1049 1041//1041 1045//1045
f 387//387 1038//1038 383//383
f 1057//1057 1039//1039 1052//1052
f 384//384 385//385 1025//1025
f 282//282 1044//1044 1043//1043
f 283//283 1042//1042 1044//1044
f 569//569 287//287 1042//1042
f 1031//1031 1048//1048 568//568
f 1048//1048 1049//1049 289//289
f 1050//1050 1051//1051 387//387
f 1051//1051 1053//1053 1052//1052
f 388//388 1054//1054 1053//1053
f 1060//1060 1054//1054 1055//1055
f 1059//1059 1058//1058 1054//1054
f 1059//1059 1054//1054 1060//1060
f 1053//1053 1058//1058 1057//1057
f 260//260 1055//1055 390//390
f 257//257 1060//1060 1055//1055
f 390//390 1055//1055 389//389
f 1043//1043 1056//1056 248//248
f 1056//1056 1059//1059 249//249
f 1059//1059 1060//1060 253//253
f 1077//1077 1061//1061 1063//1063
f 1061//1061 1071//1071 1062//1062
f 1063//1063 1064//1064 1050//1050
f 1064//1064 1066//1066 1065//1065
f 1069//1069 1071//1071 391//391
f 1069//1069 1070//1070 1071//1071
f 1069//1069 1073//1073 1070//1070
f 390//390 1065//1065 1066//1066
f 1071//1071 1070//1070 1062//1062
f 1073//1073 1066//1066 1070//1070
f 101//101 1067//1067 392//392
f 99//99 1069//1069 1067//1067
f 97//97 1073//1073 1068//1068
f 1088//1088 1071//1071 1061//1061
f 390//390 1072//1072 92//92
f 389//389 388//388 1065//1065
f 1072//1072 1073//1073 95//95
f 382//382 1075//1075 4//4
f 1085//1085 1076//1076 1074//1074
f 382//382 1074//1074 1075//1075
f 1075//1075 1078//1078 1077//1077
f 1077//1077 1078//1078 1061//1061
f 1080//1080 1083//1083 1079//1079
f 455//455 1084//1084 1082//1082
f 1084//1084 1076//1076 1083//1083
f 1088//1088 1061//1061 1078//1078
f 1087//1087 1088//1088 1089//1089
f 1088//1088 1078//1078 1089//1089
f 1085//1085 1083//1083 1076//1076
f 1084//1084 1089//1089 1076//1076
f 449//449 1080//1080 1079//1079
f 451//451 1082//1082 1080//1080
f 68//68 455//455 1082//1082
f 392//392 1086//1086 453//453
f 391//391 1088//1088 1086//1086
f 1086//1086 1087//1087 65//65
f 1087//1087 1089//1089 1363//1363
f 394//394 1092//1092 1090//1090
f 1090//1090 1092//1092 1145//1145
f 1091//1091 1093//1093 1092//1092
f 1096//1096 1098//1098 1094//1094
f 1096//1096 1097//1097 1098//1098
f 1095//1095 1094//1094 1099//1099
f 1097//1097 1105//1105 1093//1093
f 1100//1100 1103//1103 1102//1102
f 1102//1102 1103//1103 1104//1104
f 1104//1104 1105//1105 1097//1097
f 1099//1099 1098//1098 1091//1091
f 1092//1092 1105//1105 1101//1101
f 1108//1108 1091//1091 394//394
f 395//395 1099//1099 1091//1091
f 1106//1106 1090//1090 1143//1143
f 1145//1145 1101//1101 393//393
f 83//83 1094//1094 1095//1095
f 84//84 1096//1096 1094//1094
f 86//86 1097//1097 1096//1096
f 1147//1147 1100//1100 458//458
f 1149//1149 393//393 1101//1101
f 1100//1100 1102//1102 91//91
f 1102//1102 1104//1104 90//90
f 1104//1104 1097//1097 457//457
f 1107//1107 1108//1108 394//394
f 1109//1109 1113//1113 1110//1110
f 1112//1112 1114//1114 1111//1111
f 1116//1116 1117//1117 1118//1118
f 1117//1117 395//395 1110//1110
f 1118//1118 1117//1117 1110//1110
f 1115//1115 1114//1114 1109//1109
f 396//396 1107//1107 1106//1106
f 396//396 1109//1109 1107//1107
f 1123//1123 1115//1115 1109//1109
f 247//247 1111//1111 397//397
f 246//246 1112//1112 1111//1111
f 244//244 1113//1113 1112//1112
f 537//537 1118//1118 1113//1113
f 1095//1095 1116//1116 240//240
f 1095//1095 1117//1117 1116//1116
f 1095//1095 1099//1099 1117//1117
f 1116//1116 1118//1118 542//542
f 1125//1125 1124//1124 1127//1127
f 1127//1127 1121//1121 1128//1128
f 1127//1127 1124//1124 1121//1121
f 397//397 1130//1130 1129//1129
f 1130//1130 1123//1123 1122//1122
f 1129//1129 1130//1130 1124//1124
f 1120//1120 1128//1128 1121//1121
f 1131//1131 1124//1124 1125//1125
f 271//271 1126//1126 399//399
f 549//549 1127//1127 1126//1126
f 1126//1126 1128//1128 399//399
f 397//397 1129//1129 261//261
f 397//397 1115//1115 1130//1130
f 1115//1115 1123//1123 1130//1130
f 1129//1129 1131//1131 264//264
f 1131//1131 1125//1125 267//267
f 401//401 1132//1132 1133//1133
f 400//400 1134//1134 1119//1119
f 1139//1139 1138//1138 1137//1137
f 1140//1140 1138//1138 1135//1135
f 1138//1138 1139//1139 1135//1135
f 398//398 1120//1120 1141//1141
f 1141//1141 1136//1136 1142//1142
f 1141//1141 1120//1120 1136//1136
f 1120//1120 1134//1134 1136//1136
f 1140//1140 1135//1135 1132//1132
f 141//141 1138//1138 402//402
f 140//140 1137//1137 1138//1138
f 488//488 1139//1139 1137//1137
f 138//138 1142//1142 1139//1139
f 484//484 483//483 1142//1142
f 402//402 1138//1138 1140//1140
f 399//399 398//398 131//131
f 398//398 1141//1141 132//132
f 1141//1141 1142//1142 134//134
f 1143//1143 1144//1144 401//401
f 1145//1145 1150//1150 1144//1144
f 1144//1144 1146//1146 1153//1153
f 1149//1149 1148//1148 393//393
f 1148//1148 1154//1154 1150//1150
f 1150//1150 1154//1154 1146//1146
f 402//402 1140//1140 1153//1153
f 1151//1151 1146//1146 1152//1152
f 1151//1151 1153//1153 1146//1146
f 393//393 1150//1150 1145//1145
f 1106//1106 1143//1143 400//400
f 1144//1144 1153//1153 1132//1132
f 1153//1153 1140//1140 1132//1132
f 122//122 1148//1148 1147//1147
f 1351//1351 1154//1154 1148//1148
f 402//402 1151//1151 112//112
f 1151//1151 1152//1152 113//113
f 1152//1152 1154//1154 116//116
f 407//407 1157//1157 1155//1155
f 1155//1155 1157//1157 1156//1156
f 1157//1157 1163//1163 1158//1158
f 1160//1160 1163//1163 1162//1162
f 408//408 1160//1160 1162//1162
f 1160//1160 1161//1161 1163//1163
f 1165//1165 405//405 1166//1166
f 1165//1165 1166//1166 1167//1167
f 1166//1166 1161//1161 1167//1167
f 1166//1166 1158//1158 1163//1163
f 471//471 1159//1159 408//408
f 124//124 1160//1160 1159//1159
f 472//472 1161//1161 1160//1160
f 1173//1173 408//408 1162//1162
f 403//403 1164//1164 130//130
f 404//404 1165//1165 1164//1164
f 1164//1164 1167//1167 475//475
f 128//128 1161//1161 127//127
f 410//410 1170//1170 1169//1169
f 409//409 1169//1169 1155//1155
f 1169//1169 1175//1175 407//407
f 1170//1170 1177//1177 1175//1175
f 1187//1187 1171//1171 1168//1168
f 1174//1174 1177//1177 1176//1176
f 1174//1174 1173//1173 1177//1177
f 1173//1173 1175//1175 1177//1177
f 1188//1188 1168//1168 410//410
f 409//409 1155//1155 406//406
f 1155//1155 1169//1169 407//407
f 249//249 1171//1171 411//411
f 251//251 1172//1172 1171//1171
f 253//253 1176//1176 1172//1172
f 408//408 1174//1174 260//260
f 1174//1174 1176//1176 257//257
f 412//412 1185//1185 1180//1180
f 1180//1180 1181//1181 1179//1179
f 1182//1182 1184//1184 1186//1186
f 1183//1183 1191//1191 1184//1184
f 1184//1184 1185//1185 1186//1186
f 1185//1185 1184//1184 1190//1190
f 412//412 1186//1186 1185//1185
f 1181//1181 1190//1190 1188//1188
f 1194//1194 1179//1179 406//406
f 1178//1178 1180//1180 1179//1179
f 406//406 1179//1179 409//409
f 1179//1179 1181//1181 410//410
f 562//562 1182//1182 413//413
f 280//280 1184//1184 1182//1182
f 1182//1182 1186//1186 413//413
f 413//413 1186//1186 412//412
f 411//411 1189//1189 273//273
f 1189//1189 1191//1191 276//276
f 1191//1191 1183//1183 559//559
f 1192//1192 1193//1193 1194//1194
f 1193//1193 1178//1178 1194//1194
f 1193//1193 1196//1196 1178//1178
f 1178//1178 1204//1204 412//412
f 1199//1199 1197//1197 1201//1201
f 1201//1201 1198//1198 1200//1200
f 1202//1202 412//412 1204//1204
f 1202//1202 1204//1204 1203//1203
f 179//179 1197//1197 1199//1199
f 177//177 1198//1198 1197//1197
f 493//493 1200//1200 1198//1198
f 413//413 1202//1202 504//504
f 413//413 412//412 1202//1202
f 1202//1202 1203//1203 173//173
f 1203//1203 1200//1200 507//507
f 405//405 1209//1209 1205//1205
f 1209//1209 1206//1206 1205//1205
f 1209//1209 1213//1213 1206//1206
f 153//153 1213//1213 1208//1208
f 404//404 1208//1208 1209//1209
f 1208//1208 1213//1213 1209//1209
f 1210//1210 1211//1211 1212//1212
f 1211//1211 1213//1213 1212//1212
f 1212//1212 1213//1213 153//153
f 1156//1156 1205//1205 1192//1192
f 1192//1192 1206//1206 1193//1193
f 1206//1206 1211//1211 1195//1195
f 160//160 1207//1207 403//403
f 158//158 1208//1208 1207//1207
f 154//154 153//153 1208//1208
f 1165//1165 404//404 1209//1209
f 1165//1165 1209//1209 405//405
f 1199//1199 1210//1210 149//149
f 1199//1199 1195//1195 1211//1211
f 1210//1210 1212//1212 491//491
f 1230//1230 1215//1215 1214//1214
f 1214//1214 1217//1217 1216//1216
f 1221//1221 1224//1224 1225//1225
f 1222//1222 415//415 1223//1223
f 1223//1223 1225//1225 1224//1224
f 1220//1220 1221//1221 1215//1215
f 1230//1230 1220//1220 1215//1215
f 161//161 1218//1218 417//417
f 163//163 1224//1224 1218//1218
f 417//417 1218//1218 1220//1220
f 414//414 1222//1222 490//490
f 1222//1222 1223//1223 169//169
f 1223//1223 1224//1224 168//168
f 1224//1224 1219//1219 165//165
f 1226//1226 1229//1229 1228//1228
f 418//418 1227//1227 1229//1229
f 1228//1228 1237//1237 1230//1230
f 1229//1229 1231//1231 1237//1237
f 1234//1234 1238//1238 1231//1231
f 1233//1233 1234//1234 1227//1227
f 1234//1234 1231//1231 1227//1227
f 1236//1236 1237//1237 268//268
f 268//268 1231//1231 1238//1238
f 268//268 1237//1237 1231//1231
f 416//416 1228//1228 1214//1214
f 261//261 1232//1232 420//420
f 545//545 1233//1233 1232//1232
f 262//262 1234//1234 1233//1233
f 265//265 1238//1238 1234//1234
f 419//419 1233//1233 1227//1227
f 417//417 1235//1235 271//271
f 417//417 1236//1236 1235//1235
f 417//417 1220//1220 1236//1236
f 1220//1220 1230//1230 1236//1236
f 268//268 1238//1238 549//549
f 1239//1239 1241//1241 1226//1226
f 1239//1239 1240//1240 1241//1241
f 1246//1246 1245//1245 1248//1248
f 1248//1248 1247//1247 1242//1242
f 1249//1249 419//419 1251//1251
f 1251//1251 1242//1242 1252//1252
f 1251//1251 1243//1243 1242//1242
f 1252//1252 1247//1247 286//286
f 1246//1246 1248//1248 1240//1240
f 1252//1252 1242//1242 1247//1247
f 1226//1226 1243//1243 418//418
f 1243//1243 419//419 418//418
f 291//291 1245//1245 1244//1244
f 561//561 1247//1247 1245//1245
f 569//569 286//286 1247//1247
f 420//420 1249//1249 282//282
f 1249//1249 1250//1250 563//563
f 1250//1250 1252//1252 284//284
f 1254//1254 1255//1255 1256//1256
f 1259//1259 1258//1258 1260//1260
f 1262//1262 1246//1246 1263//1263
f 1262//1262 1263//1263 1264//1264
f 1261//1261 1263//1263 1255//1255
f 1259//1259 1260//1260 1273//1273
f 1255//1255 1260//1260 1261//1261
f 1266//1266 1253//1253 416//416
f 1266//1266 1254//1254 1253//1253
f 416//416 1253//1253 1239//1239
f 1253//1253 1256//1256 1239//1239
f 1256//1256 1263//1263 1240//1240
f 1263//1263 1246//1246 1240//1240
f 511//511 1259//1259 421//421
f 206//206 1258//1258 1259//1259
f 203//203 1261//1261 1257//1257
f 1244//1244 1262//1262 197//197
f 1244//1244 1246//1246 1262//1262
f 1262//1262 1264//1264 200//200
f 1264//1264 1261//1261 521//521
f 1265//1265 1267//1267 1266//1266
f 1265//1265 1276//1276 1267//1267
f 1267//1267 1276//1276 1273//1273
f 1271//1271 1278//1278 1270//1270
f 1275//1275 1273//1273 1276//1276
f 1274//1274 1275//1275 1277//1277
f 1277//1277 1271//1271 42//42
f 1272//1272 1270//1270 1268//1268
f 1270//1270 1278//1278 1268//1268
f 1217//1217 1265//1265 1216//1216
f 1217//1217 1268//1268 1265//1265
f 1217//1217 1272//1272 1268//1268
f 501//501 1269//1269 414//414
f 39//39 1270//1270 1269//1269
f 40//40 1271//1271 1270//1270
f 41//41 42//42 1271//1271
f 421//421 1274//1274 46//46
f 1274//1274 1277//1277 45//45
f 1279//1279 1280//1280 1328//1328
f 1301//1301 1288//1288 1280//1280
f 1280//1280 1281//1281 1329//1329
f 1280//1280 1282//1282 1281//1281
f 1281//1281 1291//1291 1283//1283
f 1284//1284 1286//1286 1285//1285
f 1285//1285 1286//1286 1282//1282
f 1290//1290 1291//1291 1289//1289
f 1289//1289 1291//1291 1282//1282
f 1281//1281 1283//1283 1331//1331
f 190//190 1287//1287 424//424
f 191//191 1285//1285 1287//1287
f 519//519 1286//1286 1284//1284
f 422//422 1290//1290 196//196
f 1290//1290 1289//1289 195//195
f 1289//1289 1286//1286 193//193
f 1303//1303 1294//1294 1292//1292
f 1305//1305 1299//1299 1294//1294
f 1292//1292 1293//1293 1279//1279
f 1294//1294 1295//1295 1293//1293
f 1296//1296 1298//1298 1299//1299
f 1298//1298 1297//1297 1299//1299
f 423//423 1301//1301 1295//1295
f 423//423 1302//1302 1300//1300
f 1299//1299 1297//1297 1295//1295
f 1302//1302 1295//1295 1297//1297
f 1293//1293 1295//1295 1301//1301
f 272//272 1296//1296 425//425
f 273//273 1298//1298 1296//1296
f 277//277 1297//1297 1298//1298
f 559//559 1302//1302 1297//1297
f 425//425 1296//1296 1299//1299
f 425//425 1299//1299 1305//1305
f 424//424 1300//1300 562//562
f 1300//1300 1302//1302 279//279
f 426//426 1307//1307 1304//1304
f 1312//1312 1307//1307 1311//1311
f 1313//1313 425//425 1314//1314
f 1313//1313 1314//1314 1308//1308
f 1315//1315 1308//1308 1312//1312
f 1312//1312 1308//1308 1307//1307
f 1306//1306 1308//1308 1314//1314
f 1316//1316 1303//1303 1292//1292
f 1306//1306 1305//1305 1303//1303
f 240//240 1309//1309 1311//1311
f 241//241 1312//1312 1309//1309
f 1326//1326 1311//1311 427//427
f 425//425 1313//1313 247//247
f 425//425 1305//1305 1314//1314
f 1313//1313 1315//1315 245//245
f 1315//1315 1312//1312 564//564
f 1312//1312 1310//1310 537//537
f 1316//1316 1317//1317 1318//1318
f 428//428 1324//1324 1317//1317
f 1317//1317 1325//1325 1318//1318
f 1320//1320 1322//1322 1321//1321
f 1321//1321 1322//1322 1325//1325
f 1326//1326 1319//1319 1327//1327
f 1327//1327 1319//1319 1325//1325
f 73//73 1323//1323 429//429
f 531//531 1321//1321 1323//1323
f 76//76 1322//1322 1320//1320
f 1311//1311 1326//1326 82//82
f 427//427 426//426 1319//1319
f 1326//1326 1327//1327 79//79
f 1327//1327 1322//1322 78//78
f 1329//1329 1332//1332 1330//1330
f 1332//1332 1341//1341 1333//1333
f 1339//1339 428//428 1341//1341
f 1339//1339 1340//1340 1338//1338
f 1339//1339 1341//1341 1340//1340
f 1331//1331 1337//1337 1332//1332
f 1340//1340 1337//1337 1336//1336
f 1328//1328 1330//1330 1316//1316
f 1330//1330 1333//1333 1317//1317
f 57//57 1334//1334 422//422
f 60//60 1335//1335 1334//1334
f 422//422 1334//1334 1290//1290
f 1283//1283 1334//1334 1331//1331
f 429//429 1338//1338 528//528
f 1338//1338 1340//1340 62//62
f 1340//1340 1336//1336 529//529
f 1347//1347 1346//1346 1348//1348
f 27//27 1342//1342 26//26
f 28//28 1343//1343 1342//1342
f 30//30 1346//1346 1344//1344
f 1346//1346 1345//1345 22//22
f 501//501 1346//1346 36//36
f 41//41 1346//1346 1347//1347
f 435//435 1346//1346 34//34
f 1346//1346 436//436 31//31
f 18//18 1346//1346 1349//1349
f 444//444 702//702 1346//1346
f 1349//1349 1346//1346 46//46
f 1346//1346 509//509 43//43
f 509//509 1346//1346 42//42
f 325//325 1352//1352 1350//1350
f 329//329 1361//1361 1352//1352
f 1350//1350 1352//1352 430//430
f 122//122 1352//1352 1358//1358
f 470//470 1352//1352 1351//1351
f 1358//1358 1352//1352 332//332
f 354//354 1352//1352 433//433
f 352//352 1353//1353 1352//1352
f 351//351 1352//1352 1353//1353
f 898//898 434//434 1352//1352
f 433//433 1352//1352 113//113
f 115//115 1352//1352 116//116
f 1352//1352 1354//1354 117//117
f 1359//1359 1363//1363 1362//1362
f 1360//1360 1357//1357 1363//1363
f 1357//1357 1356//1356 68//68
f 56//56 1357//1357 324//324
f 1357//1357 1355//1355 325//325
f 329//329 1357//1357 1361//1361
f 72//72 449//449 47//47
f 71//71 1357//1357 449//449
f 449//449 1357//1357 49//49
f 1357//1357 442//442 767//767
f 332//332 1362//1362 1358//1358
f 826//826 1363//1363 1359//1359
f 331//331 1360//1360 1363//1363
f 330//330 1361//1361 1357//1357
f 1358//1358 1362//1362 64//64
f 1362//1362 1363//1363 67//67
# 3658 faces, 0 coords texture

# End of File
