####
#
# OBJ File Generated by Meshlab
#
####
# Object spky.obj
#
# Vertices: 1363
# Faces: 3658
#
####
vn 0.8942562239185194 0.4475553663883230 -0.0000000683281044
v 2.2349996171559612 1.1179996024254608 -0.0000002523707207
vn 0.2763967240158801 0.4474593029150259 -0.8505204425456735
v 0.2760000000000000 0.4470000000000000 -0.8510000000000000
vn 0.7238274639067044 -0.4470372493457190 0.5255773018232447
v 0.7240000000000000 -0.4470000000000000 0.5260000000000000
vn -0.2763964088913405 -0.4474583359114281 0.8505210536931735
v -0.2760000000000000 -0.4470000000000000 0.8510000000000000
vn -0.8942905293490792 -0.4474868144610904 -0.0000000972091917
v -0.8940000000000000 -0.4470000000000000 0.0000000000000000
vn -0.2763966637094919 -0.4474599927332341 -0.8505200992295455
v -0.2760000000000000 -0.4470000000000000 -0.8510000000000000
vn 0.7238269158792524 -0.4470388684638434 -0.5255766794020605
v 0.7240000000000000 -0.4470000000000000 -0.5260000000000000
vn -0.7238274489993567 0.4470371728739632 -0.5255773873978389
v -0.7240000000000000 0.4470000000000000 -0.5260000000000000
vn -0.7238271635553976 0.4470385465995341 0.5255766120686157
v -0.7240000000000000 0.4470000000000000 0.5260000000000000
vn 0.2763965176973101 0.4474595533900322 0.8505203778186584
v 0.2760000000000000 0.4470000000000000 0.8510000000000000
vn 0.8942904184529746 0.4474870360835859 0.0000005750989673
v 0.8940000000000000 0.4470000000000000 -0.0000000000000000
vn 0.0000051962279617 -0.9999999999864969 -0.0000000752012012
v 0.0000000000000000 -1.0000000000000000 0.0000000000000000
vn -0.0000052817259089 0.9999999999860495 -0.0000000640941792
v 0.0000000000000000 1.0000000000000000 -0.0000000000000000
vn 0.1132263316209498 -0.8159536963370889 0.5669209497465272
v 0.2587500000000000 0.4815620000000000 -0.7978130000000000
vn 0.3327667014463689 0.8363858463600069 -0.4355743775948696
v 0.2242500000000000 0.5506870000000000 -0.6914380000000000
vn -0.0278594229600966 0.8340327131455205 -0.5510111486671136
v 0.1503132473448950 0.6988295674181304 -0.4634645323630297
vn 0.2554529438382954 -0.7707430627021763 0.5836942048545778
v 0.1380000000000000 0.7235000000000000 -0.4255000000000000
vn -0.0141322911227143 0.8363271042537526 -0.5480485863845975
v 0.0690000000000000 0.8617500000000000 -0.2127500000000000
vn 0.3327594880116525 0.8363830125882209 -0.4355853296336725
v 0.0517500000000000 0.8963130000000000 -0.1595630000000000
vn 0.1594064798746730 0.8506108162959912 -0.5010497114800415
v 0.0172500000000000 0.9654380000000000 -0.0531880000000000
vn 0.4251056480043328 -0.8506761355940260 0.3092495761769620
v -0.0452500000000000 0.9654380000000000 -0.0328750000000000
vn -0.3112786411301223 0.8364959203899082 -0.4509769204152524
v -0.0905000000000000 0.9308750000000000 -0.0657500000000000
vn 0.1358295531528940 -0.7703777471901766 0.6229514099225345
v -0.1357500000000000 0.8963130000000000 -0.0986250000000000
vn -0.0274099676931418 0.7075438571667203 -0.7061376522015381
v -0.1872189796068361 0.8569994212710842 -0.1360188617273090
vn -0.6811563745356345 0.7054378754661158 0.1959168121609867
v -0.2262500000000000 0.8271880000000000 -0.1643750000000000
vn 0.6340206358290446 -0.7708012258526590 -0.0623161581531795
v -0.2715000000000000 0.7926250000000000 -0.1972500000000000
vn 0.6340122194447684 -0.7708095061405315 -0.0622993646685819
v -0.3620000000000000 0.7235000000000000 -0.2630000000000000
vn -0.5257235831617423 0.8363035776001927 -0.1555989723638856
v -0.4072500000000000 0.6889370000000000 -0.2958750000000000
vn -0.6811671890787228 0.7054232103953758 0.1959320156535754
v -0.4466460999013935 0.6588462585485211 -0.3244968775128347
vn 0.1358234281610871 -0.7703672071154646 0.6229657796088713
v -0.4977500000000000 0.6198129999999999 -0.3616250000000000
vn -0.3112686859602783 0.8364910086471470 -0.4509929019319928
v -0.5430000000000000 0.5852500000000000 -0.3945000000000000
vn -0.4272284180101488 0.8506800338000953 -0.3062994595790438
v -0.6335000000000000 0.5161249999999999 -0.4602500000000000
vn 0.4250948957963677 -0.8506893139629474 0.3092281046042309
v -0.6765757032223324 0.4832227541487921 -0.4915453139283723
vn 0.2630165257317443 -0.5252675992633571 0.8092689641621701
v -0.6615000000000000 0.4470000000000000 -0.5463130000000000
vn 0.3070477675091661 -0.1145338041632037 0.9447770510398430
v -0.5990000000000000 0.4470000000000000 -0.5666250000000000
vn 0.1690725359732548 -0.8371293833400650 0.5202200237671125
v -0.4691934033010812 0.4469995604072592 -0.6088123108330346
vn -0.1268920393988478 0.9118492172432375 -0.3904220989520140
v -0.4105710736679832 0.4470000525926245 -0.6278648493069348
vn -0.2286791960925822 0.6727652253669574 -0.7036282944931913
v -0.3490000000000000 0.4470000000000000 -0.6478750000000000
vn 0.1694976596974936 -0.8362237836774071 0.5215365058836375
v -0.2865000000000000 0.4470000000000000 -0.6681880000000000
vn 0.2630149795808009 -0.5252589174883974 0.8092751016280112
v -0.2240000000000000 0.4470000000000000 -0.6885000000000000
vn -0.2880475050347014 0.3626212374035993 -0.8863038265894863
v -0.1615000000000000 0.4470000000000000 -0.7088130000000000
vn -0.2620701224058207 0.5301869966463146 -0.8063628212717640
v -0.0534497588382688 0.4470000354450208 -0.7439292564546370
vn -0.2628240211816044 0.5262568295607088 -0.8086886194516668
v 0.0948331895285584 0.4470001763434398 -0.7921210543806436
vn -0.3226215218188443 -0.5215792145081153 0.7898547186998317
v 0.8383386158184100 0.4814299061606985 -0.0000001823828414
vn -0.4764375178718308 -0.7702236740177776 -0.4239844142733140
v 0.7308935893030221 0.5478921316021556 0.0000007557664311
vn 0.5039653857461505 0.8147079680756197 -0.2868271547880863
v 0.6146250000000000 0.6198129999999999 -0.0000000000000000
vn -0.4764420550169834 -0.7702274072396688 0.4239725337189321
v 0.5587500000000000 0.6543750000000000 -0.0000000000000000
vn 0.5172668968587399 0.8362319419021014 -0.1820744264216423
v 0.5028750000000000 0.6889370000000000 -0.0000000000000000
vn -0.4764404158324051 -0.7702366414669117 -0.4239575996526270
v 0.4441325883801443 0.7252737240538611 -0.0000000501193412
vn 0.5172665224367412 0.8362311414847108 -0.1820791662364964
v 0.2901819966340595 0.8205030803927761 0.0000001746276174
vn 0.4368171510264887 0.7061488616189409 -0.5572652526430978
v 0.2160731071087185 0.8663440658336404 0.0000000615288676
vn 0.1855860703570580 0.3000440802689204 -0.9356983276596162
v 0.1117500000000000 0.9308750000000000 -0.0000000000000000
vn 0.7813883726627576 0.2596980182492189 -0.5674408783167422
v 0.3167829845817527 0.4469999385160690 -0.7948415687685226
vn -0.6881492936375003 -0.5260393962569143 0.4997330319799469
v 0.3532500000000000 0.4470000000000000 -0.7446250000000000
vn 0.7122448936542741 0.4745275901276111 -0.5172337746813268
v 0.6236250000000000 0.4470000000000000 -0.3723130000000000
vn 0.6886541511313253 0.5250254561864537 -0.5001037197280179
v 0.6622500000000000 0.4470000000000000 -0.3191250000000000
vn 0.7544600932411045 0.3614028633039476 -0.5478849679470427
v 0.7008750000000000 0.4470000000000000 -0.2659380000000000
vn 0.5988948309526736 0.6724360088777502 -0.4349192975975322
v 0.7296068571618480 0.4470002483266585 -0.2263729534172670
vn -0.4437266782340336 -0.8362247673680283 0.3222340352347613
v 0.8072008686731544 0.4470000526452447 -0.1195243279488840
vn 0.6882494050366843 0.5258377186676843 0.4998074130032640
v 0.3532500000000000 0.4470000000000000 0.7446250000000000
vn -0.8035488445554559 -0.1174330513859739 -0.5835398297081109
v 0.5850000000000000 0.4470000000000000 0.4255000000000000
vn 0.5988961818061118 0.6724348618315594 0.4349192109020159
v 0.6294475052014610 0.4470003644776241 0.3642940701327060
vn -0.5914758745272746 -0.6823921630792390 -0.4295314023680141
v 0.7542563236479038 0.4469996024677181 0.1924305884891178
vn 0.7813861989266815 0.2596896473208769 0.5674477026134400
v 0.7842172562691563 0.4470000002520128 0.1511728378915117
vn -0.8035509631842469 -0.1174323865106737 -0.5835370460939705
v 0.8167500000000000 0.4470000000000000 0.1063750000000000
vn -0.6881467825479416 -0.5260445165518203 -0.4997310999674502
v 0.8553750000000000 0.4470000000000000 0.0531870000000000
vn -0.9730260352656448 0.2219851090534209 0.0627928821902701
v 0.8833750000000000 0.3911250000000000 0.0328750000000000
vn -0.7499972447783735 -0.2236384047568527 -0.6224869450379330
v 0.8710771192588509 0.3264524609432009 0.0709260654261406
vn 0.8808957404969818 0.1041482478914516 0.4617096889122155
v 0.8515445952214897 0.2237344954350196 0.1313619025798170
vn 0.9831465456955001 -0.0950813831159910 0.1561486479984891
v 0.8376874527864924 0.1508617979822343 0.1742377254037609
vn -0.7500034270383095 -0.2236329714149814 -0.6224814483395448
v 0.8302500000000000 0.1117500000000000 0.1972500000000000
vn -0.9730258728217254 0.2219815229227697 0.0628080751210170
v 0.8196250000000000 0.0558750000000000 0.2301250000000000
vn 0.8872317995566038 0.0966832405482078 0.4510788011563474
v 0.7983749999999999 -0.0558750000000000 0.2958750000000000
vn -0.9730283889629977 0.2219764565615550 0.0627869970969243
v 0.7452500000000000 -0.3352500000000000 0.4602500000000000
vn 0.7037835760399114 0.0968275085423013 0.7037848475819615
v 0.6960000000000000 -0.3911250000000000 0.5463130000000000
vn 0.4529501801522823 -0.0952676024938926 0.8864311694740210
v 0.6375223077894173 -0.2744303971782733 0.5887353317045523
vn -0.2402701268122219 0.2230410119326088 -0.9447343399907281
v 0.5836339041066292 -0.1668942967356837 0.6278285610675107
vn 0.5898748374375931 0.0020457461260318 0.8074920997017624
v 0.5560000000000000 -0.1117500000000000 0.6478750000000000
vn 0.3662588955416492 -0.1502885436639408 0.9182961260290621
v 0.5280000000000000 -0.0558750000000000 0.6681880000000000
vn -0.5876727470752172 -0.0003590198302916 -0.8090986425954682
v 0.5000000000000000 0.0000000000000000 0.6885000000000000
vn 0.4529522772651979 -0.0952671039848939 0.8864301514606793
v 0.4720000000000000 0.0558750000000000 0.7088130000000000
vn -0.8238365960804247 -0.2234652734231366 -0.5209189327837317
v 0.4440000000000000 0.1117500000000000 0.7291250000000000
vn 0.4529520047661578 -0.0952679346525282 0.8864302014289450
v 0.4157601862603721 0.1681036284840299 0.7496119506276513
vn -0.2402645906866195 0.2230357886979221 -0.9447369810810240
v 0.3040000000000000 0.3911250000000000 0.8306880000000000
vn -0.1552319174013850 0.0958439428074035 0.9832176719562260
v -0.2415000000000000 -0.3911250000000000 0.8510000000000000
vn 0.1552185454329278 -0.0958394408313592 0.9832202218907108
v -0.2070000000000000 -0.3352500000000000 0.8510000000000000
vn 0.3915644704845916 -0.2417712729502021 -0.8878197548095899
v -0.1544135877444703 -0.2500838777662637 0.8509999436952718
vn 0.3605462577067298 -0.2226201145770949 -0.9057851183582968
v -0.0549209622778730 -0.0889477987499985 0.8510000614558441
vn 0.0583035967692891 -0.0360001534919719 0.9976495775332733
v -0.0376167404041272 -0.0609224338460259 0.8509999536611301
vn -0.0000052395732811 0.0000017724720550 0.9999999999847026
v 0.0000000000000000 0.0000000000000000 0.8510000000000000
vn 0.3605475248704401 -0.2226202661199544 -0.9057845767192551
v 0.0351179100029407 0.0568770123366244 0.8510001231250642
vn -0.7964340755697669 0.4917579153364469 0.3519473198864893
v 0.0690000000000000 0.1117500000000000 0.8510000000000000
vn -0.0000005178170256 0.0000003946904345 0.9999999999997879
v 0.1035000000000000 0.1676250000000000 0.8510000000000000
vn 0.0000014821817477 -0.0000008935491705 0.9999999999985024
v 0.1380000000000000 0.2235000000000000 0.8510000000000000
vn -0.1143453236388634 0.0706061713708607 -0.9909288145604971
v 0.1645231624867694 0.2664560703274705 0.8509999981423375
vn 0.1552264996722281 -0.0958456079135144 0.9832183649847051
v 0.1969224239223187 0.3189282645384534 0.8510000568399502
vn 0.0000071594224148 0.0000039973303688 -0.9999999999663820
v 0.2415000000000000 0.3911250000000000 0.8510000000000000
vn -0.0596877175431885 -0.9811751961297489 -0.1836643974052493
v 0.6615000000000000 -0.4470000000000000 0.5463130000000000
vn 0.2286825969767751 -0.6727634201169386 0.7036289152618145
v 0.4740000000000000 -0.4470000000000000 0.6072500000000000
vn 0.3088845606533160 0.0336452338839222 0.9505042485054468
v 0.3490000000000000 -0.4470000000000000 0.6478750000000000
vn -0.2062878447321445 0.7446724051137718 -0.6347506078593681
v 0.2865000000000000 -0.4470000000000000 0.6681880000000000
vn 0.2620800632485974 -0.5301241918840452 0.8064008814646095
v 0.2240000000000000 -0.4470000000000000 0.6885000000000000
vn 0.3089080347542082 0.0335507460242434 0.9504999597609195
v 0.1596110812634877 -0.4469999050206965 0.7094269405690369
vn 0.2620683109834917 -0.5301846311723106 0.8063649652898746
v 0.0990000000000000 -0.4470000000000000 0.7291250000000000
vn 0.2880482220825216 -0.3626254449856559 0.8863018720526621
v 0.0394048738245980 -0.4470001100432454 0.7484937703145750
vn 0.1268863394526676 -0.9118701998623826 0.3903749421559237
v -0.0160554153114622 -0.4470001198598089 0.7665179032691630
vn -0.0597015537009316 -0.9811707927435137 -0.1836834231844547
v -0.0885000000000000 -0.4470000000000000 0.7900630000000000
vn -0.1694905894511203 0.8362369842921040 -0.5215176374673817
v -0.1510000000000000 -0.4470000000000000 0.8103750000000000
vn 0.2630117360897364 -0.5252566478673989 -0.8092776288457295
v -0.6534252902227086 0.4469999497024675 0.5489373048570819
vn 0.3070480079100386 -0.1145387728609426 -0.9447763705501880
v -0.5789316760265715 0.4470000505440605 0.5731470399425166
vn 0.1233164442011782 -0.9169626370297422 -0.3794371843678988
v -0.5276446329891111 0.4469999569243847 0.5898150385422563
vn -0.2880486842947376 0.3626274134874657 0.8863009164293250
v -0.4876718981917389 0.4469998802094836 0.6028067192261702
vn 0.3070545318729303 -0.1145314738353718 -0.9447751351286681
v -0.4115000000000000 0.4470000000000000 0.6275620000000000
vn -0.2620700157904937 0.5301777347842750 0.8063689455594042
v -0.2240000000000000 0.4470000000000000 0.6885000000000000
vn -0.2286806610795566 0.6727631184396272 0.7036298328777746
v -0.1615000000000000 0.4470000000000000 0.7088120000000000
vn 0.3070497869768354 -0.1145451164770842 -0.9447750232773575
v -0.0990000000000000 0.4470000000000000 0.7291250000000000
vn -0.2620629633292335 0.5301837882408099 0.8063672574811833
v 0.0184551506877166 0.4470001885851329 0.7672978034711927
vn -0.2286781825161405 0.6727657945857479 0.7036280796532510
v 0.0885000000000000 0.4470000000000000 0.7900620000000000
vn -0.2620606791453395 0.5302233390205283 0.8063419939478566
v 0.2135000000000000 0.4470000000000000 0.8306880000000000
vn -0.4529488206329748 0.0952682165897679 0.8864317981632892
v -0.4160989085143860 -0.1674277179523771 0.7493662208963140
vn 0.8238397236027962 0.2234670472749537 -0.5209132255916353
v -0.4440000000000000 -0.1117500000000000 0.7291250000000000
vn 0.5876767431735337 0.0003636615195251 -0.8090957380206917
v -0.5000000000000000 0.0000000000000000 0.6885000000000000
vn -0.5898584353291754 -0.0020337047682681 0.8075041116402643
v -0.5280000000000000 0.0558750000000000 0.6681880000000000
vn -0.5898398139247421 -0.0020196787550765 0.8075177489114106
v -0.5580882717057221 0.1159171100006600 0.6463600979472912
vn 0.8238328431826029 0.2234643731293209 -0.5209252541733685
v -0.6112070031490222 0.2219173410207571 0.6078252959229680
vn -0.5881253562148626 -0.0007049440302895 0.8087694779299320
v -0.6394818634597825 0.2783413097847902 0.5873139532387394
vn -0.7037827230463857 -0.0968274990091157 0.7037857018844971
v -0.6960000000000000 0.3911250000000000 0.5463130000000000
vn 0.9730264752663925 -0.2219793509209885 0.0628064184248473
v -0.8833750000000000 -0.3911250000000000 0.0328750000000000
vn -0.6434526254869489 -0.2935940420111299 0.7069450171332415
v -0.8621250000000000 -0.2793750000000000 0.0986250000000000
vn 0.9730283294740621 -0.2219738689418250 0.0627970663957597
v -0.8515000000000000 -0.2235000000000000 0.1315000000000000
vn -0.9512388613261359 -0.0006003936986637 0.3084546453376298
v -0.8302500000000000 -0.1117500000000000 0.1972500000000000
vn -0.5810771919697761 0.4919516052274298 -0.6483308685283118
v -0.8196250000000000 -0.0558750000000000 0.2301250000000000
vn 0.9730268583121844 -0.2219791985102670 0.0628010225383279
v -0.8090000000000001 0.0000000000000000 0.2630000000000000
vn -0.9512489493154770 -0.0005790477876619 0.3084235742122522
v -0.8025135466108076 0.0341107910629982 0.2830702860547284
vn -0.0886354307839192 -0.4925401174357276 0.8657643981627733
v -0.7452500000000000 0.3352500000000000 0.4602500000000000
vn 0.7805665842322849 0.2634260780095817 -0.5668531635304095
v -0.3295738581755783 -0.4470004121990425 0.7772278874320180
vn 0.8035473147960600 0.1174250991393900 -0.5835435364873354
v -0.3532500000000000 -0.4470000000000000 0.7446250000000000
vn -0.5988997256892782 -0.6724293137884881 0.4349229087174535
v -0.5077500000000000 -0.4470000000000000 0.5318750000000000
vn -0.6395333587953220 0.6126132737854941 0.4644373582839704
v -0.5514619159381983 -0.4469998735124186 0.4716833211206546
vn 0.8035500244618330 0.1174180807967329 -0.5835412174725960
v -0.5850000000000000 -0.4470000000000000 0.4255000000000000
vn -0.7544590353026542 -0.3613971113376466 0.5478902189006416
v -0.6236250000000000 -0.4470000000000000 0.3723130000000000
vn -0.6886569534923547 -0.5250197797652326 0.5001058200640094
v -0.6622500000000000 -0.4470000000000000 0.3191250000000000
vn -0.3348472920210755 -0.9103532775265182 0.2431752477594684
v -0.7732186691237454 -0.4470000464775186 0.1663190298576824
vn -0.8085527562975366 0.0379560277945274 0.5871982461126031
v -0.8272638098133067 -0.4469998267976800 0.0918973288057588
vn -0.4109408542538192 0.9116620065857548 -0.0000072922231183
v -0.7240000000000000 0.4470000000000000 -0.4602500000000000
vn -0.7403648680648455 0.6722052232273373 -0.0000010996837521
v -0.7240000000000000 0.4470000000000000 -0.3287500000000000
vn -0.4108920440518548 0.9116840066197294 -0.0000144459706116
v -0.7239998181294507 0.4470002394742092 -0.1426964567368550
vn -0.8505086441682245 0.5259610690809001 -0.0000025307811554
v -0.7240000000000000 0.4470000000000000 0.0657500000000000
vn -0.8480868115686553 0.5298573015850754 0.0000005427910894
v -0.7239999342237932 0.4470000947992362 0.1218101255662316
vn 0.5480263335968351 -0.8364610795959863 -0.0000023510968233
v -0.7240000033132947 0.4469998937446690 0.1704043937323583
vn 0.1913812223905554 0.9815157806324976 0.0000092561060959
v -0.7240000000000000 0.4470000000000000 0.2630000000000000
vn -0.9390733864703875 0.3437167072196711 0.0000010512742282
v -0.7240002621397706 0.4469997514200789 0.3495008978347361
vn -0.9994225248240127 -0.0339796513717263 0.0000129248441184
v -0.7240000000000000 0.4470000000000000 0.4602500000000000
vn 0.9866850833038052 -0.1482637569970461 0.0668610854450012
v -0.8833750000000000 -0.3911250000000000 -0.0328750000000000
vn 0.7499891166058442 0.2236418129969189 0.6224955136000875
v -0.8727500000000000 -0.3352500000000000 -0.0657500000000000
vn -0.5810801412862898 0.4919569158149762 0.6483241954335206
v -0.8408750000000000 -0.1676250000000000 -0.1643750000000000
vn -0.9512316438053444 -0.0006146046150102 -0.3084768744728676
v -0.8302500000000000 -0.1117500000000000 -0.1972500000000000
vn -0.9831471673069730 0.0950767216815898 -0.1561475725413497
v -0.8196250000000000 -0.0558750000000000 -0.2301250000000000
vn -0.8872319428715819 -0.0966846524866323 -0.4510782166341633
v -0.7983749999999999 0.0558750000000000 -0.2958750000000000
vn 0.9730280485194922 -0.2219758153296033 -0.0627945395962622
v -0.7921206366982135 0.0887652754953115 -0.3152266447363004
vn -0.9831482639845834 0.0950899744647777 -0.1561325967899962
v -0.7565082066403431 0.2760438610487638 -0.4254154207602412
vn 0.7500018497146915 0.2236429814130826 0.6224797525134524
v -0.7346250000000000 0.3911250000000000 -0.4931250000000000
vn 0.6749072738021271 0.0712144874568427 0.7344580781400936
v -0.3100986742877245 -0.3789539917132393 -0.8262636414417103
vn -0.5881224528263603 -0.0007052401958908 -0.8087715889654952
v -0.3358916774110590 -0.3274836915824944 -0.8075519172253532
vn 0.8085108411598909 0.2045669986274800 0.5517812635451392
v -0.4146717581859757 -0.1702758621387694 -0.7504016002447332
vn -0.5898849796631223 -0.0020535762625031 -0.8074846708095281
v -0.4440000000000000 -0.1117500000000000 -0.7291250000000000
vn -0.7037913652857410 -0.0968313754203942 -0.7037765262378586
v -0.4720000000000000 -0.0558750000000000 -0.7088130000000000
vn 0.5876711807295987 0.0003570981835070 0.8090997811276225
v -0.5000000000000000 -0.0000000000000000 -0.6885000000000000
vn -0.5881221220508724 -0.0007032655111574 -0.8087718312181748
v -0.5341579181684467 0.0681629640591627 -0.6637207280259450
vn -0.5899255967719308 -0.0020852744842761 -0.8074549163288355
v -0.5828904568439037 0.1654108563719277 -0.6283679106524557
vn -0.4529398026224249 0.0952732694336279 -0.8864358630672532
v -0.6960000000000000 0.3911250000000000 -0.5463130000000000
vn -0.6886853520615875 -0.5249633022587931 -0.5001260012610327
v -0.8553750000000000 -0.4470000000000000 -0.0531870000000000
vn -0.5988953483590521 -0.6724344578525895 -0.4349209831755458
v -0.7736866568434440 -0.4469996941454926 -0.1656738071096612
vn -0.6886604861403062 -0.5250141331903236 -0.5001068833553586
v -0.7395000000000000 -0.4470000000000000 -0.2127500000000000
vn -0.3348302870304151 -0.9103637371568289 -0.2431595051750636
v -0.7008750000000000 -0.4470000000000000 -0.2659370000000000
vn 0.7390211949860466 0.4072123567902153 0.5366803236925631
v -0.6066602635644687 -0.4470000575429516 -0.3956729822538642
vn -0.6886940339561817 -0.5249453216182212 -0.5001329192367804
v -0.5850000000000000 -0.4470000000000000 -0.4255000000000000
vn 0.1575187029082069 -0.9808674489929802 0.1143980145811962
v -0.5447837748261284 -0.4470001799228970 -0.4808778851834932
vn 0.8035488276128014 0.1174542024052898 0.5835355961545359
v -0.4691250000000000 -0.4470000000000000 -0.5850620000000000
vn 0.1575299478990418 -0.9808648304574610 0.1144049819132950
v -0.3532500000000000 -0.4470000000000000 -0.7446250000000000
vn 0.4437357790391712 0.8362172242655905 0.3222410778315685
v -0.3146250000000000 -0.4470000000000000 -0.7978120000000000
vn -0.0000048127287271 -0.0000010584066393 0.9999999999878587
v -0.2415000000000000 -0.3911250000000000 -0.8510000000000000
vn 0.1552191621687630 -0.0958393781828632 -0.9832201306346150
v -0.1946416400401466 -0.3152351381272022 -0.8510000319269050
vn -0.0000091274019519 -0.0000059581024246 0.9999999999405959
v -0.1725000000000000 -0.2793750000000000 -0.8510000000000000
vn -0.1552215759421635 0.0958417940994097 -0.9832195140790472
v -0.0875207031164696 -0.1417447003798199 -0.8509998756211713
vn 0.0000066717855414 -0.0000069153069226 -0.9999999999538329
v -0.0690000000000000 -0.1117500000000000 -0.8510000000000000
vn -0.3605408108453165 0.2226176252145474 0.9057878982735622
v 0.0000000000000000 -0.0000000000000000 -0.8510000000000000
vn 0.0000028227920691 0.0000002015037593 0.9999999999959956
v 0.0345000000000000 0.0558750000000000 -0.8510000000000000
vn 0.0000094245485640 -0.0000058191843490 -0.9999999999386574
v 0.0690000000000000 0.1117500000000000 -0.8510000000000000
vn 0.0000006603799513 -0.0000016996383964 -0.9999999999983376
v 0.1035000000000000 0.1676250000000000 -0.8510000000000000
vn -0.4739272877372077 0.2926471726130457 -0.8305122264600591
v 0.1725000000000000 0.2793750000000000 -0.8510000000000000
vn 0.0000058200612734 0.0000033022595298 0.9999999999776110
v 0.2070000000000000 0.3352500000000000 -0.8510000000000000
vn 0.0000077010374490 -0.0000047550029878 -0.9999999999590419
v 0.2415000000000000 0.3911250000000000 -0.8510000000000000
vn 0.5899051272415213 0.0020685436105165 -0.8074699139791499
v 0.6400000000000000 -0.2793750000000000 -0.5869380000000000
vn 0.4529499104128990 -0.0952702726073522 -0.8864310203361949
v 0.5840000000000000 -0.1676250000000000 -0.6275630000000000
vn 0.5898591565233758 0.0020321304884539 -0.8075035887915355
v 0.5560000000000000 -0.1117500000000000 -0.6478750000000000
vn -0.5876792716290022 -0.0003658377010562 0.8090939005210593
v 0.5000000000000000 -0.0000000000000000 -0.6885000000000000
vn -0.8238430302386700 -0.2234662894169165 0.5209083211289688
v 0.4461348064703847 0.1074899292928895 -0.7275763064558858
vn 0.4529548149701489 -0.0952677210812932 -0.8864287884062290
v 0.4164256536079020 0.1667756478209493 -0.7491291967467347
vn -0.3070488539071215 0.1145286431148329 0.9447773236168395
v -0.2135000000000000 -0.4470000000000000 -0.8306880000000000
vn 0.2286791907157436 -0.6727637716194095 -0.7036296862199745
v -0.0885000000000000 -0.4470000000000000 -0.7900620000000000
vn 0.2620600788923714 -0.5302281894825729 -0.8063389995088648
v -0.0260000000000000 -0.4470000000000000 -0.7697500000000000
vn -0.1694982689753975 0.8362284089998591 0.5215288916214598
v 0.1030391624095631 -0.4469999188273888 -0.7278123041897555
vn 0.2286804357863563 -0.6727597546057453 -0.7036331223523943
v 0.1615000000000000 -0.4470000000000000 -0.7088120000000000
vn 0.2620711809709647 -0.5301744303979500 -0.8063707394596441
v 0.2240000000000000 -0.4470000000000000 -0.6885000000000000
vn 0.2620666322750045 -0.5301925866399243 -0.8063602800982349
v 0.3490000000000000 -0.4470000000000000 -0.6478750000000000
vn 0.2286802349887058 -0.6727632573570477 -0.7036298385343285
v 0.4115000000000000 -0.4470000000000000 -0.6275620000000000
vn 0.2286802924517412 -0.6727618184832330 -0.7036311956098303
v 0.5365000000000000 -0.4470000000000000 -0.5869370000000000
vn -0.2630154045319089 0.5252514156339860 0.8092798325384181
v 0.6615000000000000 -0.4470000000000000 -0.5463130000000000
vn -0.8373266552904244 -0.1500866094780673 0.5256977097111316
v 0.7346250000000000 -0.3911250000000000 -0.4931250000000000
vn -0.9510929829965112 -0.0008913402086461 0.3089034528901069
v 0.7452500000000000 -0.3352500000000000 -0.4602500000000000
vn 0.8872305985653425 0.0966875797336968 -0.4510802333228803
v 0.7548115939416241 -0.2849672749663162 -0.4306651515311936
vn 0.9512514190047828 0.0005765082738004 -0.3084159617782408
v 0.7772654543405431 -0.1668863500717239 -0.3611904263300444
vn -0.7500001558867715 -0.2236339808202728 0.6224850269623328
v 0.7983749999999999 -0.0558750000000000 -0.2958750000000000
vn 0.9393652084390667 -0.2880763201280580 0.1860242966811206
v 0.8253576290958053 0.0860226253223054 -0.2123872581453651
vn 0.9512342490254020 0.0006075478531266 -0.3084688547757876
v 0.8302500000000000 0.1117500000000000 -0.1972500000000000
vn 0.8872322328267898 0.0966883045216460 -0.4510768635187562
v 0.8436131460338374 0.1820243767856990 -0.1559028428357603
vn -0.5901800696742590 -0.3230539553024676 0.7398132381369762
v 0.8794566003082112 0.3705188014503108 -0.0449986131175750
vn -0.5480237217899391 0.8364627905658996 -0.0000188205065958
v 0.7240000000000000 -0.4470000000000000 -0.4602500000000000
vn -0.9139581654020941 0.4058084177228712 -0.0000003133924132
v 0.7239998051532538 -0.4470002000086384 -0.4065844253909368
vn 0.8505094790988241 -0.5259597189548078 -0.0000001636716657
v 0.7240000000000000 -0.4470000000000000 -0.3287500000000000
vn 0.9319180913377030 -0.3626688172935068 0.0000006492622983
v 0.7240000000000000 -0.4470000000000000 -0.2630000000000000
vn 0.8481296627138036 -0.5297887080889507 0.0000025318180458
v 0.7240000000000000 -0.4470000000000000 -0.1972500000000000
vn -0.1913929521143547 -0.9815134934785668 0.0000006722477361
v 0.7240000195247098 -0.4469992494433234 -0.1219980475779281
vn -0.5480363629551902 0.8364545085500465 -0.0000022687383896
v 0.7240002026990363 -0.4469994865211943 -0.0574921473753176
vn -0.9935432490888918 0.1134540091341735 -0.0000011274819852
v 0.7239999720253547 -0.4470000689268517 0.0734656723215248
vn 0.7403571734286633 -0.6722136979805755 0.0000000085672906
v 0.7240000560677158 -0.4469998595372849 0.1439557441836630
vn 0.4108782825445101 -0.9116902087943357 0.0000110369449339
v 0.7240000000000000 -0.4470000000000000 0.1972500000000000
vn 0.8481259568174858 -0.5297946407547212 -0.0000000000000010
v 0.7240000000000000 -0.4470000000000000 0.2630000000000000
vn 0.7927392690230652 0.6095608676306168 -0.0000014784181963
v 0.7240000000000000 -0.4470000000000000 0.3287500000000000
vn 0.7403687848007589 -0.6722009093214487 0.0000002556146821
v 0.7240000000000000 -0.4470000000000000 0.4602500000000000
vn 0.4273111283433991 -0.8506801729992419 0.3061836750381558
v 0.6335000000000000 -0.5161249999999999 0.4602500000000000
vn -0.6340049114145083 0.7708162655814396 0.0622901036872232
v 0.5379293538364358 -0.5891230399600055 0.3908161225861476
vn 0.4272671706393051 -0.8506801109127931 0.3062451857438436
v 0.4977500000000000 -0.6198129999999999 0.3616250000000000
vn -0.6340200833693957 0.7708020834449774 0.0623111710782799
v 0.4483357649112782 -0.6575556549475633 0.3257246426257279
vn 0.5257209913363532 -0.8363020432008567 0.1556159754215315
v 0.4072500000000000 -0.6889370000000000 0.2958750000000000
vn -0.1358367405344935 0.7703788657741268 -0.6229484594166154
v 0.3620000000000000 -0.7235000000000000 0.2630000000000000
vn 0.6811724651323412 -0.7054081079356690 -0.1959680433237752
v 0.2727181456946661 -0.7916945736721158 0.1981347131504974
vn 0.4255300932701455 -0.8506862888897683 0.3086372913574363
v 0.1710032954208792 -0.8693856519683076 0.1242371243280081
vn 0.3112825161296831 -0.8364916647350140 0.4509821393146501
v 0.1357500000000000 -0.8963130000000000 0.0986250000000000
vn 0.4255243885982714 -0.8506900828519212 0.3086346993542026
v 0.0905000000000000 -0.9308750000000000 0.0657500000000000
vn -0.4250997490249964 0.8506827729393058 -0.3092394269868872
v 0.0452500000000000 -0.9654380000000000 0.0328750000000000
vn -0.2554253997582050 0.7707521026104995 -0.5836943219527283
v -0.0172500000000000 -0.9654380000000000 0.0531880000000000
vn -0.3327530771721984 -0.8363864517926657 0.4355836233033879
v -0.0345000000000000 -0.9308750000000000 0.1063750000000000
vn -0.3327564727781266 -0.8363877486710910 0.4355785390686320
v -0.1207500000000000 -0.7580630000000000 0.3723130000000000
vn 0.1629407867948841 0.8506153297421211 -0.4999038515618448
v -0.1380000000000000 -0.7235000000000000 0.4255000000000000
vn 0.0141355724182244 -0.8363254392540633 0.5480510425579967
v -0.1552500000000000 -0.6889370000000000 0.4786880000000000
vn 0.8330669222520352 -0.2997070692314477 0.4649464223996327
v -0.2070000000000000 -0.5852500000000000 0.6382500000000000
vn -0.1593719192792896 -0.8506112434699984 0.5010599802694871
v -0.2242500000000000 -0.5506870000000000 0.6914380000000000
vn 0.7119250657214009 0.6715258162318773 -0.2054647875712286
v -0.2439000487188909 -0.5113156465369972 0.7520259578454082
vn -0.6513948524720660 0.5221115874517320 -0.5505308678189876
v -0.2512357201733752 -0.4966182953351732 0.7746430003836139
vn 0.4764406822220260 0.7702219702937322 0.4239839534707080
v -0.1117500000000000 -0.9308750000000000 0.0000000000000000
vn -0.4368119128452859 -0.7061700659186102 -0.5572424883270730
v -0.2086144331634335 -0.8709578364966686 0.0000002785333367
vn -0.5172691504694011 -0.8362327765550198 -0.1820641902949239
v -0.2793750000000000 -0.8271880000000000 0.0000000000000000
vn -0.5260601642794792 -0.8504473543269510 -0.0000328106227158
v -0.5028750000000000 -0.6889370000000000 0.0000000000000000
vn -0.5260613527542231 -0.8504466198002235 -0.0000029616173228
v -0.6146250000000000 -0.6198129999999999 0.0000000000000000
vn 0.4764361062910457 0.7702293392670394 0.4239757086844569
v -0.7263750000000000 -0.5506870000000000 0.0000000000000000
vn -0.5260595995188686 -0.8504477036651247 -0.0000329357538720
v -0.7822500000000000 -0.5161249999999999 0.0000000000000000
vn 0.5240690862661701 0.8472372273245766 -0.0868370511677200
v -0.8383378949475648 -0.4814303520682675 0.0000001823849053
vn -0.9473507628517913 -0.2997996106607682 0.1124576612409348
v -0.0345000000000000 -0.9308750000000000 -0.1063750000000000
vn 0.5510746215310915 0.7699850223227361 0.3216206257425350
v -0.0690000000000000 -0.8617500000000000 -0.2127500000000000
vn 0.1177879603685034 -0.8147856623777634 -0.5676709617162545
v -0.0925278318153628 -0.8146092424112006 -0.2852944143025538
vn -0.1594251087514385 -0.8506107627896523 -0.5010438752504591
v -0.1035000000000000 -0.7926250000000000 -0.3191250000000000
vn -0.1593560304646658 -0.8506107674446756 -0.5010658418428906
v -0.1725000000000000 -0.6543750000000000 -0.5318750000000000
vn -0.1622234833835188 -0.8506153529773068 -0.5001370439371682
v -0.2070000000000000 -0.5852500000000000 -0.6382500000000000
vn -0.2554402618835331 0.7707459529510041 0.5836959384975371
v -0.2415000000000000 -0.5161249999999999 -0.7446250000000000
vn 0.1629482790409220 0.8506167745554996 0.4998989509914983
v -0.2587500000000000 -0.4815630000000000 -0.7978120000000000
vn -0.6340142006621799 0.7708083705082661 -0.0622932525486396
v 0.0452500000000000 -0.9654380000000000 -0.0328750000000000
vn 0.5353506630343889 -0.8331127882420177 -0.1390062935850429
v 0.1368932375965249 -0.8954394832639935 -0.0994560106118295
vn 0.3112847254730011 -0.8364962673762983 -0.4509720771319647
v 0.1759334494235087 -0.8656198963556310 -0.1278189312581491
vn 0.4272415237420876 -0.8506804904823910 -0.3062799103813014
v 0.2715000000000000 -0.7926250000000000 -0.1972500000000000
vn -0.4742950174989072 0.8475289980275004 0.2381991475178126
v 0.3073838661849926 -0.7652166212503480 -0.2233209037847130
vn 0.4273224100251911 -0.8506772776901710 -0.3061759740931710
v 0.3620000000000000 -0.7235000000000000 -0.2630000000000000
vn 0.4255336644135804 -0.8506853551947793 -0.3086349411649340
v 0.4072500000000000 -0.6889370000000000 -0.2958750000000000
vn -0.1358258951651627 0.7703712655388478 0.6229602229955428
v 0.4525000000000000 -0.6543750000000000 -0.3287500000000000
vn 0.4272317911793675 -0.8506803791802798 -0.3062937953719672
v 0.4977500000000000 -0.6198129999999999 -0.3616250000000000
vn 0.5327782020968755 -0.8340029225069771 -0.1434800077371135
v 0.5930601717920178 -0.5470139813837033 -0.4308696218826833
vn -0.6197516426375795 0.7842801201951106 -0.0285060434779178
v 0.6399825762118788 -0.5111733293229493 -0.4649600209679598
vn -0.1358369956918031 0.7703755917870604 0.6229524525837919
v 0.6787500000000000 -0.4815630000000000 -0.4931250000000000
vn 0.0001560689926568 0.9999999878211757 0.0000003435036260
v -0.0000000573749967 2.4999997449982434 -0.0000001343314251
vn 0.2833845069128423 0.3994884151770393 0.8718384181607867
v 0.2446199108046280 0.6804196431430392 0.7542437886174054
vn -0.7416420206366490 0.3995878305884234 0.5387918697155941
v -0.1688575466943172 2.0211824379811256 0.1226781411822443
vn -0.7939745920764680 0.3977907633513980 0.4597465124710771
v -0.3387520431983743 1.5394220699005892 0.2461104662297002
vn -0.4065209674777658 -0.3959562993379964 0.8233828465637963
v -0.0349359890841058 -2.2401338651295668 0.1077185562771565
vn 0.7416423372383791 -0.3995880544369630 0.5387912679014734
v 0.6261116109821645 -0.7245752890316366 0.4548822366847069
vn 0.7758057629381769 -0.3988572105676958 -0.4889154771226513
v 0.6136623710268133 -0.7598766110997638 -0.4458377458406272
vn 0.7416412964169574 -0.3995875979122059 -0.5387930391567137
v 0.4376730165117349 -1.2589187009029983 -0.3179783467241154
vn -0.0527228282379308 0.9986091845073493 0.0000004006338978
v 0.9117551537011863 1.0481369866543582 0.0000000101583901
vn 0.1329670257346638 0.6062314913773439 -0.7840938393647017
v 1.5252482211486438 0.8748944075285475 -0.3083204490054199
vn 0.6612349802055761 -0.4323737612987548 -0.6130426016949383
v 1.2567719061998297 0.1048121415415026 -0.3405345937161819
vn 0.7230727407967596 -0.5641407944516698 -0.3986363951674519
v 0.9571524331328329 -0.2055154689402357 -0.4448363423327377
vn 0.6612342600358813 -0.4323729002741069 0.6130439857492753
v 1.6903371022779479 0.5538720985704509 0.1896045808955985
vn 0.6158626286773289 -0.3588801535890535 0.7013688458710921
v 1.2399519548929869 0.0873917083262527 0.3463900741085388
vn 0.2306632720857723 0.4322069087295730 0.8717749956021403
v 1.3166825008806669 0.8034568253135435 0.3989217515242805
vn 0.1893251033496231 0.5108068292670497 0.8385895231970154
v 0.7304719046691510 0.6026668388962693 0.6535746660041100
vn -0.1627779972840241 -0.8506115132314204 -0.4999633758170247
v 0.0178920846610779 0.9641517620724356 0.0551662378752380
vn -0.0141424972155073 0.8363250648810868 0.5480514351994301
v 0.0316610880221223 0.9365631745414014 0.0976215149011004
vn 0.3327527839928240 0.8363859225142762 0.4355848635627370
v 0.0690000000000000 0.8617500000000000 0.2127500000000000
vn 0.1593920343992908 0.8506095503527971 0.5010564561191362
v 0.0921987257909063 0.8152687781970526 0.2842794788551384
vn 0.2554432037163735 -0.7707460648469483 -0.5836945033132137
v 0.1005740788361251 0.7984883153585877 0.3101017798127326
vn -0.1177999186594317 0.8147849061189837 0.5676695657902668
v 0.1208982072577812 0.7577658115375085 0.3727693366223848
vn 0.2554372088125589 -0.7707486206053819 -0.5836937520557764
v 0.1380000000000000 0.7235000000000000 0.4255000000000000
vn 0.1593280399275305 0.8506113881056176 0.5010736893091531
v 0.1559888566664016 0.6874577495440930 0.4809649308564681
vn 0.1622216183876206 0.8506144842541887 0.5001391263485409
v 0.1758399690291771 0.6476828990568119 0.5421732600435907
vn 0.1593680378518516 0.8506110378258286 0.5010615639221569
v 0.2052638884522705 0.5887286863954448 0.6328966777146651
vn -0.0161367266335447 0.9986117736740008 -0.0501411161943998
v 0.0985618683591994 1.0168553581588506 0.3039712307213421
vn 0.9003660662515700 0.4322528300300293 -0.0499843742954142
v 0.7282631220929233 0.9921444625655971 1.7288621516630027
vn 0.5591172498825800 -0.5871002326491871 0.5854068821828207
v 0.7083064602297350 0.2753513841915519 1.2654294362372012
vn 0.7256011087794513 -0.4844609446294670 0.4886723074482076
v 0.7211524334894629 -0.3159331846466897 0.6601652528809219
vn 0.2766132976316729 0.4471686621945305 0.8506028868540744
v 0.6899998898357056 1.1180000360221558 2.1279992243043067
vn -0.7702857745600304 0.3490431121477974 0.5336934807289987
v 0.5043772343105475 1.0299147702269864 1.9176977033514735
vn -0.7583057590295712 0.4316509449487029 0.4885180012522339
v 0.1140467873913537 0.8446874593777114 1.4754704029112973
vn 0.6340214136109389 -0.7708019786113381 0.0622989313843596
v -0.0452500000000000 0.9654380000000000 0.0328750000000000
vn -0.5327756525642249 0.8340030639409886 0.1434886524147725
v -0.1320902166000441 0.8991082979870143 0.0959662455488914
vn 0.6340220273282179 -0.7707991854642168 0.0623272376278339
v -0.1810000000000000 0.8617500000000000 0.1315000000000000
vn -0.3112748519789561 0.8364936721317180 0.4509837059241417
v -0.2322613498553786 0.8225964432965791 0.1687424123452370
vn -0.4272374695685957 0.8506798766451128 0.3062872704956557
v -0.2727181387653612 0.7916945789648178 0.1981347081162013
vn -0.4273148346223342 0.8506765609909890 0.3061885378198073
v -0.3620000000000000 0.7235000000000000 0.2630000000000000
vn -0.4272653503488125 0.8506809086214806 0.3062455095152229
v -0.4072500000000000 0.6889370000000000 0.2958750000000000
vn 0.4250961822099500 -0.8506847019484459 -0.3092390236393340
v -0.4935305098049003 0.6230359815024168 0.3585593249235010
vn 0.4250938281808624 -0.8506850610522084 -0.3092412717363900
v -0.6787500000000000 0.4815630000000000 0.4931250000000000
vn 0.0981661372806280 0.9941103351490919 0.0459135169766080
v -0.6449166374616783 1.0420441687902837 0.4685439969930917
vn 0.0426779491728730 0.9986119425834221 -0.0308671473278889
v -1.1699515545233914 1.0762731689574843 0.8499925584313403
vn 0.3259983234782169 0.4319650692858630 0.8409109774561463
v -0.5007982715111012 0.6968717379611813 1.0237874004618626
vn -0.2404894316930098 -0.4850087615606637 0.8407920875301839
v -1.0187650219281081 0.3107745799689756 1.0756695425695209
vn -0.9100447056009783 -0.3599925624135789 -0.2054847654073998
v -1.4970553713249464 0.5833286950666021 0.8657397007899459
vn -0.8449339395881463 -0.5329173482834514 0.0456698766211305
v -1.3014183956457261 0.2490807577938187 0.5848860171681899
vn -0.7237301455723829 0.4466727520960163 0.5260210346789833
v -1.8100001628140521 1.1180004258341414 1.3149999555482077
vn -0.8187200311706865 -0.5650332609583716 -0.1021514785532699
v -1.1925209439051896 0.0630274316282734 -0.4285539866880680
vn -0.7237315486224415 0.4466701556846588 -0.5260213090257897
v -1.8100003727897516 1.1179998361065533 -1.3150000540665108
vn 0.3091501647666843 0.3494625565547058 -0.8844784322927162
v -0.2805868558778810 0.6260359512181995 -0.9748044638845708
vn 0.3131237185570332 0.3680173849326351 -0.8755094181471497
v 0.0852151283633212 0.5083692720159104 -0.8934374354068658
vn 0.0260904569494607 0.9976230123328164 0.0637778434894589
v 0.0974425681342558 1.0166639799741111 -0.3005191485312849
vn -0.7583058278949700 0.4316499269334476 -0.4885187938645487
v 0.3621346300605183 0.9624143578978384 -1.7565431233540265
vn -0.2996449981980533 -0.4852898154964733 -0.8214053019248705
v 0.0762559900856993 0.1236840398985075 -1.3166636827374416
vn 0.4624517248692749 0.7480710743356931 -0.4759496506014835
v 0.6899999594313383 1.1179998361917953 -2.1279999863305910
vn 0.6571219206593244 -0.5321777482858684 -0.5338329566618976
v 0.7114164126437833 0.1322226720390185 -1.1189166653304043
vn 0.6728089589748041 -0.5220164119718165 -0.5242394208329924
v 0.7199999257478781 -0.2628528386227038 -0.7145006962849827
vn 0.9003668936478161 0.4322511479588490 0.0499840165576920
v 0.7700124478902717 0.8548213406513863 -1.2933607910144516
vn 0.7625658247986035 -0.3154261502730478 -0.5648005900963190
v 1.6425549839209936 -1.0145420467107933 1.0311452218566124
vn 0.7459222328542612 -0.3490551858945972 -0.5672393672285109
v 1.3964195111584370 -0.8624634637993903 0.6138939680406432
vn 0.6462860265991603 -0.5104077590065885 -0.5672726781438902
v 0.9072876831242734 -0.5602465589087432 -0.2152884479092842
vn -0.0981668595008781 -0.9941102538671990 0.0459137327150386
v 0.7949655003295210 -1.0518262992575917 0.5775578639607460
vn -0.3259975709743052 -0.4319644946186968 0.8409115643797904
v 0.0502242582198704 -0.5519359600242473 0.9235635735310470
vn 0.2404893285589144 0.4850089633352708 0.8407920006361435
v 1.4523734449646670 -0.7531464127255740 1.2068261026877405
vn 0.7301916664321023 -0.5403114320753309 0.4181909691059990
v 0.4367988333980266 -0.5832884816450321 0.8513864135458364
vn -0.2766154166290133 -0.4471636446298803 0.8506048355167514
v -0.6900000894276797 -1.1179996976565016 2.1279998604786954
vn -0.9365800429560949 -0.3498518759216852 -0.0205301741453204
v -0.7376194725657084 -0.9613688956768361 1.6312638911795427
vn -0.6720893080316545 0.4516921710954208 0.5867453831097753
v -0.9699454145531113 0.1922653000294069 0.4403830419154618
vn -0.6612338963845634 0.4323725069150321 0.6130446554176123
v -1.4792459910262274 -0.3352372018428438 0.2630885415846433
vn -0.2848257330517646 -0.3161470135167673 0.9049449528208628
v -1.2999217865856574 -0.7977160896870485 0.4062028955220437
vn -0.1576487690218655 -0.5660013623342040 0.8091905359442334
v -0.8897361899813058 -0.6572173240782700 0.5843901518924001
vn -0.2614363445223643 -0.3682719598550042 0.8922033408070931
v -0.5499398126597578 -0.5408302120418014 0.7319992006399088
vn 0.0522611246369934 -0.9898661856147566 -0.1320367730148274
v -1.8148931120006195 -1.0958199372689497 0.0000001977864255
vn -0.7251422346212132 0.5705300981042467 -0.3855698986250252
v -0.9626932357540355 0.1997762921234952 -0.4429076701304394
vn 0.7583055142239560 -0.4316512265905591 -0.4885181323967488
v 0.5154242004545238 -0.5459777527169789 -0.7623069803136900
vn 0.2996453153931414 0.4852891032695189 -0.8214056069998616
v -0.5547002450727309 -0.8988038733621021 -1.9491409847778145
vn 0.4093537371522604 0.4116974818572460 -0.8142080209085888
v -0.3460949339810713 -0.5608455354468971 -1.6733764485091287
vn 0.2404889519052347 0.4850080955658445 -0.8407926089393950
v 0.7208259188813784 -0.0068159405565967 -0.9855498922371558
vn 0.3292522484010564 0.5502392436336402 -0.7673524168778832
v 1.0808178773671071 -0.3740815297469259 -1.0944390323731423
vn 0.2404888730013940 0.4850072508954832 -0.8407931187523630
v 1.5442907163690354 -0.8469215012775116 -1.2346292602332607
vn 0.7237299467573601 -0.4466740275719670 -0.5260202251427470
v 1.8100000196555155 -1.1180001080669142 -1.3149997626145598
vn -0.2948990040986821 -0.2864058197540026 -0.9115954606033552
v 1.0159520073168233 -0.8625799865737186 -1.1383757808446762
vn -0.3445875430165586 -0.5404850931971810 -0.7675514896275335
v 0.3624290587511301 -0.6523625684664094 -0.9930091782389456
vn 0.0131959354745930 -0.9941315315309470 0.1073702254020368
v 0.6584742963426183 -1.0429279485267573 -0.4783942543275562
vn -0.0426777809286317 -0.9986119780575337 0.0308662322778088
v 0.1928217728364432 -1.0125702548561846 -0.1400888149102925
vn 0.6992544707581801 -0.4316761964978443 0.5698235222433800
v 1.0783280138829645 -0.6659262660895693 -0.0746606633569240
vn 0.8737711181244601 0.4853463267150522 0.0310318590441655
v 1.6603758047912520 -0.8623646622186449 -1.1002005857049264
vn 0.7960242641187295 0.5876653647042617 -0.1448957903503135
v 1.1512227008387403 0.0075308338000850 -0.3692671075002125
vn 0.6070056683422542 -0.7946975013175289 0.0000002221229962
v -0.1373887532321133 0.8950601177116856 -0.0000001667379541
vn 0.4742947624195580 -0.8475290105840978 -0.2381996107463555
v -0.3219460806707623 0.7540940250635113 0.2339003579575923
vn 0.6070010467657587 -0.7947010313476672 0.0000004765886102
v -0.2698769086109368 0.7938646709227543 0.0514052984720040
vn 0.6070017357729174 -0.7947005050750359 -0.0000014656971908
v -0.3767494824866669 0.7122341924364937 -0.1140478844842540
vn 0.6070024397951286 -0.7946999673352093 0.0000004227369200
v -0.6383426439681780 0.5124259711626045 0.3106120686314144
vn 0.6070020255994166 -0.7947002837031237 -0.0000006162276386
v -0.6052164078398820 0.5377286976547860 0.1571478166057668
vn -0.4272518068766872 0.8506797732551061 0.3062675576930197
v -0.5941470478428083 0.5461839626784892 0.4316590294873031
vn 0.7311199755527501 -0.6822489145055732 0.0000019269321655
v -0.7240001138781675 0.4469996028446288 -0.4223473978413546
vn 0.6070021868840783 -0.7947001605118441 0.0000006292717430
v -0.5454305403982892 0.5833938240668696 -0.2280964081664542
vn 0.5480150074724112 -0.8364685000497061 -0.0000030997024156
v -0.7239999746216911 0.4470000686645227 -0.2638208822573523
vn 0.6070016793033555 -0.7947005482084797 -0.0000002197688438
v -0.6083461216443923 0.5353377060408269 -0.1353558464167520
vn 0.6070018631485058 -0.7947004077853242 0.0000002868208167
v -0.4793322275030159 0.6338801496443326 0.0246941318190085
vn -0.4848992118779434 -0.7838950066282401 0.3877903723707704
v 0.0588628960681288 0.9635897778855769 0.0000000009823021
vn 0.3327630133882750 0.8363886426634203 -0.4355718257008784
v 0.0861715209140007 0.8273450805152232 -0.2656962677385906
vn -0.3966511188486048 0.7056186828148542 -0.5871713245542395
v 0.1209604242654151 0.7576408540811519 -0.3729626284392440
vn -0.4914216359671763 -0.7944478131551516 0.3568717527016411
v 0.1920109907502850 0.8125229903446566 -0.1529471880172858
vn 0.1855929424922009 0.3000352187293648 0.9356998061446358
v 0.3912871294530734 0.7579627017972133 0.0000000489270143
vn -0.4914191208093889 -0.7944491940773125 0.3568721419960318
v 0.2865827918699835 0.5072543856195034 -0.7022929917388082
vn 0.5989007155261450 0.6724286164110432 -0.4349226238928043
v 0.3928659806619796 0.4470000100023061 -0.6900733992322273
vn -0.4437203768689929 -0.8362278825937587 0.3222346280647039
v 0.4711412524463015 0.4469999119209365 -0.5822866424760192
vn -0.4914197920789908 -0.7944497807976356 0.3568699115134679
v 0.3528240692100986 0.5028978656499419 -0.6207733943425490
vn -0.3966881723252800 0.7055766486822254 -0.5871968041224240
v 0.2135559565160050 0.5721142066853825 -0.6584643406018648
vn -0.4640247588337728 -0.8039540071152580 0.3719394811425359
v 0.1914712444365172 0.6163648113898952 -0.5903677145793723
vn -0.4914200454844400 -0.7944490281069561 0.3568712381741960
v 0.4832134124044205 0.4931780561413319 -0.4628634071203132
vn -0.4914208934093344 -0.7944481165589258 0.3568720998015215
v 0.2180735222068993 0.7014179164622714 -0.3643949788870628
vn -0.4914210186348115 -0.7944480192871816 0.3568721439039454
v 0.3990913358184899 0.6013919259589416 -0.3378015211496064
vn -0.4914183142248071 -0.7944502594557096 0.3568708809852727
v 0.6722191100816847 0.5286404199454372 -0.1236534380373686
vn -0.4914211146315060 -0.7944476809967974 0.3568727647959972
v 0.5876554770388844 0.5694135540477360 -0.1493327363428924
vn -0.4914214331412212 -0.7944482101741989 0.3568711481759774
v 0.4234656351092468 0.6718813541670686 -0.1473185654054543
vn -0.4698972840142496 -0.8140955531636972 0.3412403446181672
v 0.6053002080467207 0.4469995812436309 -0.3975464075909245
vn -0.7946537072211299 -0.1884272376679745 -0.5770794240869546
v 0.7926437998030952 0.1184574093021656 0.2468447008229066
vn -0.7946528064399603 -0.1884269125886261 -0.5770807706286991
v 0.7372175109052262 0.3028764986196401 0.2629515792136913
vn -0.9247258641150566 -0.0464435877932197 -0.3777897158334980
v 0.7358666681729344 -0.3845952496504235 0.4892830847380862
vn -0.7946530010142220 -0.1884266941985576 -0.5770805740037471
v 0.6843573540489878 -0.1532415906763568 0.4846717514748247
vn -0.7946527567070554 -0.1884272310830145 -0.5770807351179431
v 0.6635601607422816 0.0199495016472090 0.4567599068952820
vn 0.9512667972363406 0.0005431187763946 0.3083685870799903
v 0.7664572265792421 -0.2237249310513111 0.3946323476582802
vn -0.9866821439465266 0.1482783005108138 -0.0668722095844777
v 0.7772654795445022 -0.1668862175276521 0.3611903483450983
vn -0.7500014430951742 -0.2236314990131537 -0.6224843676786477
v 0.8102480819379677 0.0065637323083391 0.2591385385100983
vn -0.8953635022110682 -0.4452351895729174 -0.0094775985512593
v 0.3279320863185480 0.3433667111817883 0.8133259371528482
vn -0.7946525463808003 -0.1884288355394174 -0.5770805008556165
v 0.4057287432280234 0.3260008423789114 0.7118691521452306
vn -0.6881427901967543 -0.5260492479984425 -0.4997316169510381
v 0.4813948216646154 0.4469996383880269 0.5681666480505727
vn 0.5373410408007739 0.7476581261269745 0.3902203637785220
v 0.5496693317488799 0.4469999577411911 0.4741506824165392
vn -0.7946529656859932 -0.1884261802860251 -0.5770807904524932
v 0.6147556438422259 0.2325843992584004 0.4545360676866718
vn -0.7946533399719160 -0.1884268384877963 -0.5770800601380822
v 0.5012709125668807 0.3070857872823355 0.5864816939610082
vn -0.7946538015149218 -0.1884264088820344 -0.5770795648554049
v 0.5063869857809182 0.1453274010647836 0.6322527100025142
vn -0.3036057805166902 0.1874628426431386 -0.9341740804930337
v 0.2528460000000000 0.3138650000000000 0.8318090000000000
vn -0.2748438964480054 0.2038628591262494 -0.9396279940775226
v 0.3465967382961996 0.3061228233289754 0.7997862235951791
vn 0.7037893301965595 0.0968346341662970 0.7037781129925522
v 0.3886017932390674 0.2222987127153419 0.7693133746644044
vn -0.3036050963191588 0.1874618226536310 -0.9341745075393638
v 0.4488454169901339 -0.1350658652454245 0.6780214025794797
vn -0.3036060671411335 0.1874619634379139 -0.9341741637719894
v 0.0723366259685680 -0.0649588380664597 0.8144552843074853
vn -0.3036058463345693 0.1874624074638538 -0.9341741464305924
v 0.3226968233153443 0.0353751578674302 0.7532223184369794
vn -0.4899049218175798 0.0703828863583611 -0.8689300414226550
v 0.6686101847743794 -0.3364686487377392 0.5661824784578089
vn -0.3070535999006251 0.1145509224234400 -0.9447730801414728
v 0.4105096622694292 -0.4470000551903273 0.6278848072122807
vn -0.3036068605424382 0.1874608235764662 -0.9341741346534904
v 0.3186515839933647 -0.3287868136955472 0.6814604084274208
vn -0.3036060233918914 0.1874609556104459 -0.9341743802319676
v 0.5141228090579554 -0.3080905107878567 0.6220849212431414
vn -0.3605472829998033 0.2226209541472605 -0.9057845038948409
v -0.0884354323107166 -0.1432258533484004 0.8509998461660380
vn -0.3036084246263609 0.1874609568704282 -0.9341735995761831
v -0.0887430626693045 -0.2788261856797408 0.8238888125877085
vn -0.3036055173029884 0.1874609079154172 -0.9341745542813251
v 0.0938911212929565 -0.3772000407432834 0.7447923319496422
vn -0.3036068829162960 0.1874612469141894 -0.9341740424306532
v 0.1643434301967823 -0.2121951197599176 0.7550067185836655
vn 0.2549088987145796 -0.5655347422116781 -0.7843417040472161
v 0.1573904079438900 0.4469996071801792 0.8124522572810212
vn 0.3036065312789489 -0.1874621894848129 -0.9341739675661728
v -0.0054057019323191 0.2590711493496615 0.7972550040338559
vn 0.3036071476794557 -0.1874636351720861 -0.9341734771261772
v -0.2919918091753240 0.2862021672087198 0.6986702956855918
vn 0.2849975602865418 -0.1981149498580015 -0.9378309321372806
v -0.3047279157405440 -0.3896725716046188 0.8301599092757596
vn -0.7037891320884169 -0.0968334321191079 0.7037784764954573
v -0.3883845232427476 -0.2227323290478565 0.7694709860198661
vn -0.3206551413430771 0.1979863442961520 -0.9262730093241930
v -0.1832711759818986 -0.2968191695581237 0.8510001018344269
vn 0.3036062091406341 -0.1874617225871316 -0.9341741659540360
v -0.3108983573721433 -0.0655407170742947 0.7631103024173327
vn 0.3036066730789079 -0.1874616958986964 -0.9341740205297629
v -0.1202301551113156 0.0838072436779561 0.7951075018619829
vn 0.4899038999999936 -0.0703831651113985 -0.8689305949462811
v -0.6705677438175480 0.3403750657282408 0.5647623677857407
vn 0.3036050339868268 -0.1874632843191683 -0.9341742344820523
v -0.5331926384879828 0.3303273670652563 0.6114248741525359
vn -0.1268780265286495 0.9118553076551078 0.3904124284463856
v -0.2871070936314836 0.4470000840222469 0.6679896174687531
vn 0.3036065076832972 -0.1874622578163765 -0.9341739615225521
v -0.4839923836831420 0.1715236421918804 0.6592830473489896
vn 0.2402788027373901 -0.2230400524441131 -0.9447323599627641
v -0.5832177028250566 0.1660639697329931 0.6281305237895916
vn 0.9071174483117185 0.0715373984041804 -0.4147533430823654
v -0.7364550814489997 0.3815008525340453 0.4874624654022675
vn 0.7946533791141713 0.1884265586277130 -0.5770800976174332
v -0.6731632829100150 0.2146003199998917 0.5201210675389697
vn -0.9512664341145856 -0.0005441393547263 0.3083697054499415
v -0.7664572265792421 0.2237249310513111 0.3946323476582802
vn 0.9071163452909612 0.0715360334981844 -0.4147559909360159
v -0.7774519343290340 0.1659058298326948 0.3606133256386069
vn 0.7946531019331776 0.1884275034713155 -0.5770801707939254
v -0.6120415707787140 -0.0154171889084439 0.5291822216369985
vn 0.8752393667067586 0.3009272119361939 -0.3786804247423693
v -0.3258732842741491 -0.3474755381099652 0.8148195249666312
vn 0.7946532823042914 0.1884266569769960 -0.5770801988142459
v -0.4130189694978187 -0.3262207974330678 0.7017585101338691
vn 0.7946533363448873 0.1884251913955436 -0.5770806029347132
v -0.5138362226882285 -0.3311581379165758 0.5613185490249788
vn 0.7946537972885034 0.1884273976638960 -0.5770792478200669
v -0.4970365660703195 -0.1686844916134357 0.6375016693261869
vn 0.7818536190792890 0.1989647796865156 -0.5908620268530670
v -0.8751996450880449 -0.3481320133497608 0.0581702313253990
vn -0.8872308716805306 -0.0966893047872088 0.4510793263681811
v -0.8367585907119831 -0.1459775779983056 0.1771116011686406
vn 0.7946530423904052 0.1884262374945022 -0.5770806661493161
v -0.7225590747985652 -0.2873604346225078 0.2882029614941087
vn 0.7946530635344545 0.1884265360002709 -0.5770805395663975
v -0.6937254555231459 -0.0947875317455237 0.3907860943340230
vn 0.9881646585992014 -0.1533968953179835 -0.0000015255057893
v -0.7239998051532538 0.4470002000086384 0.4065844253985097
vn -0.6504958279311824 -0.2894498432911156 0.7021922571937648
v -0.7910542367457502 0.0943737838816089 0.3185256137118594
vn 0.9823961396991600 -0.1868095947858341 -0.0000003756157506
v -0.7807602796275991 0.1485077813831015 0.1649245326622725
vn 0.9823964186522188 -0.1868081277847312 -0.0000035858128933
v -0.7503053886157469 0.3086668886443270 0.3743732848654394
vn 0.9823962779371628 -0.1868088678170468 0.0000003491720700
v -0.7476891785253640 0.3224219891461640 0.1235931399770551
vn 0.9823962847911554 -0.1868088317732683 0.0000002048571367
v -0.8692864262571735 -0.3170353201811066 -0.0000000000007311
vn 0.9823962105687656 -0.1868092220959988 0.0000001320440579
v -0.8302197832973403 -0.1115910120428178 -0.0717604622708270
vn 0.9823963047484557 -0.1868087268201767 -0.0000006354287505
v -0.8178762282543832 -0.0466776006732536 0.1060043120742164
vn 0.9778305444152497 -0.0697849890733064 0.1974271554488253
v -0.7435748426074598 0.3440585570433775 -0.4654329619680100
vn -0.8481221639315938 0.5298007125774776 -0.0000006226370562
v -0.7240000342341589 0.4469999639238517 -0.0875515609640552
vn 0.9823963929296168 -0.1868082630850510 0.0000014228035591
v -0.7490798840097241 0.3151118366741562 -0.3640786856688117
vn 0.9139584603123173 -0.4058077535275290 0.0000006918708576
v -0.7240000577526960 0.4469999421415838 -0.0727752201158471
vn 0.9823963244528886 -0.1868086231969152 -0.0000008530146900
v -0.7605653677043263 0.2547079938988850 -0.2717750201792121
vn 0.9823961609046304 -0.1868094832702837 0.0000003645821486
v -0.7856791793331847 0.1226403985774579 -0.1050031560761062
vn 0.5877783490021061 0.0004396083216589 0.8090218904262614
v -0.6722415556981044 0.3437150160291044 -0.5635481795015772
vn -0.9362803167878391 0.2924839688987841 0.1945052604246955
v -0.7664571605480438 0.2237252782929292 -0.3946325519652613
vn -0.6434630654853377 -0.2935601546972752 -0.7069495872622913
v -0.7772654972151632 0.1668861246001353 -0.3611902936693417
vn 0.7946529781935945 0.1884269333987421 0.5770805273252567
v -0.7123589381862774 0.0592163291073467 -0.4154120594819918
vn 0.7946531872634635 0.1884255808127761 0.5770806810727482
v -0.6738186424340812 0.2699928139260251 -0.5373057114015919
vn 0.8085123867523466 0.2045729126870510 0.5517768062022542
v -0.6112037219604943 0.2219107963425565 -0.6078276768622060
vn 0.7946535587549456 0.1884271747148300 0.5770796490841512
v -0.5935912241336174 0.0500655990003708 -0.5759700755375913
vn 0.7946529807661892 0.1884273167315507 0.5770803986176957
v -0.7772293415976747 -0.3497451722398112 -0.1925510246064175
vn 0.7946531115585862 0.1884271912275386 0.5770802594928696
v -0.7528195632159125 -0.3087473731022554 -0.2395506261476584
vn 0.9730288124502749 -0.2219731215752906 -0.0627922243572308
v -0.8616120953055356 -0.2766777142294306 -0.1002120153139860
vn 0.7946529421381467 0.1884267695558216 0.5770806304719858
v -0.7409603912717667 -0.2484640923568718 -0.2755642360210139
vn 0.8809708402663213 0.1040592405789706 0.4615864524123079
v -0.8157773186526743 -0.0356409435142104 -0.2420301343170305
vn 0.7946518476214099 0.1884289880950162 0.5770814132489174
v -0.3936517633201826 -0.3481321420092151 -0.7212733110961774
vn 0.7946535716030108 0.1884290662640405 0.5770790137627954
v -0.4138175079145235 -0.3541042476230496 -0.6915545538841376
vn 0.7946537683321862 0.1884266729138176 0.5770795243379248
v -0.4894315455797053 -0.2060863541158952 -0.6357621473524091
vn 0.7946530756086023 0.1884262640791530 0.5770806117267866
v -0.6306295818408619 -0.1423621440605696 -0.4621366076556879
vn 0.7946526507235669 0.1884281271058691 0.5770805884912291
v -0.6065147087080121 -0.3335011985650039 -0.4329334995103808
vn -0.7037966087227372 -0.0968412615026905 -0.7037699223616636
v -0.6373130865445248 0.2740134611576963 -0.5888872401227705
vn 0.3036043830964725 -0.1874621375223824 0.9341746761501030
v -0.5259982956471262 0.2388382765751432 -0.6321223920455346
vn 0.3036062561636433 -0.1874600847384174 0.9341744793389304
v -0.3568570730565076 0.2988125270879890 -0.6750582390791987
vn 0.3036058877363029 -0.1874620189691744 0.9341742109349049
v -0.0759342134753053 0.2487294277709566 -0.7764088223440682
vn 0.3036046193376784 -0.1874641156267862 0.9341742024210957
v -0.2528460000000000 -0.3138650000000000 -0.8318090000000000
vn 0.2850023731493443 -0.1981170241804155 0.9378290313426743
v -0.3497070063338213 -0.2999166225523202 -0.7975298156447005
vn -0.0000004429804492 0.0000023523131383 0.9999999999971353
v -0.1385475487828433 -0.2243863530362023 -0.8510000465944795
vn 0.2441334335617839 -0.1507403957410884 -0.9579541741175067
v -0.0289645781321585 -0.0469089178239638 -0.8510000936347093
vn 0.3036055551519374 -0.1874624344462358 0.9341742356500604
v -0.3274329002570950 -0.0689574136510276 -0.7584220505905612
vn 0.3036068026736977 -0.1874622749918542 0.9341738622039972
v -0.1558483996824536 0.1065591172962607 -0.7789658228811708
vn 0.3053859005947343 -0.1542188854578793 0.9396573774978157
v 0.0160562535203318 0.4470001198606193 -0.7665181756854142
vn 0.3036075949505748 -0.1874601326122774 0.9341740346259443
v -0.1180972721427398 0.3660760345151453 -0.7391576157193479
vn 0.3036079783259964 -0.1874609706233109 0.9341737418648458
v 0.0830152641167271 0.3200581995919344 -0.8137530444341744
vn -0.5877821156106209 -0.0004407749139030 0.8090191532255451
v 0.3090492322119612 0.3810483632119138 -0.8270248726905804
vn -0.3036071602152863 0.1874636309109653 0.9341734739071147
v 0.2880757440113115 0.2976033907685985 -0.8170957882632578
vn -0.3036057784760307 0.1874629995352686 0.9341740496723313
v 0.2629275614129284 0.2282172918930595 -0.8113447594540604
vn -0.0000018612216324 -0.0000066182616121 0.9999999999763672
v 0.1373866726686955 0.2225062745030602 -0.8510000395816246
vn -0.3036060883187772 0.1874602906856633 0.9341744925611155
v 0.2131002494085236 0.1168185949008541 -0.8051848612168060
vn -0.4899029454645986 0.0703834620830098 0.8689311090588944
v 0.3876095319323318 0.2242791936911818 -0.7700332646335313
vn -0.3036053411371796 0.1874622002771034 0.9341743521956938
v 0.3542218040689832 0.0728345210650238 -0.7504937485253615
vn -0.3036061866355472 0.1874621587079519 0.9341740857512458
v 0.1156005685235977 -0.0272200982725778 -0.8079677044826497
vn -0.3036095969522438 0.1874592110278601 0.9341735689042525
v -0.1386008840157123 -0.3550400164649631 -0.8247990957782103
vn -0.3036051763046895 0.1874626156061344 0.9341743224211982
v 0.0714351582999221 -0.2128278349744253 -0.7850751911044644
vn -0.3036061994690102 0.1874636034869303 0.9341737916531798
v 0.1985501303423994 -0.3402591245549784 -0.7181913702604718
vn -0.3036043010557030 0.1874625057110773 0.9341746289281263
v 0.5871974650659190 -0.3658578638398878 -0.5867437556869142
vn -0.3036058716396879 0.1874636020018082 0.9341738984955709
v 0.4852138599602859 -0.1757164316344946 -0.6580445535201465
vn -0.2063062657509793 0.7446467645436597 0.6347747007927662
v 0.2845920120491988 -0.4469998890305378 -0.6688070805085274
vn -0.3036062273916588 0.1874612977729288 0.9341742452702780
v 0.3265004047735761 -0.1164646288105226 -0.7215162948599981
vn -0.7946539507779372 -0.1884260760332423 0.5770794679970260
v 0.4225415811600219 0.2633166286417302 -0.7091851952255084
vn -0.7946531758427368 -0.1884269058171334 0.5770802641636895
v 0.4002340943459875 0.3555147877407365 -0.7097988571587894
vn -0.7946548450068422 -0.1884275815573144 0.5770777450358082
v 0.4859086013829338 0.1189332954559297 -0.6690694956085653
vn -0.7946537528014108 -0.1884256330319962 0.5770798852629728
v 0.4738464359074881 0.3431938888181498 -0.6124558782021535
vn 0.7122284760150438 0.4745492368751816 -0.5172365220423544
v 0.5133700965643891 0.4470004256864908 -0.5241355646073326
vn -0.1575200818595755 0.9808677899285857 0.1143931925053440
v 0.5523171270310508 0.4470000974232678 -0.4705054273612380
vn -0.7946524332908035 -0.1884256974308801 0.5770816812312549
v 0.6097215852882418 0.1168395670867396 -0.4992610024462087
vn -0.7946522246693358 -0.1884259124109732 0.5770818983126812
v 0.5277479755423948 0.2336668090383766 -0.5739941927335294
vn -0.8085151554501284 -0.2045733766563262 0.5517725772189874
v 0.6689516359449235 -0.3371489586587572 -0.5659346535865003
vn 0.9831471593185229 -0.0950839763846722 -0.1561432052918032
v 0.7653336504762612 -0.2296336545711521 -0.3981088389185727
vn -0.7946536766751959 -0.1884262177010300 0.5770797991868000
v 0.6718204770375314 -0.1187718478512596 -0.4906804113502096
vn -0.2748303093396936 0.2038661686073928 0.9396312502070110
v 0.6002619685776520 -0.2000758082876652 -0.6157652545726289
vn -0.7587124048225249 0.3475326398934202 0.5509778135071606
v 0.7816357328136792 0.4469999447724760 -0.1547287468024709
vn -0.7946535006325406 -0.1884255413476353 0.5770802624421488
v 0.7246651400429769 0.3395591053201985 -0.2682590874975372
vn -0.7946547217889645 -0.1884241195343936 0.5770790451196369
v 0.8204425000000000 0.3419380000000000 -0.1355950000000000
vn -0.7747455992603309 -0.2046559916803278 0.5982350553888431
v 0.8616123707386295 0.2766791627068597 -0.1002111630886628
vn -0.7946527472401882 -0.1884265887168027 0.5770809578977377
v 0.7656279572291378 0.2369316486805415 -0.2453616946907718
vn -0.7946530421778110 -0.1884264282204354 0.5770806041669044
v 0.6439555966276622 0.2682652231878994 -0.4026772899432259
vn -0.7946530392691495 -0.1884268928926742 0.5770804564487660
v 0.7413324915307230 0.0332901889021390 -0.3453096572003929
vn -0.7913950340977641 0.4147220526777241 -0.4491096959854839
v 0.8752488481453826 0.3483918819843574 -0.0580173483575836
vn -0.9374552440353110 -0.0259814961003725 -0.3471348834258548
v 0.8630569990505557 0.2842741645357045 0.0957421364091581
vn -0.9730287775911977 0.2219737497875750 -0.0627905437516095
v 0.8501175681528228 0.2162299286856799 -0.1357774417840591
vn -0.9823960612119360 0.1868100075351244 -0.0000000278414065
v 0.8267038866255459 0.0931011925567141 0.0052575723693954
vn -0.9787538366908317 0.2030168267879511 -0.0287244704725379
v 0.8148021482583157 0.0305138319114394 -0.2450470915921939
vn -0.9823962185282905 0.1868091802376848 -0.0000004895534179
v 0.7869075144846533 -0.1161808792263214 0.1924731523279877
vn -0.9823962444839025 0.1868090437423318 0.0000000139358809
v 0.7699143286147636 -0.2055450157980336 -0.2776438218235143
vn -0.9881638741815854 0.1534019483584266 -0.0000015094706980
v 0.7239997994177265 -0.4470002075158389 0.4051091782139532
vn -0.9823963127447181 0.1868086847552999 -0.0000023616266105
v 0.7496988178303809 -0.3118567966261876 0.3688672198925881
vn -0.9823962782354443 0.1868088662475180 0.0000006815137704
v 0.7590185953508833 -0.2628421601632790 0.2257988154570013
vn -0.9823962853108197 0.1868088290401620 0.0000003824366090
v 0.7917579767010464 -0.0906733380169997 -0.0078783819644371
vn -0.9823961756058250 0.1868094059597880 -0.0000000066715199
v 0.7415314311375353 -0.3548056443365612 -0.0406643030117815
vn -0.1876135261371340 0.7947089595730660 -0.5772684248984054
v 0.0401020208634725 -0.8462542669515370 0.1986244782030879
vn -0.1876125666138542 0.7947089777281892 -0.5772687117511036
v 0.0768578372463606 -0.7240852965868063 0.3548653539300785
vn -0.1876116586205913 0.7947093229061745 -0.5772685316519867
v -0.0901262145924481 -0.5214274412482675 0.6881288933831251
vn -0.1876124211295851 0.7947092853616984 -0.5772683355232588
v 0.0122296300444854 -0.5869278011009992 0.5646906268904003
vn -0.2554333352573102 0.7707497515317964 -0.5836939538431084
v -0.1716974354934308 -0.6559830734254440 0.5294003778368773
vn -0.2387591028612135 0.6350466132476942 -0.7346495013294040
v 0.6049643533621226 -0.4470000869170319 0.5646865591823436
vn 0.2695269473047271 0.4546135101324547 -0.8489297857194336
v 0.5966653542519661 -0.5442593200487368 0.4334886929298792
vn -0.1876134427637569 0.7947088533481870 -0.5772685982316554
v 0.4364170243844989 -0.6034549726687745 0.4040776242243833
vn 0.2448248412443859 0.6104186683858664 0.7532926698141212
v 0.5364459809411024 -0.4469999840529120 0.5869555625289516
vn -0.1876120283668398 0.7947104471353219 -0.5772668637866346
v 0.4403432264051567 -0.5088562104993212 0.5330320322742829
vn -0.1876123890152978 0.7947091115152493 -0.5772685852899115
v 0.3463973291655263 -0.5614823453381415 0.4911163139715238
vn -0.1876109865685933 0.7947108083463565 -0.5772667050993324
v 0.2093568346770234 -0.4936479853979646 0.6290394106485776
vn -0.1876113063708167 0.7947090459429994 -0.5772690274198011
v 0.2563421416503127 -0.6202434503874854 0.4394891485408049
vn 0.4848991090773230 0.7838925780240918 -0.3877954101517470
v -0.0588627945313044 -0.9635898406933042 -0.0000000009817478
vn 0.6468182570429708 0.7180883506216048 -0.2568565028521498
v -0.0470907543339122 -0.9056453265834269 0.1452016359867274
vn -0.5039562553845137 -0.8147138839472213 -0.2868263934202231
v -0.3912871294535510 -0.7579627017969179 -0.0000000489270146
vn -0.5260652896510430 -0.8504441838831038 0.0000335226136045
v -0.4441303193656535 -0.7252751276081999 0.0000000501117073
vn 0.1629475957623096 0.8506154002359479 -0.4999015122168776
v -0.0861717749250433 -0.8273445715723057 0.2656970509432516
vn 0.4914205210981367 0.7944486164972774 -0.3568714995473828
v -0.2203671605821969 -0.7945820439761396 0.1538395370778083
vn 0.4914214919063801 0.7944477587355036 -0.3568720722228666
v -0.2395567264353915 -0.7035359216242969 0.3300970185813113
vn 0.4914207204846022 0.7944483437529356 -0.3568718321563246
v -0.7031467015453379 -0.5289551329255809 0.0803650881518568
vn 0.4699111093335698 0.8140830683769261 -0.3412510909973808
v -0.6969647493282036 -0.4470000221728966 0.2713224423960673
vn 0.4914206881030297 0.7944484705231698 -0.3568715945375042
v -0.6135062321997676 -0.5265566288963236 0.2091420802266672
vn 0.5212851368517633 0.8427270413072150 -0.1344356349597308
v -0.5622217675004879 -0.6522274522982631 -0.0000001195457801
vn 0.4914214613888007 0.7944483488264530 -0.3568708006175594
v -0.4579475125400431 -0.6625618610501085 0.1205827289336784
vn 0.4914202789550974 0.7944482527736793 -0.3568726426843933
v -0.4274171101764404 -0.6150014848055988 0.2684994835065956
vn 0.4914198701479007 0.7944485709169761 -0.3568724973877854
v -0.3285576055838000 -0.5752711651019478 0.4930763069656902
vn 0.5914732682730984 0.6823947999155267 -0.4295308021162017
v -0.4243824876053983 -0.4469997076301200 0.6466741462801192
vn 0.4914203665048077 0.7944484130895998 -0.3568721652408563
v -0.5678497710413086 -0.4903402678792623 0.3526346529855809
vn 0.2892358612001753 0.8428115495722323 0.4538846863504494
v -0.0187255207880601 -0.9624816051113146 -0.0577365166295051
vn 0.4914223080507386 0.7944471760513615 0.3568722455082518
v -0.0994104936917242 -0.8929411415422593 -0.1014370060155444
vn 0.3966845111408001 -0.7055957564706927 -0.5871763168517063
v -0.1207512673814970 -0.7580604422650737 -0.3723159358693469
vn 0.4914213256824089 0.7944481022731679 0.3568715363532178
v -0.1974871230169074 -0.7692605491316835 -0.2417148969413619
vn 0.4914209147521984 0.7944469131741444 0.3568747493059518
v -0.1797037919481897 -0.8576865016836279 -0.0693537766015656
vn 0.4848897096636463 0.7838916487413023 0.3878090412766925
v -0.3179377980139724 -0.8033338333437507 0.0000000047157736
vn 0.4914206252468251 0.7944480358911425 0.3568726486447589
v -0.4153317880774968 -0.7144333195406549 -0.0637913055180157
vn 0.4914205836689489 0.7944485619522418 0.3568715348111761
v -0.3592927164011271 -0.6738161271262988 -0.2313779106432793
vn 0.8035481331292242 0.1174395689137093 0.5835394977187924
v -0.4010193106939819 -0.4469998984334997 -0.6788451894783460
vn 0.4437307861705788 0.8362208851048515 0.3222384531971609
v -0.5114144942592169 -0.4470001367074132 -0.5268288247880144
vn 0.4914212143589338 0.7944480366200458 0.3568718358017976
v -0.3692965712379375 -0.5020504579190576 -0.5999786188393641
vn 0.5510720925711591 0.7699841010880252 0.3216271643703463
v -0.1897773587594194 -0.6197581687629778 -0.5851463783440641
vn 0.4914211444473804 0.7944482141008781 0.3568715369736740
v -0.2969435082766513 -0.6320055270199232 -0.4103112837045002
vn 0.6524521721289102 0.5914457775767992 0.4738122574088203
v -0.8135203835138276 -0.4470006604193777 -0.1108216904680097
vn 0.4914208085206564 0.7944478643939092 0.3568727780496310
v -0.6043126925998463 -0.5541453675807115 -0.1603847063564184
vn 0.4914209981059355 0.7944484606645410 0.3568711896025054
v -0.4876401732553713 -0.5538562055814794 -0.3216890179048891
vn -0.0133285091894693 0.6982347796485361 0.7157447473310207
v 0.0844147787286708 -0.9355229685622013 -0.0613287884570248
vn -0.1876105166484941 0.7947098884816293 0.5772681241783592
v 0.1969853917370982 -0.7737566992988463 -0.2474426891431158
vn -0.4250964306575504 0.8506851977623845 0.3092373181719557
v 0.2251771989291701 -0.8280074726000861 -0.1635952640606154
vn -0.1876140071346838 0.7947084347629879 0.5772689910634630
v 0.0250927105951280 -0.8345380767071293 -0.2196312109762157
vn -0.1876119763596466 0.7947095870290297 0.5772680647763018
v 0.0801617895876432 -0.7166599170705059 -0.3640141481105522
vn -0.2187513682746797 0.7842662395513815 0.5805810058707489
v -0.1359365422318772 -0.7276343834996849 -0.4191377689262756
vn -0.3053887571402948 0.1542332404970644 0.9396540930247049
v 0.4538582786831624 -0.4470002679001724 -0.6137959479636603
vn -0.1876111696963697 0.7947088610701796 0.5772693263475012
v 0.4305288230499016 -0.5292782346516373 -0.5081084632805598
vn -0.4003546067128369 -0.2995765024300966 -0.8660081455018538
v 0.5466945035589276 -0.5824279216140335 -0.3971844459040548
vn -0.1876125503970739 0.7947093136715696 0.5772682545378431
v 0.2943005503433910 -0.6516967817896272 -0.3838518445364353
vn -0.1876127701861761 0.7947093765823183 0.5772680964986824
v 0.1365775618139668 -0.5307274580566450 -0.6016467291740600
vn -0.1876121863519828 0.7947091215384676 0.5772686373568080
v -0.0354679414259214 -0.5306905557026728 -0.6576127470671611
vn -0.1876126809972769 0.7947091236599804 0.5772684736763301
v 0.0620324301667573 -0.6348241860868148 -0.4825667954964257
vn -0.6340186157373615 0.7708031556725350 0.0623128406008087
v 0.2198481423905196 -0.8320777646170727 0.1597240666144041
vn 0.0274802044499042 -0.7075872919858200 0.7060913981798428
v 0.3184393950407954 -0.7567724532310179 0.2313526988322532
vn -0.6070026687532331 0.7946997924538930 0.0000004383180002
v 0.1770966854604981 -0.8647312799669451 0.0063450837955017
vn -0.6070027490287626 0.7946997311384502 -0.0000000113177181
v 0.2683666008669168 -0.7950180112803089 -0.0132685015724951
vn -0.5497034703858985 0.8276177800588171 -0.1134676375721947
v 0.6736483695521924 -0.4854586327768321 0.4894186565785459
vn -0.6070028801602436 0.7946996309783652 0.0000001379261758
v 0.6441298851038874 -0.5080059203300761 0.2066425107158529
vn -0.6070019292483648 0.7947003572829414 -0.0000048091984380
v 0.6237264346049135 -0.5235906659753941 0.3880055027169667
vn -0.6070016898797920 0.7947005401297631 -0.0000007345637691
v 0.4903793172586883 -0.6254424167193265 0.1535826085937850
vn -0.6070030077552774 0.7946995335192421 -0.0000005880951034
v 0.6576433306883889 -0.4976841132775391 -0.2446057816882376
vn -0.6070018737214997 0.7947003997091469 0.0000008430592860
v 0.5479671238878490 -0.5814561877026814 -0.2361145944384441
vn -0.6070020336272606 0.7947002775715949 0.0000000070212623
v 0.5214780963234559 -0.6016887017129949 -0.0800298816261386
vn -0.5804362825082998 0.8143056686206673 0.0000004393943124
v 0.7239999963381694 -0.4470000107974508 0.0194574787971679
vn 0.7631588095072724 0.3323253108789319 0.5542098151608865
v 0.3751789807730351 1.2529545386341661 0.2311468465431628
vn 0.2833831200565253 0.3994877249318154 0.8718391852261697
v 0.0486618998287431 2.1380305524224945 0.1500414808491560
vn 0.2833827569668659 0.3994878857266045 0.8718392295667509
v 0.1454992333098428 1.4177144344381623 0.4486238451498509
vn 0.7631583189329142 0.3323255213319622 0.5542103644961253
v 0.2611829748877477 1.6421951859879269 0.1547180887357043
vn 0.9088200321790462 0.3957556040873446 0.1319986778098109
v 0.1291195365522156 2.2034878336886057 -0.0000002307603793
vn 0.7631595863388275 0.3323246579678946 0.5542091369561418
v 0.4265521013862986 0.5740853900179682 0.5674813026446394
vn 0.2833842174196741 0.3994881021864084 0.8718386556748562
v 0.1994588626033174 1.0163448929788306 0.6149973581140659
vn 0.7631592414099152 0.3323251762132333 0.5542093011719365
v 0.4189647025134855 1.0287798219763926 0.3052763765430646
vn 0.9143439680061566 0.3981605280372227 0.0737787373426562
v 0.6113788639447791 1.0960163880058518 0.0000002171336306
vn 0.7631589789529962 0.3323255183366673 0.5542094574307495
v 0.6482906199359370 0.7712907764784001 0.1438897457261922
vn 0.6886552094705899 0.5250238883691916 0.5001039083137747
v 0.7027867774090238 0.4470000551779739 0.2633043489819700
vn 0.7631588119397148 0.3323254198399404 0.5542097464741761
v 0.5273377602890189 0.6374049046847998 0.3907276332613364
vn -0.2914896354723763 0.3325884732201300 0.8968939178594556
v -0.1748952981536567 1.4609274640649819 0.3284709811253901
vn -0.2914897809411662 0.3325886719492374 0.8968937968889703
v -0.0311398040668547 1.7420180561739576 0.2709567338692604
vn -0.2914904452066039 0.3325892684285638 0.8968933598145370
v -0.2338592477646544 1.0848715645232812 0.4487580895787298
vn -0.2914904040656284 0.3325889007895639 0.8968935095145054
v 0.0105270786050608 1.3190408915133007 0.4413480880533063
vn -0.6246693839995621 0.3931567442620716 0.6746969209466244
v -0.6202652597224846 0.7411530628484010 0.4506349663134088
vn -0.7939747013509678 0.3977906959634244 0.4597463820625193
v -0.4724645694478726 1.1602629473749828 0.3432544707215958
vn -0.2914897532001970 0.3325885988586858 0.8968938330084025
v -0.3647519526061256 0.8127569466183204 0.5071245960686299
vn -0.2914892669758522 0.3325889558107376 0.8968938586647830
v 0.0890026876432464 0.7429709018628528 0.6804729350739103
vn -0.2914897151793482 0.3325892162564404 0.8968936164198010
v -0.0079637516438294 1.0313767616909804 0.5420113631198780
vn -0.2914919077189912 0.3325889393527292 0.8968930065256222
v -0.0894975489073217 0.7376321083903453 0.6244400684041890
vn -0.9430749146089796 0.3325803743988292 -0.0000000245131816
v -0.3623899259766196 1.4723950882280552 -0.0736088561858331
vn -0.9430751264657988 0.3325797736506485 0.0000000303847100
v -0.4754381526538883 1.1518304811834250 0.0117231862946563
vn -0.9430750219719325 0.3325800699562933 0.0000007116256936
v -0.6271935786323428 0.7215075320397717 -0.3168048384387099
vn -0.9430747400620022 0.3325808693485450 -0.0000005941011762
v -0.6793162604106905 0.5737059281539807 -0.0501406183189691
vn -0.9430752256440825 0.3325794924170085 0.0000000892859053
v -0.5476524880357955 0.9470569344896225 -0.1658081017888383
vn -0.9430750816506432 0.3325799007295934 -0.0000005712991142
v -0.5861286598794334 0.8379532058713297 0.2049606512866017
vn -0.9430752130459648 0.3325795281397885 -0.0000007899963924
v -0.6544484816910546 0.6442228724498168 0.1422291512599911
vn -0.5966422619177622 0.3900931502780949 -0.7013168651898857
v -0.1307029098611881 2.1293739897026320 -0.0949582893364642
vn 0.0704510112531425 0.3900381256195822 -0.9180996218148511
v 0.0820024311136863 1.8900319316719876 -0.2528417919531095
vn -0.2914907049799891 0.3325890743624750 -0.8968933473523935
v -0.0976212317385882 1.7260555756462785 -0.2552696261307605
vn -0.2914907949014782 0.3325883925593391 -0.8968935709561640
v -0.0690458575307166 1.4495358995998926 -0.3670967101122886
vn -0.2914903913241320 0.3325887276129862 -0.8968935778733614
v 0.0245671664133031 1.2188937998018770 -0.4830480985545201
vn -0.7416410903732659 0.3995880002475325 -0.5387930243870378
v -0.2726843401428790 1.7267649577983952 -0.1981115974518808
vn -0.2914903211203349 0.3325897240483129 -0.8968932311878773
v -0.0130402333790251 0.6041539072562325 -0.6987854340128403
vn -0.2914903801557635 0.3325887256947626 -0.8968935822144021
v -0.1573285032610452 0.9715076826811806 -0.5156690659979002
vn -0.2914907504020950 0.3325890807371090 -0.8968933302263254
v -0.2549577181395593 0.8133835322018080 -0.5425751185700765
vn 0.1087901393182999 0.3930948251014711 -0.9130395194434623
v 0.2281931952657652 0.8026068001221668 -0.7035954517567949
vn -0.2914889724892483 0.3325888852894343 -0.8968939805233916
v -0.0167768978922520 0.8991506540658265 -0.5881794892098516
vn -0.6575501689066557 0.3960909424481738 -0.6408898038519149
v -0.6206981247804473 0.7399264935757622 -0.4509492662677380
vn -0.8127496557129278 0.3960885939858391 -0.4272608370221152
v -0.4875407861573197 1.1175119840564820 -0.3542077178289997
vn -0.2914909082033337 0.3325887965865668 -0.8968933843104736
v -0.2965718661616416 1.1380150832438880 -0.4086696678961143
vn -0.2914900371045086 0.3325891117185797 -0.8968935505594062
v -0.2576001767225437 0.6199727146173220 -0.6134378518922965
vn 0.4828345759530252 0.3899351719389775 -0.7841054354799375
v 0.0456751697524398 2.1602485211123956 -0.1408324271752586
vn 0.8950639460532107 0.3897646383218623 -0.2166657776149312
v 0.3508709414603492 1.6942526809350362 0.0000001784947219
vn 0.7631595987480708 0.3323253862243904 -0.5542086831776394
v 0.4299914447549788 1.2765175921973708 -0.1415398724185627
vn 0.7631594469504986 0.3323257161334984 -0.5542086943801643
v 0.2254923934869232 1.6504336478149111 -0.1989249301395457
vn 0.7631591416438129 0.3323247631059627 -0.5542096862668899
v 0.2615209539279007 1.3609176909240790 -0.3229179408654446
vn 0.7631589910112084 0.3323252877352262 -0.5542095791038382
v 0.4512968880822789 1.0465033141648596 -0.2501269642217551
vn 0.7631588755716784 0.3323262008455065 -0.5542091905298608
v 0.7198647250202297 0.5942861288851832 -0.1514691324697704
vn 0.7631588900905072 0.3323253699036085 -0.5542096688025705
v 0.6429217090071007 0.7914751756353008 -0.1391798954430582
vn 0.7585603151306686 0.3480264555354628 -0.5508755163884879
v 0.8476797785145833 0.4469997660772332 -0.0637849313301576
vn 0.9043989128895956 0.3938300021299965 0.1641966375612018
v 0.7337223583448003 0.8150655718687703 0.0000001222054025
vn 0.3722228667394762 0.3976673887515618 -0.8386362652543475
v 0.1624674248265739 1.2915027041119493 -0.5009409486053170
vn -0.7992340714529851 -0.1560596426675329 0.5804052781971979
v 0.4308499329963764 0.4470000960247858 -0.6377679280068784
vn 0.7631592332214706 0.3323260589687939 -0.5542087831125438
v 0.3211988270545188 0.8133307975267746 -0.5690936915841750
vn 0.7631592362426159 0.3323250807672301 -0.5542093655205055
v 0.2771216699911277 1.0544381673953374 -0.4852112689105776
vn 0.7631582892990080 0.3323260567508959 -0.5542100842447851
v 0.4358327946794605 0.8616932706405838 -0.3822407078424301
vn 0.7631578990387575 0.3323237055627021 -0.5542120314968126
v 0.5375876094987196 0.5635068292752206 -0.4209267913941776
vn 0.5966422802415289 -0.3900931957626549 0.7013168243011626
v 0.3806324606799310 -1.4206658880556686 0.2765367240161278
vn 0.2914909696107511 -0.3325881754447625 0.8968935946865203
v 0.1210081455098797 -1.6697838447236339 0.2685359906905384
vn 0.2914908510986773 -0.3325890475184197 0.8968933098181517
v 0.2556225321851086 -1.1234961642265759 0.4273622814017451
vn 0.2914902790236127 -0.3325886694885600 0.8968936359248880
v 0.0762685445800866 -1.5011743628971939 0.3456004407625602
vn 0.2914905344098027 -0.3325890626523548 0.8968934071301425
v 0.4371688920621614 -0.7527788413622863 0.5058303728249395
vn 0.7416421480382134 -0.3995873902082761 0.5387920209503884
v 0.5263977963217223 -1.0073271402611288 0.3824382507250764
vn 0.2914902525175978 -0.3325883281850654 0.8968937711024034
v -0.0385201911608721 -0.9901749855295874 0.5723975400778926
vn 0.2914895371292937 -0.3325884564076757 0.8968939560552907
v -0.0605453373523721 -0.7512822799681649 0.6681419131425124
vn 0.2914903484246524 -0.3325880034381313 0.8968938603560135
v 0.1351637244603129 -0.9453474539257914 0.5325732211627336
vn 0.2914897110684430 -0.3325895732583476 0.8968934853710701
v 0.1732665920116762 -0.6634441338181054 0.6247256392460170
vn -0.1919955296879816 -0.3977129092829575 0.8971968336822849
v -0.0909618337218626 -1.8233891887146501 0.2804659832886345
vn -0.3722228376941772 -0.3976679188200565 0.8386360267960226
v -0.1718674401879632 -1.2215801847353891 0.5299246117760329
vn -0.7631592407036548 -0.3323251943730862 0.5542092912551284
v -0.2763931736741562 -1.3714538690359785 0.2961206498639830
vn -0.7631597323715901 -0.3323254270790765 0.5542084746764817
v -0.1997601706734091 -1.7585294373619553 0.1695403745429565
vn -0.9088207061503010 -0.3957546823336029 0.1319968010350911
v -0.1950428294856391 -2.0520995744101285 -0.0000000937444145
vn -0.9168426146738885 -0.3992488195566762 -0.0000007402362160
v -0.3378474025526100 -1.7241599165812451 -0.0000001346303619
vn -0.7544610123557912 -0.3613928694939581 0.5478902944148561
v -0.3924746203559967 -0.4470000649567388 0.6906121743621614
vn -0.7631586485620026 -0.3323259896692420 0.5542096297569868
v -0.3759484454363553 -0.7242616224993409 0.5471115099634627
vn -0.7631586097661938 -0.3323259035954705 0.5542097347928711
v -0.4391463779619429 -0.8214751463962532 0.4017942903105667
vn -0.1766905038967645 -0.3970743477297110 0.9006178036257845
v -0.2281957178636570 -0.8025898467161202 0.7036025335539327
vn -0.7631586001699836 -0.3323254881637972 0.5542099971159713
v -0.3832150625378757 -1.0292972835882794 0.3541942337059787
vn 0.8035499471438760 0.1174267575190290 -0.5835395779753429
v -0.8535805911581239 -0.4469999413860921 0.0556590519615039
vn -0.9088202992792667 -0.3957550918588347 0.1319983745572241
v -0.6603711577071448 -0.9835095503975185 0.0000000592817875
vn -0.7631590150253482 -0.3323251730328411 0.5542096148157596
v -0.4431080606451611 -1.1604727830509702 0.1930627139551390
vn -0.7631590634193627 -0.3323257928062111 0.5542091765359034
v -0.5981373025500857 -0.7112100078536786 0.2489790822656005
vn -0.7631585335464183 -0.3323256134306597 -0.5542100137431802
v -0.2734617820208159 -1.3190665777440134 -0.3315702834756081
vn -0.7631587565268567 -0.3323253537154336 -0.5542098624296520
v -0.4082457124606218 -1.1680383377091419 -0.2365321631911268
vn -0.9112491775796521 -0.3968129362260807 -0.1102924748296280
v -0.7426751031164647 -0.7945058123270430 0.0000000456511095
vn -0.7631593905666871 -0.3323252219012626 -0.5542090683831864
v -0.6139229405334916 -0.7944626616963623 -0.1773205905067745
vn -0.8950639165084033 -0.3897645544215553 -0.2166660505967756
v -0.5462950208755764 -1.2454773307719391 0.0000001199526468
vn -0.2833838263167745 -0.3994877308926820 -0.8718389529312627
v -0.1853508234488852 -1.1212860379084375 -0.5714975225081345
vn -0.7631586034308591 -0.3323258925041055 -0.5542097501675793
v -0.4003561340441544 -0.8623519177505053 -0.4306974212687942
vn -0.7631603665432760 -0.3323211592399841 -0.5542101605518667
v -0.4997435648117565 -0.5491088354322569 -0.4816726292852373
vn -0.2833831039445075 -0.3994877100479848 -0.8718391972831880
v -0.0651184630379754 -2.0156223899728638 -0.2007815813344338
vn -0.4065177625662994 -0.3959564311037857 -0.8233843655217427
v -0.1443070155043938 -1.4265817538122620 -0.4449484904030931
vn 0.2914904674447786 -0.3325886750414426 -0.8968935726288835
v -0.0345999877512665 -1.3827669700993102 -0.4255407434642478
vn 0.2914896596858950 -0.3325889744316097 -0.8968937241294150
v 0.1043788625688181 -1.2542732604240954 -0.4280211084249966
vn 0.7416413102156691 -0.3995879557393820 -0.5387927547857407
v 0.2849637233446232 -1.6919457863660763 -0.2070322484929772
vn -0.4065206496667884 -0.3959567375185973 -0.8233827927568812
v -0.2369168004811029 -0.7377194883954206 -0.7304920568006330
vn 0.2164810398489510 0.7137550710004738 -0.6661003362910317
v -0.1620114725309617 -0.4469995634042261 -0.8139541303376373
vn 0.2914892969420934 -0.3325893887902167 -0.8968936883668845
v -0.1101910720344591 -0.8294891721867242 -0.6552760761039670
vn 0.2914922229191314 -0.3325880136761883 -0.8968932473469687
v -0.0123551727337366 -0.6392167559633102 -0.6940367521240576
vn 0.2914899735183537 -0.3325886300356539 -0.8968937498440249
v 0.0648832414914766 -0.8699783762317117 -0.5833627958051750
vn 0.2880480871589497 -0.3626238255574475 -0.8863025784810468
v 0.6230637169883176 -0.4469998751548280 -0.5588045911297261
vn 0.2914890829691520 -0.3325869794347964 -0.8968946513500018
v 0.4195545852381153 -0.5881068809638054 -0.5726193339351241
vn 0.2914900917526728 -0.3325888429098310 -0.8968936324793025
v 0.3359404006902665 -0.9143114048446261 -0.4788295281542836
vn 0.2914901903579600 -0.3325888238746288 -0.8968936074913074
v 0.1405759917930157 -0.5973467405006194 -0.6598605099032236
vn -0.0001601544570882 -0.9999999871752566 0.0000001913466351
v -0.0000001788943282 -2.5000006586396117 0.0000001312088374
vn 0.7416419733562511 -0.3995876211994058 -0.5387920900871189
v 0.1856858231925272 -1.9734632053776755 -0.1349040378656307
vn 0.5966417236322491 -0.3900929183984188 0.7013174521117692
v 0.1853368008198334 -1.9744521559422337 0.1346514391850890
vn 0.8744759767345250 -0.3842412157322670 0.2960581940206820
v 0.2635110679990669 -1.7527782006393666 0.1914460566017143
vn 0.9430748485319678 -0.3325805617680676 -0.0000006653672278
v 0.3652670889001015 -1.4642364234038756 -0.0724341503517187
vn 0.9430750745777541 -0.3325799207860335 0.0000003454330968
v 0.4153682139038555 -1.3221676961145481 0.1348691825218175
vn 0.9430752002122019 -0.3325795645324816 -0.0000003167059019
v 0.5924335703843271 -0.8200742282929122 -0.2443322750311376
vn 0.9430751554294509 -0.3325796915197500 -0.0000005871463116
v 0.4606474237972599 -1.1937726032533993 -0.1176750892828284
vn 0.9430749504376986 -0.3325802728017856 -0.0000001482457306
v 0.6698615426686502 -0.6005163394449324 -0.0337314819331016
vn 0.9430751915235048 -0.3325795891705295 0.0000002577778192
v 0.6155095966219313 -0.7546396338630827 0.2083755062509471
vn -0.0524863641756437 0.9941195770786302 -0.0947177282488706
v 1.7803328599382544 1.0939951685600016 -0.0000002065001224
vn 0.2848264971014222 0.3161459549056241 -0.9049450821711473
v 1.8581448950539114 0.9889194461378338 -0.1637078233749867
vn 0.3174010103426304 0.2376408316450703 -0.9180323707628816
v 0.9842054581745332 0.6895757753765749 -0.5433519312812192
vn -0.0438812972604404 0.8311410760203075 -0.5543274695543658
v 0.9973524572151794 0.8366980304567088 -0.3238018087918126
vn -0.0438813465236207 0.8311416766420074 -0.5543265651003809
v 1.0356128193930332 0.9491467268316093 -0.1582287203333096
vn 0.6632353409779319 0.7073350685243025 -0.2445321723487666
v 0.2394939661553303 0.5201441111479929 -0.7384402825215639
vn -0.0438815082145078 0.8311411419995590 -0.5543273539277032
v 0.5669211886753182 0.6890002861862045 -0.5111814501131018
vn 0.1724647991832484 0.5406994999246190 -0.8233467943849353
v 0.5170343827633657 0.5295593375114930 -0.7462936962783204
vn -0.0438816866650764 0.8311419181051587 -0.5543261761309001
v 0.5171488874493434 0.6238480088753928 -0.6049288227587275
vn -0.0438812673535747 0.8311406201929382 -0.5543281553743611
v 0.6118077516635235 0.8076097714529814 -0.3368959795687260
vn -0.0524004292622583 0.9925132137378924 -0.1103254982713049
v 0.3308767315935486 1.0174691945770176 -0.0000000235906446
vn -0.0438812345778404 0.8311415008349653 -0.5543268375622146
v 0.6268385283973127 0.8913379375746663 -0.2125465613236572
vn -0.0438796344922649 0.8311409737111582 -0.5543277545778247
v 0.2882948660336304 0.8190664315827448 -0.2941082546179895
vn 0.4278683591103412 -0.1116481565368805 -0.8969188126102274
v 1.3957302383425840 0.4904281858051940 -0.3222474553254528
vn 0.6323592408599655 0.0355622122326648 -0.7738585914494502
v 0.7046644699482018 -0.4084148046027243 -0.5400272657230417
vn 0.4278687452994567 -0.1116498541551314 -0.8969184170608865
v 0.8166972393452691 -0.1273187850977751 -0.5215731908645569
vn 0.4278684378733947 -0.1116486632281188 -0.8969187119639969
v 0.7764998613124412 0.0160808728731815 -0.5585998687863388
vn 0.4278682888848964 -0.1116483899826132 -0.8969188170514659
v 1.0057353504349917 0.0411190437233901 -0.4523616560300850
vn 0.4278680045377456 -0.1116478161307819 -0.8969190241298903
v 1.1032466422060403 0.3117572819741077 -0.4395332337270967
vn 0.4529416967758141 -0.0952737611418392 -0.8864348423656044
v 0.3301442262561405 0.3389542623678291 -0.8117211344085774
vn 0.4278683442607025 -0.1116484785079102 -0.8969187796152301
v 0.6609455245722200 0.4520101599208382 -0.6679885946262584
vn 0.4278686589898447 -0.1116486057882363 -0.8969186136321261
v 1.4732817737890929 0.6437756987780197 -0.3043404434830764
vn 0.4278688713258390 -0.1116478768499797 -0.8969186030768034
v 0.6837431132851332 0.2684236253620174 -0.6342596629033878
vn 0.4278681841544936 -0.1116487717656302 -0.8969188194878970
v 1.0864481633186083 0.5062259493904225 -0.4717542823088238
vn 0.6892422904159389 -0.4843557443279284 -0.5388363184110078
v 1.9589925677882734 0.8321289960945354 -0.0960820868762447
vn 0.7194097310082428 -0.6945859478355343 0.0000002450097791
v 1.7632774410169789 0.6294187839370419 0.0268434781839304
vn 0.7110516037185509 -0.5319826720429036 -0.4597826154775421
v 1.5993865961193434 0.4596713777246257 -0.2212658114757284
vn 0.7194094986255816 -0.6945861885232665 0.0000001041780378
v 1.3731377303643828 0.2253367490634417 -0.1440929058864046
vn 0.7194092409473102 -0.6945864554104205 -0.0000000532826953
v 0.8616310972072448 -0.3044503938316628 0.2759381049880645
vn 0.7194092413570951 -0.6945864549854462 -0.0000008715821665
v 0.8810844706101654 -0.2843018304091176 0.0675500858690429
vn 0.6892426895131649 -0.4843560365477867 0.5388355452384131
v 0.9362768958155420 -0.2271368294735850 0.4521034767226264
vn 0.7194095390106826 -0.6945861466941186 0.0000010264524657
v 1.3872499757863690 0.2399532913321072 0.1660011539638069
vn 0.7194096045289664 -0.6945860788350685 0.0000000047663022
v 1.1724354664657359 0.0174618056730142 0.0230331382651930
vn 0.7194093632975909 -0.6945863286870174 0.0000009194484810
v 0.9092730254514557 -0.2551057933697345 -0.2698326239788484
vn 0.2699286844602485 0.3497222325448048 0.8971247769231642
v 1.6905264569047309 0.9315067585076438 0.2365218591874860
vn 0.4278680799463621 -0.1116475770155586 0.8969190179216674
v 1.1642655684394820 0.6169620807947532 0.4484163530619417
vn 0.4278681867643012 -0.1116477494667380 0.8969189454984445
v 1.4616717658530596 0.6926209452704214 0.3159592049686256
vn 0.7179295067885830 -0.5495421418777580 0.4272945793977593
v 1.9422176244956164 0.8147545731853167 0.1019214131041857
vn 0.4278682808425870 -0.1116482233866857 0.8969188416258217
v 1.3634849391708714 0.4439835924801734 0.3318479753704733
vn 0.4278696980130705 -0.1116489705993545 0.8969180725608713
v 0.5793470978463127 0.2292396748742574 0.6791835109667094
vn 0.2974173794127383 0.2866777077845983 0.9106913825674579
v 0.4584171652128399 0.5094823428951614 0.7717563878242402
vn 0.4278675056538465 -0.1116464849079445 0.8969194278268565
v 0.5124723016477731 0.4031828974077638 0.7327385345689923
vn 0.4278681769145202 -0.1116497931125705 0.8969186958034518
v 0.6943949026255669 0.2907527454257923 0.6319582830795275
vn 0.4278680722012897 -0.1116464312643368 0.8969191642376082
v 0.7332431000952913 0.4746399342731643 0.6363163042730750
vn 0.4278684768672037 -0.1116480008740442 0.8969187758120400
v 1.0622068288452922 0.5067833692285181 0.4833877100947352
vn 0.4278677426777043 -0.1116476337114972 0.8969191717554650
v 0.8962193300062469 0.0051961631119950 0.5001337884789991
vn 0.7037892733657426 0.0968352978335527 0.7037780785082804
v 0.6193797556393673 -0.2382272371353618 0.6018962002402218
vn 0.4278691334824680 -0.1116476461729616 0.8969185067312410
v 0.6424527431972824 0.1228275977860216 0.6358329709026902
vn 0.4278681409380088 -0.1116481874095742 0.8969189128446388
v 0.9956689363411021 0.3159127737277480 0.4913697230785309
vn -0.0438820172368654 0.8311420964768623 0.5543258825161147
v 1.5041591621919430 0.9669672765555997 0.1685993981243544
vn -0.0438805217400332 0.8311410316203466 0.5543275975169274
v 0.3077688611069531 0.9038388464688406 0.1685443775452106
vn -0.0438809450883024 0.8311411288124682 0.5543274182777664
v 0.6414032149067690 0.8334146087230001 0.3005474024631785
vn -0.0438810869132921 0.8311415299636579 0.5543268055767988
v 0.9373281042653322 0.9603301254941859 0.1336799235102853
vn -0.3868893251349971 0.7108360452269087 0.5873914937269304
v 0.2418147088503808 0.5154946653846690 0.7455948603044315
vn -0.0438805900813857 0.8311411774187782 0.5543273735014685
v 0.4952802290137517 0.6383376384902794 0.5814722135222119
vn -0.0438816092268284 0.8311415115863299 0.5543267917841016
v 0.9920971979612210 0.8464167708064696 0.3088134903772045
vn -0.0438810463921625 0.8311409880355792 0.5543276213348656
v 0.2940825533675924 0.7211905702320294 0.4413185721489414
vn -0.0161365091411925 0.9986117288663001 -0.0501420785707505
v 0.5459075904631661 1.0933580357762005 1.6836099380596421
vn 0.5140163213612670 0.8309786551006253 -0.2127479638948082
v 0.6364445397139077 0.9626863603801381 1.3919607731251329
vn 0.9003663719014016 0.4322522258130355 -0.0499840937577482
v 0.7853927074434306 0.8042339869779911 1.1329259357762920
vn 0.8560780905011844 0.5107746921569495 -0.0789906122005599
v 0.8387956919010272 0.6285795906737535 0.5758585077034334
vn 0.5140166115372143 0.8309785024902098 -0.2127478588915261
v 0.5660394272762100 0.9247296417270149 1.0735996225932984
vn 0.0740713344256192 0.9941076283928759 -0.0791420279465965
v 0.4093151908149561 1.0699990488652873 1.2623514023975775
vn 0.1160709989781164 0.1876476849459601 -0.9753542277196751
v 0.7756540387366381 0.5202051534264693 -0.0000000015229063
vn 0.5140193212424323 0.8309769812202551 -0.2127472539694482
v 0.6648006608195208 0.6158595368242410 0.1057907309114805
vn 0.5140176415168920 0.8309778967925757 -0.2127477361844289
v 0.6175312374704651 0.6914607346911477 0.2868738889705578
vn 0.9292787525975996 0.3683856604478828 -0.0270740677960709
v 0.8696981200443263 0.5269320341857411 0.2534960274836415
vn 0.5140174889663264 0.8309778951633667 -0.2127481111234914
v 0.7371887574990350 0.6401682389955964 0.3756338907146690
vn 0.5140170195776298 0.8309783304881616 -0.2127475448592489
v 0.5791351494647472 0.8202322705957057 0.6970798836088756
vn 0.5140161418789988 0.8309790346258459 -0.2127469151365689
v 0.2200099414152693 0.9325893682989861 0.2682615774830329
vn -0.0161375943701118 0.9986117247911870 -0.0501418104730609
v 0.2175562838338138 1.0372052842177941 0.6709567112461934
vn 0.5140181198097583 0.8309775530127440 -0.2127479233651728
v 0.4572125148933147 0.7649186937087931 0.1864527220284799
vn 0.5140163943664583 0.8309787418364499 -0.2127474487236367
v 0.4518838341780903 0.8437887823964662 0.4816393266264792
vn 0.5140170361228419 0.8309782609487432 -0.2127477765009348
v 0.4149285695915096 0.9662114807085224 0.8705276985453569
vn 0.9853267789257835 -0.1111666865831975 0.1295110285877358
v 0.7328499201016208 0.7466166516995657 1.4832153330893232
vn 0.9853267498003718 -0.1111666382025852 0.1295112917029664
v 0.7857943207678683 0.6291187686974833 0.9795568862727639
vn 0.9853267024526985 -0.1111667575284584 0.1295115495015813
v 0.7586568637642821 0.3405784385677217 0.9383501359003754
vn 0.9831486152113819 -0.0950909637660630 0.1561297826104409
v 0.7565081598817557 -0.2760441069433130 0.4254155654356886
vn 0.9647857950089281 -0.0296810932293091 0.2613568488746823
v 0.7892633119529440 -0.1037923560126682 0.3240678229377882
vn 0.9853267270457670 -0.1111670255211329 0.1295111323634394
v 0.7459552585113741 -0.0763340124686329 0.6771262418808368
vn 0.9853268012947114 -0.1111669940892953 0.1295105944526661
v 0.7862579781563823 0.2601227337537598 0.6593009600221897
vn 0.8575386496432814 -0.3587587314534113 0.3686728047658475
v 0.7139748683378090 0.0144605334778845 0.9983701028917960
vn 0.9853268090488947 -0.1111663071697445 0.1295111250810714
v 0.7428530264102334 0.4743210282333683 1.1733849157051928
vn 0.9853268706791457 -0.1111661074946170 0.1295108275864900
v 0.8373335024497575 0.4476286219898564 0.4316601741367345
vn 0.9853268673266073 -0.1111664983925415 0.1295105175631514
v 0.8019418072028699 0.4200894419668879 0.6772890904126372
vn 0.9853268048658277 -0.1111659365986234 0.1295114749860025
v 0.8088323920070949 0.1458127297916837 0.3894307715760615
vn 0.7256004088525346 -0.4844615029099095 0.4886727932587471
v 0.6935358965528287 0.9552396788739937 1.9613918102041019
vn -0.2177169880377139 -0.5328529654824448 0.8177206309592235
v 0.4647885362754005 0.7531391370479933 1.8302827358362548
vn 0.7256005718071999 -0.4844617544769249 0.4886723018979124
v 0.7007269066254779 0.6242504047936672 1.6225768290128537
vn 0.2222142598048573 -0.6950730131490122 0.6837355695964140
v 0.3830865784459195 0.3464440232749564 1.4433974592966361
vn -0.3053819364670513 0.1542265531753071 -0.9396574073433881
v -0.2057207187583260 -0.4470001258755264 0.8281596524309683
vn 0.2222142232764952 -0.6950726479996401 0.6837359526720768
v 0.0442926708246331 -0.3181517855007613 0.8778896577922922
vn -0.1846912652841842 -0.5503857344480764 0.8142264303274482
v -0.1682773192125644 -0.2724797925007192 0.9934039359124860
vn 0.2222145922894997 -0.6950722038532132 0.6837362842531093
v 0.3101527588348664 -0.2834164000087018 0.8267958566460348
vn -0.2996444328593985 -0.4852899990861529 0.8214053996920956
v -0.0020676509071135 -0.0032067907863026 1.2131239228002335
vn 0.2222138952721129 -0.6950730620239225 0.6837356383842244
v 0.0984887303071536 -0.0673381286844144 1.1152480041474344
vn 0.2222138188449806 -0.6950731473832660 0.6837355764482719
v 0.3728734901104422 0.0972600789622249 1.1934009277214634
vn 0.2222140239928543 -0.6950723458924720 0.6837363245553354
v 0.5894250709376053 -0.3445510220077219 0.6738843666592698
vn 0.2222142793719337 -0.6950731694518625 0.6837354043424653
v 0.5323660466831270 -0.2774860919185863 0.7606061014986680
vn 0.2222149511658053 -0.6950727802653572 0.6837355816487578
v 0.5170936807100860 -0.0245631095898397 1.0226859867913241
vn 0.2222136321262776 -0.6950731688682642 0.6837356152904985
v 0.3391139848289250 -0.0592539456772032 1.0452634158029170
vn -0.2996451315096966 -0.4852882170177611 0.8214061976794789
v 0.5760231475618033 0.9333484522757068 1.9773291717594375
vn -0.7210331936438127 -0.1127889656691944 0.6836591130724999
v 0.2365919989518535 0.7563424386789462 1.5901396404601122
vn -0.7210333812100316 -0.1127881408555579 0.6836590513283476
v 0.0999874817083912 0.5176245411776460 1.4066839848326649
vn -0.7210332026962014 -0.1127887718155563 0.6836591355068672
v -0.0719499360424974 0.3494576100437574 1.1976035647052157
vn -0.4769107184548105 -0.3599347189119035 0.8018747812125816
v 0.2299419699055081 0.3726683712300635 1.5198286830374614
vn -0.7210328561410114 -0.1127889023416413 0.6836594794732997
v -0.5418958785867064 0.4045173625671177 0.7110505979982098
vn -0.7210327330959737 -0.1127889343975902 0.6836596039562427
v -0.4691486071846417 0.1888163636725945 0.7521885042779038
vn -0.7442370883945940 0.4933237536784233 0.4502697306221766
v -0.4919560898909733 0.5571143912651958 0.7888952577454087
vn -0.7210331061169599 -0.1127889029511927 0.6836592157313431
v -0.2864280122950689 0.2583924758421389 0.9563767675767629
vn -0.7210330826586824 -0.1127886255248449 0.6836592862412783
v -0.1391354500320761 0.5459222322603243 1.1591574713027251
vn -0.7210330175657610 -0.1127890397122987 0.6836592865607770
v -0.2057793440261153 -0.1122743234728252 0.9802821000993159
vn -0.7210323399771962 -0.1127901395087968 0.6836598197470690
v -0.2068837742779801 0.1226823700251657 1.0178800488370126
vn -0.6338136420354643 -0.0367440702752477 0.7726125422676932
v -0.4664710484580075 -0.0669084512844060 0.7128240177177569
vn -0.5408752694134128 0.8311062955408742 0.1292914090312771
v 0.1944025773749948 0.9150762717875603 1.3591591023089094
vn -0.5408756047309311 0.8311060418058112 0.1292916373197698
v -0.0571412599898707 0.8009427138947540 1.0405208670295734
vn -0.5408757443666978 0.8311057684262869 0.1292928104896845
v -0.1470805332264057 0.8600467198223549 0.2843459142102142
vn -0.5408756439286065 0.8311059198486543 0.1292922572984841
v 0.0218548482484361 0.9377824657474736 0.4913695461616268
vn -0.5408758866680928 0.8311056815964253 0.1292927733446286
v -0.0989233470116417 0.8136409868170401 0.7841080454718670
vn -0.5408758105781660 0.8311058429061773 0.1292920547389682
v 0.2195870341221955 0.9794414310746615 1.0507644809658847
vn -0.5257239629385639 0.8363018093425826 0.1556071929008880
v -0.6351188996140069 0.5148881886403165 0.4614265515090826
vn -0.5408752951909414 0.8311059956044902 0.1292932292209510
v -0.4684801445989852 0.5941341109171888 0.6491343372470161
vn -0.5408763625238104 0.8311055242610764 0.1292917940386509
v -0.2918381064950721 0.7377574610969839 0.4648644712132674
vn 0.3613714619683870 0.8310402960678036 0.4228270246641859
v -1.0235895309563934 0.9465945141892054 0.9797784316798898
vn 0.3613712477474509 0.8310400162639688 0.4228277576856007
v -0.8014716992399323 0.9559515623822031 0.7715537530441946
vn 0.9473557976686732 0.2997863592201014 -0.1124505733605131
v 0.2271291909340435 0.5449197206709948 0.7003137582550610
vn 0.3613707550527114 0.8310397638372992 0.4228286748954940
v 0.0436227409138682 0.7173606522231653 0.5182264467739294
vn 0.3259972921182993 0.4319644328849201 0.8409117041960740
v 0.0004900118001439 0.5356230085387660 0.9122832913428128
vn 0.3613699580895265 0.8310403839247150 0.4228281372811371
v -0.0530412604331509 0.6394823923960505 0.7539039196149042
vn 0.3613714408517916 0.8310402539935137 0.4228271254059942
v -0.5885501122261042 0.8212897119273954 0.8542485332409330
vn 0.3613708657223845 0.8310400088795372 0.4228280986979849
v -0.3585591203506692 0.9358694753828926 0.4324882113852386
vn 0.3613699787547878 0.8310400381580321 0.4228287992001737
v -0.0096863618675205 0.8300659587351331 0.3422718177067081
vn 0.3613710391400645 0.8310397760249418 0.4228284081459575
v -0.3470226935025883 0.8310384980857192 0.6286662164703073
vn -0.2404891217896998 -0.4850077865153801 0.8407927386224684
v -1.3245882162363447 0.6227791167920222 1.1681741075331609
vn 0.3259978059349669 0.4319643744322652 0.8409115350302490
v -1.1010190171028149 0.8899437668454989 1.1572975279313737
vn 0.1813147387538845 -0.1119524996524939 0.9770320380274994
v -0.7144671190606428 0.6111012294131003 1.0536114235608594
vn -0.1890416723403326 -0.4448480577986324 0.8754275821514621
v -0.4906893784574371 -0.2279719599856600 0.9159384828592575
vn 0.1813142395077831 -0.1119523880770719 0.9770321434607743
v -0.3093926597550665 -0.1378789542912517 0.8926172285653921
vn 0.1813148326463660 -0.1119527649820692 0.9770319902005716
v -0.3756363363597566 0.0964336928391457 0.9317591408796417
vn -0.2404884810151801 -0.4850084950229295 0.8407925132008517
v -0.7837277527774171 0.0709886796310020 1.0045760191924171
vn 0.1813149301071779 -0.1119532137127846 0.9770319206963550
v -0.6523536183400077 0.3765302133208820 1.0152064022802672
vn 0.3534492017332138 0.6060376728466875 0.7125952574110533
v -0.1835619436095747 0.5948263949828924 0.9532223621386995
vn 0.1813148582323788 -0.1119518764579594 0.9770320872631124
v -0.2770049467660412 0.4725606106556040 0.9565539935170014
vn 0.1813144368512442 -0.1119535047504047 0.9770319788847330
v -0.0909345515731408 0.3477128435176456 0.9077177876827521
vn 0.1813143417412783 -0.1119528483078336 0.9770320717533740
v -0.2204201720427550 0.2482868465688152 0.9203545381724070
vn -0.8314015784862122 -0.5504545417682002 0.0759684983226289
v -1.6154270751809452 0.7855689828004941 1.0356729404707328
vn -0.5815727652796120 -0.6952706563612223 0.4223408967742298
v -1.2600273101264696 0.4411563592633710 0.9580830848973897
vn -0.5909751212245012 -0.6830541181694344 0.4291683559460814
v -0.7289019609939618 -0.4470002851568138 0.2273435810880341
vn -0.8519796293322965 -0.5227874207811714 0.0287058160617886
v -0.9913321564082490 -0.2807070625113423 0.1397284808943142
vn -0.5815733306683664 -0.6952701179144097 0.4223410046284705
v -0.8720511476930477 -0.3108797317654354 0.2543088737515732
vn -0.5815725816238999 -0.6952708009257068 0.4223409116856174
v -1.1716450691278255 0.2032607674063594 0.6881563570223409
vn -0.5815725887059449 -0.6952709053512063 0.4223407300249171
v -0.9382093391353603 -0.1108242549059016 0.4925456452678860
vn -0.5815728800874608 -0.6952709202402905 0.4223403042748770
v -1.0233655438926275 0.1674813584093234 0.8334393450283717
vn -0.5815737639737211 -0.6952704988709509 0.4223397808130055
v -0.5349594857516089 -0.3206431258542760 0.7024191806970503
vn -0.5815726516298740 -0.6952708513682905 0.4223407322456712
v -0.8375151930126332 -0.0523613062985875 0.7274479989836200
vn -0.6886624291257584 -0.5250075904973528 0.5001110762928311
v -0.4608090568091481 -0.4470003979162478 0.5965140208181139
vn -0.5815736151114289 -0.6952695084135881 0.4223416163209007
v -0.7129930235905563 -0.3271611898818786 0.4465323020216473
vn -0.8732609353190429 -0.1128344927608007 -0.4740081392646367
v -1.3748477113926731 0.7118192200520856 0.6100117902398341
vn -0.7218955109063451 0.3934677303028518 -0.5692539121899729
v -0.8651609692794356 0.5342182241227829 -0.2867021822368946
vn -0.8732612622327612 -0.1128336610992785 -0.4740077349649240
v -0.8508728121238784 0.2249701699325992 -0.2394103163025347
vn -0.8732606407790934 -0.1128352307294902 -0.4740085062235803
v -1.0283058630436370 0.5016830374255740 0.0216027882739016
vn -0.8732605789539628 -0.1128346999154908 -0.4740087464804535
v -1.1763912367246316 0.4933623494616761 0.2963995999655496
vn -0.8732608546866754 -0.1128334521599850 -0.4740085355197284
v -0.9558173406270207 -0.2173905292296174 0.0592295310629821
vn -0.9511232564368316 -0.0008341565625036 -0.3088103872084394
v -0.8515447352612674 -0.2237352318705881 -0.1313614692795404
vn -0.8732603306952003 -0.1128338656182895 -0.4740094024423392
v -1.0991915103377436 0.1865307342562701 0.2272141856067004
vn -0.8732606679735959 -0.1128346523942257 -0.4740085937927531
v -0.9444144574808319 -0.0008017855532024 -0.0133371341418770
vn -0.8732608866975584 -0.1128348544450506 -0.4740081427428841
v -1.2769658852076979 0.4126403224613923 0.5009024770106956
vn -0.8732605508773422 -0.1128336226364265 -0.4740090546436233
v -1.0228500928949964 0.2327977160046049 0.0755588532727946
vn -0.2903334488291091 0.8311646633143125 -0.4742064855615123
v -1.1774865655004361 0.9647976792769414 0.6592168245656191
vn -0.6992543517013439 0.4316766080419965 -0.5698233565729731
v -1.5212425945105701 0.9395875547050854 0.8254953100576057
vn -0.2903321493551672 0.8311653165435677 -0.4742061362169829
v -1.1934755040217273 0.8757769206091851 0.5129754912089214
vn -0.7965874826583804 0.2368022938474075 -0.5562131390938106
v -1.2843697381130565 0.7932325509077273 0.4239446873734171
vn 0.1470507337664402 0.9825095304248940 0.1142414299761948
v -0.2567550736821482 1.0167385522071315 0.1865378453609801
vn -0.2903334484224270 0.8311642042353894 -0.4742072904594507
v -0.3877654838150523 0.8211284484361151 -0.0761074100512520
vn -0.2903325958793648 0.8311656432018156 -0.4742052902813944
v -0.2869672279195965 0.9548333144024795 0.0965302799309548
vn -0.2903339669206150 0.8311648714090920 -0.4742058036207978
v -0.6834370236368534 0.8696900096512336 0.1900344071780736
vn -0.2903337388874671 0.8311646496676709 -0.4742063318919749
v -0.7924658109928546 0.9740597642181541 0.4397222748663922
vn -0.6236716581061019 0.5403521366292030 -0.5648479718609607
v -1.0633576598059824 0.6566768064360969 0.0492831174267761
vn -0.2903342123892642 0.8311645675830518 -0.4742061858630529
v -0.6874925935268670 0.6757599519964353 -0.1473929289950954
vn -0.2903336811789498 0.8311646525951127 -0.4742063620930506
v -0.9753436709772625 0.7946900030200053 0.2372992441517066
vn -0.6462857909410589 0.5104077534151675 0.5672729516567587
v -1.3151886312403100 0.8122741805056357 -0.4761904761904762
vn 0.0426770248212207 0.9986119998322694 0.0308665732371534
v -1.4324000565695465 1.0933831124517996 -1.0406664069126810
vn -0.6236732012576873 0.5403515550437146 0.5648468243646484
v -0.8744205723642694 0.5399395008810385 0.2710049532864647
vn -0.4255302775393714 0.8506847315058395 0.3086413298314133
v -0.4478044952467580 0.6579614458256187 0.3253390579069921
vn -0.2903347933097258 0.8311644651261980 0.4742060097734739
v -0.6600605775779284 0.6578447231084361 0.1955886505744162
vn -0.7459225246024959 0.3490547519360691 0.5672392506178395
v -1.0884220381865890 0.6721629584458511 -0.0917722311925760
vn -0.2903337622906882 0.8311647656337006 0.4742061143039069
v -0.8696262401925875 0.9001211155916197 -0.3573678051087671
vn -0.2903328853371962 0.8311656606269554 0.4742050825184558
v -0.2694038029319057 0.9548303480853365 -0.0857720582519101
vn 0.0426771599864222 0.9986119753132874 0.0308671795988505
v -0.9348234154523984 1.0609439532229148 -0.6791672831335065
vn 0.0426776286301747 0.9986119782367709 0.0308664370562575
v -0.5191511556096351 1.0338452343304152 -0.3771736644570389
vn -0.2903337602750514 0.8311641687149168 0.4742071617858486
v -0.4941253482438713 0.7878215356604007 0.0693669144221311
vn -0.2903340624479369 0.8311646893987276 0.4742060641526996
v -0.5770980240369701 0.8663011978603752 -0.1189885972757243
vn -0.7625657619177181 0.3154260492531579 0.5648007314118798
v -1.5809894021962867 0.9765024805368557 -0.9267791310156509
vn -0.8737705122526662 -0.4853475012114263 0.0310305492303633
v -1.4531124482175901 0.5082517309910163 -0.8026561419576147
vn -0.8732607137089710 -0.1128336620166275 0.4740087452868523
v -1.4485131908240658 0.7444167548769683 -0.7379653086019515
vn -0.8732607947072741 -0.1128341070825152 0.4740084901202842
v -1.1107441959187589 0.4181926678760867 -0.1933529214694943
vn -0.9036049899154837 -0.3999330004026175 0.1534653621792190
v -0.9980232553924538 -0.2692746505946402 -0.1493348406235082
vn -0.8732603484502235 -0.1128346025804327 0.4740091943044040
v -0.9200679270977111 -0.0018248513472209 0.0579473035983468
vn -0.8732608094713198 -0.1128343487860085 0.4740084053848967
v -1.2381279171125119 0.3493347808314369 -0.4444213501033038
vn -0.8732611231883372 -0.1128340879381032 0.4740078895198056
v -1.1072082788687616 0.2533270611822455 -0.2260831875678698
vn -0.8732609330913542 -0.1128351045893267 0.4740079977265502
v -0.8742047585457469 0.3539645898900616 0.2271328721438484
vn -0.8732607759244512 -0.1128341401858756 0.4740085168436742
v -1.2996433643288976 0.6548834969982684 -0.4850169362112973
vn -0.3045937843170162 -0.5326688656391112 -0.7896116172740758
v -1.4816178157480511 0.7829818580371068 -1.2156719936049161
vn -0.0856138704938417 -0.3594244363221354 -0.9292385806420109
v -1.1681975248957581 0.4632264603533903 -1.1208690513561246
vn -0.5815728113840087 -0.6952709014739935 -0.4223404297748921
v -1.3088414243892537 0.4702702914446132 -0.9387932349353006
vn -0.9008640222696742 -0.4117534991419307 0.1374884334207063
v -1.6735118180662274 0.8848075089259974 -1.1190588627828144
vn -0.2404890509717374 -0.4850089586458894 -0.8407920827386179
v -0.4517202872825804 -0.2677290978484691 -0.9041513544789579
vn -0.7158211073658317 -0.4662325366205886 -0.5198339773869017
v -0.4466971846057065 -0.4470008179356793 -0.6159453594030988
vn -0.5815739838075986 -0.6952706636450671 -0.4223392068381848
v -0.5917849601334152 -0.2893050074139936 -0.6757590587437444
vn -0.5815727693664736 -0.6952711519897149 -0.4223400752264759
v -0.5255089202712587 -0.2833607101060408 -0.7768086919585383
vn -0.5815727866548628 -0.6952711006923030 -0.4223401358675384
v -0.8192607136094123 -0.0065793943636167 -0.8279527160738492
vn -0.5815727855535152 -0.6952705888704872 -0.4223409799619392
v -1.1080132380204104 0.1805762296352007 -0.7384354231252644
vn -0.5815729134277290 -0.6952707481636234 -0.4223405416428529
v -0.8026069764838062 -0.2883609500021418 -0.3870065781945259
vn -0.7585650729450877 -0.3480224137235280 -0.5508715182815895
v -0.6617141374414461 -0.4469997285657507 -0.3198629093299729
vn -0.5815723553309851 -0.6952712615942490 -0.4223404649283701
v -0.9535942649129968 -0.0503479679453720 -0.5709186401837981
vn 0.1813152067015276 -0.1119533572403425 -0.9770318529205682
v -0.9972794866337891 0.7308610401414856 -1.1198177961860167
vn 0.1813142601844714 -0.1119536561188950 -0.9770319943253496
v -1.2759684546949104 0.8557797984280279 -1.1858500103870990
vn 0.1813150167526824 -0.1119526882063551 -0.9770319648319318
v -0.7161645524270555 0.6086410771115126 -1.0536443891490577
vn 0.1813149260329333 -0.1119532438906808 -0.9770319179945074
v -0.0774594198746423 0.3771436089093348 -0.9085897774698852
vn 0.1813143964631461 -0.1119521496905842 -0.9770321416488109
v -0.5005061502100768 0.4333353428059002 -0.9935360529140932
vn -0.3045940231650030 -0.5326688411998191 -0.7896115416247406
v -0.8919281016883174 0.1813749979855280 -1.0373039707106670
vn 0.1813149964104102 -0.1119528657877473 -0.9770319482589110
v -0.3708763236036283 -0.1079108231021552 -0.9074611495817974
vn 0.1813148458591469 -0.1119532701089089 -0.9770319298687200
v -0.5403087125741874 0.1563439605896296 -0.9691835962221577
vn 0.1813145175566948 -0.1119529057569666 -0.9770320325433320
v -0.7885232284121346 0.3902767273008620 -1.0420514801650822
vn 0.1813145802783651 -0.1119532345248322 -0.9770319832318225
v -0.2259468205378113 0.1917957406513271 -0.9149071880637063
vn 0.3613705661398605 0.8310400348780418 -0.4228283036383206
v -1.0227368444710048 0.9323975009906428 -1.0069528835964632
vn 0.3091497303155640 0.3494617396303376 -0.8844789069165822
v -1.2601894925105135 0.9411428030744636 -1.1927030999970816
vn 0.3613709795096335 0.8310402140688775 -0.4228275981633674
v -0.7523619269080543 0.9346035277550929 -0.7715406966552824
vn 0.3613715489987323 0.8310396584621398 -0.4228282034554776
v -0.3471386556456847 0.7493052623123398 -0.7894064334677671
vn 0.3613708818537970 0.8310404644725270 -0.4228271894728340
v -0.1237293865412490 0.9325537836103230 -0.2383057402935489
vn 0.9473581053212032 0.2997844993973867 0.1124360894165141
v 0.0988909619594815 0.8018594349811496 -0.3049144133300784
vn 0.1199231989557351 0.9898512162019715 -0.0762430071265618
v -0.2203134030670164 1.0143628150241149 -0.1600622908813635
vn 0.3613718822842771 0.8310392473591083 -0.4228287266058510
v -0.1864394477081431 0.9176468718321570 -0.3212013269950887
vn 0.3613714832632051 0.8310394054632733 -0.4228287568879396
v -0.4965257063648581 0.9109949643400558 -0.5992899260184242
vn 0.3613706188968747 0.8310400588971880 -0.4228282113414951
v -0.1507725942984912 0.8478424828465108 -0.4279132617199370
vn 0.3613704132140274 0.8310403637990709 -0.4228277878643162
v 0.0670122522655724 0.5525273929229112 -0.8222050019007270
vn 0.3399150668271885 0.5105822787730554 -0.7897869864379774
v -0.6620195550838692 0.7487315146938784 -1.0596486197723822
vn 0.3613706468501012 0.8310397428791050 -0.4228288085627216
v -0.0740629222461911 0.6140271765052717 -0.8219007987425596
vn 0.3613714890806445 0.8310392466703799 -0.4228290640118830
v -0.0784745386190729 0.6836985974464318 -0.6887373398921334
vn -0.7731163637046422 0.3154197310689791 -0.5502740057684757
v -0.0420287352596213 0.7706236075278868 -1.2986437241544662
vn -0.5408768079522690 0.8311050927945773 -0.1292927041649356
v 0.4005346196462300 1.0156880420422927 -1.5747371036674682
vn -0.5408757282195045 0.8311059726088130 -0.1292915655291551
v 0.1501482268276793 0.9022109661945844 -1.2567212432109649
vn -0.1722149105064926 0.9850586490282655 -0.0012176098921041
v 0.4096003401122421 1.0700476941657828 -1.2632316762509836
vn -0.7229033063769675 0.4383980173664044 0.5340580380431079
v -0.5801827517903365 0.5568489437277957 -0.4215138096299737
vn -0.5408748998336269 0.8311063613329608 -0.1292925321967597
v -0.4063810410909334 0.6715149618493647 -0.4115067272909017
vn -0.5408761934467401 0.8311054347751352 -0.1292930765733337
v -0.2059806611554330 0.7275584459777170 -0.8895953596900625
vn -0.5408758442930528 0.8311057842176405 -0.1292922909544818
v -0.2132318687590415 0.7712579250298631 -0.5783571578844849
vn -0.5408751384453134 0.8311062758158940 -0.1292920837143491
v 0.0732281387046268 0.9420432081854223 -0.6788899745518965
vn -0.5408740724943545 0.8311071553069559 -0.1292908894738962
v -0.1174619776116737 0.8713488909219247 -0.3356015141694143
vn -0.5408756959720797 0.8311058801658049 -0.1292922946680939
v 0.0587413687244709 0.8939886576359143 -0.9271911193973058
vn -0.7210330502348893 -0.1127890855613963 -0.6836592445416032
v 0.2117651825830943 0.7101044532953107 -1.5563272141377207
vn -0.7210331445876199 -0.1127881664073507 -0.6836592966709046
v -0.0663119141545449 0.4363803407725247 -1.2178898764453414
vn -0.2476801664194882 -0.5161435184735707 -0.8199087775479279
v -0.1338721710661763 -0.2167411703986404 -1.0388856409038150
vn -0.5881288313017681 -0.0007059154102441 -0.8087669500387922
v -0.3886019111017255 -0.2222984775141850 -0.7693132891612305
vn -0.7210326338532700 -0.1127897459203853 -0.6836595747401122
v -0.2846327797607663 -0.1897533410189655 -0.8843359793395809
vn -0.7210327447809890 -0.1127883929265310 -0.6836596809631557
v -0.2937367054616822 0.0853902139762635 -0.9201268359441008
vn -0.7210330160239766 -0.1127882074863032 -0.6836594254856686
v -0.2923768040385514 0.1965152429351579 -0.9398936650325771
vn -0.7210331501166000 -0.1127881541419571 -0.6836592928631796
v -0.1615835242959389 0.0452292245775938 -1.0528787439512617
vn -0.7583055398975381 0.4316515668150487 -0.4885177919245285
v -0.2569145944737166 0.6686504606763752 -1.0551871578218808
vn -0.7667404138384000 0.3793910931551738 -0.5178528132794503
v -0.5615774043397843 0.5240756979295194 -0.7100178371781414
vn -0.7210328728969967 -0.1127896495008821 -0.6836593385359200
v -0.4600360585996205 0.3255053486195291 -0.7843502310488971
vn -0.5899074302757830 -0.0020708153217310 -0.8074682256468830
v -0.5576388353077683 0.1150203236788647 -0.6466861264130692
vn -0.7210331998033616 -0.1127890959815228 -0.6836590850774943
v -0.1152837329150135 0.3298856820344381 -1.1486718980431743
vn -0.2996444419785827 -0.4852896697399152 -0.8214055909446123
v 0.4530487500696261 0.7341189367782021 -1.8147629155281366
vn 0.2222150795622535 -0.6950725811416099 -0.6837357423451559
v 0.5758118469519052 0.1415564633206452 -1.1724768140779258
vn 0.2222149843542895 -0.6950727157263001 -0.6837356364716475
v 0.4777521074548747 0.3776212993216584 -1.4443252466467205
vn -0.3788795701205530 -0.4333636079932262 -0.8177079274486451
v 0.2346839189918705 0.3803501935290844 -1.5260973369982629
vn 0.2222147417274042 -0.6950729332387184 -0.6837354942066026
v 0.4066896024096540 0.2275204196503256 -1.3148312460402123
vn 0.2222142646609780 -0.6950729499481866 -0.6837356322669650
v 0.4668914706036753 -0.0335473995451756 -1.0298687736287913
vn 0.2222139173094193 -0.6950737202098074 -0.6837349621218012
v 0.3151424476839205 -0.3083504689532064 -0.7998275261851480
vn 0.2222138288212445 -0.6950731598897431 -0.6837355604921324
v 0.5890542367931845 -0.2180100663389556 -0.8026445898102480
vn -0.3070691055181620 0.1141070238591948 0.9448217564928705
v 0.0215143626815895 -0.4470007990682764 -0.7543069376733688
vn 0.2222139528020844 -0.6950733937976183 -0.6837352824117928
v 0.0749294959928460 -0.2957743776040556 -0.8906812797643358
vn 0.2222138854874767 -0.6950730368859602 -0.6837356671190170
v 0.2870980871814264 0.0262871561034134 -1.1491282420960813
vn 0.9853267735917840 -0.1111663246602034 -0.1295113798272088
v 0.7233428637459710 0.8204888853868895 -1.6189543339800940
vn 0.9853268459536547 -0.1111662716443767 -0.1295108748009661
v 0.7463441912550138 0.7109608599998698 -1.3499479781528476
vn 0.9853268928049045 -0.1111661676215468 -0.1295106076418852
v 0.7899834233302491 0.6143218164249973 -0.9349847894521619
vn 0.9853268980527284 -0.1111663670426591 -0.1295103965414545
v 0.7635483644086206 0.5156770403928291 -1.0514321522512391
vn 0.7256003073626659 -0.4844618833145362 -0.4886725668282773
v 0.7000313504378401 0.6562640990757606 -1.6553480553892113
vn 0.9853267001331459 -0.1111667946826075 -0.1295115352573679
v 0.8454084452216755 0.4310510271113044 -0.3559963087952366
vn 0.9853268390125066 -0.1111662227276382 -0.1295109695975242
v 0.8020574828759949 0.3671968088516278 -0.6310054320065613
vn 0.9853269801507819 -0.1111654236907407 -0.1295105816626535
v 0.7437932338452394 -0.1589745568826179 -0.6226380214823720
vn 0.9853272495807658 -0.1111648316073366 -0.1295090400215978
v 0.7305337690679329 0.0801090711969538 -0.9287365216689514
vn 0.9853269135646952 -0.1111662702884915 -0.1295103615747317
v 0.7367103859648992 0.4119852045579651 -1.1666147228719930
vn 0.9853267794123581 -0.1111669396579033 -0.1295108076569920
v 0.7834987707217741 0.0140273329193253 -0.4690560471754566
vn 0.9853267901704690 -0.1111667348592224 -0.1295109015994400
v 0.7599716087512240 0.3035950959941670 -0.8966017751373067
vn 0.9003669258859996 0.4322510895439669 0.0499839410075725
v 0.7228885946101483 1.0098221408082981 -1.7849263473121921
vn 0.5140170484455985 0.8309782159459140 0.2127479225060043
v 0.4509673423873347 0.9811745643583428 -1.0160456280040768
vn 0.5140177357086991 0.8309778097331016 0.2127478486567583
v 0.6547782740139042 0.9680508176666556 -1.4572094559067601
vn 0.5140167372274018 0.8309785608677198 0.2127473271942789
v 0.5409168404610490 0.8660859976471244 -0.7838432117919671
vn 0.5260600249733618 0.8504474387120552 -0.0000641336973561
v 0.1669228368752249 0.8967473431895270 0.0000000139539603
vn 0.5140162574242986 0.8309789921822542 0.2127468017510069
v 0.3626445419572323 0.8252618036517611 -0.1936650935949198
vn 0.5140163334346619 0.8309787603266886 0.2127475237183886
v 0.3273193634563944 0.9298184854890759 -0.5167085725697218
vn 0.5140167376625382 0.8309785701242473 0.2127472899874940
v 0.5079905037787793 0.8468748103675811 -0.6292521853166405
vn 0.9003663459222572 0.4322522583476672 0.0499842803683702
v 0.8427955347483168 0.6154217075775867 -0.5341311011809795
vn 0.5140185638905816 0.8309775736182845 0.2127467699386589
v 0.7048030928122402 0.6297870019499253 -0.2568391685695540
vn -0.4764358931985299 -0.7702234952527217 0.4239865646843064
v 0.6706276515615142 0.5851710263493176 -0.0000000290084489
vn 0.5140177870483738 0.8309778184965920 0.2127476903859070
v 0.6431006534708860 0.8907885057582107 -1.1272150732686932
vn 0.5140175974675725 0.8309779995794978 0.2127474411327210
v 0.7290264671118158 0.7175833261424072 -0.6582906347797322
vn 0.5140168445604870 0.8309779839979051 0.2127493210773127
v 0.5463087902678830 0.6973216832535626 -0.1376866834788562
vn 0.7237300642579479 -0.4466702383849095 0.5260232810725725
v 1.8100004080468790 -1.1179998223421523 1.3150001875295727
vn 0.8737697857903041 0.4853489222906070 -0.0310287781150394
v 1.4682721689980229 -0.5341527050619745 0.8244202239035474
vn 0.8732610305981486 0.1128349826534231 -0.4740078471167552
v 1.3021952267624741 -0.5291062948812955 0.5196589204112624
vn 0.8732607900720132 0.1128352854472034 -0.4740082181575033
v 1.4531454360642153 -0.7194575693753107 0.7524402972454295
vn 0.8808949831590860 0.1041460047064463 -0.4617116398238608
v 0.7910541866210153 -0.0943740474814030 -0.3185257688028256
vn 0.8732608665296231 0.1128351197715096 -0.4740081167386070
v 0.8672675953689505 -0.3234493933966455 -0.2326491469646017
vn 0.8732606850146868 0.1128344200770732 -0.4740086176996688
v 1.0853046694156185 -0.1964480527187288 0.1992704653727809
vn 0.8732609311407190 0.1128347281967768 -0.4740080909182922
v 1.1306403440269921 -0.4492888835437781 0.2226040894393301
vn 0.8732609584934458 0.1128349831536948 -0.4740079798355865
v 0.9720164055393095 0.1431771089376287 0.0714062416162293
vn 0.8947631318253975 0.4334199549612137 -0.1074526899031655
v 1.2529021809236234 -0.1661895736899275 0.5152363490681093
vn 0.8732604949886172 0.1128337786928260 -0.4740091204588089
v 0.8949034008753011 0.0040892392304648 -0.1037683729934866
vn 0.2903339188493991 -0.8311645887750108 -0.4742063284394440
v 0.9509399286533478 -0.9785284185051587 0.5445808935172468
vn 0.6992534649284872 -0.4316780216540295 -0.5698233738680508
v 1.1517202995146583 -0.7112732067199450 0.1990761914977767
vn 0.2903340843314440 -0.8311646029936256 -0.4742062022009735
v 0.4350916074169348 -0.8483383368679579 0.0005603573419090
vn 0.2903335696003352 -0.8311652575599341 -0.4742053700544265
v 0.2849183954022374 -0.9684764477614690 0.1191890376204184
vn -0.0781269919097845 -0.9967792189859551 0.0180931404924033
v 0.2051248881215942 -1.0133726994726269 0.1490275803579730
vn 0.2903342362128395 -0.8311645397767069 -0.4742062200145442
v 0.8019503479427995 -0.8588508419228513 0.2435963023223336
vn 0.2903334430423480 -0.8311652289831239 -0.4742054976279870
v 0.6464798785942873 -0.9271505628517367 0.2681215260354292
vn 0.2903338454304967 -0.8311652157208496 -0.4742052745101580
v 0.6506068847425811 -0.6645110372473171 -0.1896923327962944
vn 0.2903329038756436 -0.8311651259069699 -0.4742060084005547
v 1.0758388923307980 -0.8354230455494615 0.3702227849367359
vn -0.3259971391148591 -0.4319632894355518 0.8409123508838152
v 1.3575232534146784 -0.9724518813731967 1.2143534903765019
vn -0.3259976312299087 -0.4319642933091680 0.8409116444302572
v 0.8330366892866015 -0.8037421018242055 1.0976889614282674
vn -0.3613705069633660 -0.8310402340175106 0.4228279628184034
v 0.9563082669644493 -0.9125384206494647 0.9892106784325078
vn 0.0544544664281721 -0.9850648022646296 -0.1633464000992046
v 1.2215070701275914 -1.0796342980824256 0.8874483848804124
vn -0.3613710542029965 -0.8310398542004946 0.4228282416237539
v -0.0383058977782384 -0.5690420269711456 0.8142803209352233
vn -0.3459961540945544 -0.8340238171758917 0.4297568309348115
v -0.1814403089592884 -0.6364610912954812 0.5594420376449509
vn -0.3613712362001834 -0.8310395307652396 0.4228287217688051
v 0.2148971827168402 -0.7006162500049086 0.7720804756629572
vn -0.3613724135440388 -0.8310386586172791 0.4228294296911576
v -0.0050534254298447 -0.7107571366096934 0.5641691895850808
vn -0.3613712108789504 -0.8310401510277441 0.4228275243260132
v 0.6802395304416876 -0.8534335433312168 0.8694351007376573
vn -0.3613708582157578 -0.8310398326223187 0.4228284515349873
v 0.1273442018727987 -0.9316109463875359 0.2432493849473858
vn -0.3613712506568508 -0.8310396592633962 0.4228284568593768
v 0.3168980149107096 -0.9227655811257728 0.4226374551291431
vn -0.3613696492788077 -0.8310413991284656 0.4228264058862855
v 0.0146038977763608 -0.8128948828793355 0.3802229140406373
vn -0.3613707588020343 -0.8310401233442413 0.4228279651049943
v 0.6358556458628197 -0.9373896755345040 0.6664914392478348
vn -0.3613708656662926 -0.8310397260624874 0.4228286546032329
v 0.3452860841069874 -0.8466403156647486 0.5965176640654708
vn -0.1813144405335485 0.1119535981273491 0.9770319675017529
v 1.0103187898117962 -0.5284580420208130 1.0990453344866642
vn -0.1813144816677905 0.1119531972065345 0.9770320058077808
v 0.7269918710293156 -0.3754550281652659 1.0289342699372508
vn -0.1813143827762235 0.1119518110590919 0.9770321829904410
v 0.1561489230833573 -0.0786434552281022 0.8889890604906708
vn 0.0856134016753733 0.3594235619698593 0.9292389620299345
v 0.5025054671693410 0.2159176775365065 0.9195126024268414
vn -0.1813145921483913 0.1119523281825737 0.9770320848818446
v 0.3458354913429579 0.0397154311502909 0.9106284707145912
vn 0.3502553234681318 0.5648443520730899 0.7471760611217182
v 0.7836594882215956 -0.0709184058896649 1.0045551724582233
vn -0.1813145455840955 0.1119538420695502 0.9770319200545594
v -0.0890724230310359 -0.3635066422839562 0.8761227507440957
vn -0.1813138291608005 0.1119529638756196 0.9770321536339078
v 0.0622688042034450 -0.2773352497839759 0.8943336110900042
vn -0.3017013097866550 -0.3158821034740709 0.8995525645440701
v 0.4672112463009256 -0.6860673613772900 1.0163163901214083
vn -0.1813150021047512 0.1119539017552209 0.9770318284956414
v 0.3438618874933866 -0.4478984446835710 0.9661356238494153
vn -0.1813147077830802 0.1119546607792430 0.9770317961414260
v 0.5334208100688198 -0.3361464506572464 0.9885077542361068
vn 0.8737701363950410 0.4853482030360226 -0.0310301555570597
v 1.6632328217014385 -0.8672456411755887 1.1043027916953840
vn 0.5815715715507700 0.6952710737014988 0.4223418535238163
v 1.4787738240772097 -0.6643149975375139 1.0242350318960789
vn 0.3292533773013140 0.5502399204123543 0.7673514472002283
v 1.1405298281978518 -0.4349998873763349 1.1125002922969569
vn 0.8562791730287783 0.5162038694226790 0.0178757665627324
v 0.9977377581393525 0.2697626551048781 0.1489246078792828
vn 0.5815728700184610 0.6952709233299819 0.4223403130537798
v 0.9201026153996459 0.1670994632449156 0.4248368453659501
vn 0.5815724440777124 0.6952708389360599 0.4223410385158226
v 1.1071900420826652 -0.0656987944261247 0.5504540464529256
vn 0.5815722191400604 0.6952707205479794 0.4223415431534046
v 1.2650354179786871 -0.3455937944305688 0.7938683850106777
vn 0.5815729551523023 0.6952705329701605 0.4223408384454517
v 1.0316765530456662 -0.1227724158088264 0.7483943708390967
vn 0.5815729152521407 0.6952708473783806 0.4223403757999877
v 0.5189580578414177 0.2714436554798624 0.8054472262622854
vn 0.5815720773515880 0.6952710485711139 0.4223411983974361
v 0.7799611637222835 0.0620108412046033 0.7908158195055029
vn 0.5988987783770557 0.6724302282147175 0.4349227994041853
v 0.4472271720582189 0.4470005730653699 0.6152160017503945
vn 0.5815731278340323 0.6952707741732096 0.4223402035822851
v 0.5850940576356854 0.3093173638150708 0.6520277536484304
vn 0.5815724338438359 0.6952710811538875 0.4223406538613840
v 0.8452954576393336 0.1090493860067947 0.6234128229201757
vn 0.7210330748187216 0.1127889372522824 0.6836592430816397
v -0.2612362094865219 -0.7394673978553944 1.6133470770604028
vn 0.7210332706679332 0.1127887460611619 0.6836590680681810
v -0.1136079562037957 -0.5002841367245180 1.4181886102978503
vn 0.7210333257918004 0.1127888744916774 0.6836589887425720
v 0.0692725132837912 -0.3896373879667639 1.2070559939673231
vn 0.7210322428674664 0.1127907147381438 0.6836598272638007
v 0.4511024053526500 -0.4769918707041818 0.8187644565807719
vn 0.7210331701978304 0.1127884191717761 0.6836592279602450
v 0.4469567991313574 -0.3162351286275652 0.7966149804010594
vn 0.7210329570569020 0.1127890693610564 0.6836593454860738
v 0.2782445443211014 -0.3087342232350345 0.9733125181024441
vn 0.7210330112515387 0.1127892944079224 0.6836592512008461
v 0.0806623595046203 -0.5564603337521686 1.2225657028975594
vn 0.7210331686309658 0.1127888406105512 0.6836591600846995
v 0.1570254612963938 -0.0980677055785498 1.0664032795468137
vn 0.7210321812330081 0.1127901067281876 0.6836599925771689
v 0.2344400095766796 0.1168903973682035 0.9492929912898528
vn 0.7210330768447876 0.1127890215739744 0.6836592270335595
v 0.0534044581493942 -0.2575331651726191 1.2019971819395618
vn 0.7210325249011668 0.1127893435971433 0.6836597560231068
v 0.3094366754566637 -0.1220590474714739 0.9096181228622846
vn 0.7583055973605940 -0.4316506637102892 0.4885185007039748
v -0.3730657334399156 -0.9676019040061208 1.7689273942541019
vn 0.5408753760479811 -0.8311061259393208 0.1292920531629410
v -0.2725364693859831 -0.9627344894692484 1.3796650275211921
vn -0.0740708921034730 -0.9941076852513167 -0.0791417277247915
v -0.2915063576066320 -1.0498515246673605 0.8990226729175896
vn 0.5408750727359916 -0.8311064186731706 0.1292914402932085
v 0.1394357420202078 -0.8664550999353238 0.2751349872277022
vn 0.5408739819544999 -0.8311070254742384 0.1292921028216611
v -0.0436077677858589 -0.9762192900970889 0.3352926805542089
vn 0.0736197124289219 -0.9967918993636468 -0.0314013901745794
v -0.1233672236909236 -1.0210972564995249 0.3804711172393460
vn 0.5408752862987927 -0.8311061965664921 0.1292919746155125
v -0.1303971168691017 -0.9224350021318535 1.0440961530116664
vn 0.5408752456129685 -0.8311061416371857 0.1292924979109816
v 0.0427791684689549 -0.8534688189276334 0.7629604594941674
vn 0.7394940516253270 -0.5103704540878291 0.4389425329185375
v 0.1135298592842646 -0.7366926826759977 1.2176362329912893
vn 0.5408754181780711 -0.8311060053846671 0.1292926518570902
v 0.3679450931300213 -0.6581593587816196 0.6581459854406327
vn 0.5408773680244779 -0.8311046701830450 0.1292930777684767
v 0.2271130387825571 -0.7644622350599681 0.5639708633378143
vn 0.5408757989596097 -0.8311058646502035 0.1292919635702145
v 0.1027459547901371 -0.7806433093546774 0.9802283570552290
vn 0.0161364256075969 -0.9986117442104340 -0.0501417998640389
v -0.5529112582810510 -1.0945559297021537 1.7052101821460881
vn -0.5140168747842064 -0.8309784364810783 -0.2127474806914048
v -0.6291460257542606 -0.8693763173223567 1.0098643172144792
vn -0.5140170624683484 -0.8309783184396822 -0.2127474882920315
v -0.6138081527283150 -0.9486404501819397 1.2824081336720197
vn -0.5140167564214374 -0.8309785121333603 -0.2127474711732475
v -0.4380216080395412 -0.9299209908892850 0.7845746212485479
vn -0.8730420846965011 -0.4828036059775626 -0.0685433906649620
v -0.8677119765425477 -0.5334654429770153 0.2742155077386650
vn -0.5140170757234475 -0.8309782693194525 -0.2127476481269847
v -0.7387905273909557 -0.6687489930972896 0.4911385082024127
vn -0.9365800597167592 -0.3498517967831710 -0.0205307581092018
v -0.8377265231529705 -0.6320962069459602 0.5870129935007519
vn -0.4368166784519414 -0.7061811807937096 0.5572246668257024
v -0.1669207831001122 -0.8967486135929701 -0.0000000139496311
vn -0.5140173912546689 -0.8309782224080295 -0.2127470690076271
v -0.2498051640318419 -0.9295472065954645 0.3283672275589120
vn -0.5140175153588182 -0.8309782234654031 -0.2127467650297643
v -0.3517460464759714 -0.8349193826116332 0.2050552471882005
vn -0.5140165324397833 -0.8309780749392133 -0.2127497199737294
v -0.5489949523466723 -0.6939389931015678 0.1309641347339598
vn -0.5140180463271828 -0.8309779608513915 -0.2127465079131715
v -0.5815395476965678 -0.7305452055761803 0.3525780432693832
vn -0.8101425498234484 0.4106567944118150 0.4183659237664725
v -0.7121246671607097 -0.0996082998620265 1.0855317958033945
vn -0.9853268420600356 0.1111665666301580 0.1295106512208958
v -0.7329682620804840 -0.7303520721349004 1.4683553163517398
vn -0.9853266738531778 0.1111671877894876 0.1295113977702732
v -0.7864005908187673 -0.6292040011721377 0.9750172796071184
vn -0.9842722112394473 0.1025175562149839 0.1438692630464084
v -0.7565080915942065 0.2760444660545910 0.4254157767237594
vn -0.6452066431275262 0.5396196243662532 0.5408503015280040
v -0.7199616342936934 0.2611101492296130 0.7162848018071766
vn -0.9853267674372640 0.1111667120938447 0.1295110940957420
v -0.7808483811333610 -0.0490548492061569 0.5192862680626198
vn -0.9853268220512070 0.1111664768953736 0.1295108804739552
v -0.7394083574202293 0.0185424674243212 0.7765398766012445
vn -0.9853268522601335 0.1111663073741230 0.1295107961520549
v -0.7380457357569024 -0.4039844337172108 1.1495873388760263
vn -0.9003669022020315 -0.4322511754508171 -0.0499836247235468
v -0.7808339484537855 -0.8192279293639942 1.1804797060287615
vn -0.9853268698162002 0.1111661662953666 0.1295107836799685
v -0.8330137037740515 -0.3773457745143020 0.4041970731552402
vn -0.9853267942827006 0.1111666804298364 0.1295109170332263
v -0.7821225768984532 -0.3518306584587128 0.7694818061601207
vn -0.7256000935264452 0.4844619178024009 0.4886728501499072
v -0.6961479579468385 -0.8349970161762208 1.8383063361711747
vn 0.3788793985788509 0.4333639680332515 0.8177078161195497
v -0.3672122790560163 -0.5950566954041879 1.7012921533660432
vn -0.7256003327396677 0.4844619142546324 0.4886724984739992
v -0.7020945569149641 -0.5613033136620855 1.5581422162566443
vn 0.2177164880774813 0.5328532757794563 0.8177205618732543
v -0.2079882603891789 -0.3371007956457279 1.4908066575350700
vn -0.2222145019977876 0.6950731062928021 0.6837353961953049
v -0.3448056705308071 -0.1226773004281714 1.2283618752232812
vn -0.2222137401718212 0.6950731837938693 0.6837355650026583
v -0.5509545650992342 -0.2559370380448419 1.2968325261178286
vn -0.2222142649187810 0.6950729900177008 0.6837355914492523
v -0.0586503428568539 0.2873910090744553 0.9044943938782408
vn 0.2996447142321045 0.4852895418169650 0.8214055672052879
v 0.0975476753171789 0.1578925360223820 1.0869045827762600
vn -0.2222150421836607 0.6950738225339361 0.6837344925154620
v -0.5312854570006205 0.2896192667355261 0.7486229420101298
vn -0.2222139959810238 0.6950727855463981 0.6837358867157087
v -0.5524557955909661 0.1413132820649942 0.8925074121497892
vn -0.3089119858997754 -0.0335672986731569 0.9504980912275647
v -0.3548735093214295 0.4470001447944600 0.6459660823441467
vn -0.2222130944474060 0.6950730788358349 0.6837358815608418
v -0.3563397961542489 0.2599421708781618 0.8356489041235849
vn -0.8942563939978176 -0.4475550265522925 0.0000013403862602
v -2.2350003111413161 -1.1179994572596366 0.0000002704249642
vn -0.4278678422058450 0.1116479803974334 0.8969190811211948
v -1.5593722785142041 -0.7129050751219218 0.2718767384317962
vn -0.4278682232155844 0.1116481418876577 0.8969188792613144
v -1.4807068405321591 -0.5767883669341698 0.2924597350937433
vn -0.8716647190762520 -0.2943493236385757 0.3918661674490818
v -0.3534808778610549 -0.2923842532164833 0.7947922646715376
vn -0.4278684969826893 0.1116480051531557 0.8969187656834342
v -0.7162167149272424 -0.2917548732518273 0.6216730528197086
vn -0.4278683724931510 0.1116486763773184 0.8969187415163400
v -0.6310450683522351 -0.4751946378477562 0.6851382438037815
vn -0.4278687420514146 0.1116486180188400 0.8969185724857207
v -1.1637973796618557 -0.6228980150911789 0.4493787272145656
vn -0.4278684909524830 0.1116484521489515 0.8969187129181708
v -1.1620243904534688 -0.3004602367142719 0.4100872993925918
vn -0.4278685307430064 0.1116486785401826 0.8969186657551798
v -1.0720892327908413 -0.4751336486804968 0.4747339327591142
vn -0.4278682681269074 0.1116479666829867 0.8969188796461113
v -0.8878535085644286 -0.0192855733385631 0.5058783651540920
vn -0.1893257227255287 -0.5108056912131548 0.8385900765801533
v -1.7904676509127615 -0.9657381357002218 0.1931072042750660
vn 0.0438821324733201 -0.8311416638065851 0.5543265221279022
v -1.3022550721284671 -0.8939837951054569 0.2620455412993081
vn -0.1593236691980230 -0.8506129704617883 0.5010723928889437
v -0.0691854798809820 -0.8613789187907155 0.2133207110639497
vn -0.1622237158641033 -0.8506148503924307 0.5001378233078415
v -0.1074122655830980 -0.7847863171991111 0.3311875256767571
vn 0.0438805892399515 -0.8311408939248500 0.5543277986297963
v -0.2498575401930039 -0.8971675501329217 0.1739633934835902
vn 0.0438807891683302 -0.8311420565955185 0.5543260395292076
v -0.5631798821392566 -0.8571652771745347 0.2587442373842445
vn 0.0526264300497480 -0.9967838411167386 0.0604353617411159
v -0.2922976416583864 -1.0154322973804255 0.0000000750613013
vn 0.0527232531982157 -0.9986091620706600 -0.0000008550277993
v -0.6914584132734665 -1.0365061828385376 -0.0000003968033195
vn 0.0438810619665531 -0.8311412969515845 0.5543271569229904
v -0.7467642998866373 -0.8372016380842022 0.3032101846885921
vn 0.0438813582934776 -0.8311412276549175 0.5543272373666983
v -1.0374948448241039 -0.9477673105184018 0.1604459559539554
vn 0.0438808121220217 -0.8311410041678108 0.5543276156916909
v -0.5692851930401734 -0.6393856044739659 0.5857593253332434
vn 0.0438811556233821 -0.8311405868656959 0.5543282141887629
v -0.4222868023531280 -0.6444407379213778 0.5665435867389004
vn 0.0438812303226386 -0.8311414912661185 0.5543268522463120
v -0.3413738593438670 -0.7410824865011147 0.4152373783339679
vn -0.1576483957704855 -0.5660020368611968 -0.8091901368528716
v -1.4216551361992968 -0.8394117330950012 -0.3533212473691045
vn -0.2306633113434682 -0.4322066430558196 -0.8717751169300978
v -0.9581164995445374 -0.6806401250175975 -0.5546846741518369
vn 0.0524860462204376 -0.9941195627942716 0.0947180543606771
v -1.3594255499755878 -1.0717730809212804 0.0000001868479341
vn 0.0438815791644612 -0.8311410359525859 -0.5543275073146700
v -1.0747116707180893 -0.9516116278837375 -0.1576277796952693
vn -0.1509098828820919 -0.5772215415465618 -0.8025219618322754
v -0.5443660813221081 -0.5389213844719407 -0.7344199834051172
vn 0.0438805863646585 -0.8311411051895473 -0.5543274820939259
v -0.3956351926744451 -0.7178278099382482 -0.4543994760722488
vn 0.0438813039897423 -0.8311414084178442 -0.5543269706349873
v -0.6291965379018718 -0.7292398348487004 -0.4557773093136991
vn 0.0438815370632359 -0.8311412551019125 -0.5543271820618086
v -0.9333122175509780 -0.8886786454172878 -0.2407939623568885
vn -0.1622218371601851 -0.8506154062962621 -0.5001374872170845
v -0.0500395346086205 -0.8997397194518526 -0.1542889781525902
vn 0.0438808766813341 -0.8311412330286351 -0.5543272674344258
v -0.5166414987822432 -0.8929671693291332 -0.2013797511034648
vn 0.0438808275022920 -0.8311409235560360 -0.5543277353408664
v -0.4028595989677921 -0.8363260054026438 -0.2772987818247190
vn -0.6612341516921595 0.4323728169638383 -0.6130441613674379
v -1.5202640512002512 -0.3777212266370130 -0.2488094981909529
vn -0.4278684344897489 0.1116484331952545 -0.8969187422126578
v -1.4681176063485335 -0.5804255626107518 -0.2989181921860999
vn -0.3174005730274485 -0.2376424416310270 -0.9180321051997535
v -1.7887315487982463 -0.9651440584769435 -0.1938610010279865
vn -0.4278679739136268 0.1116477223759519 -0.8969190504094058
v -1.2499093526746896 -0.6735517340330578 -0.4146051069139729
vn -0.4278682512863000 0.1116489771271827 -0.8969187618996814
v -1.0503747133189305 -0.4709104328197752 -0.4845666890169790
vn -0.4278684813533093 0.1116476589208271 -0.8969188162380760
v -0.8532131077118826 0.0991777705444368 -0.5076568030646977
vn -0.4278681450344084 0.1116482296640375 -0.8969189056306600
v -1.1168997038105979 -0.2652197588402093 -0.4272269108380829
vn -0.4278683955201776 0.1116478555979692 -0.8969188327019140
v -0.6553844339688619 -0.4730353504834557 -0.6732583144924933
vn -0.4278689980443072 0.1116472987050388 -0.8969186145935586
v -0.6762348898237838 -0.2218001320020280 -0.6320378746684057
vn -0.6892417060364235 0.4843546345027171 0.5388380635179179
v -1.8030244758454879 -0.6705876021013003 0.1503770679180766
vn -0.7194100997446601 0.6945855659178864 0.0000019767690243
v -1.6927178130211835 -0.5563374023180431 0.0658200746668921
vn -0.7298519879396391 0.5868018746295981 -0.3506845243687640
v -1.9120022025140209 -0.7834592959911034 -0.1124400786367565
vn -0.7194092146047442 0.6945864826943340 0.0000003144551723
v -1.4138359384955115 -0.2674894972328964 0.1407655741492228
vn -0.7194093854599105 0.6945863057326411 -0.0000009359241127
v -1.4979324240914789 -0.3545911028529938 -0.1067043383129976
vn -0.7194087307125715 0.6945869838792831 -0.0000000846377695
v -0.8294980056004269 0.3377322533558977 0.1730954115391763
vn -0.7194095516286437 0.6945861336257877 0.0000005034619868
v -0.8668925518999488 0.2990007670234757 0.2831207318314583
vn -0.7194095348075624 0.6945861510481400 0.0000003115216354
v -1.0729337406945807 0.0855959552462734 -0.0200860812596648
vn -0.7194094131363626 0.6945862770677171 -0.0000000526944417
v -1.1784053839934530 -0.0236451227746364 0.0814619828393073
vn -0.7194092368572487 0.6945864596463557 0.0000006423942137
v -0.8581879481502755 0.3080166579471006 -0.2464130155319030
vn -0.7403651424125505 0.6722049210576915 0.0000025033238387
v -0.7239999974487138 0.4470000167683810 -0.1737535311217165
vn -0.7194101104557388 0.6945855548267679 -0.0000002301958281
v -0.8452853965813588 0.3213795311317024 -0.0499487262587290
vn -0.7194093758992078 0.6945863156356535 -0.0000000224195398
v -1.2451150151306505 -0.0927385301677245 -0.1454228488897813
vn -0.9365796372362039 -0.3498529452938012 0.0205304599011662
v -0.7594326030900171 -0.8896221604166044 -1.4037247999851616
vn -0.7255993165574364 0.4844627346926785 -0.4886731939706461
v -0.6947262012639263 -0.9004487538700718 -1.9053052938937545
vn -0.9853266741986280 0.1111671386822095 -0.1295114372937042
v -0.7369244870606240 -0.6708765150982754 -1.3872050959918327
vn -0.7256001745575112 0.4844619536812086 -0.4886726942622183
v -0.7065236331945358 -0.3574148419035686 -1.3494325531959528
vn -0.9853267192082027 0.1111665961017159 -0.1295115605865270
v -0.7428485681993504 -0.3933855866681244 -1.1039485088013821
vn -0.9486136772108679 -0.3163141277617754 0.0088013627798683
v -0.8663471933315979 -0.5379554514969831 -0.2884538393054644
vn -0.9853268574575810 0.1111664495695537 -0.1295106345551118
v -0.8404512342823223 -0.4416114727163313 -0.4027755572211874
vn -0.9853269138877898 0.1111653877890870 -0.1295111166119177
v -0.8088579549466640 -0.1655750505343765 -0.4061991484088255
vn -0.9853267817252747 0.1111664347533788 -0.1295112234485319
v -0.7820995968172334 -0.5923047139659552 -0.9760673000255766
vn -0.9853269361551934 0.1111661323344738 -0.1295103081179781
v -0.7903686586938957 -0.3729165512454547 -0.7248453634767756
vn -0.9365792900754022 -0.3498538220748442 0.0205313560555334
v -0.8288481863554659 -0.6612990963194812 -0.6796240403875611
vn -0.9853266925438161 0.1111672460559981 -0.1295112055576244
v -0.7443469163139407 0.0531421298784161 -0.7092699684749308
vn -0.9853269359907155 0.1111662338887316 -0.1295102221994248
v -0.7840593991445489 -0.0098883533515749 -0.4612380339378619
vn -0.5140164916618333 -0.8309785920394479 0.2127477987472428
v -0.6126089542361502 -1.0005804802952500 -1.4823841332411403
vn 0.0161361358601630 -0.9986117503606760 0.0501417706218021
v -0.3702971265234449 -1.0633265875368736 -1.1420168355562386
vn -0.5140169020653805 -0.8309782882471236 0.2127479937695983
v -0.5638925156725511 -0.9376276052860887 -1.1187916885510987
vn -0.5140151966639211 -0.8309793260952575 0.2127480603926208
v -0.6587463390908241 -0.8591349529703879 -1.0413782790671358
vn -0.5140165900540700 -0.8309786657044619 0.2127472732920882
v -0.2892204937544289 -0.8794858087926831 -0.2280602292515209
vn -0.5140162441176558 -0.8309789504166777 0.2127469970353879
v -0.4171999485224928 -0.8557257089822325 -0.4444649102734938
vn -0.1904878008693913 -0.9748334351733239 0.1158195639264809
v -0.0729686516561406 -1.0124785817936039 -0.2250399937771378
vn -0.5140163699126723 -0.8309787803975511 0.2127473571887499
v -0.4277493743730240 -0.9394555937785412 -0.7969978995426321
vn -0.5140165770513921 -0.8309786570023893 0.2127473386975166
v -0.5529645864629771 -0.8365708979456350 -0.6976667623099760
vn 0.0161363865794070 -0.9986117161710936 0.0501423708452574
v -0.2359930050793206 -1.0403581951219993 -0.7278166198494693
vn -0.5140180468655646 -0.8309776738853814 0.2127476274851290
v -0.7476864335146762 -0.6086363585414456 -0.2778362140108564
vn -0.5140160685358889 -0.8309787286790058 0.2127482873489978
v -0.7212672487270985 -0.7135226494086722 -0.6236833119404349
vn -0.5158318476558492 -0.8339108526305501 -0.1962401457626391
v -0.6737403944482701 -0.5832455444596346 0.0000000062045807
vn -0.5140173779060861 -0.8309779698086460 0.2127480878956441
v -0.6069547824429643 -0.7018343314229565 -0.3018391669308957
vn -0.4413318136657654 -0.7134614645422681 -0.5442416456498786
v -0.6900001377996523 -1.1180001752013291 -2.1280000330210753
vn 0.1416439668437046 -0.9898770995595791 0.0089618315256645
v -0.4927942995287913 -1.0842748248876057 -1.5198054485887504
vn 0.5408754556542681 -0.8311061686145862 -0.1292914458174668
v 0.0534480406097176 -0.8055839444977003 -1.0261365994154001
vn 0.5408752031561992 -0.8311062978894984 -0.1292916711128472
v -0.2020211374922533 -0.9329141097848316 -1.2763634566029196
vn 0.5408738187706775 -0.8311072336305059 -0.1292914474181185
v 0.4485787300520553 -0.6443912096028042 -0.4093310636082514
vn 0.5408767944800169 -0.8311051599798868 -0.1292923286503434
v 0.2697915330752678 -0.7380439305852733 -0.5552529714383841
vn 0.5408751501285587 -0.8311062015603873 -0.1292925121624372
v 0.3745521854810528 -0.6432428926869952 -0.7263904660646209
vn 0.7702860847762456 -0.3490427044048537 -0.5336932996598595
v -0.0385416341336443 -0.8088575266064089 -1.3899260690770994
vn 0.5408756989861524 -0.8311059211591235 -0.1292920185490424
v 0.1698503368803673 -0.8392716471161690 -0.3226374880023659
vn 0.5408759011133399 -0.8311057207291740 -0.1292924613659777
v 0.0254309437383570 -0.8681276822083643 -0.7413061540500748
vn 0.7583053971780223 -0.4316514411317730 -0.4885181245148898
v -0.2881936751770352 -0.9273272160518931 -1.6727711445655726
vn 0.7210332356192759 0.1127886162564878 -0.6836591264477822
v -0.3155065611409016 -0.7885200687831356 -1.6786767648370571
vn 0.8505320618360307 0.4928990690218422 0.1834276956905678
v 0.3606268508465174 0.2781245969630962 -0.7896083438615878
vn 0.7037806344477050 0.0968250032087878 -0.7037881338371684
v 0.4664711979951717 0.0669081528757326 -0.7128239092356953
vn 0.2476805093906522 0.5161432055521393 -0.8199088709303913
v 0.1428857018056819 0.2313439641006557 -1.0269699121324636
vn 0.7210330656063173 0.1127891471938840 -0.6836592181618212
v 0.1962448957202680 0.0291317537448545 -1.0040543696817976
vn 0.7210328995804834 0.1127889444170901 -0.6836594267176012
v 0.3094924528841939 -0.1467221563434963 -0.9136276286388190
vn 0.2996449583275787 0.4852897048823316 -0.8214053818207445
v -0.1287057638571662 -0.2086574181765620 -1.3859998033507834
vn 0.7210338153932204 0.1127887374416761 -0.6836584949854774
v 0.1552955765185011 -0.1635596312022135 -1.0790324799776636
vn 0.7210334831908736 0.1127882045234180 -0.6836589332686438
v -0.1267503771556259 -0.4571794045724000 -1.4249382010665197
vn 0.7210335836510113 0.1127880244385088 -0.6836588570263959
v 0.5044751231211148 -0.4123108114058799 -0.7518024046238299
vn 0.7583058373609578 -0.4316500723993827 -0.4885186506387494
v 0.1353935789043948 -0.7263176880553371 -1.1928658136128776
vn 0.7210332307643564 0.1127890268186214 -0.6836590638343228
v 0.3949300965621123 -0.3507580259382108 -0.8571816942038545
vn 0.7210327785707192 0.1127897177337247 -0.6836594267616990
v 0.1081672155747459 -0.5639242546595497 -1.1947883397444967
vn 0.6338158619438661 0.0367466716161449 -0.7726105974379910
v 0.5353287923435383 -0.0704998165248450 -0.6628713955353737
vn 0.7210333926402983 0.1127883431213168 -0.6836590059039446
v 0.0954794927118300 -0.3873774596097220 -1.1790435229791649
vn -0.2222144346020937 0.6950726671763885 -0.6837358644964978
v -0.4809472911938621 -0.5430227568544415 -1.6114308346611852
vn -0.2222154130162826 0.6950726526247015 -0.6837355613036842
v -0.5166366557112057 -0.2295224340098037 -1.2811331017758543
vn -0.6826620687615910 0.5154125832095110 -0.5179984256186924
v -0.7201810455263616 0.2712240568141850 -0.7059315795855700
vn -0.6571212384328653 0.5321781466914455 -0.5338333992778231
v -0.7154655609971662 0.0541620758418287 -0.9281254576931655
vn -0.2222146689774482 0.6950728873214403 -0.6837355645290651
v -0.5056574299201105 0.2575796869028349 -0.7895224883577691
vn 0.3053864859845054 -0.1542273749312979 0.9396557938946775
v 0.2057220225792159 0.4470001258770283 -0.8281600761745895
vn -0.2222142387177795 0.6950729565683876 -0.6837356339685375
v -0.1489608802700160 0.0080106430871854 -1.1591557003166306
vn -0.2222160292957979 0.6950724038215814 -0.6837356139398456
v 0.0026467792152367 0.2705297170727387 -0.9415570255449567
vn -0.2222151290460809 0.6950725892537367 -0.6837357180162081
v -0.0794317176440110 0.2191544809831663 -0.9671081713522144
vn -0.2257263789524864 0.6831293962169654 -0.6945371335423633
v -0.0881882200300059 0.4469999918907192 -0.7326388556794413
vn -0.2222142956700822 0.6950725822919932 -0.6837359959412621
v -0.2570409079169620 0.2318608568772725 -0.8964681362145387
vn -0.2222140157810254 0.6950730242834763 -0.6837356375850918
v -0.4022535254029415 -0.0608347372415519 -1.1468230952248082
vn -0.2222139868440517 0.6950731037012878 -0.6837355662549157
v -0.3209981998335139 -0.2543042257206374 -1.3699089533611342
vn -0.3445872394594744 -0.5404862359649524 -0.7675508212060859
v 1.2556523793321686 -0.9396843483468952 -1.1916933941724057
vn -0.1813149879548190 0.1119530058815748 -0.9770319337754646
v 0.7250177155392414 -0.5744777975065452 -1.0513727631860363
vn -0.3060911253075412 -0.3354926980330376 -0.8909280961864858
v 0.0001875223093976 -0.5358407298810064 -0.9124338743167534
vn -0.1813148474035312 0.1119524208400600 -0.9770320268952724
v 0.1266261114412865 -0.3325701593651829 -0.9126062141184003
vn -0.1813144828447668 0.1119530120445138 -0.9770320268061307
v 0.3931848834256326 -0.3876853221579965 -0.9683887476897249
vn 0.0307590737178251 0.3117154670436038 -0.9496774963058826
v 0.4942095208642928 0.2243805721288020 -0.9170034210680390
vn -0.1813150665674094 0.1119524317654627 -0.9770319849715543
v 0.5306354679812116 -0.0245886463337501 -0.9522915523520382
vn -0.1813150897871038 0.1119523457293289 -0.9770319905208812
v 0.9337093569500923 -0.3615445493844838 -1.0657025652826202
vn -0.1813146262018829 0.1119528460914457 -0.9770320192180482
v 0.2837774779505827 -0.0854641489613923 -0.9134553304235462
vn -0.1813150892510061 0.1119521296567688 -0.9770320153788277
v 0.6863908027281794 -0.3319962240425465 -1.0164198057437825
vn -0.3613716712200144 -0.8310396979754281 -0.4228280213379464
v 1.0497135997644345 -0.9597787987552424 -0.9761929643668309
vn -0.3613707332603914 -0.8310401557505728 -0.4228279232417256
v 0.6773130344771527 -0.9292877933222482 -0.7178472402796953
vn -0.3613717352171467 -0.8310395300248467 -0.4228282967378492
v 0.8395095628041737 -0.8900335985511868 -0.9336200063031378
vn -0.0426784092082154 -0.9986118874872856 0.0308682937095151
v 0.2868391832790843 -1.0187003160847337 -0.2083941173843142
vn -0.3613713284162827 -0.8310393591957669 -0.4228289801635414
v 0.0205104865402483 -0.8239561534214193 -0.3635317388913157
vn -0.3613708557154697 -0.8310399142753768 -0.4228282931884328
v 0.2652571839860406 -0.9594139775792965 -0.3064722027794027
vn -0.3613702718704344 -0.8310408011070296 -0.4228270491627454
v 0.0334334292311773 -0.5990947102251776 -0.8165257927959838
vn -0.3327533911217633 -0.8363867699643804 -0.4355827725306837
v -0.2272516150761154 -0.5446743299964509 -0.7006914125377245
vn -0.3613712768872164 -0.8310394871159822 -0.4228287727850459
v 0.0922781802681222 -0.6613773640283296 -0.7444051986756876
vn -0.4281159291613879 -0.8149065227824194 -0.3906969545887806
v -0.1601675217918702 -0.6790857350667778 -0.4938485207550891
vn -0.3613705350512384 -0.8310399502528217 -0.4228284965332507
v 0.0246984917285238 -0.7350286827294888 -0.5418913775070148
vn -0.3613716145826905 -0.8310396388121398 -0.4228281860246401
v 0.3070440139736867 -0.8413217051357368 -0.5742881072113692
vn 0.6992540726589831 -0.4316769460870555 0.5698234429073439
v 1.3699694996718010 -0.8461214805472747 -0.5690554899413968
vn 0.2903336306215474 -0.8311645658209862 0.4742065451401137
v 1.1921461304759342 -0.8838142748803283 -0.5262492150377309
vn 0.2903336547433493 -0.8311645018138164 0.4742066425599287
v 1.3520811673026598 -1.0101801610383179 -0.8456570619250506
vn -0.0426773528967960 -0.9986119597954588 0.0308674149095018
v 1.2793247195612785 -1.0834035075414217 -0.9294538454212802
vn 0.2903338305946645 -0.8311644653490445 0.4742065988082257
v 1.0297349538930072 -0.9539457614289021 -0.5497349968194704
vn 0.5686121797643747 -0.6059876579397353 0.5562905243200901
v 0.8754125584247380 -0.5405518889357854 0.2693240883704406
vn 0.2903337393866974 -0.8311645325892734 0.4742065367952999
v 1.0371925908796471 -0.8004018621713325 -0.2851776613024998
vn 0.2903339290065183 -0.8311646281734058 0.4742062531652258
v 0.8696175962071649 -0.7697800039196713 -0.1289071419950619
vn 0.2903334336112808 -0.8311649800313473 0.4742059397529452
v 0.4068290412754574 -0.8530140051334881 0.0085485314699269
vn 0.2903356162057137 -0.8311637981468617 0.4742066749978657
v 0.3502403715035343 -0.9617550939931415 -0.1474021122064045
vn 0.2903333445015693 -0.8311649945161956 0.4742059689221822
v 0.7193137802264202 -0.9010808902396399 -0.2670207608615178
vn 0.2903342776824275 -0.8311643632615207 0.4742065040113790
v 0.6153114133583547 -0.6801589717549995 0.1838758429359968
vn 0.6992540756098765 -0.4316761730611069 0.5698240249009290
v 1.6271845321923515 -1.0050452031228039 -1.0050889776797109
vn 0.8732609540785277 0.1128344769396087 0.4740081084703346
v 1.3037486516108645 -0.6618518655912082 -0.4909206520005746
vn 0.8732609667812484 0.1128353756591591 0.4740078711331024
v 1.2513048681846597 -0.3885055466850462 -0.4593730601404537
vn 0.8880733029520964 0.4527180376509540 0.0798259792875943
v 0.9896349465031994 0.2836063114047271 -0.1372925231022226
vn 0.8732604788782995 0.1128347126638797 0.4740089278139208
v 0.9252198369598117 -0.0031076098056244 0.0496299504993022
vn 0.8732613325848122 0.1128353611670764 0.4740072006652360
v 1.0874488194138543 -0.0871780098861904 -0.2292313459614216
vn 0.8732607904555530 0.1128350012468649 0.4740082851032910
v 1.1190819442042668 -0.4032284367046982 -0.2122750590276213
vn 0.8732609167146824 0.1128356181185822 0.4740079056539354
v 0.8920145860688307 -0.3986976799220087 0.2049704267573987
vn 0.8732613371840672 0.1128340729780444 0.4740074988380250
v 0.8800933183488084 -0.2305268313494439 0.1868996768082665
vn 0.3502552588000905 0.5648437337863846 -0.7471765588434486
v 1.2457820132625761 -0.5423801480688923 -1.1443367246740892
vn 0.8947632866499508 0.4334194547198427 0.1074534184366992
v 1.5555630916380434 -0.6832904327912195 -0.9497331364986380
vn 0.9008635530152448 0.4117547279076216 0.1374878281684231
v 1.4326325829953341 -0.4732621551935827 -0.7732554936816375
vn 0.5815727955418668 0.6952707954840199 -0.4223406260740684
v 1.0968324970790950 -0.2213253404990138 -0.8209140795458401
vn 0.5815732045428849 0.6952702808581624 -0.4223409100633419
v 0.4722550943009190 0.2831646599781833 -0.8504632462987576
vn 0.5815733448152139 0.6952701068782379 -0.4223410033160032
v 0.5378494721689798 0.3221798694403211 -0.6959098102992488
vn 0.5815727225250339 0.6952706484692932 -0.4223409686401596
v 0.8134348424672976 0.0719631602201640 -0.7283371479307489
vn 0.5815715588014103 0.6952716214413063 -0.4223409693738873
v 0.9860337589715226 -0.1487534793450130 -0.8540156075515133
vn 0.5815726958401581 0.6952705380379735 -0.4223411871811674
v 0.9059646808210093 0.2320280611278909 -0.3374177332134713
vn 0.8737708238532180 0.4853469118663806 0.0310309929689087
v 1.3220675240870441 -0.2843604334138623 -0.6145297882528649
vn 0.5815717370083975 0.6952713934323603 -0.4223410993351932
v 0.9825506689647299 -0.0035665306524344 -0.6198005186896139
vn 0.5815726482654368 0.6952703471785749 -0.4223415668907220
v 0.7826187544612437 0.2626463390564175 -0.4568634163076284
vn 0.0271725860869938 -0.8341510729240003 0.5508662615418413
v 0.0330206066669860 0.9338402360234435 -0.1018114135285098
vn -0.6997044276079248 0.2988140523332513 0.6489405798022245
v -0.3080759797335731 0.7646883907097087 -0.2238227111373034
vn 0.1876160126829433 -0.7947084782839408 0.5772682793368930
v -0.0046139733797298 0.8590169596090813 -0.1925880805181688
vn 0.1876131375455617 -0.7947087103410544 0.5772688943017525
v -0.0665610625470816 0.7454026380580966 -0.3288649371210053
vn 0.1876110206308299 -0.7947112095175562 0.5772661417448637
v -0.5798899769983926 0.5019263860597809 -0.4972204515843394
vn -0.2880485828647427 0.3626192029269927 -0.8863043086763180
v -0.5334264296173987 0.4469998992674691 -0.5879369711427850
vn 0.1876120023171488 -0.7947097970441086 0.5772677672178328
v -0.3998367224696595 0.5312586559934435 -0.5153566765567738
vn 0.1876127515154776 -0.7947093651470031 0.5772681183093683
v -0.2917918359923181 0.6090351547778020 -0.4433980898429671
vn 0.1794469107909024 -0.8142077974410661 0.5521453330363029
v 0.1531117091497756 0.4469998149531382 -0.8110613793789943
vn 0.1593652636934629 0.8506114896156139 -0.5010616792988857
v 0.1716973606714402 0.6559832233451999 -0.5294001471287801
vn 0.1876110966279393 -0.7947089920886068 0.5772691697255040
v 0.0100845930269775 0.6086765401505371 -0.5420021889931808
vn 0.1876118409965689 -0.7947107741906024 0.5772664744320871
v 0.0304636400773756 0.5189907186893707 -0.6720927343212550
vn 0.1876111053621846 -0.7947096169297649 0.5772683066860034
v -0.1856418283225714 0.5169256107114721 -0.6047014954624711
vn -0.5510789254564572 -0.7699829995726952 -0.3216180938423571
v 0.0550427786884875 0.8897156646628600 0.1697143951868768
vn -0.6811620571506086 0.7054225914795876 -0.1959520842669802
v -0.0904052333011405 0.9309473820966403 0.0656811580863303
vn 0.1876113997250391 -0.7947086283575497 -0.5772695719568750
v -0.1364999430486034 0.7892189954913963 0.2458138852295266
vn 0.2554215770181319 -0.7707609909588951 -0.5836842578052218
v 0.2534622295930082 0.4921582370972397 0.7815069146338527
vn -0.2448185384441683 -0.6104222410854285 0.7532918231484425
v -0.0393376132333971 0.4469999966322434 0.7485157826996098
vn 0.1876116149425977 -0.7947093820197814 -0.5772684644672421
v 0.0569252058123109 0.5648895097617853 0.6175057825484317
vn 0.1876127597185097 -0.7947097031906331 -0.5772676502675866
v -0.0406308958911680 0.7066833938337362 0.3905957589630226
vn 0.1876080016206213 -0.7947095991904157 -0.5772693398081400
v -0.5874820028055070 0.4651221498609752 0.5454201305540268
vn 0.0133312520064980 -0.6982405857327501 -0.7157390321587369
v -0.5481477131893492 0.5813181851390372 0.3982395580569066
vn 0.1876148015727847 -0.7947079378630431 -0.5772694169348263
v -0.4364632355866175 0.5291325989573226 0.5063805653750545
vn 0.1876118809467245 -0.7947096637780980 -0.5772679901270591
v -0.2669542444893265 0.6442332668944921 0.4030139330789796
vn 0.1876126324816859 -0.7947088090739864 -0.5772689225252803
v -0.1742696845066422 0.5436077615343552 0.5716650909669546
vn -0.4914215012617925 -0.7944471490495376 -0.3568734165844631
v 0.1126008522100774 0.8897693966296762 0.0903343077105575
vn -0.4764395136604447 -0.7702260312389133 -0.4239778893114021
v 0.3343557857903572 0.7931781025063879 -0.0000001431715071
vn -0.4914212260073605 -0.7944479488882605 -0.3568720150651470
v 0.2335549235390435 0.7638116005988613 0.2041795184339449
vn 0.6395338808446963 -0.6126169856171650 0.4644317433004122
v 0.6604334642820520 0.4470000495720876 0.3216263693761898
vn -0.4914202050653377 -0.7944487112022544 -0.3568717239045684
v 0.5565067892116140 0.5561162450559187 0.2218273837241077
vn -0.4914204338015737 -0.7944482752182653 -0.3568723794930009
v 0.3932108565110115 0.6533616984954419 0.2302063201694475
vn -0.6248812325035822 -0.6353017858028189 -0.4537786753700018
v 0.3182931424344151 0.4470000134329996 0.7927608785975460
vn -0.5510697944027341 -0.7699852728382567 -0.3216282968103455
v 0.1948655061786417 0.6095636777033301 0.6008344736033612
vn -0.8035469205916409 -0.1174304327789425 -0.5835430060115890
v 0.4058188085642474 0.4469998627156877 0.6722362199281346
vn -0.4914209714224297 -0.7944480195931606 -0.3568722082353021
v 0.3121327208155975 0.5172738739803789 0.6448050838769216
vn -0.4914209691738339 -0.7944484173390542 -0.3568713258917303
v 0.2709092553190061 0.6382881472870400 0.4321748812919064
vn -0.4914202124180435 -0.7944484527434549 -0.3568722891463212
v 0.3990719490408863 0.5533565051313289 0.4447620552080594
vn -0.4437308284101176 -0.8362209852946449 -0.3222381350357589
v 0.5084503730283799 0.4470000792802215 0.5309105204157981
vn -0.4914206434627142 -0.7944483359433910 -0.3568719556023827
v 0.5323725527911063 0.4948975956951388 0.3913419788719843
# 1363 vertices, 0 vertices normals

f 371//371 381//381 372//372
f 374//374 375//375 320//320
f 380//380 1201//1201 379//379
f 313//313 21//21 13//13
f 1339//1339 370//370 313//313
f 314//314 370//370 1339//1339
f 315//315 370//370 314//314
f 316//316 372//372 315//315
f 317//317 372//372 316//316
f 371//371 372//372 317//317
f 370//370 22//22 21//21
f 370//370 23//23 22//22
f 370//370 24//24 23//23
f 372//372 25//25 24//24
f 372//372 26//26 25//25
f 373//373 1326//1326 26//26
f 373//373 27//27 1326//1326
f 153//153 321//321 9//9
f 455//455 374//374 153//153
f 152//152 374//374 455//455
f 151//151 374//374 152//152
f 150//150 374//374 151//151
f 148//148 375//375 149//149
f 466//466 375//375 148//148
f 374//374 852//852 321//321
f 374//374 320//320 1346//1346
f 375//375 319//319 915//915
f 375//375 318//318 319//319
f 33//33 145//145 8//8
f 32//32 377//377 33//33
f 975//975 377//377 32//32
f 31//31 378//378 975//975
f 30//30 378//378 31//31
f 29//29 378//378 30//30
f 28//28 378//378 29//29
f 27//27 378//378 28//28
f 378//378 146//146 377//377
f 380//380 147//147 1201//1201
f 380//380 464//464 147//147
f 380//380 466//466 464//464
f 384//384 394//394 385//385
f 394//394 398//398 385//385
f 394//394 395//395 398//398
f 390//390 391//391 387//387
f 390//390 392//392 391//391
f 393//393 392//392 390//390
f 393//393 394//394 392//392
f 396//396 59//59 44//44
f 397//397 399//399 396//396
f 397//397 393//393 399//399
f 386//386 398//398 49//49
f 20//20 382//382 13//13
f 1325//1325 382//382 20//20
f 19//19 385//385 1325//1325
f 18//18 385//385 19//19
f 962//962 385//385 383//383
f 384//384 385//385 962//962
f 385//385 1022//1022 52//52
f 385//385 51//51 1022//1022
f 385//385 50//50 51//51
f 385//385 1351//1351 50//50
f 385//385 386//386 1351//1351
f 53//53 14//14 2//2
f 54//54 387//387 53//53
f 388//388 390//390 54//54
f 389//389 390//390 670//670
f 519//519 393//393 518//518
f 399//399 393//393 519//519
f 387//387 737//737 14//14
f 387//387 15//15 737//737
f 394//394 16//16 1334//1334
f 44//44 667//667 11//11
f 45//45 396//396 795//795
f 1028//1028 396//396 45//45
f 46//46 397//397 1028//1028
f 47//47 397//397 46//46
f 48//48 398//398 47//47
f 49//49 398//398 48//48
f 44//44 59//59 667//667
f 396//396 58//58 526//526
f 396//396 57//57 58//58
f 396//396 56//56 57//57
f 396//396 55//55 56//56
f 400//400 404//404 401//401
f 401//401 404//404 412//412
f 421//421 403//403 402//402
f 403//403 404//404 406//406
f 410//410 413//413 409//409
f 413//413 414//414 409//409
f 67//67 66//66 11//11
f 70//70 401//401 69//69
f 71//71 401//401 70//70
f 72//72 400//400 71//71
f 407//407 400//400 72//72
f 68//68 65//65 66//66
f 534//534 64//64 65//65
f 534//534 63//63 64//64
f 401//401 625//625 63//63
f 401//401 1353//1353 625//625
f 401//401 62//62 1353//1353
f 401//401 61//61 62//62
f 75//75 402//402 3//3
f 421//421 402//402 75//75
f 778//778 403//403 76//76
f 78//78 403//403 77//77
f 79//79 403//403 78//78
f 80//80 404//404 79//79
f 403//403 809//809 74//74
f 403//403 406//406 405//405
f 404//404 73//73 810//810
f 1356//1356 84//84 10//10
f 60//60 408//408 1356//1356
f 1358//1358 408//408 60//60
f 1087//1087 409//409 1358//1358
f 410//410 409//409 1087//1087
f 411//411 413//413 1362//1362
f 409//409 416//416 408//408
f 409//409 417//417 416//416
f 409//409 83//83 417//417
f 409//409 82//82 83//83
f 414//414 81//81 82//82
f 414//414 80//80 81//81
f 417//417 420//420 416//416
f 416//416 95//95 415//415
f 423//423 424//424 422//422
f 423//423 418//418 424//424
f 424//424 418//418 77//77
f 418//418 423//423 428//428
f 419//419 427//427 426//426
f 419//419 428//428 427//427
f 418//418 428//428 420//420
f 420//420 428//428 419//419
f 84//84 97//97 10//10
f 408//408 415//415 84//84
f 82//82 420//420 83//83
f 81//81 420//420 82//82
f 80//80 420//420 81//81
f 415//415 96//96 97//97
f 415//415 95//95 96//96
f 420//420 93//93 94//94
f 420//420 92//92 93//93
f 419//419 91//91 92//92
f 419//419 90//90 91//91
f 98//98 75//75 3//3
f 550//550 421//421 98//98
f 553//553 424//424 550//550
f 99//99 424//424 553//553
f 422//422 424//424 99//99
f 101//101 423//423 100//100
f 102//102 427//427 101//101
f 424//424 76//76 421//421
f 424//424 778//778 76//76
f 424//424 77//77 778//778
f 418//418 79//79 78//78
f 418//418 80//80 79//79
f 85//85 822//822 4//4
f 86//86 822//822 85//85
f 87//87 426//426 434//434
f 425//425 426//426 87//87
f 89//89 419//419 88//88
f 90//90 419//419 89//89
f 434//434 107//107 108//108
f 426//426 106//106 107//107
f 427//427 104//104 105//105
f 427//427 103//103 104//104
f 427//427 102//102 103//103
f 87//87 434//434 432//432
f 435//435 436//436 88//88
f 110//110 438//438 437//437
f 440//440 431//431 435//435
f 97//97 119//119 10//10
f 96//96 429//429 97//97
f 95//95 429//429 96//96
f 94//94 430//430 95//95
f 93//93 430//430 94//94
f 92//92 430//430 93//93
f 90//90 436//436 91//91
f 430//430 118//118 429//429
f 430//430 117//117 118//118
f 430//430 116//116 1342//1342
f 431//431 115//115 116//116
f 431//431 114//114 115//115
f 432//432 85//85 4//4
f 1151//1151 87//87 447//447
f 433//433 435//435 1151//1151
f 121//121 435//435 120//120
f 845//845 435//435 121//121
f 122//122 435//435 845//845
f 432//432 86//86 85//85
f 435//435 425//425 87//87
f 435//435 88//88 425//425
f 436//436 90//90 89//89
f 109//109 127//127 9//9
f 110//110 437//437 109//109
f 112//112 438//438 111//111
f 113//113 438//438 112//112
f 1146//1146 440//440 113//113
f 114//114 431//431 439//439
f 438//438 126//126 437//437
f 438//438 125//125 126//126
f 438//438 441//441 125//125
f 440//440 123//123 124//124
f 440//440 122//122 123//123
f 437//437 443//443 442//442
f 446//446 443//443 125//125
f 446//446 454//454 445//445
f 449//449 450//450 448//448
f 449//449 454//454 450//450
f 453//453 143//143 451//451
f 453//453 454//454 449//449
f 127//127 442//442 9//9
f 437//437 442//442 127//127
f 125//125 443//443 126//126
f 124//124 446//446 441//441
f 123//123 446//446 124//124
f 122//122 446//446 123//123
f 443//443 1128//1128 135//135
f 454//454 134//134 456//456
f 136//136 432//432 4//4
f 137//137 447//447 136//136
f 691//691 448//448 137//137
f 572//572 448//448 691//691
f 138//138 449//449 887//887
f 139//139 449//449 138//138
f 140//140 449//449 139//139
f 448//448 1151//1151 447//447
f 448//448 433//433 1151//1151
f 448//448 120//120 433//433
f 448//448 121//121 120//120
f 450//450 845//845 121//121
f 450//450 122//122 845//845
f 128//128 696//696 5//5
f 130//130 453//453 129//129
f 452//452 453//453 130//130
f 132//132 453//453 131//131
f 133//133 454//454 132//132
f 451//451 144//144 696//696
f 451//451 143//143 144//144
f 453//453 566//566 879//879
f 453//453 142//142 566//566
f 453//453 141//141 142//142
f 453//453 140//140 141//141
f 147//147 467//467 465//465
f 464//464 467//467 147//147
f 459//459 468//468 466//466
f 466//466 468//468 467//467
f 442//442 153//153 9//9
f 135//135 455//455 442//442
f 1128//1128 458//458 135//135
f 444//444 458//458 1128//1128
f 445//445 458//458 444//444
f 456//456 459//459 445//445
f 133//133 457//457 134//134
f 458//458 152//152 455//455
f 458//458 151//151 152//152
f 459//459 150//150 151//151
f 459//459 149//149 150//150
f 459//459 466//466 148//148
f 154//154 128//128 5//5
f 155//155 460//460 154//154
f 478//478 460//460 155//155
f 895//895 461//461 478//478
f 156//156 461//461 895//895
f 157//157 461//461 156//156
f 158//158 461//461 157//157
f 480//480 461//461 158//158
f 460//460 451//451 128//128
f 460//460 129//129 451//451
f 461//461 130//130 129//129
f 462//462 452//452 130//130
f 462//462 131//131 452//452
f 462//462 132//132 131//131
f 462//462 133//133 132//132
f 145//145 162//162 8//8
f 377//377 463//463 145//145
f 146//146 465//465 377//377
f 379//379 465//465 146//146
f 1201//1201 465//465 379//379
f 465//465 161//161 463//463
f 465//465 470//470 161//161
f 465//465 471//471 470//470
f 467//467 160//160 471//471
f 468//468 480//480 159//159
f 472//472 475//475 474//474
f 472//472 484//484 475//475
f 176//176 479//479 477//477
f 485//485 484//484 479//479
f 479//479 480//480 477//477
f 479//479 484//484 480//480
f 483//483 482//482 165//165
f 483//483 475//475 484//484
f 483//483 484//484 485//485
f 162//162 171//171 8//8
f 463//463 469//469 162//162
f 161//161 473//473 463//463
f 471//471 472//472 470//470
f 159//159 472//472 160//160
f 480//480 472//472 159//159
f 473//473 486//486 469//469
f 473//473 474//474 486//486
f 475//475 993//993 170//170
f 475//475 169//169 993//993
f 475//475 168//168 169//169
f 172//172 154//154 5//5
f 173//173 476//476 587//587
f 174//174 476//476 173//173
f 175//175 476//476 174//174
f 945//945 477//477 175//175
f 177//177 485//485 176//176
f 587//587 155//155 154//154
f 476//476 478//478 155//155
f 476//476 156//156 895//895
f 477//477 157//157 156//156
f 477//477 158//158 157//157
f 163//163 181//181 6//6
f 491//491 481//481 164//164
f 985//985 481//481 491//491
f 166//166 483//483 165//165
f 167//167 483//483 166//166
f 168//168 483//483 167//167
f 163//163 180//180 181//181
f 481//481 582//582 180//180
f 482//482 939//939 582//582
f 482//482 179//179 939//939
f 483//483 583//583 179//179
f 485//485 177//177 178//178
f 487//487 494//494 495//495
f 492//492 494//494 491//491
f 494//494 985//985 491//491
f 497//497 489//489 496//496
f 171//171 34//34 8//8
f 486//486 487//487 469//469
f 170//170 487//487 474//474
f 169//169 487//487 993//993
f 168//168 487//487 169//169
f 469//469 35//35 34//34
f 487//487 1330//1330 35//35
f 487//487 37//37 36//36
f 488//488 39//39 38//38
f 488//488 40//40 39//39
f 182//182 163//163 6//6
f 183//183 490//490 182//182
f 184//184 490//490 183//183
f 492//492 491//491 184//184
f 186//186 494//494 185//185
f 493//493 494//494 186//186
f 490//490 164//164 163//163
f 494//494 166//166 165//165
f 494//494 167//167 166//166
f 494//494 168//168 167//167
f 1262//1262 193//193 2//2
f 43//43 498//498 1333//1333
f 496//496 498//498 43//43
f 1266//1266 497//497 42//42
f 41//41 497//497 1266//1266
f 40//40 497//497 41//41
f 1262//1262 192//192 193//193
f 498//498 191//191 192//192
f 498//498 502//502 191//191
f 489//489 190//190 502//502
f 489//489 189//189 190//190
f 489//489 188//188 189//189
f 495//495 187//187 188//188
f 502//502 503//503 501//501
f 506//506 505//505 503//503
f 503//503 505//505 504//504
f 506//506 513//513 505//505
f 509//509 508//508 1003//1003
f 525//525 596//596 510//510
f 508//508 513//513 506//506
f 509//509 513//513 508//508
f 505//505 513//513 511//511
f 193//193 499//499 2//2
f 192//192 499//499 193//193
f 191//191 500//500 192//192
f 502//502 501//501 191//191
f 189//189 503//503 190//190
f 188//188 503//503 189//189
f 187//187 506//506 188//188
f 500//500 1243//1243 751//751
f 501//501 504//504 1243//1243
f 505//505 198//198 199//199
f 505//505 197//197 1244//1244
f 200//200 182//182 6//6
f 714//714 507//507 200//200
f 201//201 507//507 714//714
f 202//202 507//507 201//201
f 203//203 509//509 1003//1003
f 204//204 509//509 203//203
f 205//205 509//509 204//204
f 507//507 183//183 182//182
f 507//507 184//184 183//183
f 1003//1003 492//492 184//184
f 508//508 185//185 492//492
f 508//508 493//493 186//186
f 508//508 187//187 493//493
f 746//746 209//209 7//7
f 522//522 510//510 746//746
f 194//194 510//510 522//522
f 195//195 511//511 525//525
f 196//196 511//511 195//195
f 1255//1255 511//511 196//196
f 197//197 511//511 1255//1255
f 510//510 718//718 209//209
f 510//510 208//208 718//718
f 510//510 596//596 208//208
f 511//511 206//206 207//207
f 509//509 205//205 512//512
f 751//751 515//515 499//499
f 514//514 670//670 515//515
f 516//516 517//517 514//514
f 520//520 521//521 516//516
f 521//521 518//518 517//517
f 526//526 528//528 218//218
f 527//527 530//530 529//529
f 531//531 532//532 530//530
f 531//531 520//520 532//532
f 499//499 53//53 2//2
f 504//504 515//515 1243//1243
f 199//199 514//514 504//504
f 198//198 514//514 199//199
f 1244//1244 516//516 198//198
f 197//197 516//516 1244//1244
f 499//499 54//54 53//53
f 515//515 388//388 54//54
f 515//515 670//670 388//388
f 517//517 518//518 389//389
f 210//210 746//746 7//7
f 211//211 522//522 210//210
f 212//212 524//524 211//211
f 213//213 524//524 523//523
f 214//214 524//524 1036//1036
f 537//537 532//532 214//214
f 524//524 194//194 522//522
f 524//524 525//525 194//194
f 524//524 196//196 195//195
f 524//524 1255//1255 196//196
f 524//524 197//197 1255//1255
f 667//667 218//218 11//11
f 59//59 218//218 667//667
f 57//57 527//527 58//58
f 56//56 527//527 57//57
f 55//55 527//527 56//56
f 399//399 531//531 55//55
f 528//528 529//529 533//533
f 530//530 217//217 535//535
f 530//530 216//216 217//217
f 530//530 215//215 216//216
f 532//532 537//537 215//215
f 535//535 536//536 534//534
f 538//538 544//544 542//542
f 538//538 543//543 544//544
f 218//218 67//67 11//11
f 529//529 534//534 533//533
f 535//535 534//534 529//529
f 216//216 536//536 217//217
f 215//215 536//536 216//216
f 533//533 68//68 67//67
f 536//536 69//69 534//534
f 536//536 70//70 69//69
f 536//536 72//72 71//71
f 538//538 407//407 72//72
f 219//219 210//210 7//7
f 221//221 539//539 220//220
f 222//222 539//539 221//221
f 223//223 539//539 222//222
f 225//225 544//544 224//224
f 614//614 544//544 225//225
f 220//220 211//211 210//210
f 539//539 212//212 211//211
f 539//539 523//523 212//212
f 539//539 213//213 523//523
f 539//539 1036//1036 213//213
f 539//539 537//537 214//214
f 402//402 231//231 3//3
f 74//74 540//540 402//402
f 809//809 541//541 74//74
f 405//405 541//541 809//809
f 406//406 541//541 405//405
f 810//810 542//542 406//406
f 407//407 538//538 73//73
f 541//541 230//230 540//540
f 541//541 229//229 230//230
f 541//541 228//228 229//229
f 542//542 227//227 228//228
f 544//544 614//614 226//226
f 556//556 547//547 103//103
f 556//556 548//548 547//547
f 548//548 549//549 547//547
f 548//548 557//557 546//546
f 554//554 553//553 551//551
f 555//555 557//557 556//556
f 243//243 242//242 12//12
f 244//244 545//545 243//243
f 559//559 545//545 244//244
f 1160//1160 545//545 559//559
f 562//562 545//545 1160//1160
f 1161//1161 546//546 562//562
f 246//246 546//546 245//245
f 545//545 241//241 242//242
f 545//545 240//240 241//241
f 545//545 239//239 240//240
f 545//545 238//238 603//603
f 546//546 604//604 238//238
f 546//546 237//237 604//604
f 822//822 251//251 4//4
f 108//108 251//251 822//822
f 107//107 547//547 108//108
f 106//106 547//547 107//107
f 105//105 547//547 106//106
f 104//104 547//547 105//105
f 102//102 556//556 103//103
f 547//547 249//249 250//250
f 547//547 248//248 249//249
f 547//547 1057//1057 248//248
f 547//547 549//549 1057//1057
f 548//548 246//246 247//247
f 607//607 98//98 3//3
f 232//232 550//550 607//607
f 234//234 552//552 233//233
f 235//235 552//552 234//234
f 236//236 552//552 235//235
f 237//237 552//552 236//236
f 551//551 553//553 550//550
f 554//554 422//422 99//99
f 554//554 100//100 422//422
f 555//555 101//101 100//100
f 556//556 102//102 101//101
f 569//569 564//564 563//563
f 563//563 564//564 562//562
f 566//566 567//567 565//565
f 573//573 567//567 566//566
f 570//570 569//569 567//567
f 567//567 569//569 568//568
f 558//558 243//243 12//12
f 1120//1120 559//559 252//252
f 253//253 559//559 1120//1120
f 254//254 563//563 253//253
f 579//579 563//563 254//254
f 560//560 563//563 579//579
f 558//558 244//244 243//243
f 563//563 1160//1160 559//559
f 564//564 1161//1161 562//562
f 564//564 245//245 1161//1161
f 564//564 246//246 245//245
f 696//696 259//259 5//5
f 144//144 259//259 696//696
f 143//143 565//565 144//144
f 879//879 565//565 143//143
f 566//566 565//565 879//879
f 141//141 573//573 142//142
f 140//140 573//573 141//141
f 565//565 257//257 258//258
f 565//565 1229//1229 257//257
f 565//565 256//256 1229//1229
f 569//569 255//255 568//568
f 569//569 561//561 255//255
f 251//251 136//136 4//4
f 249//249 572//572 250//250
f 248//248 572//572 249//249
f 1057//1057 571//571 248//248
f 549//549 571//571 1057//1057
f 247//247 571//571 549//549
f 246//246 571//571 247//247
f 250//250 137//137 136//136
f 250//250 691//691 137//137
f 571//571 887//887 572//572
f 571//571 138//138 887//887
f 571//571 139//139 138//138
f 577//577 579//579 578//578
f 577//577 580//580 579//579
f 586//586 581//581 577//577
f 589//589 584//584 583//583
f 584//584 586//586 585//585
f 586//586 589//589 581//581
f 580//580 581//581 588//588
f 588//588 581//581 589//589
f 574//574 558//558 12//12
f 1179//1179 575//575 260//260
f 261//261 575//575 1179//1179
f 262//262 578//578 261//261
f 263//263 577//577 262//262
f 576//576 577//577 263//263
f 574//574 252//252 558//558
f 575//575 1120//1120 252//252
f 578//578 253//253 1120//1120
f 578//578 254//254 253//253
f 580//580 560//560 579//579
f 580//580 561//561 560//560
f 181//181 267//267 6//6
f 180//180 584//584 181//181
f 582//582 584//584 180//180
f 179//179 584//584 939//939
f 583//583 584//584 179//179
f 177//177 589//589 178//178
f 584//584 266//266 267//267
f 584//584 1287//1287 266//266
f 584//584 265//265 1287//1287
f 586//586 264//264 585//585
f 586//586 1289//1289 264//264
f 586//586 595//595 1289//1289
f 259//259 172//172 5//5
f 258//258 587//587 259//259
f 257//257 587//587 258//258
f 1229//1229 588//588 257//257
f 256//256 588//588 1229//1229
f 568//568 588//588 256//256
f 255//255 580//580 568//568
f 561//561 580//580 255//255
f 588//588 173//173 587//587
f 588//588 174//174 173//173
f 588//588 175//175 174//174
f 588//588 945//945 175//175
f 588//588 176//176 945//945
f 599//599 594//594 591//591
f 594//594 595//595 593//593
f 600//600 597//597 512//512
f 599//599 602//602 594//594
f 268//268 574//574 12//12
f 270//270 593//593 269//269
f 271//271 591//591 592//592
f 272//272 591//591 271//271
f 273//273 599//599 272//272
f 590//590 260//260 574//574
f 593//593 1179//1179 260//260
f 593//593 261//261 1179//1179
f 593//593 262//262 261//261
f 593//593 263//263 262//262
f 593//593 576//576 263//263
f 209//209 279//279 7//7
f 718//718 597//597 209//209
f 208//208 597//597 718//718
f 206//206 597//597 207//207
f 205//205 600//600 512//512
f 597//597 278//278 279//279
f 597//597 277//277 278//278
f 597//597 598//598 277//277
f 597//597 275//275 276//276
f 599//599 274//274 275//275
f 599//599 273//273 274//274
f 267//267 200//200 6//6
f 266//266 714//714 267//267
f 1287//1287 601//601 266//266
f 265//265 601//601 1287//1287
f 585//585 601//601 265//265
f 264//264 601//601 585//585
f 1289//1289 601//601 264//264
f 595//595 602//602 1289//1289
f 601//601 201//201 714//714
f 601//601 202//202 201//201
f 601//601 1003//1003 202//202
f 601//601 203//203 1003//1003
f 600//600 205//205 204//204
f 606//606 605//605 603//603
f 610//610 613//613 606//606
f 613//613 272//272 606//606
f 608//608 609//609 607//607
f 608//608 233//233 609//609
f 610//610 235//235 608//608
f 272//272 613//613 612//612
f 613//613 614//614 225//225
f 242//242 268//268 12//12
f 241//241 605//605 242//242
f 240//240 605//605 241//241
f 239//239 605//605 240//240
f 238//238 606//606 603//603
f 604//604 606//606 238//238
f 605//605 590//590 268//268
f 605//605 269//269 590//590
f 605//605 270//270 269//269
f 605//605 592//592 270//270
f 606//606 271//271 592//592
f 606//606 272//272 271//271
f 231//231 607//607 3//3
f 540//540 607//607 231//231
f 230//230 607//607 540//540
f 229//229 608//608 230//230
f 228//228 608//608 229//229
f 226//226 608//608 227//227
f 614//614 608//608 226//226
f 609//609 551//551 232//232
f 609//609 233//233 551//551
f 608//608 235//235 234//234
f 610//610 237//237 236//236
f 279//279 219//219 7//7
f 277//277 611//611 278//278
f 276//276 612//612 598//598
f 275//275 612//612 276//276
f 274//274 612//612 275//275
f 273//273 612//612 274//274
f 278//278 220//220 219//219
f 611//611 221//221 220//220
f 611//611 222//222 221//221
f 611//611 223//223 222//222
f 611//611 224//224 223//223
f 611//611 225//225 224//224
f 618//618 660//660 619//619
f 617//617 615//615 618//618
f 620//620 626//626 622//622
f 621//621 615//615 617//617
f 668//668 623//623 624//624
f 623//623 618//618 615//615
f 623//623 622//622 624//624
f 623//623 615//615 622//622
f 616//616 619//619 280//280
f 617//617 618//618 616//616
f 1356//1356 281//281 10//10
f 60//60 281//281 1356//1356
f 1358//1358 620//620 60//60
f 1087//1087 620//620 1358//1358
f 410//410 620//620 1087//1087
f 1362//1362 620//620 410//410
f 411//411 620//620 1362//1362
f 668//668 66//66 11//11
f 668//668 65//65 66//66
f 668//668 64//64 65//65
f 624//624 63//63 64//64
f 624//624 1353//1353 625//625
f 626//626 62//62 1353//1353
f 62//62 626//626 61//61
f 283//283 627//627 628//628
f 629//629 630//630 627//627
f 627//627 630//630 628//628
f 281//281 621//621 634//634
f 621//621 630//630 635//635
f 634//634 635//635 636//636
f 636//636 635//635 629//629
f 628//628 617//617 616//616
f 109//109 631//631 9//9
f 111//111 631//631 110//110
f 113//113 633//633 112//112
f 1146//1146 633//633 113//113
f 439//439 633//633 1146//1146
f 281//281 119//119 10//10
f 281//281 429//429 119//119
f 634//634 118//118 429//429
f 634//634 117//117 118//118
f 634//634 1342//1342 117//117
f 636//636 116//116 1342//1342
f 636//636 115//115 116//116
f 115//115 636//636 114//114
f 637//637 283//283 649//649
f 638//638 283//283 637//637
f 640//640 641//641 639//639
f 640//640 643//643 641//641
f 152//152 642//642 643//643
f 642//642 638//638 643//643
f 641//641 638//638 637//637
f 638//638 632//632 283//283
f 644//644 282//282 280//280
f 656//656 637//637 649//649
f 145//145 655//655 8//8
f 377//377 639//639 145//145
f 146//146 639//639 377//377
f 379//379 639//639 146//146
f 1201//1201 639//639 379//379
f 147//147 639//639 1201//1201
f 464//464 640//640 147//147
f 631//631 153//153 9//9
f 632//632 642//642 152//152
f 631//631 455//455 153//153
f 631//631 152//152 455//455
f 643//643 150//150 151//151
f 643//643 149//149 150//150
f 643//643 148//148 149//149
f 148//148 640//640 466//466
f 669//669 647//647 645//645
f 648//648 657//657 647//647
f 647//647 649//649 646//646
f 650//650 652//652 651//651
f 650//650 658//658 652//652
f 650//650 651//651 654//654
f 654//654 651//651 648//648
f 656//656 657//657 655//655
f 655//655 657//657 652//652
f 657//657 651//651 652//652
f 659//659 644//644 280//280
f 646//646 649//649 644//644
f 1262//1262 653//653 2//2
f 1333//1333 653//653 1262//1262
f 496//496 650//650 43//43
f 42//42 650//650 496//496
f 41//41 650//650 1266//1266
f 41//41 658//658 650//650
f 653//653 648//648 669//669
f 655//655 34//34 8//8
f 656//656 649//649 657//657
f 655//655 35//35 34//34
f 655//655 1330//1330 35//35
f 652//652 36//36 1330//1330
f 652//652 37//37 36//36
f 658//658 38//38 37//37
f 658//658 39//39 38//38
f 39//39 658//658 40//40
f 661//661 662//662 660//660
f 661//661 663//663 662//662
f 662//662 669//669 645//645
f 666//666 673//673 664//664
f 667//667 666//666 668//668
f 666//666 664//664 623//623
f 672//672 663//663 664//664
f 619//619 659//659 280//280
f 667//667 668//668 11//11
f 526//526 665//665 59//59
f 58//58 665//665 526//526
f 57//57 665//665 58//58
f 56//56 666//666 57//57
f 55//55 666//666 56//56
f 55//55 674//674 673//673
f 623//623 661//661 660//660
f 653//653 53//53 2//2
f 653//653 672//672 671//671
f 671//671 388//388 54//54
f 671//671 670//670 388//388
f 671//671 518//518 389//389
f 519//519 674//674 399//399
f 724//724 284//284 722//722
f 725//725 676//676 724//724
f 678//678 685//685 676//676
f 675//675 678//678 676//676
f 677//677 681//681 678//678
f 679//679 684//684 683//683
f 679//679 677//677 680//680
f 679//679 683//683 677//677
f 680//680 677//677 675//675
f 686//686 681//681 694//694
f 682//682 683//683 684//684
f 678//678 681//681 686//686
f 98//98 285//285 3//3
f 550//550 285//285 98//98
f 553//553 285//285 550//550
f 99//99 679//679 553//553
f 422//422 679//679 99//99
f 100//100 679//679 422//422
f 101//101 679//679 100//100
f 694//694 822//822 4//4
f 694//694 108//108 822//822
f 694//694 107//107 108//108
f 694//694 106//106 107//107
f 682//682 105//105 106//106
f 684//684 103//103 104//104
f 103//103 684//684 102//102
f 686//686 687//687 685//685
f 687//687 690//690 688//688
f 687//687 698//698 690//690
f 694//694 692//692 686//686
f 692//692 695//695 686//686
f 702//702 697//697 699//699
f 697//697 698//698 699//699
f 695//695 698//698 687//687
f 284//284 689//689 722//722
f 136//136 694//694 4//4
f 137//137 694//694 136//136
f 691//691 694//694 137//137
f 887//887 692//692 572//572
f 138//138 692//692 887//887
f 139//139 692//692 138//138
f 702//702 696//696 5//5
f 702//702 143//143 144//144
f 699//699 879//879 143//143
f 699//699 566//566 879//879
f 699//699 141//141 142//142
f 141//141 693//693 140//140
f 689//689 708//708 722//722
f 689//689 690//690 708//708
f 690//690 709//709 708//708
f 700//700 709//709 690//690
f 945//945 706//706 703//703
f 702//702 703//703 697//697
f 703//703 706//706 701//701
f 703//703 701//701 704//704
f 705//705 700//700 706//706
f 706//706 939//939 713//713
f 172//172 702//702 5//5
f 587//587 702//702 172//172
f 173//173 702//702 587//587
f 174//174 702//702 173//173
f 175//175 702//702 174//174
f 945//945 703//703 175//175
f 176//176 707//707 945//945
f 713//713 181//181 6//6
f 713//713 180//180 181//181
f 713//713 582//582 180//180
f 713//713 939//939 582//582
f 707//707 583//583 179//179
f 707//707 178//178 583//583
f 178//178 707//707 177//177
f 710//710 712//712 723//723
f 715//715 711//711 710//710
f 286//286 719//719 718//718
f 719//719 720//720 721//721
f 200//200 713//713 6//6
f 714//714 713//713 200//200
f 202//202 716//716 201//201
f 1003//1003 716//716 202//202
f 203//203 721//721 1003//1003
f 204//204 721//721 203//203
f 286//286 209//209 7//7
f 287//287 720//720 286//286
f 719//719 208//208 718//718
f 719//719 596//596 208//208
f 719//719 207//207 596//596
f 719//719 206//206 207//207
f 719//719 512//512 206//206
f 512//512 721//721 205//205
f 712//712 725//725 723//723
f 712//712 726//726 725//725
f 726//726 727//727 725//725
f 729//729 727//727 726//726
f 730//730 731//731 728//728
f 680//680 727//727 731//731
f 731//731 729//729 728//728
f 723//723 724//724 722//722
f 219//219 286//286 7//7
f 220//220 286//286 219//219
f 221//221 286//286 220//220
f 222//222 728//728 221//221
f 223//223 730//730 222//222
f 224//224 730//730 223//223
f 225//225 730//730 224//224
f 286//286 729//729 287//287
f 287//287 726//726 712//712
f 285//285 231//231 3//3
f 680//680 675//675 727//727
f 285//285 540//540 231//231
f 285//285 230//230 540//540
f 731//731 229//229 230//230
f 731//731 228//228 229//229
f 730//730 227//227 228//228
f 730//730 226//226 227//227
f 226//226 730//730 614//614
f 736//736 288//288 732//732
f 392//392 738//738 740//740
f 740//740 738//738 739//739
f 739//739 738//738 735//735
f 742//742 288//288 743//743
f 742//742 743//743 744//744
f 733//733 732//732 1//1
f 14//14 739//739 2//2
f 737//737 739//739 14//14
f 391//391 740//740 15//15
f 392//392 740//740 391//391
f 16//16 738//738 1334//1334
f 16//16 744//744 741//741
f 742//742 20//20 13//13
f 742//742 1325//1325 20//20
f 742//742 19//19 1325//1325
f 742//742 18//18 19//19
f 744//744 383//383 18//18
f 744//744 962//962 383//383
f 744//744 384//384 962//962
f 384//384 744//744 17//17
f 758//758 745//745 753//753
f 756//756 753//753 733//733
f 750//750 755//755 745//745
f 746//746 749//749 291//291
f 747//747 748//748 749//749
f 748//748 750//750 749//749
f 739//739 752//752 751//751
f 754//754 199//199 752//752
f 752//752 755//755 754//754
f 290//290 750//750 745//745
f 753//753 734//734 289//289
f 755//755 753//753 745//745
f 756//756 733//733 1//1
f 753//753 289//289 733//733
f 746//746 291//291 7//7
f 194//194 747//747 522//522
f 525//525 747//747 194//194
f 195//195 747//747 525//525
f 196//196 748//748 195//195
f 1255//1255 748//748 196//196
f 291//291 749//749 290//290
f 739//739 499//499 2//2
f 734//734 752//752 739//739
f 734//734 755//755 752//752
f 752//752 1243//1243 751//751
f 752//752 504//504 1243//1243
f 754//754 1244//1244 198//198
f 1244//1244 754//754 197//197
f 763//763 758//758 757//757
f 763//763 759//759 758//758
f 762//762 764//764 763//763
f 765//765 759//759 764//764
f 293//293 763//763 292//292
f 769//769 756//756 1//1
f 292//292 757//757 769//769
f 757//757 758//758 756//756
f 231//231 762//762 3//3
f 540//540 760//760 231//231
f 230//230 760//760 540//540
f 229//229 760//760 230//230
f 228//228 760//760 229//229
f 227//227 760//760 228//228
f 226//226 761//761 227//227
f 291//291 219//219 7//7
f 291//291 220//220 219//219
f 291//291 221//221 220//220
f 765//765 222//222 221//221
f 765//765 223//223 222//222
f 765//765 224//224 223//223
f 225//225 761//761 614//614
f 766//766 292//292 769//769
f 767//767 770//770 768//768
f 776//776 780//780 770//770
f 771//771 779//779 774//774
f 773//773 774//774 775//775
f 775//775 767//767 295//295
f 775//775 776//776 767//767
f 775//775 774//774 776//776
f 774//774 780//780 776//776
f 762//762 777//777 76//76
f 777//777 780//780 779//779
f 766//766 769//769 1//1
f 84//84 772//772 10//10
f 408//408 772//772 84//84
f 416//416 773//773 408//408
f 417//417 773//773 416//416
f 82//82 771//771 83//83
f 81//81 771//771 82//82
f 81//81 779//779 771//771
f 295//295 767//767 294//294
f 762//762 75//75 3//3
f 762//762 293//293 777//777
f 293//293 292//292 770//770
f 762//762 421//421 75//75
f 762//762 76//76 421//421
f 777//777 78//78 77//77
f 777//777 79//79 78//78
f 79//79 779//779 80//80
f 288//288 784//784 781//781
f 784//784 787//787 781//781
f 787//787 294//294 781//781
f 782//782 783//783 784//784
f 783//783 787//787 784//784
f 295//295 786//786 785//785
f 786//786 788//788 304//304
f 786//786 787//787 783//783
f 786//786 783//783 788//788
f 288//288 781//781 732//732
f 732//732 766//766 1//1
f 781//781 294//294 766//766
f 296//296 742//742 13//13
f 1338//1338 782//782 297//297
f 298//298 782//782 1338//1338
f 299//299 782//782 298//298
f 301//301 782//782 300//300
f 301//301 788//788 782//782
f 742//742 784//784 288//288
f 772//772 1341//1341 10//10
f 295//295 785//785 772//772
f 786//786 857//857 785//785
f 786//786 305//305 857//857
f 786//786 1357//1357 305//305
f 788//788 303//303 304//304
f 303//303 788//788 302//302
f 307//307 790//790 789//789
f 791//791 793//793 790//790
f 790//790 794//794 789//789
f 793//793 805//805 794//794
f 792//792 800//800 793//793
f 796//796 799//799 795//795
f 798//798 799//799 792//792
f 799//799 800//800 792//792
f 797//797 800//800 799//799
f 306//306 804//804 801//801
f 801//801 803//803 50//50
f 801//801 804//804 803//803
f 307//307 789//789 310//310
f 791//791 790//790 307//307
f 44//44 798//798 11//11
f 795//795 798//798 44//44
f 1028//1028 796//796 45//45
f 46//46 796//796 1028//1028
f 47//47 797//797 46//46
f 48//48 797//797 47//47
f 306//306 382//382 13//13
f 306//306 52//52 382//382
f 801//801 1022//1022 52//52
f 801//801 51//51 1022//1022
f 801//801 50//50 51//51
f 803//803 386//386 1351//1351
f 386//386 803//803 49//49
f 814//814 807//807 806//806
f 809//809 811//811 309//309
f 810//810 812//812 811//811
f 811//811 808//808 813//813
f 792//792 807//807 815//815
f 816//816 807//807 808//808
f 816//816 808//808 812//812
f 813//813 814//814 308//308
f 818//818 307//307 310//310
f 820//820 806//806 818//818
f 402//402 309//309 3//3
f 74//74 309//309 402//402
f 809//809 309//309 74//74
f 406//406 811//811 405//405
f 810//810 811//811 406//406
f 73//73 817//817 810//810
f 309//309 811//811 813//813
f 798//798 67//67 11//11
f 792//792 815//815 798//798
f 792//792 791//791 807//807
f 798//798 68//68 67//67
f 798//798 534//534 68//68
f 815//815 69//69 534//534
f 815//815 70//70 69//69
f 817//817 71//71 70//70
f 817//817 72//72 71//71
f 72//72 817//817 407//407
f 819//819 820//820 818//818
f 821//821 308//308 820//820
f 828//828 308//308 821//821
f 823//823 832//832 827//827
f 826//826 827//827 821//821
f 827//827 828//828 821//821
f 832//832 825//825 830//830
f 826//826 821//821 837//837
f 833//833 818//818 310//310
f 837//837 821//821 819//819
f 822//822 824//824 4//4
f 107//107 824//824 108//108
f 106//106 823//823 107//107
f 105//105 823//823 106//106
f 104//104 823//823 105//105
f 103//103 823//823 104//104
f 824//824 827//827 826//826
f 309//309 98//98 3//3
f 309//309 831//831 830//830
f 813//813 308//308 831//831
f 829//829 550//550 98//98
f 829//829 553//553 550//550
f 829//829 99//99 553//553
f 830//830 422//422 99//99
f 830//830 100//100 422//422
f 825//825 101//101 100//100
f 101//101 825//825 102//102
f 842//842 834//834 312//312
f 834//834 819//819 311//311
f 842//842 835//835 834//834
f 834//834 837//837 819//819
f 841//841 836//836 842//842
f 826//826 836//836 843//843
f 844//844 433//433 843//843
f 843//843 836//836 844//844
f 835//835 836//836 837//837
f 312//312 834//834 311//311
f 311//311 819//819 833//833
f 127//127 840//840 9//9
f 437//437 838//838 127//127
f 126//126 838//838 437//437
f 125//125 839//839 126//126
f 441//441 839//839 125//125
f 123//123 839//839 124//124
f 840//840 842//842 312//312
f 824//824 432//432 4//4
f 824//824 826//826 843//843
f 824//824 447//447 432//432
f 843//843 1151//1151 447//447
f 843//843 433//433 1151//1151
f 844//844 121//121 120//120
f 845//845 839//839 122//122
f 794//794 846//846 789//789
f 851//851 847//847 846//846
f 314//314 849//849 306//306
f 848//848 849//849 314//314
f 848//848 854//854 849//849
f 306//306 849//849 802//802
f 849//849 850//850 851//851
f 312//312 846//846 847//847
f 853//853 850//850 854//854
f 851//851 850//850 847//847
f 789//789 311//311 310//310
f 802//802 851//851 794//794
f 846//846 312//312 311//311
f 313//313 306//306 13//13
f 1339//1339 306//306 313//313
f 315//315 848//848 314//314
f 316//316 848//848 315//315
f 371//371 848//848 317//317
f 371//371 854//854 848//848
f 840//840 321//321 9//9
f 840//840 312//312 847//847
f 853//853 376//376 852//852
f 853//853 1346//1346 376//376
f 853//853 320//320 1346//1346
f 853//853 915//915 320//320
f 854//854 319//319 915//915
f 319//319 854//854 318//318
f 324//324 861//861 855//855
f 856//856 323//323 855//855
f 873//873 864//864 861//861
f 322//322 864//864 862//862
f 862//862 863//863 904//904
f 863//863 864//864 858//858
f 861//861 864//864 856//856
f 866//866 323//323 328//328
f 1341//1341 859//859 10//10
f 785//785 859//859 1341//1341
f 305//305 860//860 857//857
f 1357//1357 860//860 305//305
f 304//304 860//860 1357//1357
f 303//303 858//858 304//304
f 873//873 861//861 324//324
f 904//904 296//296 13//13
f 904//904 297//297 296//296
f 904//904 1338//1338 297//297
f 904//904 298//298 1338//1338
f 863//863 299//299 298//298
f 863//863 300//300 299//299
f 863//863 301//301 300//300
f 301//301 858//858 302//302
f 89//89 870//870 869//869
f 869//869 870//870 868//868
f 871//871 870//870 872//872
f 875//875 96//96 859//859
f 324//324 867//867 874//874
f 874//874 872//872 875//875
f 875//875 872//872 876//876
f 876//876 872//872 870//870
f 865//865 866//866 328//328
f 85//85 868//868 4//4
f 86//86 868//868 85//85
f 434//434 869//869 86//86
f 87//87 869//869 434//434
f 425//425 869//869 87//87
f 88//88 869//869 425//425
f 89//89 876//876 870//870
f 859//859 97//97 10//10
f 859//859 874//874 875//875
f 859//859 873//873 874//874
f 324//324 866//866 867//867
f 859//859 96//96 97//97
f 875//875 94//94 95//95
f 875//875 93//93 94//94
f 876//876 92//92 93//93
f 876//876 91//91 92//92
f 91//91 876//876 90//90
f 326//326 878//878 877//877
f 878//878 325//325 865//865
f 882//882 884//884 878//878
f 881//881 880//880 144//144
f 888//888 883//883 879//879
f 888//888 886//886 883//883
f 883//883 884//884 882//882
f 883//883 886//886 884//884
f 868//868 885//885 136//136
f 871//871 884//884 886//886
f 877//877 865//865 328//328
f 696//696 880//880 5//5
f 143//143 881//881 144//144
f 879//879 881//881 143//143
f 142//142 888//888 566//566
f 141//141 888//888 142//142
f 880//880 883//883 327//327
f 868//868 136//136 4//4
f 868//868 871//871 886//886
f 871//871 325//325 884//884
f 885//885 691//691 137//137
f 885//885 572//572 691//691
f 885//885 138//138 887//887
f 888//888 139//139 138//138
f 139//139 888//888 140//140
f 903//903 893//893 889//889
f 893//893 898//898 889//889
f 891//891 899//899 890//890
f 899//899 893//893 892//892
f 899//899 896//896 893//893
f 880//880 896//896 894//894
f 894//894 896//896 897//897
f 896//896 898//898 893//893
f 892//892 893//893 903//903
f 898//898 327//327 326//326
f 901//901 877//877 328//328
f 903//903 889//889 901//901
f 162//162 890//890 8//8
f 463//463 890//890 162//162
f 161//161 890//890 463//463
f 470//470 890//890 161//161
f 471//471 891//891 470//470
f 160//160 891//891 471//471
f 159//159 891//891 160//160
f 159//159 897//897 891//891
f 890//890 892//892 909//909
f 880//880 154//154 5//5
f 327//327 896//896 880//880
f 327//327 898//898 896//896
f 894//894 155//155 154//154
f 894//894 478//478 155//155
f 897//897 156//156 895//895
f 897//897 157//157 156//156
f 897//897 158//158 157//157
f 158//158 897//897 480//480
f 902//902 903//903 901//901
f 908//908 911//911 900//900
f 905//905 907//907 906//906
f 906//906 907//907 908//908
f 911//911 907//907 910//910
f 322//322 908//908 323//323
f 910//910 907//907 905//905
f 21//21 904//904 13//13
f 22//22 904//904 21//21
f 23//23 906//906 22//22
f 24//24 906//906 23//23
f 25//25 906//906 24//24
f 26//26 905//905 25//25
f 1326//1326 905//905 26//26
f 904//904 906//906 322//322
f 890//890 33//33 8//8
f 909//909 911//911 890//890
f 890//890 975//975 32//32
f 890//890 31//31 975//975
f 910//910 30//30 31//31
f 910//910 29//29 30//30
f 28//28 905//905 27//27
f 912//912 913//913 924//924
f 912//912 920//920 913//913
f 912//912 918//918 920//920
f 915//915 922//922 916//916
f 916//916 918//918 917//917
f 963//963 921//921 919//919
f 921//921 918//918 923//923
f 919//919 923//923 922//922
f 917//917 918//918 912//912
f 924//924 913//913 330//330
f 321//321 914//914 9//9
f 852//852 914//914 321//321
f 376//376 914//914 852//852
f 1346//1346 914//914 376//376
f 320//320 916//916 1346//1346
f 915//915 916//916 320//320
f 963//963 313//313 13//13
f 920//920 918//918 921//921
f 963//963 1339//1339 313//313
f 919//919 314//314 1339//1339
f 919//919 315//315 314//314
f 919//919 316//316 315//315
f 922//922 317//317 316//316
f 371//371 922//922 318//318
f 925//925 926//926 937//937
f 329//329 930//930 925//925
f 930//930 926//926 925//925
f 926//926 912//912 924//924
f 929//929 931//931 928//928
f 929//929 927//927 931//931
f 932//932 927//927 456//456
f 456//456 927//927 929//929
f 933//933 917//917 912//912
f 930//930 927//927 933//933
f 930//930 931//931 927//927
f 937//937 924//924 330//330
f 128//128 928//928 5//5
f 451//451 928//928 128//128
f 129//129 928//928 451//451
f 130//130 928//928 129//129
f 452//452 928//928 130//130
f 131//131 929//929 452//452
f 132//132 929//929 131//131
f 914//914 442//442 9//9
f 914//914 917//917 932//932
f 914//914 135//135 442//442
f 932//932 1128//1128 135//135
f 932//932 444//444 1128//1128
f 932//932 445//445 444//444
f 932//932 456//456 445//445
f 134//134 929//929 133//133
f 952//952 943//943 936//936
f 934//934 925//925 937//937
f 936//936 925//925 934//934
f 942//942 943//943 952//952
f 941//941 942//942 938//938
f 940//940 946//946 942//942
f 944//944 173//173 928//928
f 934//934 937//937 330//330
f 935//935 936//936 934//934
f 181//181 938//938 6//6
f 180//180 938//938 181//181
f 582//582 941//941 180//180
f 939//939 941//941 582//582
f 583//583 940//940 179//179
f 178//178 940//940 583//583
f 938//938 942//942 952//952
f 928//928 172//172 5//5
f 329//329 936//936 943//943
f 928//928 587//587 172//172
f 928//928 173//173 587//587
f 944//944 175//175 174//174
f 944//944 176//176 945//945
f 176//176 944//944 177//177
f 949//949 955//955 947//947
f 951//951 955//955 949//949
f 938//938 954//954 953//953
f 953//953 954//954 956//956
f 954//954 955//955 951//951
f 968//968 947//947 958//958
f 958//958 934//934 330//330
f 955//955 952//952 935//935
f 193//193 332//332 2//2
f 192//192 332//332 193//193
f 191//191 332//332 192//192
f 502//502 950//950 191//191
f 190//190 950//950 502//502
f 189//189 956//956 190//190
f 188//188 956//956 189//189
f 331//331 949//949 968//968
f 938//938 182//182 6//6
f 938//938 183//183 182//182
f 953//953 492//492 184//184
f 953//953 185//185 492//492
f 953//953 186//186 185//185
f 953//953 493//493 186//186
f 493//493 956//956 187//187
f 920//920 957//957 913//913
f 913//913 958//958 330//330
f 959//959 968//968 957//957
f 959//959 960//960 968//968
f 962//962 966//966 964//964
f 964//964 965//965 921//921
f 964//964 966//966 965//965
f 921//921 959//959 920//920
f 960//960 965//965 966//966
f 965//965 960//960 959//959
f 20//20 963//963 13//13
f 1325//1325 963//963 20//20
f 19//19 963//963 1325//1325
f 18//18 961//961 19//19
f 383//383 961//961 18//18
f 962//962 964//964 383//383
f 384//384 970//970 966//966
f 332//332 14//14 2//2
f 967//967 737//737 14//14
f 967//967 15//15 737//737
f 969//969 391//391 15//15
f 970//970 392//392 391//391
f 970//970 1334//1334 392//392
f 970//970 16//16 1334//1334
f 16//16 970//970 17//17
f 971//971 973//973 334//334
f 973//973 974//974 972//972
f 977//977 981//981 973//973
f 973//973 981//981 974//974
f 990//990 977//977 973//973
f 979//979 980//980 333//333
f 980//980 24//24 333//333
f 980//980 979//979 978//978
f 979//979 981//981 978//978
f 990//990 973//973 971//971
f 981//981 979//979 974//974
f 972//972 974//974 336//336
f 33//33 991//991 8//8
f 32//32 991//991 33//33
f 975//975 991//991 32//32
f 30//30 976//976 31//31
f 29//29 976//976 30//30
f 28//28 976//976 29//29
f 333//333 21//21 13//13
f 333//333 22//22 21//21
f 333//333 23//23 22//22
f 333//333 24//24 23//23
f 980//980 26//26 25//25
f 980//980 1326//1326 26//26
f 1326//1326 978//978 27//27
f 998//998 983//983 982//982
f 986//986 989//989 984//984
f 987//987 988//988 989//989
f 991//991 994//994 992//992
f 994//994 983//983 998//998
f 995//995 334//334 336//336
f 998//998 982//982 995//995
f 163//163 984//984 6//6
f 164//164 984//984 163//163
f 491//491 986//986 164//164
f 985//985 986//986 491//491
f 166//166 987//987 165//165
f 167//167 987//987 166//166
f 167//167 988//988 987//987
f 984//984 989//989 335//335
f 991//991 171//171 8//8
f 991//991 469//469 171//171
f 991//991 486//486 469//469
f 992//992 474//474 486//486
f 992//992 170//170 474//474
f 992//992 169//169 993//993
f 169//169 988//988 168//168
f 337//337 997//997 1010//1010
f 996//996 999//999 997//997
f 1001//1001 1000//1000 1002//1002
f 1002//1002 1000//1000 996//996
f 984//984 1005//1005 1004//1004
f 335//335 999//999 1005//1005
f 1004//1004 1005//1005 1001//1001
f 209//209 338//338 7//7
f 718//718 338//338 209//209
f 208//208 338//338 718//718
f 596//596 1002//1002 208//208
f 207//207 1002//1002 596//596
f 206//206 1001//1001 207//207
f 512//512 1001//1001 206//206
f 338//338 1002//1002 337//337
f 984//984 200//200 6//6
f 984//984 714//714 200//200
f 984//984 201//201 714//714
f 1004//1004 202//202 201//201
f 1004//1004 203//203 1003//1003
f 1004//1004 204//204 203//203
f 204//204 1001//1001 205//205
f 1008//1008 1009//1009 1007//1007
f 1007//1007 1015//1015 1006//1006
f 215//215 1016//1016 1012//1012
f 1011//1011 1012//1012 1008//1008
f 1012//1012 1017//1017 1009//1009
f 337//337 1015//1015 1014//1014
f 1014//1014 1017//1017 1013//1013
f 1013//1013 1017//1017 1016//1016
f 1016//1016 1017//1017 1012//1012
f 1012//1012 1009//1009 1008//1008
f 1009//1009 1017//1017 1015//1015
f 339//339 1006//1006 1018//1018
f 1006//1006 1010//1010 336//336
f 218//218 1026//1026 11//11
f 533//533 1011//1011 218//218
f 529//529 1011//1011 533//533
f 535//535 1011//1011 529//529
f 217//217 1011//1011 535//535
f 216//216 1011//1011 217//217
f 1026//1026 1008//1008 339//339
f 338//338 210//210 7//7
f 1013//1013 211//211 210//210
f 1013//1013 212//212 211//211
f 1013//1013 523//523 212//212
f 1016//1016 1036//1036 213//213
f 1016//1016 214//214 1036//1036
f 214//214 1016//1016 537//537
f 336//336 1020//1020 1018//1018
f 51//51 333//333 1022//1022
f 1023//1023 333//333 51//51
f 1027//1027 1030//1030 1025//1025
f 1027//1027 1025//1025 1031//1031
f 1024//1024 1021//1021 1019//1019
f 333//333 1019//1019 974//974
f 382//382 333//333 13//13
f 52//52 333//333 382//382
f 50//50 1023//1023 51//51
f 1351//1351 1023//1023 50//50
f 386//386 1023//1023 1351//1351
f 1026//1026 44//44 11//11
f 1026//1026 1030//1030 1027//1027
f 339//339 1029//1029 1030//1030
f 1027//1027 795//795 44//44
f 1027//1027 45//45 795//795
f 1027//1027 46//46 1028//1028
f 1031//1031 47//47 46//46
f 1031//1031 48//48 47//47
f 48//48 1031//1031 49//49
f 1035//1035 1033//1033 1077//1077
f 1035//1035 1034//1034 1033//1033
f 1037//1037 342//342 212//212
f 342//342 1039//1039 1044//1044
f 342//342 1037//1037 1039//1039
f 1040//1040 1042//1042 217//217
f 1038//1038 1041//1041 1039//1039
f 1039//1039 341//341 1044//1044
f 210//210 342//342 7//7
f 211//211 342//342 210//210
f 523//523 1037//1037 212//212
f 213//213 1037//1037 523//523
f 1036//1036 1037//1037 213//213
f 214//214 1042//1042 1036//1036
f 1080//1080 218//218 11//11
f 1080//1080 1038//1038 1040//1040
f 1040//1040 529//529 533//533
f 1040//1040 535//535 529//529
f 1042//1042 216//216 217//217
f 1042//1042 215//215 216//216
f 215//215 1042//1042 537//537
f 1043//1043 1051//1051 1055//1055
f 1051//1051 1044//1044 341//341
f 1045//1045 1046//1046 270//270
f 1045//1045 1048//1048 1049//1049
f 342//342 1048//1048 1050//1050
f 1050//1050 1048//1048 1045//1045
f 1055//1055 340//340 1032//1032
f 343//343 1043//1043 1055//1055
f 268//268 1047//1047 12//12
f 590//590 1047//1047 268//268
f 269//269 1046//1046 590//590
f 592//592 1045//1045 270//270
f 271//271 1045//1045 592//592
f 272//272 1045//1045 271//271
f 1047//1047 1049//1049 343//343
f 342//342 279//279 7//7
f 342//342 278//278 279//279
f 342//342 277//277 278//278
f 342//342 598//598 277//277
f 1050//1050 276//276 598//598
f 1050//1050 275//275 276//276
f 1050//1050 274//274 275//275
f 274//274 1045//1045 273//273
f 1054//1054 343//343 1055//1055
f 1057//1057 1058//1058 1056//1056
f 1058//1058 1064//1064 1060//1060
f 1047//1047 1064//1064 1062//1062
f 1062//1062 1065//1065 1063//1063
f 1053//1053 1054//1054 1052//1052
f 251//251 344//344 4//4
f 250//250 1056//1056 251//251
f 249//249 1056//1056 250//250
f 248//248 1056//1056 249//249
f 1057//1057 1056//1056 248//248
f 247//247 1059//1059 549//549
f 344//344 1060//1060 1074//1074
f 1074//1074 1060//1060 1053//1053
f 1047//1047 243//243 12//12
f 1047//1047 244//244 243//243
f 1061//1061 559//559 244//244
f 1061//1061 1160//1160 559//559
f 1061//1061 562//562 1160//1160
f 1061//1061 1161//1161 562//562
f 1063//1063 245//245 1161//1161
f 245//245 1059//1059 246//246
f 345//345 1066//1066 1052//1052
f 1066//1066 1053//1053 1052//1052
f 1066//1066 1067//1067 1053//1053
f 1070//1070 1067//1067 1069//1069
f 1070//1070 1076//1076 1067//1067
f 1069//1069 1067//1067 1071//1071
f 1071//1071 1067//1067 1066//1066
f 1074//1074 1067//1067 1075//1075
f 1075//1075 1067//1067 1076//1076
f 1075//1075 1076//1076 1073//1073
f 1073//1073 1076//1076 1070//1070
f 1079//1079 1066//1066 345//345
f 97//97 1069//1069 10//10
f 96//96 1069//1069 97//97
f 95//95 1069//1069 96//96
f 94//94 1069//1069 95//95
f 93//93 1069//1069 94//94
f 92//92 1070//1070 93//93
f 91//91 1068//1068 92//92
f 344//344 85//85 4//4
f 1072//1072 86//86 85//85
f 1072//1072 434//434 86//86
f 1072//1072 87//87 434//434
f 1073//1073 425//425 87//87
f 1073//1073 88//88 425//425
f 1073//1073 89//89 88//88
f 89//89 1068//1068 90//90
f 1083//1083 1079//1079 1078//1078
f 1082//1082 1084//1084 1083//1083
f 62//62 1089//1089 1081//1081
f 1081//1081 1084//1084 1082//1082
f 1069//1069 1071//1071 1085//1085
f 1085//1085 1071//1071 1086//1086
f 1085//1085 1086//1086 1088//1088
f 1086//1086 1084//1084 1089//1089
f 1083//1083 1071//1071 1079//1079
f 1077//1077 345//345 1032//1032
f 1033//1033 1078//1078 1077//1077
f 66//66 1080//1080 11//11
f 65//65 1080//1080 66//66
f 64//64 1080//1080 65//65
f 63//63 1081//1081 64//64
f 1353//1353 1081//1081 625//625
f 1080//1080 1082//1082 1041//1041
f 1041//1041 1083//1083 1033//1033
f 1069//1069 1356//1356 10//10
f 1069//1069 60//60 1356//1356
f 1085//1085 1358//1358 60//60
f 1085//1085 1087//1087 1358//1358
f 1088//1088 1362//1362 410//410
f 1088//1088 411//411 1362//1362
f 411//411 1089//1089 61//61
f 1096//1096 1091//1091 1090//1090
f 1090//1090 1091//1091 1137//1137
f 1093//1093 1095//1095 1096//1096
f 346//346 1096//1096 1109//1109
f 1095//1095 1092//1092 1096//1096
f 1098//1098 1100//1100 417//417
f 1098//1098 1097//1097 1100//1100
f 1099//1099 1092//1092 1097//1097
f 1097//1097 1092//1092 1095//1095
f 1092//1092 1099//1099 1091//1091
f 75//75 346//346 3//3
f 421//421 1093//1093 75//75
f 76//76 1093//1093 421//421
f 77//77 1094//1094 778//778
f 78//78 1094//1094 77//77
f 79//79 1094//1094 78//78
f 1143//1143 84//84 10//10
f 1143//1143 1097//1097 1098//1098
f 1143//1143 1099//1099 1097//1097
f 1139//1139 1091//1091 1099//1099
f 1143//1143 408//408 84//84
f 1098//1098 416//416 408//408
f 1098//1098 417//417 416//416
f 1100//1100 82//82 83//83
f 1100//1100 81//81 82//82
f 81//81 1100//1100 80//80
f 1102//1102 1101//1101 1113//1113
f 1107//1107 1109//1109 1102//1102
f 239//239 1104//1104 1105//1105
f 1104//1104 1111//1111 1108//1108
f 1105//1105 1108//1108 1106//1106
f 1110//1110 1108//1108 1111//1111
f 1103//1103 1102//1102 1113//1113
f 1113//1113 1101//1101 347//347
f 1102//1102 1109//1109 1101//1101
f 242//242 1106//1106 12//12
f 241//241 1106//1106 242//242
f 240//240 1105//1105 241//241
f 603//603 1104//1104 239//239
f 238//238 1104//1104 603//603
f 604//604 1104//1104 238//238
f 604//604 1111//1111 1104//1104
f 346//346 607//607 3//3
f 346//346 1112//1112 1110//1110
f 346//346 232//232 607//607
f 346//346 551//551 232//232
f 1110//1110 233//233 551//551
f 1110//1110 234//234 233//233
f 1110//1110 235//235 234//234
f 1110//1110 236//236 235//235
f 236//236 1111//1111 237//237
f 1133//1133 1115//1115 348//348
f 1119//1119 1114//1114 1133//1133
f 1115//1115 1103//1103 1113//1113
f 1114//1114 1116//1116 1115//1115
f 1229//1229 1118//1118 1117//1117
f 1124//1124 1118//1118 1229//1229
f 1124//1124 1116//1116 1118//1118
f 1121//1121 1120//1120 1106//1106
f 1106//1106 1103//1103 1121//1121
f 1121//1121 1116//1116 1122//1122
f 1118//1118 1114//1114 1119//1119
f 1118//1118 1116//1116 1114//1114
f 1122//1122 1124//1124 1123//1123
f 1122//1122 1116//1116 1124//1124
f 348//348 1113//1113 347//347
f 259//259 1117//1117 5//5
f 258//258 1117//1117 259//259
f 257//257 1117//1117 258//258
f 256//256 1124//1124 1229//1229
f 568//568 1123//1123 256//256
f 255//255 1123//1123 568//568
f 1106//1106 558//558 12//12
f 1106//1106 252//252 558//558
f 1121//1121 253//253 1120//1120
f 1121//1121 254//254 253//253
f 1122//1122 579//579 254//254
f 1122//1122 560//560 579//579
f 560//560 1123//1123 561//561
f 1125//1125 1132//1132 1138//1138
f 1138//1138 1126//1126 348//348
f 1132//1132 1127//1127 1126//1126
f 1126//1126 1133//1133 348//348
f 1130//1130 1131//1131 1128//1128
f 1119//1119 1134//1134 1117//1117
f 1119//1119 1135//1135 1134//1134
f 1134//1134 1135//1135 1130//1130
f 1132//1132 1135//1135 1127//1127
f 1136//1136 348//348 347//347
f 442//442 1129//1129 9//9
f 135//135 1129//1129 442//442
f 1128//1128 1129//1129 135//135
f 445//445 1130//1130 444//444
f 456//456 1130//1130 445//445
f 134//134 1130//1130 456//456
f 1117//1117 128//128 5//5
f 1119//1119 1133//1133 1127//1127
f 1117//1117 451//451 128//128
f 1117//1117 129//129 451//451
f 1134//1134 130//130 129//129
f 1134//1134 452//452 130//130
f 1134//1134 131//131 452//452
f 1134//1134 132//132 131//131
f 132//132 1130//1130 133//133
f 1137//1137 1138//1138 1136//1136
f 1139//1139 1138//1138 1137//1137
f 1139//1139 1141//1141 1138//1138
f 1140//1140 1141//1141 1139//1139
f 1142//1142 1147//1147 1140//1140
f 1137//1137 1136//1136 347//347
f 119//119 1143//1143 10//10
f 429//429 1143//1143 119//119
f 118//118 1143//1143 429//429
f 117//117 1142//1142 118//118
f 1342//1342 1142//1142 117//117
f 116//116 1142//1142 1342//1342
f 115//115 1142//1142 116//116
f 115//115 1147//1147 1142//1142
f 1129//1129 109//109 9//9
f 1129//1129 1145//1145 1144//1144
f 1129//1129 1141//1141 1145//1145
f 1129//1129 110//110 109//109
f 1129//1129 111//111 110//110
f 1144//1144 112//112 111//111
f 1144//1144 113//113 112//112
f 1147//1147 439//439 1146//1146
f 439//439 1147//1147 114//114
f 1154//1154 1150//1150 1149//1149
f 1154//1154 1156//1156 1150//1150
f 1150//1150 350//350 1149//1149
f 1156//1156 1155//1155 1150//1150
f 1151//1151 1153//1153 353//353
f 1152//1152 1153//1153 120//120
f 1152//1152 1156//1156 1153//1153
f 1153//1153 1154//1154 352//352
f 1153//1153 1156//1156 1154//1154
f 352//352 1154//1154 351//351
f 1152//1152 1155//1155 1156//1156
f 1157//1157 1155//1155 1152//1152
f 351//351 1149//1149 1158//1158
f 1158//1158 1191//1191 1148//1148
f 1149//1149 350//350 1191//1191
f 432//432 353//353 4//4
f 447//447 353//353 432//432
f 433//433 1153//1153 1151//1151
f 121//121 1152//1152 120//120
f 845//845 1152//1152 121//121
f 845//845 1157//1157 1152//1152
f 353//353 1153//1153 352//352
f 349//349 127//127 9//9
f 349//349 437//437 127//127
f 349//349 126//126 437//437
f 1157//1157 441//441 125//125
f 1157//1157 124//124 441//441
f 1157//1157 123//123 124//124
f 123//123 1157//1157 122//122
f 1159//1159 351//351 1158//1158
f 1161//1161 1170//1170 1162//1162
f 1165//1165 1166//1166 1167//1167
f 1169//1169 1166//1166 1170//1170
f 352//352 1167//1167 1166//1166
f 1167//1167 352//352 1159//1159
f 354//354 1158//1158 1148//1148
f 243//243 1164//1164 12//12
f 244//244 1164//1164 243//243
f 559//559 1164//1164 244//244
f 1160//1160 1162//1162 559//559
f 1161//1161 1162//1162 562//562
f 245//245 1170//1170 1161//1161
f 353//353 251//251 4//4
f 353//353 250//250 251//251
f 1168//1168 249//249 250//250
f 1168//1168 248//248 249//249
f 1169//1169 1057//1057 248//248
f 1169//1169 247//247 549//549
f 247//247 1170//1170 246//246
f 1175//1175 1177//1177 1172//1172
f 1177//1177 1180//1180 1178//1178
f 1172//1172 1178//1178 1171//1171
f 1181//1181 262//262 1180//1180
f 1181//1181 1180//1180 1176//1176
f 1171//1171 354//354 1184//1184
f 267//267 1175//1175 6//6
f 266//266 1175//1175 267//267
f 1287//1287 1175//1175 266//266
f 265//265 1175//1175 1287//1287
f 585//585 1176//1176 265//265
f 264//264 1176//1176 585//585
f 1289//1289 1176//1176 264//264
f 1164//1164 574//574 12//12
f 1164//1164 1165//1165 1180//1180
f 1165//1165 1173//1173 1174//1174
f 1164//1164 260//260 574//574
f 1180//1180 261//261 1179//1179
f 1180//1180 262//262 261//261
f 1181//1181 576//576 263//263
f 576//576 1181//1181 595//595
f 1182//1182 1184//1184 1193//1193
f 1183//1183 1171//1171 1184//1184
f 1183//1183 1185//1185 1171//1171
f 1188//1188 1186//1186 1183//1183
f 1187//1187 1190//1190 1188//1188
f 1189//1189 164//164 1175//1175
f 1185//1185 1172//1172 1171//1171
f 171//171 355//355 8//8
f 469//469 1187//1187 171//171
f 486//486 1187//1187 469//469
f 474//474 1187//1187 486//486
f 170//170 1187//1187 474//474
f 993//993 1187//1187 170//170
f 355//355 1188//1188 1182//1182
f 1175//1175 163//163 6//6
f 1175//1175 164//164 163//163
f 1189//1189 985//985 491//491
f 1190//1190 165//165 985//985
f 1190//1190 166//166 165//165
f 1190//1190 167//167 166//166
f 167//167 1190//1190 168//168
f 350//350 1194//1194 1192//1192
f 1192//1192 1195//1195 1193//1193
f 1197//1197 1198//1198 1199//1199
f 1196//1196 1202//1202 1198//1198
f 349//349 1199//1199 1194//1194
f 355//355 1203//1203 1198//1198
f 1200//1200 1202//1202 1201//1201
f 1191//1191 1193//1193 1148//1148
f 350//350 1192//1192 1191//1191
f 153//153 349//349 9//9
f 455//455 1197//1197 153//153
f 152//152 1197//1197 455//455
f 151//151 1197//1197 152//152
f 150//150 1196//1196 151//151
f 149//149 1196//1196 150//150
f 148//148 1196//1196 149//149
f 355//355 145//145 8//8
f 355//355 377//377 145//145
f 355//355 146//146 377//377
f 1200//1200 379//379 146//146
f 1200//1200 1201//1201 379//379
f 1202//1202 464//464 147//147
f 464//464 1202//1202 466//466
f 1206//1206 1207//1207 1205//1205
f 1212//1212 1208//1208 1206//1206
f 1210//1210 1213//1213 1214//1214
f 1213//1213 1208//1208 1212//1212
f 1259//1259 1260//1260 1215//1215
f 1215//1215 161//161 1259//1259
f 1260//1260 1208//1208 1215//1215
f 1214//1214 1212//1212 1204//1204
f 1216//1216 1213//1213 1211//1211
f 1204//1204 1205//1205 1231//1231
f 154//154 1209//1209 5//5
f 155//155 1209//1209 154//154
f 478//478 1209//1209 155//155
f 895//895 1209//1209 478//478
f 156//156 1210//1210 895//895
f 157//157 1211//1211 156//156
f 158//158 1211//1211 157//157
f 158//158 1216//1216 1211//1211
f 1209//1209 1210//1210 1214//1214
f 1259//1259 162//162 8//8
f 1259//1259 463//463 162//162
f 1259//1259 161//161 463//463
f 1215//1215 471//471 470//470
f 1216//1216 160//160 471//471
f 1216//1216 159//159 160//160
f 159//159 1216//1216 480//480
f 1218//1218 1219//1219 1217//1217
f 1220//1220 1204//1204 1217//1217
f 1221//1221 1222//1222 1223//1223
f 1221//1221 1230//1230 1222//1222
f 1222//1222 1225//1225 1224//1224
f 1209//1209 1228//1228 1227//1227
f 1214//1214 1220//1220 1228//1228
f 1227//1227 1228//1228 1230//1230
f 1228//1228 1225//1225 1230//1230
f 1226//1226 1219//1219 1218//1218
f 1226//1226 1224//1224 1219//1219
f 1225//1225 1220//1220 1219//1219
f 558//558 1223//1223 12//12
f 252//252 1223//1223 558//558
f 1120//1120 1223//1223 252//252
f 254//254 1221//1221 253//253
f 579//579 1221//1221 254//254
f 560//560 1221//1221 579//579
f 1209//1209 259//259 5//5
f 1227//1227 258//258 259//259
f 1227//1227 257//257 258//258
f 1227//1227 256//256 1229//1229
f 1230//1230 568//568 256//256
f 1230//1230 255//255 568//568
f 255//255 1230//1230 561//561
f 1241//1241 1232//1232 1231//1231
f 1234//1234 1218//1218 1232//1232
f 1235//1235 1237//1237 277//277
f 1237//1237 1236//1236 1233//1233
f 1252//1252 1233//1233 1238//1238
f 1223//1223 1226//1226 269//269
f 269//269 1240//1240 1239//1239
f 1239//1239 1240//1240 1236//1236
f 1233//1233 1240//1240 1234//1234
f 279//279 356//356 7//7
f 278//278 356//356 279//279
f 598//598 1235//1235 277//277
f 276//276 1235//1235 598//598
f 275//275 1235//1235 276//276
f 274//274 1235//1235 275//275
f 1223//1223 268//268 12//12
f 1226//1226 1218//1218 1240//1240
f 1223//1223 590//590 268//268
f 1223//1223 269//269 590//590
f 1239//1239 592//592 270//270
f 1239//1239 271//271 592//592
f 1239//1239 272//272 271//271
f 272//272 1236//1236 273//273
f 1250//1250 1238//1238 1242//1242
f 1250//1250 1254//1254 1238//1238
f 1254//1254 1252//1252 1238//1238
f 1246//1246 1245//1245 1243//1243
f 1244//1244 1247//1247 1246//1246
f 1247//1247 1256//1256 1249//1249
f 1246//1246 1249//1249 1248//1248
f 356//356 1256//1256 1253//1253
f 1253//1253 1255//1255 1251//1251
f 1253//1253 1256//1256 1247//1247
f 1249//1249 1256//1256 1250//1250
f 1250//1250 1256//1256 1254//1254
f 357//357 1241//1241 1231//1231
f 1248//1248 1250//1250 358//358
f 499//499 1245//1245 2//2
f 751//751 1245//1245 499//499
f 1243//1243 1245//1245 751//751
f 199//199 1246//1246 504//504
f 198//198 1246//1246 199//199
f 356//356 746//746 7//7
f 1251//1251 522//522 746//746
f 1251//1251 194//194 522//522
f 1251//1251 525//525 194//194
f 1251//1251 195//195 525//525
f 1251//1251 196//196 195//195
f 1255//1255 1247//1247 197//197
f 1261//1261 1260//1260 1259//1259
f 1267//1267 1268//1268 1261//1261
f 1260//1260 1258//1258 1207//1207
f 1260//1260 1268//1268 1258//1258
f 1245//1245 1263//1263 1264//1264
f 1264//1264 1263//1263 1265//1265
f 1265//1265 1266//1266 1264//1264
f 1205//1205 357//357 1231//1231
f 1207//1207 1257//1257 1205//1205
f 1257//1257 358//358 357//357
f 1257//1257 1248//1248 358//358
f 34//34 1259//1259 8//8
f 35//35 1259//1259 34//34
f 1330//1330 1259//1259 35//35
f 37//37 1261//1261 36//36
f 38//38 1261//1261 37//37
f 39//39 1267//1267 38//38
f 1245//1245 1262//1262 2//2
f 1245//1245 1248//1248 1263//1263
f 1245//1245 43//43 1333//1333
f 1264//1264 496//496 43//43
f 1264//1264 42//42 496//496
f 1267//1267 41//41 1266//1266
f 41//41 1267//1267 40//40
f 1271//1271 1277//1277 363//363
f 1279//1279 1277//1277 1271//1271
f 1273//1273 1274//1274 364//364
f 1274//1274 1279//1279 1271//1271
f 359//359 1279//1279 1276//1276
f 1278//1278 1274//1274 1273//1273
f 1270//1270 361//361 362//362
f 1277//1277 360//360 1313//1313
f 182//182 1272//1272 6//6
f 183//183 1272//1272 182//182
f 184//184 1272//1272 183//183
f 492//492 1272//1272 184//184
f 185//185 1272//1272 492//492
f 186//186 1273//1273 185//185
f 493//493 1273//1273 186//186
f 1272//1272 1273//1273 364//364
f 364//364 1271//1271 363//363
f 1275//1275 193//193 2//2
f 1275//1275 192//192 193//193
f 1275//1275 191//191 192//192
f 1275//1275 502//502 191//191
f 1275//1275 190//190 502//502
f 1278//1278 189//189 190//190
f 1278//1278 188//188 189//189
f 188//188 1278//1278 187//187
f 1281//1281 1282//1282 1280//1280
f 1284//1284 1291//1291 1285//1285
f 1284//1284 1290//1290 1291//1291
f 1291//1291 364//364 1281//1281
f 1286//1286 1287//1287 1272//1272
f 1288//1288 1291//1291 1290//1290
f 1288//1288 364//364 1291//1291
f 365//365 1281//1281 1295//1295
f 574//574 366//366 12//12
f 260//260 366//366 574//574
f 1179//1179 1283//1283 260//260
f 261//261 1285//1285 1179//1179
f 262//262 1285//1285 261//261
f 263//263 1284//1284 262//262
f 576//576 1284//1284 263//263
f 576//576 1290//1290 1284//1284
f 1283//1283 1285//1285 365//365
f 1272//1272 267//267 6//6
f 363//363 1282//1282 364//364
f 1272//1272 266//266 267//267
f 1286//1286 265//265 1287//1287
f 1288//1288 585//585 265//265
f 1288//1288 264//264 585//585
f 1289//1289 1290//1290 595//595
f 1304//1304 1295//1295 362//362
f 1292//1292 1294//1294 1304//1304
f 1304//1304 1294//1294 1295//1295
f 1293//1293 1296//1296 1294//1294
f 1298//1298 1296//1296 1293//1293
f 1298//1298 1302//1302 1296//1296
f 1303//1303 1300//1300 1299//1299
f 1297//1297 1299//1299 367//367
f 607//607 1297//1297 3//3
f 551//551 1297//1297 232//232
f 233//233 1303//1303 551//551
f 234//234 1303//1303 233//233
f 235//235 1303//1303 234//234
f 236//236 1303//1303 235//235
f 367//367 1293//1293 1292//1292
f 366//366 242//242 12//12
f 366//366 241//241 242//242
f 1283//1283 240//240 241//241
f 1301//1301 239//239 240//240
f 1300//1300 603//603 239//239
f 1300//1300 238//238 603//603
f 604//604 1303//1303 237//237
f 1315//1315 1305//1305 1314//1314
f 1315//1315 1306//1306 1305//1305
f 69//69 1309//1309 1307//1307
f 1307//1307 1309//1309 369//369
f 1308//1308 1310//1310 1309//1309
f 367//367 1305//1305 1310//1310
f 1311//1311 1310//1310 1312//1312
f 1322//1322 1306//1306 1315//1315
f 1312//1312 1310//1310 1308//1308
f 1306//1306 1310//1310 1305//1305
f 368//368 1304//1304 362//362
f 67//67 1307//1307 11//11
f 68//68 1307//1307 67//67
f 534//534 1307//1307 68//68
f 70//70 1308//1308 69//69
f 71//71 1308//1308 70//70
f 72//72 1308//1308 71//71
f 369//369 1309//1309 1322//1322
f 1297//1297 402//402 3//3
f 367//367 1310//1310 1311//1311
f 1311//1311 74//74 402//402
f 1311//1311 809//809 74//74
f 1311//1311 405//405 809//809
f 1311//1311 406//406 405//405
f 1312//1312 810//810 406//406
f 1312//1312 73//73 810//810
f 73//73 1308//1308 407//407
f 1318//1318 1319//1319 1317//1317
f 1319//1319 1320//1320 359//359
f 1321//1321 1324//1324 58//58
f 1321//1321 1319//1319 1324//1324
f 1316//1316 369//369 1322//1322
f 361//361 368//368 362//362
f 53//53 1275//1275 2//2
f 54//54 1317//1317 53//53
f 388//388 1317//1317 54//54
f 670//670 1318//1318 388//388
f 389//389 1318//1318 670//670
f 518//518 1318//1318 389//389
f 519//519 1318//1318 518//518
f 1275//1275 1317//1317 359//359
f 359//359 1320//1320 360//360
f 1307//1307 667//667 11//11
f 1307//1307 59//59 667//667
f 1307//1307 526//526 59//59
f 1321//1321 58//58 526//526
f 1324//1324 56//56 57//57
f 1324//1324 55//55 56//56
f 55//55 1324//1324 399//399
f 1328//1328 962//962 1327//1327
f 1337//1337 1336//1336 1335//1335
f 1328//1328 1332//1332 1335//1335
f 21//21 20//20 13//13
f 22//22 1325//1325 21//21
f 23//23 1325//1325 22//22
f 24//24 1327//1327 23//23
f 25//25 1327//1327 24//24
f 26//26 1328//1328 25//25
f 1326//1326 1328//1328 26//26
f 1327//1327 19//19 1325//1325
f 1327//1327 18//18 19//19
f 1327//1327 383//383 18//18
f 1328//1328 384//384 962//962
f 1328//1328 17//17 384//384
f 34//34 33//33 8//8
f 35//35 1329//1329 34//34
f 37//37 1331//1331 36//36
f 38//38 1331//1331 37//37
f 39//39 1331//1331 38//38
f 40//40 1337//1337 39//39
f 1329//1329 32//32 33//33
f 1329//1329 975//975 32//32
f 36//36 31//31 975//975
f 36//36 30//30 31//31
f 1331//1331 29//29 30//30
f 1332//1332 28//28 29//29
f 1332//1332 27//27 28//28
f 14//14 1262//1262 2//2
f 737//737 1333//1333 14//14
f 15//15 1336//1336 737//737
f 391//391 1336//1336 15//15
f 392//392 1336//1336 391//391
f 1334//1334 1335//1335 392//392
f 17//17 1335//1335 16//16
f 1336//1336 43//43 1333//1333
f 1336//1336 496//496 43//43
f 1336//1336 42//42 496//496
f 1336//1336 1266//1266 42//42
f 1336//1336 41//41 1266//1266
f 1336//1336 40//40 41//41
f 1340//1340 1339//1339 296//296
f 1344//1344 1340//1340 300//300
f 1349//1349 1343//1343 1342//1342
f 1346//1346 111//111 1345//1345
f 1348//1348 1349//1349 1347//1347
f 296//296 313//313 13//13
f 1338//1338 1340//1340 297//297
f 299//299 1340//1340 298//298
f 301//301 1344//1344 300//300
f 302//302 1344//1344 301//301
f 296//296 1339//1339 313//313
f 1340//1340 315//315 314//314
f 1340//1340 316//316 315//315
f 1340//1340 317//317 316//316
f 1340//1340 371//371 317//317
f 1348//1348 318//318 371//371
f 119//119 1341//1341 10//10
f 429//429 1341//1341 119//119
f 117//117 1343//1343 118//118
f 1342//1342 1343//1343 117//117
f 115//115 1349//1349 116//116
f 114//114 1349//1349 115//115
f 429//429 857//857 785//785
f 1343//1343 305//305 857//857
f 1343//1343 304//304 1357//1357
f 1343//1343 303//303 304//304
f 1343//1343 302//302 303//303
f 321//321 109//109 9//9
f 852//852 1345//1345 321//321
f 320//320 1347//1347 1346//1346
f 915//915 1348//1348 320//320
f 319//319 1348//1348 915//915
f 318//318 1348//1348 319//319
f 1345//1345 110//110 109//109
f 1345//1345 111//111 110//110
f 1347//1347 113//113 112//112
f 1347//1347 1146//1146 113//113
f 1349//1349 114//114 439//439
f 1355//1355 1352//1352 1351//1351
f 64//64 45//45 795//795
f 1363//1363 1354//1354 1353//1353
f 1360//1360 1359//1359 1357//1357
f 1360//1360 1361//1361 1359//1359
f 1360//1360 1355//1355 1361//1361
f 1361//1361 1355//1355 1354//1354
f 382//382 296//296 13//13
f 52//52 296//296 382//382
f 1022//1022 1350//1350 52//52
f 51//51 1350//1350 1022//1022
f 50//50 1352//1352 51//51
f 1351//1351 1352//1352 50//50
f 49//49 1355//1355 386//386
f 1350//1350 1338//1338 297//297
f 1352//1352 298//298 1338//1338
f 1352//1352 299//299 298//298
f 1352//1352 300//300 299//299
f 1352//1352 301//301 300//300
f 66//66 44//44 11//11
f 65//65 795//795 66//66
f 625//625 1354//1354 63//63
f 1353//1353 1354//1354 625//625
f 61//61 1363//1363 62//62
f 63//63 1028//1028 45//45
f 63//63 46//46 1028//1028
f 1354//1354 47//47 46//46
f 1354//1354 48//48 47//47
f 1354//1354 49//49 48//48
f 1341//1341 1356//1356 10//10
f 785//785 1356//1356 1341//1341
f 857//857 1359//1359 785//785
f 305//305 1359//1359 857//857
f 304//304 1360//1360 1357//1357
f 302//302 1360//1360 303//303
f 1359//1359 1358//1358 60//60
f 1359//1359 410//410 1087//1087
f 1361//1361 1362//1362 410//410
f 1363//1363 61//61 411//411
f 371//371 375//375 381//381
f 373//373 372//372 381//381
f 150//150 375//375 374//374
f 375//375 380//380 381//381
f 378//378 380//380 379//379
f 378//378 381//381 380//380
f 378//378 373//373 381//381
f 313//313 370//370 21//21
f 315//315 372//372 370//370
f 318//318 375//375 371//371
f 370//370 372//372 24//24
f 372//372 373//373 26//26
f 153//153 374//374 321//321
f 149//149 375//375 150//150
f 466//466 380//380 375//375
f 374//374 376//376 852//852
f 376//376 374//374 1346//1346
f 320//320 375//375 915//915
f 33//33 377//377 145//145
f 975//975 378//378 377//377
f 27//27 373//373 378//378
f 378//378 379//379 146//146
f 385//385 398//398 386//386
f 389//389 393//393 390//390
f 393//393 395//395 394//394
f 398//398 395//395 397//397
f 397//397 395//395 393//393
f 1325//1325 385//385 382//382
f 18//18 383//383 385//385
f 17//17 394//394 384//384
f 382//382 385//385 52//52
f 53//53 387//387 14//14
f 54//54 390//390 387//387
f 670//670 390//390 388//388
f 518//518 393//393 389//389
f 387//387 391//391 15//15
f 392//392 394//394 1334//1334
f 16//16 394//394 17//17
f 795//795 396//396 44//44
f 1028//1028 397//397 396//396
f 47//47 398//398 397//397
f 59//59 396//396 526//526
f 396//396 399//399 55//55
f 400//400 407//407 404//404
f 411//411 412//412 413//413
f 413//413 412//412 414//414
f 414//414 412//412 404//404
f 67//67 68//68 66//66
f 69//69 401//401 534//534
f 71//71 400//400 401//401
f 68//68 534//534 65//65
f 534//534 401//401 63//63
f 401//401 412//412 61//61
f 76//76 403//403 421//421
f 77//77 403//403 778//778
f 79//79 404//404 403//403
f 80//80 414//414 404//404
f 402//402 403//403 74//74
f 403//403 405//405 809//809
f 406//406 404//404 810//810
f 404//404 407//407 73//73
f 1356//1356 408//408 84//84
f 1358//1358 409//409 408//408
f 1362//1362 413//413 410//410
f 61//61 412//412 411//411
f 409//409 414//414 82//82
f 416//416 420//420 95//95
f 425//425 419//419 426//426
f 426//426 427//427 106//106
f 428//428 423//423 427//427
f 84//84 415//415 97//97
f 408//408 416//416 415//415
f 83//83 420//420 417//417
f 80//80 418//418 420//420
f 95//95 420//420 94//94
f 420//420 419//419 92//92
f 98//98 421//421 75//75
f 550//550 424//424 421//421
f 100//100 423//423 422//422
f 101//101 427//427 423//423
f 77//77 418//418 78//78
f 86//86 434//434 822//822
f 88//88 419//419 425//425
f 822//822 434//434 108//108
f 434//434 426//426 107//107
f 106//106 427//427 105//105
f 436//436 430//430 91//91
f 430//430 436//436 431//431
f 435//435 431//431 436//436
f 439//439 431//431 440//440
f 438//438 440//440 441//441
f 97//97 429//429 119//119
f 95//95 430//430 429//429
f 92//92 91//91 430//430
f 117//117 430//430 1342//1342
f 430//430 431//431 116//116
f 447//447 87//87 432//432
f 1151//1151 435//435 87//87
f 120//120 435//435 433//433
f 122//122 440//440 435//435
f 432//432 434//434 86//86
f 88//88 436//436 89//89
f 109//109 437//437 127//127
f 111//111 438//438 110//110
f 113//113 440//440 438//438
f 1146//1146 439//439 440//440
f 441//441 440//440 124//124
f 443//443 445//445 444//444
f 443//443 446//446 445//445
f 572//572 449//449 448//448
f 450//450 454//454 446//446
f 126//126 443//443 437//437
f 441//441 446//446 125//125
f 122//122 450//450 446//446
f 442//442 443//443 135//135
f 443//443 444//444 1128//1128
f 445//445 454//454 456//456
f 136//136 447//447 432//432
f 137//137 448//448 447//447
f 887//887 449//449 572//572
f 448//448 450//450 121//121
f 128//128 451//451 696//696
f 129//129 453//453 451//451
f 131//131 453//453 452//452
f 132//132 454//454 453//453
f 133//133 134//134 454//454
f 143//143 453//453 879//879
f 453//453 449//449 140//140
f 456//456 457//457 459//459
f 459//459 457//457 468//468
f 461//461 468//468 462//462
f 462//462 468//468 457//457
f 464//464 466//466 467//467
f 467//467 468//468 160//160
f 442//442 455//455 153//153
f 135//135 458//458 455//455
f 445//445 459//459 458//458
f 134//134 457//457 456//456
f 133//133 462//462 457//457
f 458//458 459//459 151//151
f 149//149 459//459 148//148
f 154//154 460//460 128//128
f 478//478 461//461 460//460
f 460//460 461//461 129//129
f 461//461 462//462 130//130
f 145//145 463//463 162//162
f 377//377 465//465 463//463
f 1201//1201 147//147 465//465
f 465//465 467//467 471//471
f 160//160 468//468 159//159
f 468//468 461//461 480//480
f 470//470 472//472 473//473
f 473//473 472//472 474//474
f 176//176 485//485 479//479
f 165//165 482//482 481//481
f 483//483 485//485 178//178
f 480//480 484//484 472//472
f 162//162 469//469 171//171
f 463//463 473//473 469//469
f 161//161 470//470 473//473
f 160//160 472//472 471//471
f 474//474 475//475 170//170
f 475//475 483//483 168//168
f 172//172 587//587 154//154
f 175//175 477//477 476//476
f 945//945 176//176 477//477
f 587//587 476//476 155//155
f 478//478 476//476 895//895
f 476//476 477//477 156//156
f 477//477 480//480 158//158
f 164//164 481//481 163//163
f 985//985 165//165 481//481
f 163//163 481//481 180//180
f 481//481 482//482 582//582
f 482//482 483//483 179//179
f 483//483 178//178 583//583
f 487//487 495//495 488//488
f 487//487 488//488 37//37
f 488//488 495//495 489//489
f 493//493 495//495 494//494
f 496//496 489//489 498//498
f 497//497 488//488 489//489
f 171//171 469//469 34//34
f 474//474 487//487 486//486
f 993//993 487//487 170//170
f 469//469 487//487 35//35
f 1330//1330 487//487 36//36
f 37//37 488//488 38//38
f 182//182 490//490 163//163
f 184//184 491//491 490//490
f 185//185 494//494 492//492
f 187//187 495//495 493//493
f 490//490 491//491 164//164
f 985//985 494//494 165//165
f 494//494 487//487 168//168
f 1333//1333 498//498 1262//1262
f 42//42 497//497 496//496
f 40//40 488//488 497//497
f 1262//1262 498//498 192//192
f 498//498 489//489 502//502
f 489//489 495//495 188//188
f 501//501 503//503 504//504
f 525//525 511//511 596//596
f 511//511 509//509 512//512
f 511//511 513//513 509//509
f 192//192 500//500 499//499
f 191//191 501//501 500//500
f 190//190 503//503 502//502
f 188//188 506//506 503//503
f 187//187 508//508 506//506
f 499//499 500//500 751//751
f 500//500 501//501 1243//1243
f 504//504 505//505 199//199
f 198//198 505//505 1244//1244
f 505//505 511//511 197//197
f 200//200 507//507 182//182
f 202//202 1003//1003 507//507
f 507//507 1003//1003 184//184
f 1003//1003 508//508 492//492
f 185//185 508//508 186//186
f 746//746 510//510 209//209
f 194//194 525//525 510//510
f 596//596 511//511 207//207
f 511//511 512//512 206//206
f 514//514 517//517 670//670
f 516//516 521//521 517//517
f 520//520 516//516 524//524
f 518//518 521//521 519//519
f 521//521 520//520 531//531
f 524//524 532//532 520//520
f 526//526 527//527 528//528
f 528//528 527//527 529//529
f 527//527 531//531 530//530
f 519//519 521//521 531//531
f 1243//1243 515//515 751//751
f 504//504 514//514 515//515
f 198//198 516//516 514//514
f 499//499 515//515 54//54
f 670//670 517//517 389//389
f 519//519 531//531 399//399
f 210//210 522//522 746//746
f 211//211 524//524 522//522
f 212//212 523//523 524//524
f 1036//1036 524//524 213//213
f 214//214 532//532 524//524
f 525//525 524//524 195//195
f 524//524 516//516 197//197
f 59//59 526//526 218//218
f 58//58 527//527 526//526
f 55//55 531//531 527//527
f 218//218 528//528 533//533
f 529//529 530//530 535//535
f 530//530 532//532 215//215
f 537//537 543//543 536//536
f 537//537 539//539 543//543
f 536//536 543//543 538//538
f 224//224 544//544 539//539
f 544//544 543//543 539//539
f 810//810 538//538 542//542
f 542//542 544//544 226//226
f 218//218 533//533 67//67
f 217//217 536//536 535//535
f 215//215 537//537 536//536
f 533//533 534//534 68//68
f 70//70 536//536 71//71
f 536//536 538//538 72//72
f 219//219 220//220 210//210
f 223//223 224//224 539//539
f 220//220 539//539 211//211
f 1036//1036 539//539 214//214
f 402//402 540//540 231//231
f 74//74 541//541 540//540
f 406//406 542//542 541//541
f 73//73 538//538 810//810
f 541//541 542//542 228//228
f 542//542 226//226 227//227
f 548//548 556//556 557//557
f 551//551 552//552 554//554
f 552//552 555//555 554//554
f 552//552 557//557 555//555
f 552//552 546//546 557//557
f 243//243 545//545 242//242
f 562//562 546//546 545//545
f 245//245 546//546 1161//1161
f 246//246 548//548 546//546
f 545//545 603//603 239//239
f 545//545 546//546 238//238
f 108//108 547//547 251//251
f 104//104 103//103 547//547
f 251//251 547//547 250//250
f 549//549 548//548 247//247
f 607//607 550//550 98//98
f 232//232 551//551 550//550
f 233//233 552//552 551//551
f 237//237 546//546 552//552
f 553//553 554//554 99//99
f 554//554 555//555 100//100
f 555//555 556//556 101//101
f 560//560 569//569 563//563
f 560//560 561//561 569//569
f 564//564 569//569 570//570
f 573//573 570//570 567//567
f 565//565 567//567 568//568
f 571//571 564//564 570//570
f 571//571 573//573 139//139
f 571//571 570//570 573//573
f 252//252 559//559 558//558
f 253//253 563//563 559//559
f 558//558 559//559 244//244
f 563//563 562//562 1160//1160
f 144//144 565//565 259//259
f 142//142 573//573 566//566
f 259//259 565//565 258//258
f 565//565 568//568 256//256
f 251//251 250//250 136//136
f 248//248 571//571 572//572
f 246//246 564//564 571//571
f 250//250 572//572 691//691
f 139//139 573//573 140//140
f 576//576 586//586 577//577
f 576//576 595//595 586//586
f 577//577 581//581 580//580
f 589//589 586//586 584//584
f 588//588 589//589 176//176
f 260//260 575//575 574//574
f 261//261 578//578 575//575
f 262//262 577//577 578//578
f 574//574 575//575 252//252
f 575//575 578//578 1120//1120
f 578//578 579//579 254//254
f 181//181 584//584 267//267
f 939//939 584//584 582//582
f 178//178 589//589 583//583
f 177//177 176//176 589//589
f 584//584 585//585 265//265
f 259//259 587//587 172//172
f 257//257 588//588 587//587
f 568//568 580//580 588//588
f 592//592 591//591 593//593
f 591//591 594//594 593//593
f 597//597 600//600 599//599
f 599//599 600//600 602//602
f 601//601 600//600 203//203
f 601//601 602//602 600//600
f 595//595 594//594 602//602
f 268//268 590//590 574//574
f 269//269 593//593 590//590
f 270//270 592//592 593//593
f 272//272 599//599 591//591
f 590//590 593//593 260//260
f 593//593 595//595 576//576
f 209//209 597//597 279//279
f 208//208 596//596 597//597
f 207//207 597//597 596//596
f 206//206 512//512 597//597
f 598//598 597//597 276//276
f 597//597 599//599 275//275
f 267//267 714//714 200//200
f 266//266 601//601 714//714
f 1289//1289 602//602 601//601
f 203//203 600//600 204//204
f 604//604 610//610 606//606
f 614//614 610//610 608//608
f 614//614 613//613 610//610
f 598//598 612//612 611//611
f 612//612 613//613 611//611
f 613//613 225//225 611//611
f 242//242 605//605 268//268
f 239//239 603//603 605//605
f 237//237 610//610 604//604
f 605//605 606//606 592//592
f 272//272 612//612 273//273
f 230//230 608//608 607//607
f 228//228 227//227 608//608
f 607//607 609//609 232//232
f 233//233 608//608 234//234
f 235//235 610//610 236//236
f 279//279 278//278 219//219
f 277//277 598//598 611//611
f 278//278 611//611 220//220
f 616//616 618//618 619//619
f 620//620 622//622 621//621
f 621//621 622//622 615//615
f 626//626 624//624 622//622
f 60//60 620//620 281//281
f 411//411 626//626 620//620
f 411//411 61//61 626//626
f 281//281 620//620 621//621
f 623//623 660//660 618//618
f 668//668 624//624 64//64
f 624//624 625//625 63//63
f 624//624 626//626 1353//1353
f 282//282 628//628 616//616
f 112//112 633//633 631//631
f 632//632 631//631 629//629
f 632//632 629//629 627//627
f 631//631 633//633 629//629
f 633//633 636//636 629//629
f 634//634 621//621 635//635
f 635//635 630//630 629//629
f 282//282 616//616 280//280
f 283//283 628//628 282//282
f 628//628 630//630 617//617
f 110//110 631//631 109//109
f 111//111 112//112 631//631
f 439//439 636//636 633//633
f 439//439 114//114 636//636
f 632//632 627//627 283//283
f 621//621 617//617 630//630
f 281//281 634//634 429//429
f 634//634 636//636 1342//1342
f 649//649 283//283 282//282
f 655//655 639//639 641//641
f 641//641 643//643 638//638
f 656//656 641//641 637//637
f 642//642 632//632 638//638
f 644//644 649//649 282//282
f 145//145 639//639 655//655
f 147//147 640//640 639//639
f 464//464 466//466 640//640
f 656//656 655//655 641//641
f 631//631 632//632 152//152
f 152//152 643//643 151//151
f 148//148 643//643 640//640
f 645//645 647//647 646//646
f 645//645 646//646 644//644
f 647//647 657//657 649//649
f 43//43 650//650 653//653
f 653//653 650//650 654//654
f 653//653 654//654 648//648
f 651//651 657//657 648//648
f 659//659 645//645 644//644
f 1333//1333 43//43 653//653
f 1266//1266 650//650 42//42
f 41//41 40//40 658//658
f 669//669 648//648 647//647
f 655//655 652//652 1330//1330
f 652//652 658//658 37//37
f 660//660 662//662 659//659
f 659//659 662//662 645//645
f 662//662 663//663 669//669
f 661//661 664//664 663//663
f 667//667 665//665 666//666
f 668//668 666//666 623//623
f 623//623 664//664 661//661
f 672//672 669//669 663//663
f 671//671 672//672 673//673
f 671//671 673//673 518//518
f 673//673 672//672 664//664
f 518//518 673//673 674//674
f 619//619 660//660 659//659
f 59//59 665//665 667//667
f 57//57 666//666 665//665
f 55//55 673//673 666//666
f 55//55 399//399 674//674
f 653//653 671//671 53//53
f 653//653 669//669 672//672
f 53//53 671//671 54//54
f 670//670 671//671 389//389
f 518//518 674//674 519//519
f 725//725 675//675 676//676
f 724//724 685//685 284//284
f 724//724 676//676 685//685
f 675//675 677//677 678//678
f 681//681 682//682 694//694
f 682//682 681//681 683//683
f 682//682 684//684 105//105
f 677//677 683//683 681//681
f 678//678 686//686 685//685
f 553//553 679//679 285//285
f 101//101 684//684 679//679
f 101//101 102//102 684//684
f 285//285 679//679 680//680
f 694//694 682//682 106//106
f 105//105 684//684 104//104
f 685//685 688//688 284//284
f 685//685 687//687 688//688
f 284//284 688//688 689//689
f 691//691 692//692 694//694
f 692//692 693//693 695//695
f 693//693 699//699 695//695
f 686//686 695//695 687//687
f 704//704 690//690 698//698
f 699//699 698//698 695//695
f 688//688 690//690 689//689
f 572//572 692//692 691//691
f 139//139 693//693 692//692
f 139//139 140//140 693//693
f 697//697 704//704 698//698
f 696//696 702//702 144//144
f 702//702 699//699 143//143
f 566//566 699//699 142//142
f 141//141 699//699 693//693
f 690//690 704//704 700//700
f 704//704 701//701 700//700
f 945//945 707//707 706//706
f 697//697 703//703 704//704
f 713//713 705//705 706//706
f 705//705 709//709 700//700
f 707//707 939//939 706//706
f 706//706 700//700 701//701
f 175//175 703//703 702//702
f 176//176 177//177 707//707
f 939//939 707//707 179//179
f 709//709 710//710 708//708
f 708//708 710//710 723//723
f 710//710 711//711 712//712
f 716//716 715//715 714//714
f 721//721 717//717 716//716
f 713//713 714//714 715//715
f 715//715 716//716 717//717
f 721//721 720//720 717//717
f 715//715 717//717 711//711
f 705//705 715//715 710//710
f 286//286 720//720 719//719
f 720//720 287//287 711//711
f 720//720 711//711 717//717
f 712//712 711//711 287//287
f 705//705 710//710 709//709
f 708//708 723//723 722//722
f 201//201 716//716 714//714
f 1003//1003 721//721 716//716
f 204//204 205//205 721//721
f 713//713 715//715 705//705
f 286//286 718//718 209//209
f 719//719 721//721 512//512
f 723//723 725//725 724//724
f 287//287 729//729 726//726
f 285//285 680//680 731//731
f 731//731 727//727 729//729
f 221//221 728//728 286//286
f 222//222 730//730 728//728
f 225//225 614//614 730//730
f 286//286 728//728 729//729
f 675//675 725//725 727//727
f 285//285 731//731 230//230
f 731//731 730//730 228//228
f 733//733 289//289 732//732
f 734//734 735//735 289//289
f 289//289 735//735 736//736
f 289//289 736//736 732//732
f 737//737 740//740 739//739
f 738//738 741//741 735//735
f 288//288 736//736 743//743
f 744//744 743//743 741//741
f 741//741 743//743 735//735
f 743//743 736//736 735//735
f 15//15 740//740 737//737
f 1334//1334 738//738 392//392
f 16//16 741//741 738//738
f 16//16 17//17 744//744
f 734//734 739//739 735//735
f 742//742 744//744 18//18
f 746//746 747//747 749//749
f 748//748 754//754 750//750
f 290//290 749//749 750//750
f 755//755 734//734 753//753
f 754//754 755//755 750//750
f 758//758 753//753 756//756
f 522//522 747//747 746//746
f 195//195 748//748 747//747
f 1255//1255 754//754 748//748
f 1255//1255 197//197 754//754
f 290//290 745//745 758//758
f 739//739 751//751 499//499
f 752//752 199//199 504//504
f 199//199 754//754 198//198
f 769//769 757//757 756//756
f 292//292 763//763 757//757
f 763//763 764//764 759//759
f 762//762 760//760 764//764
f 760//760 761//761 764//764
f 765//765 290//290 759//759
f 224//224 765//765 761//761
f 765//765 764//764 761//761
f 231//231 760//760 762//762
f 227//227 761//761 760//760
f 226//226 614//614 761//761
f 293//293 762//762 763//763
f 291//291 290//290 765//765
f 290//290 758//758 759//759
f 291//291 765//765 221//221
f 225//225 224//224 761//761
f 766//766 768//768 292//292
f 767//767 776//776 770//770
f 768//768 770//770 292//292
f 83//83 771//771 773//773
f 772//772 773//773 775//775
f 773//773 771//771 774//774
f 774//774 779//779 780//780
f 76//76 777//777 778//778
f 777//777 293//293 780//780
f 293//293 770//770 780//780
f 294//294 768//768 766//766
f 294//294 767//767 768//768
f 408//408 773//773 772//772
f 417//417 83//83 773//773
f 81//81 80//80 779//779
f 295//295 772//772 775//775
f 778//778 777//777 77//77
f 777//777 779//779 79//79
f 732//732 781//781 766//766
f 782//782 788//788 783//783
f 742//742 782//782 784//784
f 295//295 787//787 786//786
f 296//296 297//297 742//742
f 300//300 782//782 299//299
f 301//301 302//302 788//788
f 297//297 782//782 742//742
f 772//772 785//785 1341//1341
f 295//295 294//294 787//787
f 786//786 304//304 1357//1357
f 791//791 792//792 793//793
f 790//790 793//793 794//794
f 793//793 800//800 805//805
f 795//795 799//799 798//798
f 799//799 796//796 797//797
f 797//797 803//803 804//804
f 797//797 804//804 800//800
f 802//802 794//794 805//805
f 306//306 802//802 804//804
f 802//802 805//805 804//804
f 804//804 805//805 800//800
f 45//45 796//796 795//795
f 46//46 797//797 796//796
f 48//48 803//803 797//797
f 48//48 49//49 803//803
f 306//306 801//801 52//52
f 50//50 803//803 1351//1351
f 308//308 814//814 820//820
f 820//820 814//814 806//806
f 814//814 808//808 807//807
f 806//806 807//807 791//791
f 810//810 817//817 812//812
f 813//813 808//808 814//814
f 811//811 812//812 808//808
f 815//815 807//807 816//816
f 815//815 816//816 817//817
f 817//817 816//816 812//812
f 818//818 806//806 307//307
f 307//307 806//806 791//791
f 405//405 811//811 809//809
f 73//73 407//407 817//817
f 798//798 815//815 534//534
f 815//815 817//817 70//70
f 819//819 821//821 820//820
f 824//824 823//823 827//827
f 827//827 832//832 828//828
f 823//823 825//825 832//832
f 830//830 831//831 832//832
f 832//832 831//831 828//828
f 308//308 828//828 831//831
f 833//833 819//819 818//818
f 108//108 824//824 822//822
f 107//107 823//823 824//824
f 103//103 825//825 823//823
f 103//103 102//102 825//825
f 309//309 829//829 98//98
f 309//309 830//830 829//829
f 309//309 813//813 831//831
f 829//829 830//830 99//99
f 830//830 825//825 100//100
f 834//834 835//835 837//837
f 842//842 836//836 835//835
f 838//838 839//839 841//841
f 840//840 838//838 842//842
f 838//838 841//841 842//842
f 841//841 844//844 836//836
f 826//826 837//837 836//836
f 844//844 841//841 845//845
f 845//845 841//841 839//839
f 311//311 833//833 310//310
f 127//127 838//838 840//840
f 126//126 839//839 838//838
f 441//441 124//124 839//839
f 123//123 122//122 839//839
f 824//824 843//843 447//447
f 433//433 844//844 120//120
f 844//844 845//845 121//121
f 794//794 851//851 846//846
f 849//849 854//854 850//850
f 802//802 849//849 851//851
f 840//840 847//847 853//853
f 853//853 847//847 850//850
f 789//789 846//846 311//311
f 1339//1339 314//314 306//306
f 317//317 848//848 316//316
f 371//371 318//318 854//854
f 840//840 852//852 321//321
f 840//840 853//853 852//852
f 853//853 854//854 915//915
f 866//866 855//855 323//323
f 855//855 861//861 856//856
f 857//857 860//860 859//859
f 858//858 864//864 860//860
f 859//859 860//860 873//873
f 873//873 860//860 864//864
f 904//904 322//322 862//862
f 864//864 322//322 856//856
f 862//862 864//864 863//863
f 856//856 322//322 323//323
f 866//866 324//324 855//855
f 785//785 857//857 859//859
f 304//304 858//858 860//860
f 303//303 302//302 858//858
f 904//904 863//863 298//298
f 863//863 858//858 301//301
f 325//325 867//867 865//865
f 865//865 867//867 866//866
f 325//325 872//872 867//867
f 868//868 870//870 871//871
f 871//871 872//872 325//325
f 873//873 324//324 874//874
f 874//874 867//867 872//872
f 86//86 869//869 868//868
f 88//88 89//89 869//869
f 89//89 90//90 876//876
f 96//96 875//875 95//95
f 875//875 876//876 93//93
f 326//326 327//327 878//878
f 327//327 882//882 878//878
f 878//878 884//884 325//325
f 879//879 883//883 881//881
f 880//880 881//881 883//883
f 868//868 886//886 885//885
f 888//888 885//885 886//886
f 877//877 878//878 865//865
f 696//696 144//144 880//880
f 566//566 888//888 879//879
f 141//141 140//140 888//888
f 327//327 883//883 882//882
f 136//136 885//885 137//137
f 885//885 887//887 572//572
f 885//885 888//888 138//138
f 901//901 889//889 326//326
f 901//901 326//326 877//877
f 889//889 898//898 326//326
f 891//891 897//897 899//899
f 890//890 899//899 892//892
f 894//894 897//897 895//895
f 897//897 896//896 899//899
f 470//470 891//891 890//890
f 159//159 480//480 897//897
f 909//909 892//892 903//903
f 880//880 894//894 154//154
f 894//894 895//895 478//478
f 323//323 908//908 900//900
f 900//900 902//902 901//901
f 900//900 911//911 902//902
f 908//908 907//907 911//911
f 909//909 902//902 911//911
f 890//890 911//911 910//910
f 29//29 910//910 905//905
f 323//323 901//901 328//328
f 323//323 900//900 901//901
f 22//22 906//906 904//904
f 25//25 905//905 906//906
f 1326//1326 27//27 905//905
f 322//322 906//906 908//908
f 909//909 903//903 902//902
f 33//33 890//890 32//32
f 890//890 910//910 31//31
f 28//28 29//29 905//905
f 916//916 922//922 923//923
f 916//916 923//923 918//918
f 914//914 916//916 917//917
f 919//919 921//921 923//923
f 1346//1346 916//916 914//914
f 319//319 922//922 915//915
f 319//319 318//318 922//922
f 963//963 919//919 1339//1339
f 919//919 922//922 316//316
f 317//317 922//922 371//371
f 937//937 926//926 924//924
f 926//926 930//930 933//933
f 926//926 933//933 912//912
f 932//932 917//917 927//927
f 917//917 933//933 927//927
f 452//452 929//929 928//928
f 132//132 133//133 929//929
f 329//329 928//928 931//931
f 329//329 931//931 930//930
f 914//914 932//932 135//135
f 134//134 456//456 929//929
f 935//935 952//952 936//936
f 939//939 940//940 941//941
f 940//940 944//944 946//946
f 941//941 940//940 942//942
f 942//942 946//946 943//943
f 928//928 329//329 944//944
f 329//329 943//943 946//946
f 944//944 329//329 946//946
f 180//180 941//941 938//938
f 179//179 940//940 939//939
f 178//178 944//944 940//940
f 178//178 177//177 944//944
f 329//329 925//925 936//936
f 173//173 944//944 174//174
f 944//944 945//945 175//175
f 948//948 947//947 935//935
f 947//947 955//955 935//935
f 950//950 956//956 954//954
f 331//331 950//950 951//951
f 950//950 954//954 951//951
f 331//331 951//951 949//949
f 938//938 953//953 183//183
f 954//954 952//952 955//955
f 958//958 947//947 948//948
f 968//968 949//949 947//947
f 958//958 948//948 934//934
f 948//948 935//935 934//934
f 191//191 950//950 332//332
f 190//190 956//956 950//950
f 188//188 187//187 956//956
f 332//332 950//950 331//331
f 938//938 952//952 954//954
f 183//183 953//953 184//184
f 953//953 956//956 493//493
f 913//913 957//957 958//958
f 920//920 959//959 957//957
f 963//963 961//961 964//964
f 921//921 965//965 959//959
f 967//967 332//332 969//969
f 332//332 331//331 969//969
f 331//331 968//968 960//960
f 969//969 331//331 960//960
f 970//970 969//969 960//960
f 970//970 960//960 966//966
f 957//957 968//968 958//958
f 19//19 961//961 963//963
f 383//383 964//964 961//961
f 384//384 966//966 962//962
f 384//384 17//17 970//970
f 963//963 964//964 921//921
f 332//332 967//967 14//14
f 967//967 969//969 15//15
f 969//969 970//970 391//391
f 334//334 972//972 336//336
f 334//334 973//973 972//972
f 976//976 977//977 975//975
f 976//976 978//978 977//977
f 991//991 975//975 977//977
f 977//977 978//978 981//981
f 974//974 979//979 333//333
f 31//31 976//976 975//975
f 28//28 978//978 976//976
f 28//28 27//27 978//978
f 990//990 991//991 977//977
f 24//24 980//980 25//25
f 980//980 978//978 1326//1326
f 995//995 982//982 334//334
f 985//985 987//987 986//986
f 986//986 987//987 989//989
f 989//989 988//988 994//994
f 335//335 989//989 994//994
f 991//991 990//990 994//994
f 994//994 990//990 983//983
f 990//990 971//971 983//983
f 992//992 994//994 988//988
f 335//335 994//994 998//998
f 983//983 971//971 982//982
f 982//982 971//971 334//334
f 164//164 986//986 984//984
f 165//165 987//987 985//985
f 167//167 168//168 988//988
f 991//991 992//992 486//486
f 992//992 993//993 170//170
f 169//169 992//992 988//988
f 1010//1010 997//997 995//995
f 337//337 996//996 997//997
f 996//996 1000//1000 999//999
f 995//995 997//997 998//998
f 997//997 999//999 998//998
f 1000//1000 1001//1001 1005//1005
f 984//984 335//335 1005//1005
f 335//335 998//998 999//999
f 999//999 1000//1000 1005//1005
f 336//336 1010//1010 995//995
f 208//208 1002//1002 338//338
f 207//207 1001//1001 1002//1002
f 512//512 205//205 1001//1001
f 337//337 1002//1002 996//996
f 984//984 1004//1004 201//201
f 1004//1004 1003//1003 202//202
f 204//204 1004//1004 1001//1001
f 339//339 1008//1008 1007//1007
f 1006//1006 1015//1015 1010//1010
f 1007//1007 1009//1009 1015//1015
f 215//215 1012//1012 1011//1011
f 1026//1026 1011//1011 1008//1008
f 338//338 1014//1014 1013//1013
f 1013//1013 1016//1016 523//523
f 1014//1014 1015//1015 1017//1017
f 1018//1018 1006//1006 336//336
f 339//339 1007//1007 1006//1006
f 1010//1010 1015//1015 337//337
f 218//218 1011//1011 1026//1026
f 216//216 215//215 1011//1011
f 215//215 537//537 1016//1016
f 338//338 1013//1013 210//210
f 338//338 337//337 1014//1014
f 523//523 1016//1016 213//213
f 974//974 1019//1019 1020//1020
f 1019//1019 1029//1029 1020//1020
f 1019//1019 1021//1021 1029//1029
f 1020//1020 1029//1029 339//339
f 333//333 1023//1023 1024//1024
f 1024//1024 1023//1023 1025//1025
f 1030//1030 1029//1029 1021//1021
f 1025//1025 1030//1030 1021//1021
f 1024//1024 1025//1025 1021//1021
f 1031//1031 1025//1025 1023//1023
f 336//336 974//974 1020//1020
f 1018//1018 1020//1020 339//339
f 52//52 1022//1022 333//333
f 386//386 1031//1031 1023//1023
f 386//386 49//49 1031//1031
f 333//333 1024//1024 1019//1019
f 1026//1026 1027//1027 44//44
f 1026//1026 339//339 1030//1030
f 1027//1027 1028//1028 45//45
f 1027//1027 1031//1031 46//46
f 341//341 1034//1034 1035//1035
f 1037//1037 1036//1036 1038//1038
f 1036//1036 1042//1042 1038//1038
f 1037//1037 1038//1038 1039//1039
f 1042//1042 1040//1040 1038//1038
f 1039//1039 1034//1034 341//341
f 1034//1034 1039//1039 1041//1041
f 340//340 1077//1077 1032//1032
f 340//340 1035//1035 1077//1077
f 340//340 341//341 1035//1035
f 1034//1034 1041//1041 1033//1033
f 211//211 212//212 342//342
f 214//214 537//537 1042//1042
f 1080//1080 533//533 218//218
f 1080//1080 1040//1040 533//533
f 1080//1080 1041//1041 1038//1038
f 1040//1040 217//217 535//535
f 1055//1055 341//341 340//340
f 1055//1055 1051//1051 341//341
f 1043//1043 1048//1048 1051//1051
f 1046//1046 1045//1045 1049//1049
f 1049//1049 1048//1048 1043//1043
f 342//342 1044//1044 1051//1051
f 342//342 1051//1051 1048//1048
f 590//590 1046//1046 1047//1047
f 269//269 270//270 1046//1046
f 272//272 273//273 1045//1045
f 1047//1047 1046//1046 1049//1049
f 343//343 1049//1049 1043//1043
f 342//342 1050//1050 598//598
f 274//274 1050//1050 1045//1045
f 1052//1052 1054//1054 1055//1055
f 1053//1053 1060//1060 1054//1054
f 1054//1054 1060//1060 343//343
f 1057//1057 1059//1059 1058//1058
f 344//344 1056//1056 1058//1058
f 1058//1058 1059//1059 1065//1065
f 344//344 1058//1058 1060//1060
f 1058//1058 1065//1065 1064//1064
f 1061//1061 1047//1047 1062//1062
f 1047//1047 343//343 1064//1064
f 1062//1062 1063//1063 1061//1061
f 1062//1062 1064//1064 1065//1065
f 1063//1063 1065//1065 1059//1059
f 1060//1060 1064//1064 343//343
f 1032//1032 1052//1052 1055//1055
f 251//251 1056//1056 344//344
f 549//549 1059//1059 1057//1057
f 247//247 246//246 1059//1059
f 1047//1047 1061//1061 244//244
f 1061//1061 1063//1063 1161//1161
f 245//245 1063//1063 1059//1059
f 344//344 1074//1074 1075//1075
f 344//344 1073//1073 1072//1072
f 1073//1073 344//344 1075//1075
f 1074//1074 1053//1053 1067//1067
f 1068//1068 1073//1073 1070//1070
f 345//345 1052//1052 1032//1032
f 1079//1079 1071//1071 1066//1066
f 93//93 1070//1070 1069//1069
f 92//92 1068//1068 1070//1070
f 91//91 90//90 1068//1068
f 344//344 1072//1072 85//85
f 1072//1072 1073//1073 87//87
f 1073//1073 1068//1068 89//89
f 1077//1077 1078//1078 345//345
f 1033//1033 1083//1083 1078//1078
f 1080//1080 1081//1081 1082//1082
f 1081//1081 1089//1089 1084//1084
f 1041//1041 1082//1082 1083//1083
f 1085//1085 1088//1088 1087//1087
f 1088//1088 1086//1086 1089//1089
f 1086//1086 1071//1071 1084//1084
f 1083//1083 1084//1084 1071//1071
f 1078//1078 1079//1079 345//345
f 64//64 1081//1081 1080//1080
f 625//625 1081//1081 63//63
f 1353//1353 62//62 1081//1081
f 62//62 61//61 1089//1089
f 1069//1069 1085//1085 60//60
f 1087//1087 1088//1088 410//410
f 1088//1088 1089//1089 411//411
f 1109//1109 1096//1096 1090//1090
f 1096//1096 1092//1092 1091//1091
f 778//778 1094//1094 1093//1093
f 1094//1094 1100//1100 1095//1095
f 1094//1094 1095//1095 1093//1093
f 346//346 1093//1093 1096//1096
f 1100//1100 1097//1097 1095//1095
f 347//347 1101//1101 1137//1137
f 1101//1101 1109//1109 1090//1090
f 1101//1101 1090//1090 1137//1137
f 1137//1137 1091//1091 1139//1139
f 75//75 1093//1093 346//346
f 76//76 778//778 1093//1093
f 79//79 1100//1100 1094//1094
f 79//79 80//80 1100//1100
f 1143//1143 1139//1139 1099//1099
f 1143//1143 1098//1098 408//408
f 417//417 1100//1100 83//83
f 1103//1103 1107//1107 1102//1102
f 1103//1103 1106//1106 1107//1107
f 1105//1105 1104//1104 1108//1108
f 1106//1106 1108//1108 1107//1107
f 346//346 1109//1109 1112//1112
f 1112//1112 1109//1109 1107//1107
f 1110//1110 1112//1112 1108//1108
f 1107//1107 1108//1108 1112//1112
f 241//241 1105//1105 1106//1106
f 240//240 239//239 1105//1105
f 604//604 237//237 1111//1111
f 346//346 1110//1110 551//551
f 1110//1110 1111//1111 236//236
f 348//348 1115//1115 1113//1113
f 1133//1133 1114//1114 1115//1115
f 1115//1115 1116//1116 1103//1103
f 1121//1121 1103//1103 1116//1116
f 257//257 1229//1229 1117//1117
f 256//256 1123//1123 1124//1124
f 255//255 561//561 1123//1123
f 1117//1117 1118//1118 1119//1119
f 1106//1106 1120//1120 252//252
f 1121//1121 1122//1122 254//254
f 1122//1122 1123//1123 560//560
f 1136//1136 1138//1138 348//348
f 1138//1138 1132//1132 1126//1126
f 1126//1126 1127//1127 1133//1133
f 1128//1128 1131//1131 1129//1129
f 1131//1131 1130//1130 1135//1135
f 1131//1131 1135//1135 1132//1132
f 1119//1119 1127//1127 1135//1135
f 1125//1125 1131//1131 1132//1132
f 444//444 1130//1130 1128//1128
f 134//134 133//133 1130//1130
f 1129//1129 1131//1131 1125//1125
f 1117//1117 1134//1134 129//129
f 1134//1134 1130//1130 132//132
f 1143//1143 1142//1142 1140//1140
f 1139//1139 1143//1143 1140//1140
f 1145//1145 1141//1141 1140//1140
f 1144//1144 1147//1147 1146//1146
f 1144//1144 1145//1145 1147//1147
f 1147//1147 1145//1145 1140//1140
f 1138//1138 1141//1141 1125//1125
f 118//118 1142//1142 1143//1143
f 115//115 114//114 1147//1147
f 1129//1129 1125//1125 1141//1141
f 1129//1129 1144//1144 111//111
f 1144//1144 1146//1146 113//113
f 351//351 1154//1154 1149//1149
f 1158//1158 1149//1149 1191//1191
f 349//349 1155//1155 1157//1157
f 349//349 1157//1157 126//126
f 1150//1150 1155//1155 350//350
f 447//447 1151//1151 353//353
f 433//433 120//120 1153//1153
f 845//845 122//122 1157//1157
f 349//349 350//350 1155//1155
f 126//126 1157//1157 125//125
f 1158//1158 1173//1173 1159//1159
f 1173//1173 1167//1167 1159//1159
f 1162//1162 1170//1170 1163//1163
f 1164//1164 1162//1162 1163//1163
f 1164//1164 1163//1163 1165//1165
f 1165//1165 1163//1163 1166//1166
f 1168//1168 353//353 352//352
f 352//352 351//351 1159//1159
f 1168//1168 352//352 1166//1166
f 1169//1169 1168//1168 1166//1166
f 1170//1170 1166//1166 1163//1163
f 1173//1173 1158//1158 354//354
f 1165//1165 1167//1167 1173//1173
f 559//559 1162//1162 1164//1164
f 562//562 1162//1162 1160//1160
f 245//245 246//246 1170//1170
f 353//353 1168//1168 250//250
f 1168//1168 1169//1169 248//248
f 1057//1057 1169//1169 549//549
f 1169//1169 1170//1170 247//247
f 354//354 1171//1171 1173//1173
f 1171//1171 1174//1174 1173//1173
f 1171//1171 1178//1178 1174//1174
f 1175//1175 1176//1176 1177//1177
f 1177//1177 1176//1176 1180//1180
f 1172//1172 1177//1177 1178//1178
f 1164//1164 1180//1180 1179//1179
f 1180//1180 1165//1165 1178//1178
f 1165//1165 1174//1174 1178//1178
f 1148//1148 1184//1184 354//354
f 265//265 1176//1176 1175//1175
f 1289//1289 1181//1181 1176//1176
f 1289//1289 595//595 1181//1181
f 1164//1164 1179//1179 260//260
f 262//262 1181//1181 263//263
f 1182//1182 1183//1183 1184//1184
f 1183//1183 1186//1186 1185//1185
f 1187//1187 169//169 1190//1190
f 355//355 1187//1187 1188//1188
f 1189//1189 1172//1172 1185//1185
f 1189//1189 1185//1185 1186//1186
f 1189//1189 1186//1186 1190//1190
f 1190//1190 1186//1186 1188//1188
f 1193//1193 1184//1184 1148//1148
f 171//171 1187//1187 355//355
f 993//993 169//169 1187//1187
f 169//169 168//168 1190//1190
f 1182//1182 1188//1188 1183//1183
f 1175//1175 1172//1172 1189//1189
f 164//164 1189//1189 491//491
f 1189//1189 1190//1190 985//985
f 1192//1192 1194//1194 1195//1195
f 1194//1194 1203//1203 1195//1195
f 1194//1194 1199//1199 1203//1203
f 349//349 1197//1197 1199//1199
f 1197//1197 1196//1196 1198//1198
f 1203//1203 1182//1182 1195//1195
f 1200//1200 355//355 1198//1198
f 1200//1200 1198//1198 1202//1202
f 1198//1198 1203//1203 1199//1199
f 1191//1191 1192//1192 1193//1193
f 1193//1193 1195//1195 1182//1182
f 153//153 1197//1197 349//349
f 151//151 1196//1196 1197//1197
f 148//148 1202//1202 1196//1196
f 148//148 466//466 1202//1202
f 349//349 1194//1194 350//350
f 355//355 1182//1182 1203//1203
f 355//355 1200//1200 146//146
f 1201//1201 1202//1202 147//147
f 1204//1204 1212//1212 1206//1206
f 1206//1206 1208//1208 1207//1207
f 1210//1210 1211//1211 1213//1213
f 1214//1214 1213//1213 1212//1212
f 1260//1260 1207//1207 1208//1208
f 1216//1216 1215//1215 1213//1213
f 1215//1215 1208//1208 1213//1213
f 1204//1204 1206//1206 1205//1205
f 895//895 1210//1210 1209//1209
f 156//156 1211//1211 1210//1210
f 158//158 480//480 1216//1216
f 161//161 1215//1215 470//470
f 1215//1215 1216//1216 471//471
f 1232//1232 1218//1218 1217//1217
f 1219//1219 1220//1220 1217//1217
f 1224//1224 1225//1225 1219//1219
f 253//253 1221//1221 1223//1223
f 1223//1223 1222//1222 1224//1224
f 1214//1214 1204//1204 1220//1220
f 1228//1228 1220//1220 1225//1225
f 1230//1230 1225//1225 1222//1222
f 1232//1232 1217//1217 1231//1231
f 1231//1231 1217//1217 1204//1204
f 1120//1120 253//253 1223//1223
f 560//560 1230//1230 1221//1221
f 560//560 561//561 1230//1230
f 1226//1226 1223//1223 1224//1224
f 1209//1209 1227//1227 259//259
f 1209//1209 1214//1214 1228//1228
f 1227//1227 1229//1229 257//257
f 1227//1227 1230//1230 256//256
f 1238//1238 1234//1234 1241//1241
f 1241//1241 1234//1234 1232//1232
f 1238//1238 1233//1233 1234//1234
f 277//277 1237//1237 356//356
f 1235//1235 1236//1236 1237//1237
f 269//269 1226//1226 1240//1240
f 1240//1240 1218//1218 1234//1234
f 1236//1236 1240//1240 1233//1233
f 278//278 277//277 356//356
f 274//274 1236//1236 1235//1235
f 274//274 273//273 1236//1236
f 356//356 1237//1237 1233//1233
f 356//356 1233//1233 1252//1252
f 269//269 1239//1239 270//270
f 272//272 1239//1239 1236//1236
f 357//357 1242//1242 1241//1241
f 358//358 1250//1250 1242//1242
f 1246//1246 1247//1247 1249//1249
f 1248//1248 1249//1249 1250//1250
f 1251//1251 356//356 1253//1253
f 356//356 1254//1254 1256//1256
f 1255//1255 1253//1253 1247//1247
f 358//358 1242//1242 357//357
f 1242//1242 1238//1238 1241//1241
f 504//504 1246//1246 1243//1243
f 198//198 1244//1244 1246//1246
f 1244//1244 197//197 1247//1247
f 1245//1245 1246//1246 1248//1248
f 356//356 1251//1251 746//746
f 356//356 1252//1252 1254//1254
f 1251//1251 1255//1255 196//196
f 1205//1205 1257//1257 357//357
f 1207//1207 1258//1258 1257//1257
f 1258//1258 1269//1269 1257//1257
f 36//36 1261//1261 1259//1259
f 1260//1260 1261//1261 1268//1268
f 1263//1263 1248//1248 1269//1269
f 1265//1265 1267//1267 1266//1266
f 1265//1265 1263//1263 1268//1268
f 1263//1263 1269//1269 1268//1268
f 1267//1267 1265//1265 1268//1268
f 1258//1258 1268//1268 1269//1269
f 1257//1257 1269//1269 1248//1248
f 1330//1330 36//36 1259//1259
f 38//38 1267//1267 1261//1261
f 39//39 40//40 1267//1267
f 1262//1262 1245//1245 1333//1333
f 1245//1245 1264//1264 43//43
f 1264//1264 1266//1266 42//42
f 1270//1270 363//363 361//361
f 363//363 1277//1277 1313//1313
f 364//364 1274//1274 1271//1271
f 359//359 1277//1277 1279//1279
f 1275//1275 1276//1276 1278//1278
f 1278//1278 1276//1276 1279//1279
f 1278//1278 1279//1279 1274//1274
f 361//361 363//363 1313//1313
f 185//185 1273//1273 1272//1272
f 493//493 1278//1278 1273//1273
f 493//493 187//187 1278//1278
f 1275//1275 359//359 1276//1276
f 359//359 360//360 1277//1277
f 1275//1275 1278//1278 190//190
f 362//362 1295//1295 1270//1270
f 1295//1295 1280//1280 1270//1270
f 1285//1285 1281//1281 365//365
f 1285//1285 1291//1291 1281//1281
f 1288//1288 1286//1286 364//364
f 1288//1288 1290//1290 1289//1289
f 364//364 1282//1282 1281//1281
f 1295//1295 1281//1281 1280//1280
f 1270//1270 1280//1280 363//363
f 1280//1280 1282//1282 363//363
f 260//260 1283//1283 366//366
f 1179//1179 1285//1285 1283//1283
f 262//262 1284//1284 1285//1285
f 576//576 595//595 1290//1290
f 1272//1272 364//364 1286//1286
f 1272//1272 1287//1287 266//266
f 1286//1286 1288//1288 265//265
f 1288//1288 1289//1289 264//264
f 1292//1292 1293//1293 1294//1294
f 1294//1294 1296//1296 1295//1295
f 1298//1298 1299//1299 1302//1302
f 1303//1303 1299//1299 1297//1297
f 367//367 1299//1299 1298//1298
f 1301//1301 1302//1302 1300//1300
f 1301//1301 365//365 1302//1302
f 238//238 1300//1300 1303//1303
f 1300//1300 1302//1302 1299//1299
f 1296//1296 1302//1302 365//365
f 1296//1296 365//365 1295//1295
f 232//232 1297//1297 607//607
f 551//551 1303//1303 1297//1297
f 236//236 237//237 1303//1303
f 367//367 1298//1298 1293//1293
f 1283//1283 365//365 1301//1301
f 366//366 1283//1283 241//241
f 1283//1283 1301//1301 240//240
f 1301//1301 1300//1300 239//239
f 238//238 1303//1303 604//604
f 368//368 1314//1314 1304//1304
f 1314//1314 1305//1305 1292//1292
f 69//69 1308//1308 1309//1309
f 1309//1309 1310//1310 1306//1306
f 1314//1314 1292//1292 1304//1304
f 534//534 69//69 1307//1307
f 72//72 407//407 1308//1308
f 1322//1322 1309//1309 1306//1306
f 1297//1297 1311//1311 402//402
f 1297//1297 367//367 1311//1311
f 367//367 1292//1292 1305//1305
f 1311//1311 1312//1312 406//406
f 73//73 1312//1312 1308//1308
f 361//361 1314//1314 368//368
f 361//361 1313//1313 1314//1314
f 360//360 1316//1316 1313//1313
f 1314//1314 1313//1313 1315//1315
f 1313//1313 1316//1316 1322//1322
f 1313//1313 1322//1322 1315//1315
f 1318//1318 1324//1324 1319//1319
f 1321//1321 369//369 1323//1323
f 1323//1323 369//369 1316//1316
f 1319//1319 1323//1323 1320//1320
f 1321//1321 1323//1323 1319//1319
f 1323//1323 1316//1316 1320//1320
f 53//53 1317//1317 1275//1275
f 388//388 1318//1318 1317//1317
f 519//519 1324//1324 1318//1318
f 519//519 399//399 1324//1324
f 359//359 1317//1317 1319//1319
f 360//360 1320//1320 1316//1316
f 1307//1307 369//369 1321//1321
f 1307//1307 1321//1321 526//526
f 58//58 1324//1324 57//57
f 1326//1326 1332//1332 1328//1328
f 1330//1330 36//36 1329//1329
f 1337//1337 1332//1332 1331//1331
f 1337//1337 1335//1335 1332//1332
f 21//21 1325//1325 20//20
f 23//23 1327//1327 1325//1325
f 25//25 1328//1328 1327//1327
f 27//27 1332//1332 1326//1326
f 1327//1327 962//962 383//383
f 1328//1328 1335//1335 17//17
f 34//34 1329//1329 33//33
f 35//35 1330//1330 1329//1329
f 39//39 1337//1337 1331//1331
f 1329//1329 36//36 975//975
f 36//36 1331//1331 30//30
f 1331//1331 1332//1332 29//29
f 14//14 1333//1333 1262//1262
f 737//737 1336//1336 1333//1333
f 392//392 1335//1335 1336//1336
f 16//16 1335//1335 1334//1334
f 1336//1336 1337//1337 40//40
f 1344//1344 1348//1348 1340//1340
f 1343//1343 1349//1349 1348//1348
f 376//376 1346//1346 1345//1345
f 1346//1346 1347//1347 111//111
f 1347//1347 1349//1349 1146//1146
f 1343//1343 1348//1348 1344//1344
f 297//297 1340//1340 296//296
f 298//298 1340//1340 1338//1338
f 299//299 300//300 1340//1340
f 1339//1339 1340//1340 314//314
f 1340//1340 1348//1348 371//371
f 118//118 1343//1343 429//429
f 116//116 1349//1349 1342//1342
f 1341//1341 429//429 785//785
f 429//429 1343//1343 857//857
f 305//305 1343//1343 1357//1357
f 1343//1343 1344//1344 302//302
f 321//321 1345//1345 109//109
f 852//852 376//376 1345//1345
f 320//320 1348//1348 1347//1347
f 111//111 1347//1347 112//112
f 1146//1146 1349//1349 439//439
f 64//64 63//63 45//45
f 1361//1361 1363//1363 1362//1362
f 1361//1361 1354//1354 1363//1363
f 301//301 1352//1352 1360//1360
f 1352//1352 1355//1355 1360//1360
f 52//52 1350//1350 296//296
f 51//51 1352//1352 1350//1350
f 386//386 1355//1355 1351//1351
f 296//296 1350//1350 297//297
f 1350//1350 1352//1352 1338//1338
f 66//66 795//795 44//44
f 65//65 64//64 795//795
f 62//62 1363//1363 1353//1353
f 63//63 1354//1354 46//46
f 1354//1354 1355//1355 49//49
f 785//785 1359//1359 1356//1356
f 305//305 1357//1357 1359//1359
f 304//304 303//303 1360//1360
f 302//302 301//301 1360//1360
f 1356//1356 1359//1359 60//60
f 1358//1358 1359//1359 1087//1087
f 1359//1359 1361//1361 410//410
f 1362//1362 1363//1363 411//411
# 3658 faces, 0 coords texture

# End of File
