####
#
# OBJ File Generated by Meshlab
#
####
# Object strchy.obj
#
# Vertices: 1363
# Faces: 3178
#
####
vn 0.1861588613270225 0.9778898626464189 -0.0952695905459573
v 2.1399990000000000 6.8679860000000001 -1.4550820000000000
vn 0.8982013558465991 0.4345860049069668 -0.0661008978330325
v 6.7773779999999997 3.2934180000000000 -0.8769760000000000
vn 0.2083749198449567 0.4779640818178847 0.8533054724256690
v 0.6107260000000000 2.4736970000000000 4.0889020000000000
vn -0.7019712389938602 0.4900928121390772 0.5167643709806590
v -6.5701390000000002 5.0151089999999998 4.8712700000000000
vn -0.7012660975312001 0.3781233002942796 -0.6043580314912044
v -4.0288589999999997 1.9051389999999999 -3.8635000000000002
vn 0.6200831154323878 -0.3553939602975915 0.6994226640162999
v 3.6840060000000001 -1.8623680000000000 5.7418180000000003
vn -0.1799314571459019 -0.4410370446458819 0.8792673063291838
v -0.3979800000000000 -1.7066600000000001 3.5414210000000002
vn -0.9042635041190491 -0.4187156902343638 0.0835744331114410
v -6.2237010000000001 -2.3813350000000000 1.0481510000000001
vn -0.3284982080832533 -0.4238777892999591 -0.8440477160826104
v -2.7878699999999998 -3.1086060000000000 -6.3553620000000004
vn 0.7126056453822314 -0.4402275448157962 -0.5462535152791511
v 5.5303610000000001 -3.6513220000000000 -4.5980439999999998
vn 0.2234806186886619 0.3112151790992148 -0.9236890847946492
v 0.2862150000000000 0.4474370000000000 -0.8571380000000000
vn 0.7798488553593934 -0.2770329645734301 0.5613274439525475
v 0.7319160000000000 -0.4479260000000000 0.5263800000000000
vn -0.2703845717393490 -0.3597548885829588 0.8930109761397067
v -0.2745610000000000 -0.4504920000000000 0.8621510000000000
vn -0.9083919615848967 -0.3852825810111014 0.1624234493457393
v -0.8980440000000000 -0.4476340000000000 0.0023410000000000
vn -0.2915923929915628 -0.5477261430739498 -0.7842001967245283
v -0.2733560000000000 -0.4515620000000000 -0.8596420000000000
vn 0.6457415782559882 -0.6153594181152556 -0.4520515464505341
v 0.7338420000000000 -0.4491940000000000 -0.5304660000000000
vn -0.6330982829870311 0.5644353419067384 -0.5297162531823021
v -0.7256060000000000 0.4476860000000000 -0.5310319999999999
vn -0.7004855538271966 0.5502295064620285 0.4544969516927021
v -0.7291040000000000 0.4499680000000000 0.5450840000000000
vn 0.3216314693325267 0.5654730507450775 0.7594691743685552
v 0.2776130000000000 0.4501820000000000 0.8571590000000000
vn 0.9471936877612037 0.2313883412609031 0.2219989941280348
v 0.9032730000000000 0.4518520000000000 0.0002150000000000
vn 0.0689768991615105 -0.9973316131164590 -0.0239131942781481
v -0.0001010000000000 -1.0071509999999999 0.0024530000000000
vn 0.0401133542488033 0.9941623335595363 -0.1001607375290699
v 0.0029380000000000 1.0059260000000001 -0.0009980000000000
vn -0.0350703618486558 -0.8423082340174546 0.5378539844848242
v 0.2508050000000000 0.5172480000000000 -0.7501200000000000
vn -0.5475886700588608 0.6062853304607803 -0.5766842693287468
v 0.2153950000000000 0.5870590000000000 -0.6431030000000000
vn -0.5544347323523457 0.6010995886939121 -0.5755705100449402
v 0.1799860000000000 0.6568700000000000 -0.5360850000000000
vn -0.1219750781856407 -0.8492820703749753 0.5136555706319191
v 0.1445760000000000 0.7266810000000000 -0.4290680000000000
vn 0.3327338089307038 0.8364212897485949 -0.4355314436981137
v 0.1091670000000000 0.7964920000000000 -0.3220500000000000
vn -0.7434665999527894 -0.6454558012182989 0.1750549154644990
v 0.0711777441076597 0.8713888289487378 -0.2072381608133573
vn 0.1748089867189599 0.8501249238754638 -0.4967186648073813
v 0.0383470000000000 0.9361150000000000 -0.1080160000000000
vn 0.6087119748863424 -0.0421779792320403 -0.7922693668809052
v -0.1791980000000000 0.8663660000000000 -0.1335070000000000
vn 0.5577040144207197 0.0582911792244468 -0.8279905619773918
v -0.2702660000000000 0.7965860000000000 -0.1997610000000000
vn 0.6157501908184542 -0.7877649474997666 -0.0166760306346360
v -0.3613340000000000 0.7268060000000000 -0.2660150000000000
vn 0.2695917097229167 0.4543331534624237 -0.8490593004693867
v -0.4524020000000000 0.6570260000000000 -0.3322700000000000
vn 0.5803611363421392 0.0156592914844457 -0.8142086575404773
v -0.6345380000000000 0.5174660000000000 -0.4647780000000000
vn 0.1886928330170140 -0.7880497435157837 0.5859800478793802
v -0.5991290000000000 0.4476550000000000 -0.5717960000000000
vn 0.1886679417708442 -0.7880471530534106 0.5859915462806335
v -0.4726510000000000 0.4476240000000000 -0.6125590000000000
vn 0.1870096141075518 -0.7922365822401948 0.5808516178781976
v -0.3461730000000000 0.4475930000000000 -0.6533220000000000
vn 0.2527597175636791 -0.5660322546382182 0.7846782855962718
v -0.2196960000000000 0.4475620000000000 -0.6940850000000000
vn -0.1847883498265133 0.7977746383072212 -0.5739415407880637
v -0.0932180000000000 0.4475310000000000 -0.7348479999999999
vn -0.2763896555960852 0.4331642798357342 -0.8578912897062583
v 0.0332590000000000 0.4474990000000000 -0.7756110000000001
vn 0.2527606235663403 -0.5660318090066567 0.7846783152139521
v 0.1597370000000000 0.4474680000000000 -0.8163740000000000
vn -0.2263591447073116 -0.3658248056738830 0.9027368105716307
v 0.7907310000000000 0.5211110000000000 0.0000630000000000
vn -0.2263621169206999 -0.3658511162895827 0.9027254027293382
v 0.6781890000000000 0.5903700000000000 -0.0000890000000000
vn -0.5200807089901089 -0.8448316963277590 0.1256004021343346
v 0.5656470000000000 0.6596290000000000 -0.0002400000000000
vn -0.2263559581739677 -0.3658395269290605 0.9027316438097571
v 0.4531050000000000 0.7288890000000000 -0.0003920000000000
vn -0.4541690850599014 -0.7369005023700459 0.5007075910974650
v 0.3405630000000000 0.7981480000000000 -0.0005430000000000
vn -0.4501750270932784 -0.7326209584380805 -0.5104987524361195
v 0.2097928008351409 0.8786248594202742 -0.0007195071177555
vn 0.3732436732465241 0.6080526722638782 0.7006861695040074
v 0.1154800000000000 0.9366660000000000 -0.0008470000000000
vn -0.3841811708870736 -0.8794458842642762 0.2810333869604506
v 0.4389572930297967 0.4485300660935407 -0.6449132790507612
vn -0.1224173856208453 -0.9880938637347086 0.0931906655603029
v 0.5176110000000000 0.4490930000000000 -0.5356300000000001
vn -0.4020903862476361 -0.8671623928572056 0.2938583088860894
v 0.5947440000000001 0.4496440000000000 -0.4284610000000000
vn 0.0759006989020465 -0.9958863375460423 -0.0494922882408072
v 0.6718760000000000 0.4501960000000000 -0.3212920000000000
vn -0.7793444218045545 -0.2763988575045574 0.5623397049580441
v 0.7490080000000000 0.4507480000000000 -0.2141230000000000
vn -0.6348870167450619 -0.6206313108743107 0.4601469894837847
v 0.8261400000000000 0.4513000000000000 -0.1069540000000000
vn -0.7014333586870817 -0.4947100074865043 -0.5130821102062152
v 0.3558210000000000 0.4503900000000000 0.7500410000000000
vn 0.6380312825459955 0.6122179563843677 0.4670174047862248
v 0.4340280000000000 0.4505990000000000 0.6429230000000000
vn 0.7712309371774845 -0.2979981474265656 0.5624943961237959
v 0.5122360000000000 0.4508080000000000 0.5358050000000000
vn 0.7712236324285620 -0.2980074115905299 0.5624995034849425
v 0.6686500000000000 0.4512250000000000 0.3215690000000000
vn 0.6380327805109804 0.6122187888148828 0.4670142670363131
v 0.7649672177018064 0.4514824960020077 0.1896473127398161
vn -0.5276892444934482 -0.7562927983719790 -0.3867366861012989
v 0.8250650000000000 0.4516430000000000 0.1073330000000000
vn -0.9053635832750629 0.3292453581376088 0.2681683729006384
v 0.8818530000000000 0.3393790000000000 0.0659850000000000
vn 0.9155616188605411 0.0583375246651693 0.3979241828356325
v 0.8604330000000000 0.2269070000000000 0.1317560000000000
vn -0.0912870420313981 0.5155798970929916 0.8519648148079463
v 0.8390140000000000 0.1144350000000000 0.1975260000000000
vn -0.9427318162143974 -0.0153103346410435 -0.3332001145712329
v 0.8175940000000000 0.0019630000000000 0.2632970000000000
vn -0.9105347192401687 0.3237564649810807 0.2571152979524585
v 0.7961750000000000 -0.1105090000000000 0.3290680000000000
vn 0.8553533685821313 0.1303014201702472 0.5013902220394985
v 0.7747550000000000 -0.2229810000000000 0.3948380000000000
vn -0.9827216617027197 0.0938671395529580 -0.1595214585326724
v 0.7533350000000000 -0.3354530000000000 0.4606090000000000
vn 0.3945058065842855 0.4866448505729856 -0.7794497789993134
v 0.6751280000000000 -0.3356620000000000 0.5677270000000000
vn 0.6396078443165046 0.0408231161947031 0.7676166221968800
v 0.5859347569384736 -0.1593372319688109 0.6326686254343126
vn -0.4627148685121046 0.0907307722203438 -0.8818519589081411
v 0.5047650000000000 0.0011280000000000 0.6917690000000000
vn 0.5671332828540944 0.5216374388190750 -0.6373807511224461
v 0.4479770000000000 0.1133920000000000 0.7331170000000000
vn 0.6052007144836645 0.0129798271916778 0.7959670968542205
v 0.3911890000000000 0.2256550000000000 0.7744640000000000
vn -0.0619692408048929 0.3171927000972458 -0.9463342983317703
v 0.3344010000000000 0.3379180000000000 0.8158120000000000
vn -0.1411904531181577 0.0810943263862137 -0.9866554445074813
v -0.2055390000000000 -0.3379080000000000 0.8615270000000000
vn -0.8521567233886871 0.5222464517434634 -0.0329782113647609
v -0.1365170000000000 -0.2253240000000000 0.8609030000000000
vn -0.6107143454044051 0.3782740530579382 0.6956556109889357
v -0.0674950000000000 -0.1127400000000000 0.8602790000000000
vn -0.0913153033012926 0.0504710822400224 -0.9945421988234153
v 0.0015260000000000 -0.0001550000000000 0.8596549999999999
vn -0.8525295495966903 0.5226128133503100 -0.0083195184078598
v 0.0705480000000000 0.1124290000000000 0.8590310000000000
vn -0.8501385131540692 0.5207694102560221 -0.0778699543712699
v 0.2085920000000000 0.3375970000000000 0.8577830000000000
vn -0.3048258004113210 -0.2617427842486864 -0.9157357404280687
v 0.6061060000000000 -0.4482460000000000 0.5683510000000001
vn 0.3164500178113589 0.0054504261609719 0.9485935267973603
v 0.3513027456846682 -0.4488961561883918 0.6533562991908552
vn 0.0980249147227610 0.9485421577355158 0.3010961492481219
v 0.1028680000000000 -0.4495300000000000 0.7362360000000000
vn 0.2825276591430151 0.4440925231176082 0.8502705173826768
v -0.1487510000000000 -0.4501720000000000 0.8201790000000000
vn 0.2800017830258922 -0.3257928896025369 -0.9030271283780739
v -0.6032640000000000 0.4499950000000000 0.5840930000000000
vn 0.1248746188729797 0.9064364290300511 -0.4034592044910825
v -0.4774240000000000 0.4500220000000000 0.6231030000000000
vn -0.2960797933582930 -0.0096960751728066 0.9551139942913378
v -0.3515850000000000 0.4500480000000000 0.6621120000000000
vn 0.2902387256351660 0.1972004076832666 -0.9364152291324764
v -0.2257450000000000 0.4500750000000000 0.7011220000000000
vn -0.2960875224661242 -0.0097144525722537 0.9551114115385148
v -0.0999050000000000 0.4501020000000000 0.7401310000000000
vn -0.1986784718494172 0.7418881908145062 0.6404129739110217
v 0.0259340000000000 0.4501280000000000 0.7791400000000001
vn 0.2878234721926714 -0.2353858277192473 -0.9283055321196138
v 0.1517740000000000 0.4501550000000000 0.8181500000000000
vn 0.4271653511627347 -0.1007648310647648 -0.8985411574249156
v -0.3313780000000000 -0.3379350000000000 0.8225170000000001
vn 0.3058640993082284 0.4498512528195921 0.8390953480332314
v -0.3881960000000000 -0.2253770000000000 0.7828840000000000
vn -0.4153119697592265 0.1083876415822528 0.9031988080854340
v -0.4450140000000000 -0.1128200000000000 0.7432510000000000
vn 0.6157469246623323 0.0336270737034927 -0.7872261077244707
v -0.5066522934792521 0.0092869350457474 0.7002546458522821
vn 0.8466609739848205 0.2648781608348023 -0.4615243818519751
v -0.5586500000000000 0.1122960000000000 0.6639840000000000
vn 0.8108149616657681 0.2180282463590114 -0.5431784069056440
v -0.6722860000000001 0.3374110000000000 0.5847170000000000
vn 0.9835269932949149 -0.0904965295246539 -0.1564769363333070
v -0.8769270000000000 -0.3354340000000000 0.0701840000000000
vn -0.9656445007189185 0.0253680020772257 0.2586255260060777
v -0.8540349971565904 -0.2138097193499700 0.1437257295622198
vn 0.1232901295197674 -0.5303660665445576 0.8387558520934759
v -0.8346910000000000 -0.1110330000000000 0.2058700000000000
vn 0.9870892535380543 -0.1259574737749609 -0.0989420049822965
v -0.8135740000000000 0.0011670000000000 0.2737130000000000
vn -0.6095321439376505 -0.3230296921199199 0.7239629710942964
v -0.7916290536724137 0.1177603615877479 0.3442115738951503
vn 0.9031954948371510 -0.3334418167931127 0.2702858725860129
v -0.7502210000000000 0.3377680000000000 0.4772410000000000
vn 0.6967452473657824 0.5108756321204856 -0.5035396198698657
v -0.3524960000000000 -0.4501350000000000 0.7546740000000000
vn -0.7875208421038726 -0.2336374992584163 0.5702845274003853
v -0.4304310000000000 -0.4497780000000000 0.6471980000000001
vn 0.6893324967600593 0.5260258268189224 -0.4981139813637157
v -0.5083670000000000 -0.4494210000000000 0.5397220000000000
vn 0.6084002073875050 0.6611716685440173 -0.4389774622524043
v -0.5863020000000000 -0.4490630000000000 0.4322460000000000
vn -0.7470188949636538 0.3835949431658258 0.5429711687970995
v -0.6642380000000000 -0.4487060000000000 0.3247700000000000
vn 0.4446723005156619 0.8367066145532558 -0.3196694954432443
v -0.7475402056090541 -0.4483243813272598 0.2098923956057159
vn 0.7153544040471760 -0.4664563970391664 -0.5202754138641853
v -0.8201090000000000 -0.4479920000000000 0.1098170000000000
vn 0.9849891107906301 -0.1725796343702012 0.0035667106038067
v -0.7260430000000000 0.4479710000000000 -0.3965180000000000
vn -0.4380182346522198 0.8989599147915435 -0.0033313225802678
v -0.7264810000000000 0.4482570000000000 -0.2620030000000000
vn -0.0157322460990766 0.9998738842876779 -0.0021707031462640
v -0.7269180000000000 0.4485420000000000 -0.1274890000000000
vn 0.9944596082263445 0.1050763184504369 0.0030091372862924
v -0.7273550000000000 0.4488270000000000 0.0070260000000000
vn 0.7045366069811675 -0.7096575168480809 0.0037918602927595
v -0.7278490834842496 0.4491500791015369 0.1590925916922241
vn 0.9819188380317234 -0.0898582821287904 0.1666159795796696
v -0.8764890000000000 -0.3357190000000000 -0.0643310000000000
vn 0.9433335716757317 0.0157807595458915 0.3314705721141201
v -0.8319151967476798 -0.1042834928895444 -0.2022048671764489
vn 0.9191948550765867 0.0552458482710769 0.3899085978143361
v -0.8072768307869677 0.0236404299656232 -0.2784139033560660
vn 0.5172806410528236 0.3622807383281568 0.7753537289704523
v -0.7687160000000000 0.2238560000000000 -0.3976890000000000
vn 0.5172901834396958 0.3622619025601249 0.7753561633665167
v -0.7471610000000000 0.3357710000000000 -0.4643610000000000
vn -0.8192882134390799 -0.2182924067773699 -0.5302030257016116
v -0.3298870000000000 -0.3391560000000000 -0.8185660000000000
vn 0.6163325158473566 0.5245880668926484 -0.5873172822104780
v -0.3790517314245120 -0.2413978559098392 -0.7828425412727722
vn -0.4210962780766223 0.1169053545496689 -0.8994504225734914
v -0.4468365583535990 -0.1066171480310733 -0.7335891351505823
vn 0.7873880256675115 0.1806188717024848 0.5894038685149087
v -0.6690750000000000 0.3352800000000000 -0.5721090000000000
vn 0.8066657582090996 -0.0841875900734173 0.5849810289321941
v -0.8199580000000000 -0.4481250000000000 -0.1054070000000000
vn -0.6882916097805185 -0.5290040593893187 -0.4963963789708428
v -0.7418720000000000 -0.4486160000000000 -0.2131550000000000
vn 0.6854430422163773 -0.5300924314203614 0.4991691597324569
v -0.6637860000000000 -0.4491070000000000 -0.3209020000000000
vn 0.6900630207829844 0.5254570616976391 0.4977026257314162
v -0.5857000000000000 -0.4495980000000000 -0.4286500000000000
vn -0.5207428784406285 -0.7674827558762413 -0.3738944690497291
v -0.5076140000000000 -0.4500890000000000 -0.5363980000000000
vn -0.0776386210066985 -0.9956388994778510 -0.0517245239196281
v -0.4295280000000000 -0.4505800000000000 -0.6441460000000000
vn 0.6909226213150398 0.5237274652905219 0.4983326935447032
v -0.3514420000000000 -0.4510710000000000 -0.7518940000000000
vn -0.0070692519409557 0.0016065944640554 0.9999737219203430
v -0.2034100000000000 -0.3391870000000000 -0.8593290000000000
vn 0.7810551486526838 -0.4872523292777767 0.3905611634258011
v -0.0635170000000000 -0.1144380000000000 -0.8587030000000000
vn 0.0489142583268318 -0.0332280560951576 0.9982501147610617
v 0.0064290000000000 -0.0020630000000000 -0.8583900000000000
vn 0.1260343207714151 -0.0756931979225211 -0.9891339089202988
v 0.0763760000000000 0.1103120000000000 -0.8580770000000000
vn -0.4738771175182888 0.2972682453042514 -0.8288981046101441
v 0.1463220000000000 0.2226870000000000 -0.8577640000000000
vn -0.2227835392030962 0.1359825198325896 0.9653373757190393
v 0.2162680000000000 0.3350620000000000 -0.8574510000000000
vn 0.3348902661885692 -0.1704444698371176 -0.9267131121949733
v 0.6219350000000000 -0.2250360000000000 -0.6121340000000000
vn -0.8853780386619533 -0.4617114900145299 -0.0541131097209869
v 0.5659820000000000 -0.1129580000000000 -0.6529680000000000
vn -0.8834433467426633 -0.4642053356459693 -0.0635709009998687
v 0.5004654814751243 0.0182773149140394 -0.7007812723776172
vn 0.3218248703388614 0.4617896502237286 0.8265464728480919
v 0.4540750000000000 0.1112000000000000 -0.7346360000000000
vn -0.8853824884583047 -0.4617027426526976 -0.0541149384029674
v 0.3981220000000000 0.2232790000000000 -0.7754700000000000
vn 0.3779190309224140 -0.1445181983274035 -0.9144898558315803
v 0.3421680000000000 0.3353580000000000 -0.8163040000000000
vn -0.1650550150088830 -0.8435251978471872 0.5110988971004352
v -0.1474560000000000 -0.4512660000000000 -0.8184950000000000
vn -0.1650563423836260 -0.8435226821302909 0.5111026203911105
v 0.1043430000000000 -0.4506740000000000 -0.7362010000000000
vn -0.2035867013580252 -0.7508101590920833 0.6283602151905217
v 0.2302430000000000 -0.4503780000000000 -0.6950539999999999
vn -0.3071420282648868 -0.1433082361804030 0.9408116304107818
v 0.3561430000000000 -0.4500820000000000 -0.6539070000000000
vn 0.1894425424478442 -0.7966928167902967 -0.5739268932413252
v 0.4820430000000000 -0.4497860000000000 -0.6127600000000000
vn -0.2942991746686185 0.3266677848472320 0.8981515206981350
v 0.6079430000000000 -0.4494900000000000 -0.5716130000000000
vn -0.6781177844130153 -0.2741176391257170 0.6819206628215092
v 0.7550210000000001 -0.3365640000000000 -0.4641310000000000
vn 0.4753612481243742 -0.5111287680787427 0.7160859349435262
v 0.7762000000000000 -0.2239330000000000 -0.3977960000000000
vn 0.4738417101017566 -0.5113480460322656 0.7169359870914744
v 0.7973789999999999 -0.1113020000000000 -0.3314610000000000
vn -0.8728713531854210 -0.1151354580602005 0.4741723601028639
v 0.8185580000000000 0.0013290000000000 -0.2651260000000000
vn -0.4150141396945577 -0.4025150903525745 0.8159319002784760
v 0.8397360000000000 0.1139590000000000 -0.1987910000000000
vn 0.7772477232501022 -0.6291909575232837 0.0021715601456477
v 0.7331200000000000 -0.4487190000000000 -0.1341490000000000
vn -0.8879493390672240 0.4599361481070797 -0.0021704641214674
v 0.7328789999999999 -0.4485600000000000 -0.0020430000000000
vn 0.3726146882079400 -0.9279844196499309 0.0017919315502078
v 0.7326380000000000 -0.4484010000000000 0.1300620000000000
vn -0.8895643104415303 -0.4568087028176840 -0.0010708028340825
v 0.7321569999999999 -0.4480840000000000 0.3942740000000000
vn -0.2060607272392620 0.7989835052630035 -0.5649463116148917
v 0.6404140000000000 -0.5178290000000000 0.4608890000000000
vn -0.1956295067564602 0.7945763486659183 -0.5747847616516648
v 0.5489110000000000 -0.5877320000000000 0.3953980000000000
vn 0.1368081337068898 -0.7667211346455316 0.6272337971119752
v 0.4720923337884653 -0.6464176265476451 0.3404162023348040
vn 0.4901328552395688 0.1610045269544446 -0.8566488933716563
v 0.3659070000000000 -0.7275380000000000 0.2644160000000000
vn -0.6588302212565789 0.1774686139760007 0.7310592524634680
v 0.2744050000000000 -0.7974410000000000 0.1989260000000000
vn 0.6722328273394320 -0.7205210704772110 -0.1701540855977524
v 0.1829030000000000 -0.8673450000000000 0.1334350000000000
vn -0.5929564209637723 0.8046601702992524 -0.0304087680087775
v 0.0914010000000000 -0.9372480000000000 0.0679440000000000
vn -0.3915447110324141 0.7103263913430532 -0.5849180771903866
v -0.0344090000000000 -0.9375690000000000 0.1099160000000000
vn -0.7621174392667750 -0.6267143098021792 0.1624997927833494
v -0.1030240000000000 -0.7984040000000000 0.3248400000000000
vn -0.0324845339256374 0.8341919512111148 -0.5505166151808929
v -0.1373310000000000 -0.7288220000000000 0.4323020000000000
vn -0.3915801338188034 0.7102938874277184 -0.5849338358150159
v -0.1716380000000000 -0.6592390000000000 0.5397640000000000
vn -0.7393674228535878 -0.6478314982577972 0.1834398099865497
v -0.2059460000000000 -0.5896570000000000 0.6472260000000000
vn 0.4006228114646723 0.8221461881200821 -0.4044465456568521
v -0.2402530000000000 -0.5200750000000000 0.7546880000000000
vn 0.3988568245833113 0.6402388546007861 0.6565115707607835
v -0.3368300000000000 -0.7973320000000000 0.0024110000000000
vn 0.5105016163663969 0.8193366464381839 0.2609129346941744
v -0.4490730000000000 -0.7273930000000000 0.0023970000000000
vn 0.3867178155595984 0.6207614678604341 0.6819857264991488
v -0.5613160000000000 -0.6574530000000000 0.0023830000000000
vn 0.0099764332977049 0.0162108290418279 0.9998188234877523
v -0.6735580000000000 -0.5875140000000000 0.0023690000000000
vn 0.5105010498234929 0.8193352640342672 0.2609183842488092
v -0.7858010000000000 -0.5175740000000000 0.0023550000000000
vn -0.0541941514216749 0.8314194839075302 0.5529960539919075
v -0.0342580000000000 -0.9377020000000000 -0.1053090000000000
vn -0.4810668962602203 -0.7984226615554678 -0.3620716708570850
v -0.0684150000000000 -0.8682540000000000 -0.2130700000000000
vn -0.8147692029049657 -0.5694934156744434 -0.1087584272645689
v -0.1025720000000000 -0.7988050000000000 -0.3208320000000000
vn -0.3442361718094905 -0.8350986892159147 -0.4290823199431643
v -0.1708850000000000 -0.6599080000000001 -0.5363560000000001
vn -0.8312446539886218 -0.5485645565733852 -0.0900513880336207
v -0.2050420000000000 -0.5904590000000000 -0.6441180000000000
vn -0.5103411493416606 0.6401077898874856 0.5742942874641810
v -0.2391990000000000 -0.5210110000000000 -0.7518800000000000
vn 0.6679694987498638 -0.1919031823014607 0.7190201091502435
v 0.0916420000000000 -0.9374060000000000 -0.0641620000000000
vn 0.6115654560800564 -0.7910695861268786 0.0140215132793034
v 0.1833850000000000 -0.8676620000000000 -0.1307770000000000
vn -0.2313586016603010 0.8136849283786666 0.5332823218213731
v 0.3668710000000000 -0.7281730000000000 -0.2640060000000000
vn 0.6115623967998193 -0.7910719774575227 0.0140200321649067
v 0.4586140000000000 -0.6584280000000000 -0.3306210000000000
vn -0.2809005005133316 0.8299035507293110 0.4820321620994203
v 0.5503570000000000 -0.5886830000000000 -0.3972360000000000
vn -0.2313540783596830 0.8136862906984392 0.5332822055495162
v 0.6420990000000000 -0.5189390000000000 -0.4638510000000000
vn 0.9689298229833754 -0.2146399304619166 -0.1229011732438233
v 1.0578630000000000 1.2538680000000000 -0.1816970000000000
vn 0.9825190752233081 -0.1852817759994206 0.0180812141416441
v 1.2124539999999999 2.0558850000000000 -0.3636100000000000
vn 0.9825189678208925 -0.1852825548836520 0.0180790687800598
v 1.4597567393521431 3.3388904223019598 -0.6546189842032283
vn 0.9825191358461114 -0.1852813728852195 0.0180820507127632
v 1.9854090000000000 6.0659689999999999 -1.2731699999999999
vn 0.1968302860213466 0.2812705371066989 0.9392255977455386
v 1.4416050000000000 4.4613090000000000 -0.5879920000000000
vn 0.4271229369708337 0.1942170710805430 0.8830887418681684
v 1.1585972345286530 3.4860629457567232 -0.2366249077980135
vn 0.1968262400703261 0.2812727191827876 0.9392257921625125
v 0.9004893815816658 2.5966204307720480 0.0838289662719870
vn -0.6251860227157839 0.4729663508144748 0.6208423857937364
v 1.7813610000000000 6.0657340000000000 -1.2050620000000001
vn -0.6495017695476527 0.4753119880676742 0.5934862806785199
v 0.8100382409493194 3.8929392768018789 -0.5279130904338373
vn -0.6251863398270934 0.4729673159270991 0.6208413312258758
v -0.0118280000000000 2.0544730000000002 0.0450420000000000
vn -0.7069305184074889 0.4783819975145259 0.5209605614613559
v -0.3704660000000000 1.2522210000000000 0.2950630000000000
vn -0.7614479873247469 0.2540262546756393 -0.5963787592919110
v 1.0653969999999999 4.4603739999999998 -1.1085640000000001
vn -0.7614483067868950 0.2540265661832126 -0.5963782187207516
v 0.7071970000000000 3.6578360000000001 -0.9930570000000000
vn -0.7614488026240714 0.2540274397951074 -0.5963772135263979
v 0.1334260285396800 2.3723213442839612 -0.8080380634388507
vn -0.7033757823901442 0.2164961405003294 -0.6770464754324582
v -0.3674060000000000 1.2502240000000000 -0.6465390000000000
vn 0.2944610064028666 -0.1725566763578158 -0.9399558017016304
v 0.9793588384667933 2.8481284251887087 -1.0807138080155485
vn 0.2944586893123182 -0.1725558766678058 -0.9399566743823232
v 0.5179380000000000 1.2500060000000000 -0.9318810000000000
vn -0.4031868779422054 0.0285356754036909 0.9146726500144587
v -0.2722720472990106 -2.2520648329021395 0.9193641315612442
vn -0.4031887531854043 0.0285359989787394 0.9146718133117937
v -0.2707712642647391 -3.4345705711048891 0.9569178138830601
vn -0.4405579913268046 0.0279364673459769 0.8972893680805085
v -0.2681580000000000 -5.4923200000000003 1.0222670000000000
vn 0.8046443920692545 -0.0866039289702699 0.5874071516405057
v -0.0849972205507770 -5.1611140546302972 0.9505186284683541
vn 0.7415625881468823 -0.0684741918323610 0.6673801112662878
v 0.1354197747339139 -3.8894116742672775 0.8360785213949354
vn 0.8934097658809400 -0.1157893109435740 0.4340643105575215
v 0.3159558243350406 -2.8478077706759053 0.7423450094792489
vn 0.8046421852599713 -0.0866037481367849 0.5874102012297014
v 0.6070210000000000 -1.1685070000000000 0.5912250000000000
vn -0.9900415044728222 -0.0885318641675398 0.1094528594793714
v -0.7488629289276726 -1.8110160878778705 0.2489581634538816
vn -0.9875432884139909 -0.1252781973814214 -0.0952030817218801
v -0.6109789599296227 -3.0711519271547960 0.4768994211509471
vn -0.9854407657587793 -0.0807646437457868 0.1496113949582943
v -0.5037930000000000 -4.0507249999999999 0.6540910000000000
vn -0.9941806523391421 -0.1074872130307997 0.0071644643477083
v -0.3788271489539799 -5.1928017267403250 0.8606768614830627
vn -0.1690495100899044 -0.3095626258914451 -0.9357313951073548
v -0.2718280000000000 -1.8918170000000001 -0.3834460000000000
vn -0.5124189677056966 -0.2700639492046880 -0.8151639496907329
v -0.2710474331417816 -2.6274641000566166 -0.1402175195298376
vn -0.3039991001363209 -0.2993530996809428 -0.9044181935519202
v -0.2702990000000000 -3.3320710000000000 0.0927490000000000
vn -0.3039969490960151 -0.2993536919554559 -0.9044187205343290
v -0.2694981077905755 -4.0869859378760864 0.3423490121465094
vn -0.2691602284785425 -0.5891750958906906 -0.7618565992282107
v -0.2672428641340491 -6.2125799642162640 1.0451409582705906
vn 0.8986526754819040 -0.2538878842889771 -0.3577209961135672
v 0.6087070000000000 -1.1696180000000000 -0.3335150000000000
vn 0.7191510769937948 -0.2966886689851513 -0.6283291829562625
v 0.3786293567629088 -2.4942027282616523 0.0286020103802361
vn 0.7191521196719591 -0.2966889929331994 -0.6283278365977525
v 0.1192345349872508 -3.9875774960673636 0.4368643439122104
vn -0.3307742051616332 0.9371917610829973 -0.1107250114375250
v 0.8760519226338430 1.3007455526920246 -0.1138968355143924
vn -0.3337161609084917 0.9305166475187079 -0.1509049125742512
v 1.9678859179206958 1.6694201006364029 -0.2550787448513369
vn -0.3075711886176765 0.9468710700272763 0.0939954290256203
v 4.2215876976681326 2.4304172682980703 -0.5464958460879985
vn -0.3075706195079018 0.9468709394836297 0.0939986062498503
v 5.4890703947827975 2.8584016390370239 -0.7103890087620585
vn -0.1644236467283264 0.3686416898223789 -0.9149142959433193
v 5.8693936255896908 2.8953228317975732 -0.8742007452537648
vn -0.0696883115854109 0.1520736530077487 -0.9859092976989585
v 4.9210137188860594 2.4795152502148103 -0.8713020645241539
vn -0.2119074718944147 0.4773788685311042 -0.8527629443375694
v 4.1032750843410026 2.1209873686011855 -0.8688023556210931
vn -0.0325773528847626 0.0673518438236855 -0.9971972950287077
v 2.7194289493716695 1.5142537457447038 -0.8645741156410791
vn -0.1257681670300969 0.2802206551174946 -0.9516610492225747
v 1.2765721877767937 0.8816488608817685 -0.8601640380156211
vn 0.3638443201918917 -0.6493601665557484 -0.6677938939184688
v 4.9949628706444411 2.1896125641143547 -0.7747798660647206
vn 0.4349745515918159 -0.7487068091340745 -0.5002351981056224
v 3.3139001050943082 1.1485721313875918 -0.6783949522865175
vn 0.4468997966595249 -0.7646399718485785 -0.4643342386655120
v 1.4892840000000001 0.0186320000000000 -0.5737800000000000
vn 0.4938238364415334 -0.5432718197461963 0.6789652041392269
v 6.0216950000000002 2.8257500000000002 -0.7015560000000000
vn 0.5235634432638063 -0.6314629383221844 0.5719579341203862
v 5.2660119999999999 2.3580830000000002 -0.5261370000000000
vn 0.5235631511938253 -0.6314631364557270 0.5719579827308011
v 4.5103289999999996 1.8904140000000000 -0.3507170000000000
vn 0.4938253057236356 -0.5432748557524693 0.6789617062354044
v 2.8796211024865150 0.8812205167621493 0.0278243780924223
vn 0.1429672959277840 0.2562386844999839 0.9559822638840195
v 5.9649070000000002 2.9380139999999999 -0.6602090000000000
vn 0.0807778851415139 0.3778788728105830 0.9223245040415372
v 4.3399660000000004 2.2272050000000001 -0.2266750000000000
vn 0.1429673677362849 0.2562388904279205 0.9559821979486991
v 3.5274950000000000 1.8717999999999999 -0.0099080000000000
vn 0.0807778731543168 0.3778782724790918 0.9223247510486109
v 2.7150249999999998 1.5163960000000001 0.2068590000000000
vn 0.0807776218858139 0.3778785541357282 0.9223246576595272
v 1.9025550000000000 1.1609910000000001 0.4236250000000000
vn 0.0807785837836335 0.3778773333859795 0.9223250735586731
v 1.0900840000000001 0.8055860000000000 0.6403920000000000
vn 0.4067465114890181 -0.7018883585708713 -0.5847307136573229
v 0.0372720000000000 0.9364580000000000 0.1062710000000000
vn 0.0963573051296395 0.8492481097067260 0.5191270729866688
v 0.0716070000000000 0.8669900000000000 0.2135410000000000
vn -0.2121620927447815 -0.8498413520276814 -0.4824488810080478
v 0.1059410000000000 0.7975220000000000 0.3208110000000000
vn -0.0213711343776087 -0.8422777261820095 -0.5386200020358302
v 0.1402760000000000 0.7280540000000000 0.4280800000000000
vn 0.7574589464597664 -0.4100907462766811 -0.5080172479811049
v 0.1746100000000000 0.6585860000000000 0.5353500000000000
vn 0.4246210386543484 0.8158856593801820 0.3924634560693108
v 0.2089440000000000 0.5891180000000000 0.6426200000000000
vn -0.3409772006309859 0.8997882729189070 -0.2722418273657943
v 0.1152736614737112 1.2772103873176119 0.7549278572348286
vn 0.1240070732642960 0.9279570922913072 -0.3514511070500220
v 0.1885995788549031 1.4542883336351420 1.2483499193672702
vn -0.1116458554576360 0.9404985436462072 -0.3209325355249851
v 0.3828060000000000 1.9232830000000001 2.5551900000000001
vn -0.1116486734075245 0.9404985978785392 -0.3209313962747208
v 0.4717645421395092 2.1381139703248238 3.1538080816269192
vn 0.8987643208286110 0.4151466093567830 -0.1409822270538101
v 0.6472950000000000 2.2209669999999999 3.5778159999999999
vn 0.8987642374497180 0.4151467416573030 -0.1409823690138288
v 0.7128379052984307 1.7679822645468488 2.6617666246248857
vn 0.9598345851691468 0.2726563734479621 -0.0661518792732109
v 0.7994830680128757 1.1691638495595433 1.4508019781254906
vn 0.7774225337705435 0.5841386514633380 -0.2332300149045594
v 0.8615636324051998 0.7401079683802472 0.5831435820701321
vn 0.7218468209424846 -0.5228740665515738 0.4533650599936532
v 0.6568105373371510 1.3626945200357305 2.7341846060113730
vn 0.7218453739555181 -0.5228756539999410 0.4533655330449726
v 0.7110671183997612 0.0546859682875885 1.1392463708431999
vn -0.5162209465619338 -0.5593723228809718 0.6485511072578991
v 0.5000650000000000 2.1081740000000000 3.6855590000000000
vn -0.6402426260205926 -0.4735759240005865 0.6048266065850991
v 0.1835360718828535 1.0626462805918846 2.5318517021921405
vn -0.4818401287508586 -0.5794528209335955 0.6573161481642257
v -0.1188044802565385 0.0639858273138110 1.4298620827503499
vn -0.9386379928225006 0.2873247763753519 0.1907962036074125
v 0.4432480000000000 2.2207309999999998 3.6459250000000001
vn -0.9386379623586042 0.2873245708232046 0.1907966630225717
v -0.2787994808176933 1.1301241222931659 1.7361264892156429
vn -0.8769032086235342 0.4770159981127017 0.0591312121497045
v -0.5627352039456863 0.7012582628534242 0.9851246270968163
vn -0.1308232564751531 -0.6016907097055724 -0.7879426155623523
v -0.0885670000000000 0.9364310000000000 0.0672620000000000
vn -0.7282951277963772 0.4605146171072860 -0.5074568890640745
v -0.1800730000000000 0.8669360000000000 0.1355220000000000
vn -0.7190228184113702 0.5965862884490601 -0.3564982286608792
v -0.2715780000000000 0.7974420000000000 0.2037830000000000
vn -0.6452294703375903 0.7583162935827180 -0.0929264735952137
v -0.4545880000000000 0.6584520000000000 0.3403030000000000
vn -0.1014176736491179 -0.6259582544629338 -0.7732339355856791
v -0.6375980000000000 0.5194630000000000 0.4768240000000000
vn 0.3561547733208132 0.8979801843081777 -0.2584286478520743
v -1.3195915671920662 1.8125883878349072 0.9793212459611063
vn 0.3561554650187982 0.8979800901561436 -0.2584280217399183
v -2.4619659999999999 2.5093690000000000 1.8261019999999999
vn 0.4380072595991259 0.8880319893207349 -0.1398171179846077
v -3.2836010000000000 3.0105170000000001 2.4351360000000000
vn 0.3561558472913428 0.8979802275660246 -0.2584270174355929
v -4.1052359999999997 3.5116649999999998 3.0441690000000001
vn 0.3561565161911354 0.8979800383420389 -0.2584267530922910
v -4.9268700000000001 4.0128130000000004 3.6532030000000000
vn 0.3561545560501290 0.8979801522183766 -0.2584290587890546
v -5.7485049999999998 4.5139610000000001 4.2622359999999997
vn 0.6252816482282361 0.3071074914001387 0.7174314246775745
v -4.9809547365817464 3.9557085465275721 3.9396995696441568
vn 0.6448714735329879 0.3886891420008469 0.6580741094390802
v -1.8863156907786789 1.8927239884560416 2.1256414686492819
vn 0.6507463263032539 0.4198540699750118 0.6326545492828112
v -0.5783560000000000 1.0207980000000001 1.3589230000000001
vn -0.1680621524534257 -0.7015548052931740 0.6925142367365296
v -5.7831919999999997 4.3319080000000003 4.3701299999999996
vn 0.1090271903015895 -0.5032252852836988 0.8572498959032196
v -5.0983501521704309 3.7373529981364393 3.9340128330070185
vn -0.0640762309913529 -0.6371819794521216 0.7680451560184588
v -3.4532045654082530 2.3090947739325007 2.8863586745932661
vn -0.1388615941455257 -0.6847363982020070 0.7154393913174656
v -2.5620071684587815 1.5353892041059991 2.3188310436664463
vn 0.0412337967655205 -0.5596429063761540 0.8277074310087781
v -1.0615079999999999 0.2327080000000000 1.3632899999999999
vn -0.7551902516230906 -0.6332784470131638 -0.1692515654345592
v -5.8611269999999998 4.3322659999999997 4.2626540000000004
vn -0.7749018994825509 -0.5793725695784311 -0.2526944237580655
v -4.6951395977549959 3.2093142459634607 3.2617701679126729
vn -0.7551906059965519 -0.6332777829960515 -0.1692524687505818
v -3.7340920000000000 2.2837369999999999 2.4368050000000001
vn -0.7749022608581178 -0.5793705304414030 -0.2526979908369377
v -2.5855975691574011 1.1776324395029432 1.4509370887808761
vn -0.7551900391090196 -0.6332790334809540 -0.1692503193023469
v -1.6070560000000000 0.2352080000000000 0.6109570000000000
vn -0.5815922924517852 0.1910518526325919 -0.7907272570022685
v -5.8395720000000004 4.4441810000000004 4.1959819999999999
vn -0.4392212168684898 0.3933137326313952 -0.8077060296767149
v -4.0849624348359397 3.0729769917524106 2.5741367411229517
vn -0.5024895268338435 0.3111225316990895 -0.8066641467745105
v -2.9173060000000000 2.1604700000000001 1.4948310000000000
vn -0.4392200125404944 0.3933151609623644 -0.8077059890461860
v -1.5402426311271002 1.0843133835545964 0.2219636204228893
vn 0.2571347624247781 0.9653889273594054 -0.0436569912454991
v -0.6601532960478934 1.1538148408131772 -0.6362463457261276
vn 0.1420114862972164 0.9865099883720633 0.0814296051925026
v -1.5089859999999999 1.3431310000000001 -1.4494359999999999
vn 0.0464103008573273 0.9825176292784642 0.1802919635795197
v -2.3267342822762171 1.5255127402141155 -2.2328473299571816
vn 0.2089643362288100 0.9778767971466037 0.0095328792477917
v -2.8685625173034328 1.6463579268907829 -2.7519245813158273
vn 0.2089656871291125 0.9778765328088014 0.0095303821799194
v -3.4232364557160806 1.7700677692987876 -3.2833081979185867
vn -0.7248161421213042 0.2728953536946672 0.6325896664127955
v -3.6163900000000000 1.7232430000000001 -3.3124270000000000
vn -0.6658494737513447 0.3993664290873800 0.6301991222011120
v -1.3194372640918006 0.7103019343794744 -0.2436218958007279
vn -0.7244166272351441 -0.6648980842446544 0.1820194708075121
v -3.6375069999999998 1.6110430000000000 -3.3802699999999999
vn -0.7727018236556448 -0.5703220014329056 0.2786838825637494
v -3.1531386572709339 1.2470443566938307 -2.7821850777291819
vn -0.7606038920267700 -0.5983967334068122 0.2517996602098302
v -2.4318667490057937 0.7050162443634229 -1.8915783156631327
vn -0.6908911550248052 -0.7118412375268325 0.1262991071415717
v -1.5011133782201789 0.0055653331646626 -0.7423112233187973
vn 0.0733634631401571 -0.7380402777938476 -0.6707565509408485
v -3.2854744964425291 1.4386415539945918 -3.2689001365307702
vn 0.1749851155931148 -0.6564498020715622 -0.7337941582494855
v -2.6205460000000000 1.0213760000000001 -2.7370530000000000
vn 0.0733611876732363 -0.7380415707535330 -0.6707553771553605
v -1.2122320000000000 0.1376130000000000 -1.6106060000000000
vn 0.1749845086000328 -0.6564505932010939 -0.7337935952540994
v -0.7427940000000000 -0.1569750000000000 -1.2351240000000001
vn 0.6013883646553092 0.1703416083287157 -0.7805868121671024
v -3.2592481303418803 1.6451518890305568 -3.3273028731248901
vn 0.6116775495372727 0.3067352081935342 -0.7292215626588030
v -2.8823991463378484 1.5178465737647346 -3.0647472511296199
vn 0.6116773767892139 0.3067351012662924 -0.7292217525385700
v -2.3662147814845040 1.3434710417827807 -2.7051155969598888
vn 0.6013885438784413 0.1703443206894562 -0.7805860821848003
v -0.7925540000000000 0.8118630000000000 -1.6087279999999999
vn 0.6110198091107898 0.4006361949326582 -0.6827484398986901
v -0.1605913139289321 0.5983755072118488 -1.1684324396689516
vn -0.0228884686179628 0.9848254546923161 0.1720318046013509
v 0.3693100000000000 1.0996379999999999 -0.4887240000000000
vn -0.1676408361735577 0.9838263861485101 0.0631046112815292
v 1.1913731685623492 1.3099088903007432 -1.5830781458844922
vn 0.0610915856289345 0.9706991359812037 0.2324026797837906
v 2.2197873045281158 1.5729607787477533 -2.9521317342865152
vn 0.4361081215644619 0.3969524780977571 -0.8076128010609825
v 2.9339189888158179 1.7556241642043531 -3.9028047500229306
vn -0.6717939471704051 0.5202026678861394 -0.5273348811422869
v -0.0735536356607389 0.6807339875559238 -1.1318134081875513
vn -0.2120339987028493 -0.6712108562237833 -0.7102940024253449
v 2.5330089999999998 1.4797260000000001 -3.5224090000000001
vn -0.4131433178080354 -0.4727793856745269 -0.7783265711973255
v 1.5520967096814937 0.8046797530678674 -2.5916891238646875
vn -0.3864163996429573 -0.5037375042313690 -0.7726130292182017
v 1.0952455280491993 0.4902840277405343 -2.1582137322297741
vn -0.2120325469844481 -0.6712123841817084 -0.7102929918986916
v 0.5359535012455023 0.1053885587810266 -1.6275401992252614
vn -0.1857954300979849 -0.6919189263362033 -0.6976591270330091
v 0.0382855497248176 -0.2370960095333551 -1.1553372449119239
vn 0.6383789072667837 -0.7651492245571473 -0.0837796808090329
v 2.5256251155871192 1.3464506655202153 -3.2769602539132943
vn 0.6383788899050943 -0.7651492144955063 -0.0837799049918855
v 1.5588709999999999 0.3776130000000000 -1.7950930000000000
vn 0.6383778159809268 -0.7651499876675347 -0.0837810267052945
v 1.2386515763946828 0.0567022389574582 -1.3042516535019200
vn 0.8264324217509442 0.2389789636514786 0.5098024197774417
v 2.5871490264831527 1.5329814114356197 -3.2362924281984333
vn 0.8264330849673965 0.2389779891849982 0.5098018014448034
v 2.2094439845645968 1.2904764800316797 -2.5103235935989785
vn 0.8264323125055923 0.2389805821892794 0.5098018381519743
v 1.3192688970181823 0.7189413605012862 -0.7993548306586468
vn 0.7088257028165150 0.7028263083092935 -0.0600108604754460
v 1.2508640000000000 0.1625740000000000 0.7179150000000000
vn 0.7088263326411399 0.7028255973472597 -0.0600117477497498
v 1.7109694536334081 -0.2203403954545125 1.6679316056545401
vn 0.7676077728006420 0.6299944872607600 -0.1178357040845014
v 1.9460480000000000 -0.4159810000000000 2.1533159999999998
vn 0.8170957029906515 0.5495439009067811 -0.1742300580564991
v 2.5091914353611302 -0.8846480691987466 3.3160842946982632
vn 0.8339340479954700 0.5159075013480283 -0.1959424753511177
v 3.3364150000000001 -1.5730910000000000 5.0241170000000004
vn 0.7594989438250619 -0.4592548746972794 -0.4607019800211429
v 2.5776949999999998 -1.3324279999999999 3.3897110000000001
vn 0.8157917568011361 -0.3478137351109750 -0.4620707902513083
v 2.2089240000000001 -1.1557809999999999 2.6056759999999999
vn 0.7594970255097084 -0.4592581247308205 -0.4607019026557579
v 1.8401540000000001 -0.9791350000000000 1.8216399999999999
vn 0.6913627682469892 -0.5635404144598595 -0.4521501121887173
v 1.4713830000000001 -0.8024880000000000 1.0376050000000001
vn -0.1458011864366192 -0.9878602985438399 -0.0536101165317660
v 3.0364931387290746 -1.7120564946254528 4.7330759744168924
vn -0.2660517253702986 -0.9635749782132558 0.0271981762037602
v 2.3521087112891479 -1.5531859164743342 3.6668929784619833
vn -0.1458026783304177 -0.9878601148150665 -0.0536094445899273
v 1.8404002202591641 -1.4343996516501818 2.8697182452074856
vn -0.1458014811253102 -0.9878602418062311 -0.0536103605677152
v 1.3101105212224986 -1.3112989045079506 2.0435942131154290
vn -0.7842158814797840 -0.0666628267099871 0.6168966840321963
v 3.1891850000000002 -1.6858839999999999 5.1318590000000004
vn -0.7569758644376560 -0.4339749481786660 0.4885215297325058
v 2.7618641699789857 -1.5334736728164444 4.6051064067787131
vn -0.7881252065459369 -0.2098406027227517 0.5786411498121063
v 2.1995439999999999 -1.3329150000000001 3.9119429999999999
vn -0.7881248997730215 -0.2098410367996452 0.5786414102296989
v 1.4677869650682063 -1.0719238062806857 3.0099169461824853
vn -0.7870827445914040 -0.1074873198691325 0.6074102643467705
v 0.8556715981369848 -0.8536046060689141 2.2553706606196018
vn -0.7881247857439228 -0.2098418373874130 0.5786412752111366
v 0.2202600000000000 -0.6269770000000000 1.4721089999999999
vn -0.2124162230739617 0.8175815866878168 0.5352006140542299
v 3.2028041393782316 -1.5356877732875560 5.0517898993612427
vn -0.2124158622596704 0.8175819066698353 0.5352002684478001
v 1.5364771793842720 -0.4044426238114365 2.6623290104814354
vn 0.5053317072732332 0.6061216410450557 0.6142120333249488
v 0.1931640000000000 0.1805770000000000 1.1926920000000001
vn 0.5053321729603457 0.6061211105785421 0.6142121736681958
v -0.1162908766032784 -0.8073608080981342 2.4222135667575491
vn 0.4164054485026441 0.6546936389459832 0.6308587334585917
v -0.2900879929456087 -1.3622123012434968 3.1127450980392157
vn 0.9438221416588731 -0.1733808938178606 0.2813162465507064
v -0.2567430000000000 -1.5493180000000000 3.1645409999999998
vn 0.9269045106541605 -0.3036127809716507 0.2206066802244023
v 0.0697864146219369 -1.1855560930920472 2.2932219554707798
vn 0.9410278717394409 -0.2107585972564450 0.2646646147335037
v 0.5348232476553066 -0.6674916588690579 1.0523064507879498
vn 0.0766912898981069 -0.9797354948873116 -0.1850319056586711
v -0.3482460000000000 -1.6192210000000000 3.0990500000000001
vn 0.2167713982719603 -0.9620423061537686 -0.1657852890384363
v -0.2697819923280007 -1.4812737607966104 2.4011427814283541
vn -0.7467470352607369 -0.6529169503280620 -0.1267608823872840
v -0.5442646087280739 -1.3383557493994493 2.5061298714858737
vn -0.8950216740866560 -0.4448873098511682 -0.0318038432977882
v -0.7611627967930419 -0.7922648281988872 0.9710859369048785
vn -0.9307885024157837 -0.3655551888693024 0.0014722979695726
v -0.8182734020072894 -0.6484754196512051 0.5668971836834042
vn -0.7104312757933349 0.5316270369192375 0.4611508386538249
v -0.4624141800336709 -1.2869982814841257 2.9583593934592560
vn -0.6069294929199328 0.6117310423143633 0.5073674432725616
v -0.5205329749785869 -0.9084685312347326 2.4324454049274880
vn -0.8002449794594202 0.4412836819058338 0.4060501015067267
v -0.5741249433935132 -0.5594168365835646 1.9474847887565343
vn -0.5796480058794612 0.6296506737786550 0.5172506339194277
v -0.6697445555461673 0.0633590522366440 1.0822241761430869
vn -0.2754145481910822 0.6588678232261996 0.7000285838177404
v -1.9222911183476825 -0.1648669966604210 0.6543283207573560
vn -0.2906486322040135 0.6830962135358146 0.6700021907807234
v -3.7802190418598403 -1.1222363146215300 0.8244336914248708
vn -0.3714107100746571 0.8034574941478364 0.4653065006418011
v -5.5368760000000004 -2.0274220000000001 0.9852680000000000
vn 0.0933395086946478 -0.1935076464144894 0.9766486199733079
v -5.1225152078189824 -2.0239354178671518 1.0137222532746240
vn 0.1234872394293621 -0.2890287596959208 0.9493225362155651
v -3.9927730000000001 -1.6572690000000001 0.9784010000000000
vn 0.1234866574413223 -0.2890264159571792 0.9493233254865895
v -1.4379121796477168 -0.8280679530723504 0.8985231302640033
vn 0.2178683742201596 -0.9758741999170569 0.0142449096490137
v -3.5351351435171914 -1.7876939915324972 0.5964142295313662
vn 0.2323797311446244 -0.9659644037867356 0.1136328789131397
v -1.0557615135154721 -1.2402430050534727 0.1798271986628363
vn -0.1584103588800508 -0.4027706854485065 -0.9014887315673078
v -5.4799080000000000 -2.1401129999999999 0.8096770000000000
vn -0.2095150830805520 -0.2801234747136694 -0.9368213644425973
v -4.2752137237638106 -1.7494156505083407 0.4234294112615374
vn -0.0906805628307513 -0.5446456856199560 -0.8337494303807746
v -3.2093932761651898 -1.4037562841728024 0.0817076399573582
vn -0.2609607479102417 -0.1396575207908753 -0.9551938363163122
v -2.3613680458421693 -1.1287312370743086 -0.1901863302401994
vn -0.0681127610353859 -0.5872941383694651 -0.8065024778765432
v -1.5081004525199488 -0.8520054170741969 -0.4637596874200957
vn -0.4990601381967886 0.6499913960873286 -0.5731057175386125
v -5.5364389999999997 -2.0277069999999999 0.8507530000000000
vn -0.4990594931228090 0.6499895849859828 -0.5731083333312776
v -4.7658002852459713 -1.6311789119861735 0.6294069457041913
vn -0.4990597873962674 0.6499915277580922 -0.5731058736801546
v -3.7163266354900046 -1.0911755743700027 0.3279731077006713
vn -0.4867351222896879 0.5826306457833472 -0.6508689970521890
v -2.4685824502588947 -0.4491550111102181 -0.0304089327677202
vn -0.4990597196022835 0.6499921194433994 -0.5731052616509187
v -1.4128680000000000 0.0940590000000000 -0.3336340000000000
vn -0.6790276080424944 0.7085105780558568 -0.1921829032433536
v -0.9833890000000000 0.0031500000000000 -1.2590740000000000
vn -0.6790273966370379 0.7085107474986253 -0.1921830255128323
v -1.3547240930711497 -0.6372028296890063 -2.3078133193497639
vn -0.6790297436617022 0.7085089733178580 -0.1921812736735750
v -1.8423170206110535 -1.4780372849358772 -3.6848925770148915
vn -0.5749792445440842 0.7729098022371141 -0.2683454973523858
v -2.5300870000000000 -2.6640700000000002 -5.6273210000000002
vn -0.8756398101083323 -0.2938601872921026 0.3832768102534957
v -2.4203038737363247 -2.5910538827598115 -5.1188049718228266
vn -0.8756379949414113 -0.2938643477375198 0.3832777673486779
v -2.0791849999999998 -2.1107420000000001 -3.9712230000000002
vn -0.8756398453291155 -0.2938599818622842 0.3832768872915513
v -1.7889867740062930 -1.7021273464071061 -2.9949445210426107
vn -0.8756410228356597 -0.2938574466040038 0.3832761409254361
v -1.3790111225774864 -1.1248599256590091 -1.6157148053837760
vn -0.8756405277187973 -0.2938584120559518 0.3832765318673982
v -1.1342719999999999 -0.7802559999999999 -0.7923720000000000
vn 0.2127244011931461 -0.9517222769548753 0.2212985239102266
v -2.2433463716176911 -2.6981368531388066 -5.1135160094630576
vn -0.1346203977458318 -0.9217404687751869 0.3636919805726447
v -1.8878138452674038 -2.4301318095742781 -4.3026835918426514
vn 0.0824066418067496 -0.9564551808263526 0.2800047007758317
v -1.3939859999999999 -2.0578780000000001 -3.1764540000000001
vn 0.0824085312530811 -0.9564554089006538 0.2800033656251167
v -1.0455150000000000 -1.7951969999999999 -2.3817270000000001
vn 0.0824093624170294 -0.9564553483903505 0.2800033276972113
v -0.5346096190865044 -1.4100701377647062 -1.2165527728769121
vn 0.8599181697841976 -0.3710839276984514 -0.3504817539885441
v -1.9592255800650558 -2.4828573311358300 -4.9847877322396013
vn 0.8599183944432566 -0.3710824124068376 -0.3504828071395989
v -1.4672280000000000 -2.1113260000000000 -4.1710269999999996
vn 0.8599180337115148 -0.3710848126346359 -0.3504811508906568
v -1.0270140000000001 -1.7788999999999999 -3.4429140000000000
vn 0.8278105373131377 -0.4872705987802020 -0.2780235203678234
v -0.5868000000000000 -1.4464740000000000 -2.7148029999999999
vn 0.8724882964075983 -0.2831714720418310 -0.3982186460393704
v 0.2372110822816839 -0.8242241052671940 -1.3518920679732884
vn 0.3984686250988015 0.6523606642580725 -0.6447079327421349
v -2.0921237208928418 -2.3037794406158052 -5.1109689798528946
vn 0.4797881932786165 0.5897073275472459 -0.6496526436700818
v -1.6627982844147173 -1.8071450082949967 -4.3430903190566461
vn 0.3129405164507489 0.7081230117911720 -0.6329534211419813
v -1.1231083155205417 -1.1828407941622241 -3.3778145239079511
vn 0.5105809107986794 0.5631849902177793 -0.6497151686095922
v -0.4823070000000000 -0.4415740000000000 -2.2316940000000001
vn 0.0105558966288153 0.6814250188224861 -0.7318118042018292
v 1.5588048315321044 -0.5472038941956744 -1.7649384994967805
vn 0.0849789298387871 0.7288198327310871 -0.6794116814577777
v 2.1744453746337378 -1.0283814181001070 -2.2041060118758455
vn 0.0105559766715159 0.6814250735608499 -0.7318117520777463
v 2.9082880000000002 -1.6019429999999999 -2.7275909999999999
vn 0.0105555136911551 0.6814248643788282 -0.7318119535352039
v 4.4182104284385950 -2.7820793539122151 -3.8046935332916694
vn -0.6405288214471501 -0.3865045904022185 -0.6635789557343860
v 4.3966304099794629 -3.0262631876138482 -3.8677641044109010
vn -0.6278766845758472 -0.2995578364542218 -0.7183564376999122
v 3.3539669999999999 -2.4514119999999999 -3.1961439999999999
vn -0.6278767217752663 -0.2995587255011677 -0.7183560344486994
v 2.3186820606306124 -1.8806289495514326 -2.5292756645663914
vn -0.3681113298448686 -0.9254737956805272 0.0893996775638491
v 4.8390529999999998 -3.3208009999999999 -4.0229819999999998
vn -0.3438131257577652 -0.9310997359505476 0.1218434088061213
v 3.3372928812028206 -2.6027937759466311 -2.7737481491172380
vn -0.4212017660380825 -0.9068450418268781 0.0148708574200680
v 1.9677045576208658 -1.9479791639066946 -1.6344595932332624
vn -0.2798543145909057 -0.9383561486184624 0.2029021955395758
v 1.1924398124515947 -1.5773174379986552 -0.9895586791544180
vn 0.5651902775638679 -0.3490887014737094 0.7474603860076314
v 4.5362985400918925 -2.9876949239754844 -3.5364512115019009
vn 0.5651914598418012 -0.3490867196701480 0.7474604175953593
v 3.7309440000000000 -2.4500479999999998 -2.6763849999999998
vn 0.5651899406887425 -0.3490887756369170 0.7474606060981235
v 3.1311380000000000 -2.0496240000000001 -2.0358320000000001
vn 0.5651900854151958 -0.3490889622680266 0.7474604095007281
v 2.5313330000000001 -1.6491990000000001 -1.3952800000000001
vn 0.6952785351131301 0.7161841786644442 0.0605638575527970
v 4.9128387270680385 -3.1037200410923895 -3.9843705889817516
vn 0.7784866714965054 0.5598278889731926 0.2838154982204300
v 4.3274972541235917 -2.5846561390568810 -3.4026753962459670
vn 0.7444791973633085 0.6445827686957155 0.1739648786216617
v 3.9461597381908691 -2.2464963283419697 -3.0237142249929159
vn 0.7704407294028756 0.5850793464633564 0.2531861781756198
v 2.2586117601763074 -0.7500254464868092 -1.3466794051465134
vn 0.7444793719329805 0.6445824201366200 0.1739654230503657
v 1.4816590000000001 -0.0610450000000000 -0.5745680000000000
vn 0.6065361306789959 -0.7950475089757459 0.0036579574099555
v -0.3321910180947443 0.7504658327970256 0.0441458850859077
vn 0.4580186388779177 -0.8520418928642074 -0.2534630924706754
v -0.5488651536814584 0.5868526739567144 0.4106309265058042
vn 0.3709435891302821 -0.8517926972844917 -0.3699324999725691
v -0.3620504577495363 0.7287313220218392 0.2712725698679944
vn 0.6065361359198237 -0.7950475028308029 0.0036584239712757
v -0.5953248664134712 0.5489876826724941 -0.1157487275655041
vn -0.4899750865462205 -0.7953982832433888 0.3567435851945958
v 0.3814712242516631 0.6988224937010910 -0.1658150946468659
vn -0.4899749123246851 -0.7953983785027172 0.3567436120909040
v 0.3352271136603732 0.6527179263048752 -0.3321254178984923
vn -0.4899749277550765 -0.7953980804641350 0.3567442554062744
v 0.6473956863135816 0.5404536100902353 -0.1536783919313838
vn -0.4899744669059500 -0.7953983774544179 0.3567442261944959
v 0.5678382486131137 0.5823988413034262 -0.1694245757848826
vn -0.7931048758374621 -0.1877842640555297 -0.5794149860816226
v 0.5417836772883892 0.2391557185592360 0.5639539679791514
vn -0.7931049876002116 -0.1877836415661534 -0.5794150348444735
v 0.7346189415444750 0.3278055426197639 0.2712703070974165
vn -0.7931042087270996 -0.1877846936983160 -0.5794157599789559
v 0.6944266424743581 -0.0048471812105901 0.4340961417998318
vn -0.3978463731806509 0.2389958064798569 -0.8857760822194540
v 0.1772150278258609 0.2864169775994620 0.8580667603339948
vn -0.3113839175256123 0.1857355765547646 -0.9319561961317022
v 0.2498707254606901 -0.0069257603584914 0.7753291346950394
vn -0.2374643928648891 0.2276856260209389 -0.9443357018691831
v 0.6140882191729228 -0.2149935746553121 0.6121696775386594
vn -0.3113844115721488 0.1857343878772115 -0.9319562679598996
v 0.3992759872774902 -0.2788914500495004 0.6712082507359347
vn -0.2857752707139162 0.4361839632831310 -0.8532737220980194
v -0.0451090852648731 -0.4499075983983611 0.7856034048135180
vn -0.3113852625770285 0.1857347492905937 -0.9319559115944248
v 0.0627505647315619 -0.2583569335559707 0.7877399319505979
vn -0.2452598773812226 0.6375894097798872 -0.7302926379770529
v 0.2004863341270565 -0.4492808739347439 0.7036700559986616
vn 0.2910914231837216 -0.1836622984459253 -0.9389003906051139
v -0.0533831834338014 0.3213251468224483 0.7797447649849146
vn 0.2910918913151136 -0.1836623964139353 -0.9389002263042014
v -0.1164817489500925 0.0305678193667353 0.8170577283063913
vn 0.2910903529122527 -0.1836611667228830 -0.9389009438057934
v -0.2662824357768160 0.0724868054568803 0.7624154972789069
vn 0.2910919713749189 -0.1836629481138939 -0.9389000935622366
v -0.2231304974323877 -0.1177047260210239 0.8129974721495096
vn 0.2910908018278310 -0.1836615886194936 -0.9389007220984520
v -0.4079099475113031 0.2244598557530558 0.6887773878612371
vn 0.7938010019245206 0.1982498292907702 -0.5749582372049363
v -0.6874458559974280 0.0721876028723035 0.4723358766150818
vn -0.1230873587903968 -0.4964223774397139 0.8593103777350222
v -0.7726413913617474 0.2186481810960740 0.4052138299783358
vn 0.7938013333534814 0.1982497377472544 -0.5749578111908560
v -0.6483254892296513 -0.1014290829484570 0.4664824814184448
vn 0.7937995419203971 0.1982506849625456 -0.5749599578743282
v -0.4566417199139241 -0.2661024076909576 0.6743447690466345
vn 0.7938003118640753 0.1982494864132155 -0.5749593081439706
v -0.7384658801865370 -0.2257506052102757 0.2991648325432364
vn 0.9820839793897977 0.1884231100104106 0.0027908851470738
v -0.7282233182181592 0.4493941509635287 0.2742756030017814
vn 0.9823416291380490 -0.1870616047439719 0.0035888289195401
v -0.8054380000000000 0.0424620000000000 0.1992870000000000
vn 0.9823420006752774 -0.1870596705893984 0.0035879448545065
v -0.7625693365478657 0.2678583719859441 0.2133191482163320
vn 0.9823421181679485 -0.1870590519110816 0.0035880316937874
v -0.8545311717094728 -0.2188078764336103 0.0188893415008979
vn 0.9823419460496750 -0.1870599711989186 0.0035872282332169
v -0.8223638795640433 -0.0482250712311886 0.1051976246264418
vn 0.9823421465557585 -0.1870588819411173 0.0035891206671970
v -0.7637580274201745 0.2530881453967329 -0.2310267771056179
vn 0.9823418728362063 -0.1870603016836237 0.0035900427137114
v -0.7763555729585196 0.1899181864216431 -0.0753734783076099
vn 0.7954295228489682 0.1897017049491941 0.5755911199103334
v -0.6583258261784524 0.0939411765051669 -0.5074234679090559
vn 0.4542918253325713 0.4983175409369026 -0.7384433396209887
v -0.5553814716578767 0.1092139659751509 -0.6547191842175225
vn 0.7954295987875203 0.1897012160718380 0.5755911760908001
v -0.5642192716163948 -0.2598990540309152 -0.5208556141122099
vn 0.7954290629323879 0.1897013306020416 0.5755918788606370
v -0.7153773550317234 -0.2915111799700985 -0.3015464316262180
vn 0.3011239482106354 -0.1900333915207256 0.9344579594188116
v -0.4529884890391123 0.2887928640805841 -0.6511951338780788
vn 0.3011248789770485 -0.1900338801194101 0.9344575601212821
v -0.1978373574917336 0.1153872404810475 -0.7686812420215675
vn 0.3011249652358325 -0.1900353336254711 0.9344572367345519
v -0.2438650304151073 -0.1746657878740585 -0.8128342540063890
vn 0.4417612813251181 -0.1034777704729200 0.8911449496798732
v -0.4969969605605249 -0.0068770022542196 -0.6971419692762112
vn 0.3011243932844498 -0.1900353412749354 0.9344574194876891
v -0.0290215962137685 0.2357910959360075 -0.7985953645829249
vn -0.3055375899273466 0.1875777675461495 0.9335209490224584
v 0.1620855846230314 -0.2416042596256504 -0.7593118362106399
vn -0.3055374329639287 0.1875788333487854 0.9335207862374150
v 0.2752103345243237 0.1229965203636310 -0.7955473857674041
vn -0.3055371404237871 0.1875776864229391 0.9335211124435658
v 0.4548006108719435 -0.2174620746672856 -0.6683585458511853
vn -0.1394960519233795 0.0840801716472668 0.9866465305435153
v -0.1356560015745044 -0.2303351887305752 -0.8590257884268415
vn -0.5729093184170098 -0.7062075948851883 0.4159876750547246
v 0.3740825432691251 0.4480658221533772 -0.7350527936088408
vn -0.7341764426421246 -0.1232671510938030 0.6676751908904305
v 0.6779676507840572 -0.3372725194827811 -0.5712426087913680
vn -0.7966367697237833 -0.1884611320925707 0.5743276580615306
v 0.5288864711166150 0.1517210158405131 -0.6175700594782861
vn -0.3318662615710544 -0.4316164547901661 0.8387920006683545
v 0.8669888863625571 0.2588912950904216 -0.1134318250226540
vn -0.7966354500124806 -0.1884607321722068 0.5743296198286558
v 0.6827303541860590 0.2619925382946162 -0.3679936179398797
vn -0.7966351243743360 -0.1884607894283244 0.5743300527232916
v 0.7139835486459204 0.0292815072903075 -0.4010053987653228
vn -0.9825583042714429 0.1859438614498087 -0.0020147199212180
v 0.8363218751136268 0.0975242587219312 -0.0505900097665427
vn -0.9825583823462980 0.1859434588201535 -0.0020138031244157
v 0.7984604032016274 -0.1004644767228669 0.1412233432909528
vn -0.9825584985382767 0.1859428337848887 -0.0020148236281340
v 0.7510867484896339 -0.3540168664809217 -0.1562458443855221
vn -0.9825577861275920 0.1859466025731211 -0.0020144258632932
v 0.7499771193013376 -0.3559602503635287 0.2059223185541536
vn -0.1942194155523542 0.7939671807061719 -0.5761032325755471
v 0.1319395038775305 -0.7587728787157341 0.3002457686094303
vn -0.1942182836624526 0.7939683987177972 -0.5761019355363320
v -0.0493518837539117 -0.4979606399086460 0.7208086576561349
vn -0.1942183090465844 0.7939679019090629 -0.5761026116667117
v -0.1179576447069344 -0.6039740978965976 0.5978309310225567
vn -0.1613280215359233 0.8639805068225099 -0.4769810827465003
v 0.4764343175358354 -0.4485768842603653 0.6116106328083134
vn -0.1942190516478558 0.7939680168371717 -0.5761022029264046
v 0.3773151838294575 -0.5856042321236440 0.4561800466701504
vn -0.1942191433122455 0.7939677187216956 -0.5761025828781918
v 0.2547898515865042 -0.5388137301954006 0.5619709984796099
vn -0.1942181968020557 0.7939678686033640 -0.5761026954080231
v 0.0601872890234170 -0.6877895934659509 0.4222627540128170
vn 0.4942739207694687 0.7931666164923868 -0.3557808450847177
v -0.2320887573488737 -0.7637148901988435 0.2228681037941982
vn 0.4942742239190300 0.7931663523940448 -0.3557810127018673
v -0.4164400605535969 -0.6150646145143190 0.2981534863654726
vn 0.4942738921694461 0.7931666465375143 -0.3557808178360669
v -0.5483485361595256 -0.5767457722657290 0.2003229032496650
vn 0.4942733723827479 0.7931661956798116 -0.3557825450808406
v -0.3393684936667921 -0.5519394263453352 0.5459532333793621
vn 0.4534458885567978 0.7278226667664700 0.5144521278912937
v -0.1911475129324332 -0.8881082211656235 0.0024294247623288
vn 0.4944270382320895 0.7935547009868460 0.3547010578032173
v -0.2921819795632653 -0.5994318387025079 -0.5025779051890552
vn 0.4944259282588981 0.7935549269356901 0.3547020995165077
v -0.4354169948109667 -0.6235630412135671 -0.2489308120076837
vn 0.4944282844356332 0.7935537497262467 0.3547014488911061
v -0.6729217323066700 -0.5187737845741436 -0.1523064815093606
vn 0.4944281552852829 0.7935537868067901 0.3547015459591283
v -0.5635356505472569 -0.5770111650756338 -0.1744920590145583
vn 0.7032041466854940 -0.6501560479826698 0.2877517008740045
v 0.2762041363483290 -0.7970988868227491 -0.1981735019739729
vn -0.1893432458242635 0.7969410425731481 0.5736149491803332
v 0.0913020135494641 -0.7542605992961263 -0.3187235620420200
vn -0.1893452621024235 0.7969402004895824 0.5736154535601256
v 0.3678695520697902 -0.5305123916696478 -0.5382927013487352
vn -0.2934075456678614 0.3350931434433808 0.8953349079324427
v -0.0347625155952716 -0.4510010205657403 -0.7816642214424944
vn -0.1893438678059646 0.7969404262609437 0.5736156001324429
v 0.0310066623791336 -0.5923064381040347 -0.5636350781153454
vn -0.0541954268543803 0.8314193747445197 0.5529960931213741
v -0.1310310835665709 -0.7409421398335104 -0.4106176338036175
vn -0.6061395618064696 0.7953556336812211 -0.0020609669100437
v 0.2730045791804673 -0.7991108691888404 -0.0336248075387745
vn -0.8896098345788992 -0.4567200387375626 -0.0010716510918995
v 0.7324008152140506 -0.4482454933410233 0.2600742733733079
vn -0.6061385795975509 0.7953563848604476 -0.0020599478593348
v 0.5332899069342869 -0.6002390469383682 0.1628749461235094
vn -0.6703660861945342 0.7420275273859883 -0.0021116537733177
v 0.7333732218450772 -0.4488850373068224 -0.2729525710281672
vn -0.6061393121064139 0.7953558260618158 -0.0020601622970269
v 0.5255347815860990 -0.6071343132137949 -0.2173161784485067
vn 0.4271200865447831 0.1942176774100585 0.8830899871765161
v 1.9046777707465534 6.0570659488559890 -1.1629193070171682
vn 0.3334657686344554 0.2324121340685026 0.9136657928842232
v 1.6540165698228837 5.1932831084250903 -0.8517112474905295
vn 0.8074728258624443 -0.0219336033909389 0.5894968638898835
v 1.4854748435278127 4.3138206926873677 -0.6535716283316813
vn 0.8074723317321275 -0.0219334394701497 0.5894975468312741
v 1.6562129999999999 4.7091770000000004 -0.8727330000000000
vn 0.9811645304885038 -0.1671630637849853 0.0968125726199376
v 1.6720251650560007 4.4401365444239138 -0.9044014373272761
vn 0.8074728780949951 -0.0219339843825880 0.5894967781676923
v 1.2625556826144697 3.1831934609322734 -0.3902913935724016
vn 0.4067934357028531 0.2028624848934663 0.8907109030947791
v 0.5096574659079934 1.2498066584928793 0.5690656798504542
vn 0.8074725144065149 -0.0219334490889196 0.5894972962525649
v 0.6794790000000001 1.1017150000000000 0.3309390000000000
vn 0.8074714935089904 -0.0219330664687262 0.5894987088752944
v 0.7337510000000000 1.0444780000000000 0.2544700000000000
vn 0.8074732173744735 -0.0219343130089540 0.5894963012061580
v 0.9111884051259265 2.2868419333446597 0.0576476002648256
vn 0.8074726449254526 -0.0219336484464709 0.5894971100547658
v 0.6660113374749096 1.3820776509305195 0.3598180952697626
vn 0.8074746570680644 -0.0219347507915040 0.5894943128652950
v 0.9765734376842498 2.0489817805468555 -0.0407643689109827
vn 0.8074723892706741 -0.0219334000659599 0.5894974694831655
v 1.0560457763257187 1.7382450467312094 -0.1611846549650116
vn 0.8074731613544189 -0.0219343742737191 0.5894963756610561
v 1.2353137529444285 2.5683182256676331 -0.3758551497884068
vn 0.8074740704759505 -0.0219342322389483 0.5894951356585459
v 0.8943130000000000 1.1457850000000001 0.0383060000000000
vn 0.8074736138469352 -0.0219341387885696 0.5894957646129225
v 0.8157540000000000 1.1020790000000000 0.1442890000000000
vn 0.8074734704524726 -0.0219337768626943 0.5894959744968387
v 0.9498269592556405 1.7347678584406026 -0.0158194670537333
vn 0.8074743185386098 -0.0219345418145345 0.5894947843501199
v 1.0765560000000001 2.2708390000000001 -0.1694640000000000
vn 0.8074736754219849 -0.0219349877379833 0.5894956486806714
v 1.1364890837765909 2.6637880319892973 -0.2369363995054787
vn -0.2720827531213659 0.3950809935029389 0.8774291903205801
v 1.5943270000000000 5.3876569999999999 -0.9577420000000000
vn -0.2720820022573616 0.3950809986817668 0.8774294208244006
v 1.2836660000000000 4.7087469999999998 -0.7483810000000000
vn -0.2720798053716502 0.3950803060914466 0.8774304139062048
v 0.6454598832995626 3.3022525762029487 -0.3129786524965898
vn -0.2720820314495143 0.3950810017257014 0.8774294104016128
v 1.4044820000000000 4.7087729999999999 -0.7109280000000000
vn -0.2720812840436561 0.3950803424760133 0.8774299390049278
v 1.1846821375562968 4.1340959176795788 -0.5203260369419805
vn -0.2720805600336800 0.3950807494755068 0.8774299802523453
v 0.9353174592504067 3.7918966482059693 -0.4435690222257398
vn -0.2720805607092328 0.3950807653546434 0.8774299728929590
v 0.8454811876701507 3.1484258021901455 -0.1816899548534397
vn -0.2720826068584322 0.3950809061257309 0.8774292750187853
v 0.6680970279613129 2.8325108527659606 -0.0944481025068285
vn -0.2720802520858766 0.3950803083817682 0.8774302743545226
v -0.2501511134404956 1.0907010162308071 0.4050985075567909
vn -0.2720827402014184 0.3950810622059333 0.8774291633919622
v 0.0086756957694059 1.2144704842703178 0.4296282631110667
vn -0.2720809002603816 0.3950806232550316 0.8774299315853751
v 0.0113457131339127 1.8468175497612309 0.1457297517038120
vn -0.2720820053336665 0.3950806857678657 0.8774295607664491
v 0.1426640000000000 1.7008010000000000 0.2521960000000000
vn -0.2720805155248824 0.3950806922059443 0.8774300198407768
v 0.4053202964675195 2.5560680378819605 -0.0514582437799105
vn -0.2720805073382406 0.3950806166918410 0.8774300563811114
v 0.7880362425941564 2.7168848394083827 -0.0051929913085672
vn -0.2720799038946651 0.3950808206415073 0.8774301516690105
v 1.0295829999999999 3.3622950000000000 -0.2209020000000000
vn -0.2720797739801494 0.3950802453692477 0.8774304509816637
v 0.3395477736166810 1.4692909831243453 0.4174900287093372
vn -0.2720813741365062 0.3950805877613799 0.8774298006234534
v 0.2584859536833115 1.5647067611235992 0.3493912769147158
vn -0.2720820026514811 0.3950809570993192 0.8774294394255558
v 0.4410348821406844 2.2225472854558901 0.1097912625434607
vn -0.7069286817747096 0.4783819984347109 0.5209630528721626
v 1.3726339610936968 5.1514331311841683 -0.9201210603685042
vn -0.9133678026416520 0.4071174087738273 -0.0038304791925293
v 1.2204166570644350 4.8090139831352188 -1.0178384925550752
vn -0.9133681511715496 0.4071166098253692 -0.0038322877975769
v 0.7708640949121480 3.8019267083149213 -0.8599724342215619
vn -0.9133679352119444 0.4071171073643068 -0.0038309030252700
v 0.9266836483657747 4.1522112085519920 -0.7854883719145211
vn -0.9133680518047987 0.4071168341658641 -0.0038321379242881
v 0.4767602720276542 3.1430831254011782 -0.7560580039460544
vn -0.9133679257826303 0.4071171248614582 -0.0038312916980549
v 0.1201773386961866 2.3471015081822202 -0.3293697988815669
vn -0.9133681921554131 0.4071165177644652 -0.0038322998432080
v -0.4886897664083457 0.9800369666413772 -0.4429296378444454
vn -0.9133680685036792 0.4071168067900713 -0.0038310660284432
v -0.0958038163878055 1.8605941123489478 -0.5370515325648507
vn -0.9133681238272856 0.4071166780964847 -0.0038315521538278
v -0.3978130000000000 1.1898820000000001 0.1903030000000000
vn -0.7582991103894349 0.4773540133400906 0.4439770322107894
v 0.5741738059921434 3.3653239702200981 -0.3634820841959007
vn -0.9133680961033646 0.4071167324312368 -0.0038323876406156
v 0.2351608270021911 2.6055550793987092 -0.2776372074643301
vn -0.9133681748852394 0.4071165527998003 -0.0038326939891090
v -0.2462037494686689 1.5256703722245275 -0.2715662645334124
vn -0.9133679688535288 0.4071170256930411 -0.0038315614611994
v -0.2363284511011545 1.5494407329690985 -0.1000114893080522
vn -0.7614478868856994 0.2540262857026341 -0.5963788743151681
v 1.5863592922705125 5.6275720164609053 -1.2765543462881968
vn -0.3067554021796591 -0.0000714702252616 -0.9517883788561418
v 1.2805084954220882 4.6496414419971828 -1.1779066930868183
vn -0.3067567755012883 -0.0000711285514422 -0.9517879362677285
v 1.0085619036553870 4.0026994506220612 -1.0902116009875140
vn -0.3067574170659564 -0.0000705922200354 -0.9517877295341444
v 0.9322216204864576 3.4720349981261989 -1.0655678106123176
vn -0.3067578380626989 -0.0000709668087698 -0.9517875938206019
v 0.3897082504102921 1.6537075735713731 -0.8905824795543669
vn -0.3067573372125338 -0.0000708587317797 -0.9517877552507785
v 0.7159656094282992 2.5005873348645591 -0.9957977077442870
vn -0.3067561417824504 -0.0000716159373188 -0.9517881404755486
v 0.1635522986268935 1.7078749901422905 -0.8176977718801913
vn -0.3067564045254808 -0.0000712876700732 -0.9517880558195022
v 0.4983704525747007 2.3929797659457712 -0.9256597507292721
vn -0.3067552452694670 -0.0000713161015806 -0.9517884294388553
v -0.1632711888748616 1.1305433672030396 -0.7123208904987846
vn -0.3067566186574577 -0.0000710629679719 -0.9517879868226420
v 0.2576697310049336 2.3284958922573176 -0.8480784647622258
vn -0.3067577981321535 -0.0000700639130296 -0.9517876067569702
v 0.6303527456110547 3.2788855720766028 -0.9682625273017389
vn 0.4250117263527200 -0.2048258584954138 -0.8817093626327767
v 1.8413104965232225 5.8334848276032387 -1.3587390878702417
vn 0.2944589859739156 -0.1725561758430703 -0.9399565265253648
v 1.6018093847788515 5.0039747923778730 -1.2814871047648015
vn 0.7804373130891605 -0.2775114049522707 -0.5602722735060056
v 1.4350248814256201 3.5215717899028620 -0.7795535787273670
vn 0.2944589903500915 -0.1725560776057575 -0.9399565431887373
v 1.3105541575009567 3.9952180619828916 -1.1875422054203866
vn 0.7804386380888010 -0.2775108004849123 -0.5602707272313275
v 1.2831757937626720 3.0871531607105038 -0.7759000787861519
vn 0.7804378356998302 -0.2775116171666221 -0.5602714404159211
v 0.9053043226365314 0.9575684542950478 -0.2474442873411322
vn 0.7804366159894887 -0.2775111580632570 -0.5602733668248612
v 0.7376540000000000 1.0432319999999999 -0.5234060000000000
vn 0.7804383107072742 -0.2775112717185080 -0.5602709498533301
v 1.1187490000000000 1.9156869999999999 -0.4246960000000000
vn 0.7804371232382763 -0.2775115684733192 -0.5602724569662888
v 0.9523684955209113 1.7509482666581950 -0.5748589808009172
vn 0.7804379021157530 -0.2775109228365581 -0.5602716918135023
v 1.2616400000000001 2.6353260000000001 -0.5821010000000000
vn 0.7804384646644814 -0.2775112514438359 -0.5602707454385096
v 1.1182214737621781 2.4459383133526886 -0.6880720532170504
vn 0.7804384654642460 -0.2775110964557999 -0.5602708210925431
v 0.5711720000000000 1.1884140000000001 -0.8272210000000000
vn 0.7804372535214571 -0.2775108547989062 -0.5602726289804502
v 0.7760660000000000 1.9132359999999999 -0.9008250000000000
vn 0.7804387527663657 -0.2775117285545073 -0.5602701078008436
v 0.6021737888278592 0.9124658791681666 -0.6473530103282208
vn 0.7804376955894901 -0.2775110115517735 -0.5602719355549393
v 1.0905257234227907 2.9352130263713234 -0.9689958455750080
vn 0.7804377970389673 -0.2775114505680558 -0.5602715767880582
v 0.7836737880725392 1.6999659022117215 -0.7845929050457487
vn 0.7804366066039824 -0.2775106509325698 -0.5602736310870272
v 1.1032547792947203 2.7556872106231798 -0.8623439824325657
vn -0.0710200646430343 0.0315712487343680 0.9969751284116629
v -0.2689629662348025 -4.8578996615735868 1.0021192129645171
vn 0.3162471471994400 0.0305138498303675 0.9481859769352979
v -0.0132099580802994 -3.7469390302080119 0.8810662612379062
vn 0.3162470259490633 0.0305136309610457 0.9481860244192305
v 0.1988980480213265 -2.9824738451148392 0.7857208736453998
vn 0.3162460491792529 0.0305138389945873 0.9481863435044432
v 0.0286649164481538 -3.2733184405113884 0.8518577993361403
vn 0.3162466126357622 0.0305135306479141 0.9481861654990569
v 0.1187075243673773 -2.7381550911277186 0.8046043443813743
vn 0.3162451540605291 0.0305133374575514 0.9481866581904820
v 0.0163118916065235 -2.8141672814862648 0.8412018945849302
vn 0.3162464328165124 0.0305139131040730 0.9481862131659099
v 0.5359307896523673 -0.8845493815871940 0.6057973300630013
vn 0.3162462521424214 0.0305138645607572 0.9481862749879054
v 0.3949690000000000 -1.7638339999999999 0.6811080000000000
vn 0.3162487455094812 0.0305138974975211 0.9481854423176884
v 0.1745827747409823 -2.1218081646948024 0.7661331986309307
vn 0.3162484587704908 0.0305138935538049 0.9481855380807473
v 0.1091461988688358 -1.9832550792264452 0.7834994141597000
vn 0.3162476511576497 0.0305138953842474 0.9481858073846859
v -0.0494152376645647 -1.5577434936874481 0.8226910958331038
vn -0.0710232355592315 0.0315707837853974 0.9969749172481090
v -0.2736171768471838 -1.1934128084668962 0.8857436693255610
vn 0.3162463919166847 0.0305137218291042 0.9481862329626047
v 0.1443947396239567 -1.2085211038173604 0.7468113856625735
vn 0.3162472447278615 0.0305137487251871 0.9481859476604640
v 0.0476147531682084 -2.3021257348501432 0.8142841759593957
vn -0.8094027240225747 0.0176134560801944 0.5869897754729180
v -0.4083129326942045 -4.0790853495832469 0.7866003851548738
vn -0.8094024938224217 0.0176136482344425 0.5869900871308797
v -0.4937924311341065 -3.3914378102795109 0.6480983171751284
vn -0.8094030949152285 0.0176133918326496 0.5869892659749403
v -0.4078698572828974 -2.8342264074439574 0.7498569720945765
vn -0.8094019924027789 0.0176136385530216 0.5869907788299025
v -0.5334688447012673 -1.2960429004573353 0.5305128226396032
vn -0.8094028203034224 0.0176134630718419 0.5869896425010263
v -0.3438507004190297 -1.4093441900113144 0.7953779300185028
vn -0.8094035907791194 0.0176135814502234 0.5869885765348114
v -0.4353793625115887 -1.7788677066989660 0.6802565195342055
vn -0.8094032590785394 0.0176132240141628 0.5869890446446728
v -0.3937950000000000 -2.2392960000000000 0.7514140000000000
vn -0.8094021837974289 0.0176136649599446 0.5869905141232112
v -0.5570017872267918 -1.6448806057519472 0.5085311649262091
vn -0.8094029449365207 0.0176132110497401 0.5869894782060450
v -0.6690519132831881 -1.0098015475259752 0.3349676647918201
vn -0.8094019797975450 0.0176135957025488 0.5869907974970662
v -0.5597279534836161 -2.4760670849489874 0.5297120932154062
vn -0.7952130815412712 -0.1910994536742619 -0.5754278006414307
v -0.3406970000000000 -4.8833159999999998 0.7052020000000000
vn -0.7952136705061877 -0.1910991696111077 -0.5754270810572104
v -0.4384544934956652 -3.9295712026825989 0.5235604561996138
vn -0.7952108119816500 -0.1910996167157049 -0.5754308829030603
v -0.5540400000000000 -3.0638909999999999 0.3958010000000000
vn -0.7952134852817224 -0.1910995648930283 -0.5754272057556813
v -0.4643230000000000 -3.2996050000000001 0.3500990000000000
vn -0.7952135616922674 -0.1910992046831082 -0.5754272197855973
v -0.5195012860930376 -2.7217050925034543 0.2344316384335714
vn -0.7952127015515505 -0.1910994493967221 -0.5754283271888464
v -0.3658424912459183 -3.5552038645022850 0.2988868214124178
vn -0.7952138270122322 -0.1910993745895362 -0.5754267966996740
v -0.4478570000000000 -2.9440949999999999 0.2092770000000000
vn -0.7952134379342033 -0.1910992570118166 -0.5754273734350813
v -0.6900313365238757 -1.1838555161903785 -0.0406229927760230
vn -0.7952126973954522 -0.1910990302160886 -0.5754284721418635
v -0.5975780779915251 -1.1503512563063953 -0.1795162460911584
vn -0.7952128887911806 -0.1910990663645799 -0.5754281956377976
v -0.6390514499311767 -2.2747731993357658 0.2512183122570028
vn -0.7952134042032395 -0.1910992879636589 -0.5754274097705790
v -0.5675509034432720 -2.1076211958477709 0.0968959632586495
vn -0.7952131381079844 -0.1910989982427478 -0.5754278737175232
v -0.3327593041165809 -1.2991373207779067 -0.4960707657882347
vn -0.7952113484632684 -0.1911000253513321 -0.5754300058095255
v -0.3760230022978076 -2.8989708907659755 0.0950219490139455
vn -0.7952128239893349 -0.1910991165900269 -0.5754282685108706
v -0.4388811210010856 -1.7842234727354365 -0.1883180634191377
vn -0.7952129507976384 -0.1910991332281320 -0.5754280877426556
v -0.4126485147212369 -2.5010047355118590 0.0134716790988991
vn 0.2970321268972598 -0.2994678938365127 -0.9066922830552896
v -0.1506402047708363 -4.2929823126661129 0.4493250339700046
vn 0.2970318863418589 -0.2994678330905604 -0.9066923819246754
v -0.1228034636130637 -3.7093705072453154 0.2656847646744549
vn 0.2970320853056955 -0.2994671171598443 -0.9066925532058383
v 0.0259811553277764 -3.6671097473205463 0.3004684546762914
vn 0.2970327147575024 -0.2994669356157179 -0.9066924069587877
v -0.1255037050020497 -2.9255648877613858 0.0059210948837068
vn -0.2077496958928801 -0.3072690936133537 -0.9286688150069667
v -0.2730877951944252 -0.7045323968241287 -0.7760014551630010
vn 0.2970316439069150 -0.2994672750332509 -0.9066926456645135
v 0.0094171144084845 -1.4848882761432358 -0.4257135078205904
vn 0.2970303854625566 -0.2994674856389716 -0.9066929883687407
v -0.0934602296931059 -1.8058341314156308 -0.3534118957556073
vn 0.2970320256711967 -0.2994674739686052 -0.9066924548933495
v 0.0526051386662466 -2.1435711749594608 -0.1940116137647465
vn 0.2970336854636687 -0.2994674750384952 -0.9066919107910574
v 0.3660509080055123 -1.6363549138436688 -0.2588529175514814
vn 0.2970323831792964 -0.2994673966410216 -0.9066923633139725
v 0.1601935240867020 -2.3558105652522396 -0.0886656592235413
vn 0.2970321481635963 -0.2994670359575834 -0.9066925594335155
v 0.3956450000000000 -1.0734130000000000 -0.4350900000000000
vn 0.2970320187211332 -0.2994677002790134 -0.9066923824230837
v 0.3127396051127427 -1.4602434009125616 -0.3344850904889581
vn 0.2970309311727667 -0.2994668806570144 -0.9066930094117837
v 0.2262436901546775 -1.2549928272020083 -0.4306119471939698
vn 0.8584121728147744 -0.2685796996665541 -0.4370280156814225
v -0.0905223590828009 -5.1951755481196624 0.7670005368695804
vn 0.9853376736221778 -0.1706038197714017 0.0020014045671976
v 0.2409105082075864 -3.2852392803828190 0.4014565171656774
vn 0.9853376841196251 -0.1706037556322887 0.0020017037573411
v 0.0607580024374857 -4.3223746026088863 0.6873326693184403
vn 0.9853376613419685 -0.1706038718725677 0.0020030085443577
v 0.1426691936315795 -3.8492402809780479 0.6917535914529317
vn 0.9853375909563791 -0.1706043041090319 0.0020008167713594
v 0.2968573638706917 -2.9605648860129072 0.5335860318217129
vn 0.9853377397900919 -0.1706034414085588 0.0020010809353368
v 0.3723756452887464 -2.5269633295596559 0.3148517046777098
vn 0.9853377079662364 -0.1706036124870861 0.0020021653777586
v 0.6330372186001381 -1.0266454588399989 -0.1249332155027336
vn 0.9853377931995304 -0.1706031108128392 0.0020029662157248
v 0.4966257301711706 -1.8126417682874467 0.0342595806894806
vn 0.9853376778886933 -0.1706038049767743 0.0020005650112587
v 0.5593539903829354 -1.4460075484231134 0.4040265570691561
vn 0.9853377428570016 -0.1706034170902951 0.0020016439703188
v 0.4752956877865446 -1.9297832775251029 0.5501879167851481
vn 0.9853377065463267 -0.1706036388848054 0.0020006142276675
v 0.6063897329862922 -1.1755379029468391 0.3027621181256648
vn 0.9853376978890633 -0.1706036849113792 0.0020009531078715
v 0.5430840452947010 -1.5424658228129673 0.1916145850949484
vn 0.9853376982802324 -0.1706037150988072 0.0019981847508859
v 0.4262407734886988 -2.2147179043554468 0.4125335749699312
vn -0.3257717648438033 0.7389155051125766 -0.5898106760094965
v 2.4789965908798686 1.6208521034726995 -0.5982282193340394
vn -0.3257723173099479 0.7389152242975777 -0.5898107226693722
v 4.5628529999999996 2.3963589999999999 -0.7776550000000000
vn -0.3257720110458430 0.7389143709106240 -0.5898119609510338
v 4.5288560000000002 2.4633840000000000 -0.6749100000000000
vn -0.3257719616862248 0.7389151785058257 -0.5898109764600967
v 3.9073401523785991 2.1805820504529754 -0.6859196254494572
vn -0.3257722553033696 0.7389157995387693 -0.5898100362545023
v 2.4150538016467471 1.4800971728994059 -0.7392496408717112
vn -0.3257724233916657 0.7389154653763536 -0.5898103620530654
v 1.3839514209143686 1.0739456895999193 -0.6785631737818055
vn -0.3257724574367042 0.7389157243479391 -0.5898100188086085
v 1.2360540057160039 1.0916905994244595 -0.5746435334336295
vn -0.3257725031048127 0.7389157335831427 -0.5898099820146406
v 1.9125406201888588 1.3800818866847486 -0.5869937778864325
vn -0.3257722139166845 0.7389172360352615 -0.5898082594622014
v 0.8168890000000000 1.2053280000000000 -0.2007600000000000
vn -0.3257720611214476 0.7389152429668394 -0.5898108407819751
v 2.6399773293672104 1.7579973483125451 -0.5153280205104308
vn -0.3257720384803768 0.7389147464393655 -0.5898114753366435
v 3.6556435311779376 2.1552316783774108 -0.5786585588956155
vn -0.3257722640271938 0.7389148478054731 -0.5898112237684281
v 0.9390939535735796 1.0666105043666847 -0.4420433856855492
vn -0.3257722436282265 0.7389151410882893 -0.5898108676108850
v 1.3772351857614382 1.2743688727845843 -0.4237628636206436
vn -0.3257721599980131 0.7389159231409423 -0.5898099340457041
v 1.9855334116344150 1.4959931988444974 -0.4820962147171008
vn 0.1221954234585709 -0.2853320471427454 -0.9506071225059860
v 5.3317790000000000 2.5335709999999998 -0.8347250000000001
vn 0.1221953104184104 -0.2853311362690589 -0.9506074104419532
v 4.4114090399796009 2.0680402847805222 -0.8133016567025368
vn 0.1221960421462547 -0.2853330706970031 -0.9506067357484954
v 3.7138416240794747 1.6388848775230893 -0.7741557618324000
vn 0.4015748211087314 -0.7028226746474706 -0.5871779551829804
v 1.9275569687334393 0.2900439205892310 -0.5989085844421292
vn 0.1221958293909119 -0.2853323630033457 -0.9506069755174291
v 1.1950757772353620 0.3653497815780861 -0.7156685315340594
vn 0.1221961284357051 -0.2853323557368096 -0.9506069392577604
v 3.0982575280919389 1.2377952228489051 -0.7328961674218668
vn 0.1221950041530124 -0.2853321809065596 -0.9506071362551154
v 1.3702868379034687 0.2526836074733724 -0.6593291042952759
vn 0.1221952339317228 -0.2853319119136909 -0.9506071874586522
v 1.3066252483355245 0.7687792174037594 -0.8224223759739027
vn 0.1221959010909879 -0.2853328838783399 -0.9506068099557415
v 2.5810117345448989 1.3358375748204336 -0.8288132486262807
vn 0.5265758948753053 -0.8501258123158595 0.0019824657806936
v 2.6725003541141170 0.7521681041168952 -0.2984258482581295
vn 0.4349743443460636 -0.7487069985724089 -0.5002350947798514
v 5.6922870782324466 2.6214485020896339 -0.8147611631974376
vn 0.5235635456440900 -0.6314648140413115 0.5719557695314917
v 3.6800737260268233 1.3765950008782881 -0.1579870288781166
vn 0.5265757041360128 -0.8501259355435246 0.0019802853101299
v 4.8284916099432875 2.0868336086730856 -0.6307335280658305
vn 0.5265753785167305 -0.8501261424458634 0.0019780470362370
v 4.1127710408809417 1.6436509086491840 -0.5706719270841013
vn 0.5265752745782486 -0.8501262018584289 0.0019801809522916
v 3.8220011301356838 1.4640465169629664 -0.3555265651156264
vn 0.5265755005742867 -0.8501260631100797 0.0019796504480595
v 3.2039956432351837 1.0815047369034534 -0.2458228746724143
vn 0.5512735035744869 -0.7731836085937003 0.3135037984757665
v 1.4060913924105125 -0.0307001369437116 0.3698803722246817
vn 0.5265756735150470 -0.8501259562356267 0.0019795445526875
v 1.5415072398790839 0.0523957899981584 0.0339971801621342
vn 0.5265752050686398 -0.8501262528646550 0.0019767643310889
v 2.3729786223874094 0.5673137665990887 -0.0098320939305848
vn 0.5265753299412899 -0.8501261695068633 0.0019793475717092
v 2.2498890398364990 0.4908678810967514 -0.0976099494706129
vn 0.5265758409146812 -0.8501258460384101 0.0019823376285964
v 2.0736769708346934 0.3814410625824399 -0.2173268270601468
vn 0.4554634598788421 -0.8902524494289693 0.0019007895503607
v 0.7335941847004578 -0.4490308119867207 -0.3940688196652978
vn 0.5265756816894892 -0.8501259493311840 0.0019803350733968
v 2.2372474145823724 0.4822272186107441 -0.4450935660310773
vn 0.5265756244466464 -0.8501259856709080 0.0019799559822334
v 2.7420682633239668 0.7948485393876445 -0.4747836006836826
vn 0.5265755904990447 -0.8501260054602734 0.0019804875009679
v 3.3808157925732880 1.1903586389720968 -0.5328200868705188
vn 0.5265758777702130 -0.8501258257956552 0.0019812283525620
v 2.0073679894742305 0.3401269807003214 -0.3210086117223597
vn 0.3254219011207500 -0.1774587490724562 0.9287674513292312
v 5.2125806836152631 2.4860956518472799 -0.4829566325111395
vn 0.3254218402655387 -0.1774585315045614 0.9287675142221734
v 4.0161073639410958 1.8859831164203598 -0.1783981818441607
vn 0.3254217636139610 -0.1774588647592506 0.9287674774047254
v 3.2689520000000001 1.6572650000000000 0.0396890000000000
vn 0.3254217170594663 -0.1774581847979800 0.9287676236358988
v 4.6942959999999996 2.1318779999999999 -0.3690390000000000
vn 0.3254208125466044 -0.1774562685422968 0.9287683066925528
v 3.2858169023033277 1.5829631760581850 0.0195835898505328
vn 0.3254213899163134 -0.1774585697702590 0.9287676647041654
v 4.0603460000000000 1.7315480000000001 -0.2234070000000000
vn 0.3254218306701065 -0.1774590207039922 0.9287674241133227
v 1.4115927475819505 0.7720045638277089 0.5213254179138266
vn 0.3254218394946125 -0.1774588839514814 0.9287674471505972
v 1.5785434054179082 0.6624693698330644 0.4419005888790152
vn 0.3254216939259137 -0.1774578907170618 0.9287676879309703
v 1.8101750000000001 1.0018879999999999 0.4255940000000000
vn 0.3254217664223779 -0.1774586261121521 0.9287675220187918
v 2.3531133145579828 1.0886260044107610 0.2519316786054750
vn 0.3254217903603647 -0.1774585744668731 0.9287675234992017
v 2.5360819999999999 1.3268660000000001 0.2333430000000000
vn 0.5235638384856667 -0.6314643869091304 0.5719559730395608
v 2.1510493190938793 0.4303307162928410 0.1969512835139348
vn 0.3254216886579861 -0.1774593064899249 0.9287674192665781
v 1.3443854507297959 0.0902437865174595 0.4146102399500153
vn 0.3254222358600362 -0.1774597545122303 0.9287671419340339
v 3.0156325781463456 1.2232908091599894 0.0455284412325532
vn 0.3254219643520935 -0.1774589597758200 0.9287673889152809
v 2.4637747121613391 0.9087502456758569 0.1787893834604634
vn 0.0169906440676043 0.4920352865618523 0.8704094408909890
v 5.3518552036199099 2.6698416400580087 -0.4966467964317701
vn -0.1936146455385001 0.7940445333306843 0.5762001805975567
v 3.8122170000000000 2.2264100000000000 -0.4029150000000000
vn -0.1936155612916645 0.7940457346681845 0.5761982173531751
v 4.6799252847532928 2.4766831524637829 -0.4562422843324153
vn -0.1936143577744009 0.7940442504022788 0.5762006671869527
v 3.9799980000000001 2.2121780000000002 -0.3269260000000000
vn -0.1936151124928502 0.7940455791441985 0.5761985824834485
v 3.4127265270801703 2.0102540550217740 -0.2392738601602943
vn -0.1936155764243210 0.7940456441407472 0.5761983370220570
v 2.7087501748622751 1.7872909048388621 -0.1685649600259534
vn -0.1936159698087003 0.7940467546098783 0.5761966745205633
v 0.7575813380780213 1.1588094026770264 0.0418934767910984
vn -0.1936154584515666 0.7940464386380853 0.5761972817835600
v 1.3165522378761338 1.2457597345116163 0.1098975433294913
vn -0.1936165406545071 0.7940471642768026 0.5761959181467275
v 2.3735422863351459 1.7197901728534311 -0.1881817283831838
vn -0.1936158233096638 0.7940461474240004 0.5761975604991952
v 1.5174951122157119 1.2083648836344243 0.2289500991413228
vn -0.1936160760731319 0.7940463756607991 0.5761971610360402
v 2.0560967264266243 1.5098765458725956 -0.0055734934892957
vn -0.9355700669947129 -0.3448386137670084 0.0761247673149580
v 0.2499582151994966 0.5061359398196261 0.7707579896212583
vn -0.1936156465697134 0.7940456881606845 0.5761982527887572
v 1.6807866641949185 1.1636385528875159 0.3454578473267609
vn -0.1936163365194379 0.7940467302882376 0.5761965848140292
v 2.6404435254922274 1.5419446717813003 0.1465888956584631
vn -0.1936168920359503 0.7940477044342860 0.5761950556894601
v 3.5267151339534699 1.9224180410393057 -0.0799264029653717
vn -0.1936168924157181 0.7940470792474972 0.5761959171235068
v 2.1192479100330011 1.4207283268470006 0.1385014412756125
vn -0.1936153606192585 0.7940455305843355 0.5761985660267785
v 0.7683983686187850 0.9366359887194498 0.3517019914240365
vn -0.1936156731400776 0.7940459721319209 0.5761978525260117
v 2.8334988034836619 1.7586811167712157 -0.0872209847471455
vn 0.4897123617949535 0.7949639305994838 -0.3580700374941023
v 0.5145304132408589 1.3102346942421688 1.3742860089585662
vn 0.4897104147030882 0.7949651852114946 -0.3580699150068087
v 0.5037264584653997 1.9635789625717406 2.8100271734429927
vn 0.4897113594508402 0.7949648803441969 -0.3580692997788931
v 0.5855729031098125 1.6491624687256838 2.2239166845125213
vn 0.4897114708994495 0.7949649407627343 -0.3580690132189604
v 0.6262334039298387 0.9631816165684719 0.7565502127260757
vn 0.4897115721388347 0.7949644350508561 -0.3580699975110788
v 0.6322956691507806 1.2659514603360484 1.4370335669286622
vn 0.4897109988878819 0.7949651365042655 -0.3580692241885465
v 0.1853134158403518 1.1842096939517321 0.6442441367133401
vn 0.4897117957766953 0.7949645200775118 -0.3580695028833027
v 0.4237816951143369 1.7519544526625830 2.2308568830290918
vn 0.4897109031477127 0.7949651236086137 -0.3580693837571050
v 0.3088000339255145 1.1175884089456203 0.6652179807066276
vn 0.4897112728585803 0.7949649736917026 -0.3580692109614838
v 0.4452650298319643 0.9977038526355568 0.5856937432175929
vn 0.4897125928620150 0.7949639534785452 -0.3580696706817316
v 0.4524837688426411 1.2122061464031888 1.0717932574746032
vn 0.4897101204971623 0.7949655427999229 -0.3580695234776047
v 0.4154521494056755 1.4723529711571839 1.5987084830297804
vn 0.9854189747558857 -0.1135894227630819 0.1266763088640058
v 0.6584410000000001 1.9035780000000000 3.2065049999999999
vn 0.9854188513412514 -0.1135899507120192 0.1266767955015038
v 0.6767394943476506 1.5334458377807638 2.7322693203303952
vn 0.9854190362760383 -0.1135888649176650 0.1266763305101643
v 0.6991033704258534 1.1588859514285870 2.2224397013204422
vn 0.9854185905538385 -0.1135912328307453 0.1266776744926973
v 0.7118853599384160 1.5441276564072437 2.4684534033021572
vn 0.9854187860032222 -0.1135901605010275 0.1266771156495383
v 0.7278028066647437 1.2539629520197717 2.0844359870025873
vn 0.9854190071140162 -0.1135892653731704 0.1266761982789590
v 0.7412565821834637 -0.0148191372122340 0.8420759483003384
vn 0.9854187423390183 -0.1135905035745382 0.1266771476813018
v 0.7751544294530457 0.3855201551599778 0.9373671372623661
vn 0.9854187422937194 -0.1135904996214976 0.1266771515783431
v 0.7338169589999797 0.3884411916793719 1.2615524241698928
vn 0.9854187687247793 -0.1135905213890976 0.1266769264526605
v 0.7160273614430129 0.8917337018342192 1.8512297058328342
vn 0.9854189371264427 -0.1135895512150418 0.1266764864027947
v 0.7697316957365640 0.6730069958454983 1.2373397332346345
vn 0.9854188611149888 -0.1135900334009715 0.1266766453250347
v 0.8250730064192612 0.6602342137034557 0.7953787091194607
vn 0.9854188647600868 -0.1135899170204507 0.1266767213272780
v 0.7724824639721541 0.8918426653858315 1.4121716868144192
vn 0.7850523173784272 -0.4656010188714988 0.4085444286789177
v 0.6315938456010510 1.9706296778855694 3.4754789954437331
vn -0.1073779146878381 -0.7218724022732540 0.6836448041735802
v 0.3779385514912995 1.7047746868349329 3.2404198089312852
vn 0.2101659078463419 -0.7524429629774559 0.6242274254186768
v 0.3819639736881273 1.2000464239602662 2.6306660799338331
vn 0.2101662913792428 -0.7524428159028813 0.6242274735735667
v 0.4111161084403137 0.7275720670532680 2.0513307552890074
vn 0.2101669610450476 -0.7524426579976722 0.6242274384473080
v 0.5186821916143909 1.0525532444867367 2.4068480395802396
vn 0.2101670253236045 -0.7524425869368093 0.6242275024624191
v 0.1108100033254318 0.1346764705633072 1.4377634611225036
vn 0.2101664254881128 -0.7524425506492994 0.6242277481576144
v 0.1445069027487066 -0.0347876337302928 1.2221472184018314
vn 0.2101678560902202 -0.7524425953708895 0.6242272125900636
v 0.4157180314808404 0.4257480098956688 1.6859638250743700
vn -0.1695563142274120 -0.7066697233887217 0.6869268944737298
v 0.0778029594842641 0.7133981418077950 2.1464671295786486
vn 0.2101670636821938 -0.7524425582767639 0.6242275240944791
v 0.2114718703896643 0.4964309470526967 1.8399306875186834
vn 0.6519403994505582 -0.5752932550368290 0.4939750866930199
v 0.6846721323973877 0.6910265184791647 1.9151776000951164
vn 0.2101680068207462 -0.7524428460209144 0.6242268597080242
v 0.5106693178697198 0.0017616973786639 1.1429211002292594
vn 0.2101665769476696 -0.7524430332563737 0.6242271154299905
v 0.5249314693229585 0.4136445049464504 1.6346038183170803
vn -0.9396053259908077 0.0242367705487074 0.3414006595234953
v -0.0321021883061874 1.5027457359144913 2.3886361175578914
vn -0.8440878560916010 -0.2611956627667760 0.4682867892120269
v 0.2327260093413385 1.6443391683729582 2.9449661617915770
vn -0.8440884781030407 -0.2611947654246548 0.4682861685427533
v -0.0281683675524906 1.1232193948229039 2.1840400090840153
vn -0.8440880855367058 -0.2611947668269997 0.4682868753629213
v -0.4763316476231423 0.6342766911792412 1.1035069151876882
vn 0.0236139452970335 -0.3214103041994270 -0.9466455503206787
v -0.6120343417459556 0.2180506674102925 0.6267462682250764
vn -0.8440879417126805 -0.2611955166116041 0.4682867164005913
v -0.3192627252912075 0.4371901681362397 1.2766956300339396
vn -0.8440889555163112 -0.2611937332336282 0.4682858837236749
v -0.2493663128381919 0.9273312309077996 1.6760687345247112
vn -0.8440880596473315 -0.2611951413333793 0.4682867131412539
v -0.1857286384376413 0.8035301715688217 1.7217244877679940
vn -0.8440883809700149 -0.2611952052439240 0.4682860983085056
v -0.2308601482124096 0.0095881750565973 1.1975392421025628
vn -0.8440884139636372 -0.2611950283229663 0.4682861375182019
v -0.1201834858785058 0.6086746186607134 1.7311844836034831
vn -0.8440882206267414 -0.2611952584035043 0.4682863576773382
v -0.0045258792237994 0.7562764725529002 2.0219867230512696
vn -0.6701096137187513 0.7247027754188189 -0.1604960837589710
v 0.3615842446228553 2.0258006719527186 3.1066990502549841
vn -0.6701091660720626 0.7247030575955198 -0.1604966786507105
v 0.2310405020782608 1.7739234329859874 2.5144283651965256
vn -0.3409760848923920 0.8997886749839128 -0.2722418959347569
v 0.3028178635008413 1.7301175069193448 2.0169389220592886
vn -0.8769037709857708 0.4770148776380932 0.0591319113749053
v 0.1172084323754456 1.7282701357144821 2.7835594644894037
vn -0.6701085160922853 0.7247035699948645 -0.1604970787811847
v 0.0918332205588660 1.6173689162539115 2.3887475172976096
vn -0.6701087801249667 0.7247034928752391 -0.1604963246116783
v 0.0634049806945771 1.4654494229727462 1.8214674488549369
vn -0.6701084475342864 0.7247037403905390 -0.1604965956248010
v -0.0983600000000000 1.0378760000000000 0.5662140000000000
vn -0.6701107957154290 0.7247019097303699 -0.1604950575525292
v -0.2730220000000000 0.8893990000000001 0.6250380000000000
vn -0.6701099234812304 0.7247024975955251 -0.1604960449069931
v 0.0220696661819273 1.1729182728733332 0.6731595358073508
vn -0.6701102869986962 0.7247022250059447 -0.1604957579811934
v 0.0817234780660582 1.3602639975621986 1.2700296093984242
vn -0.6701094731169932 0.7247028802273027 -0.1604961975534547
v -0.0432221630802306 1.2361225333831971 1.2311569958394055
vn -0.6701085108875360 0.7247035534977082 -0.1604971750028121
v -0.4360278274893943 0.8069469462611826 0.9333201462933675
vn -0.6701093066879705 0.7247028601869374 -0.1604969829219219
v -0.1960399435193882 1.1047492573162006 1.2760109336206094
vn -0.6701089842385437 0.7247032544268094 -0.1604965490780983
v -0.0695967317945910 1.3140944228768121 1.6933508580765908
vn 0.6374778374403396 0.7236180472136952 0.2645731061900027
v -5.0223440000000004 4.0262750000000000 3.8464230000000001
vn 0.6374777841949615 0.7236178235710535 0.2645738461529673
v -4.0281975988759688 3.3615872004023624 3.2690178692975547
vn 0.6374781863474126 0.7236171551727743 0.2645747052740957
v -2.8550149999999999 2.5729530000000000 2.5992310000000001
vn 0.6374777857881586 0.7236178968864412 0.2645736417942465
v -4.3289869999999997 3.6061299999999998 3.3249200000000001
vn 0.6374775182865340 0.7236179723545380 0.2645740799185524
v -3.6291770653130060 3.1594697688164661 2.8603954333371839
vn 0.6374782380970488 0.7236169425634416 0.2645751620765247
v -3.2128912002675585 2.8603731767573235 2.6754115648433867
vn 0.6374779013362115 0.7236174313081596 0.2645746367567385
v -0.5104560000000000 1.1023719999999999 0.9722160000000000
vn 0.6374781143389403 0.7236169544649952 0.2645754277132970
v -1.6055316930644541 1.7652082154178761 1.7978693336454550
vn 0.6374779398101370 0.7236175567644595 0.2645742009298294
v -1.0210943932361916 1.4006678990129673 1.3867243993921343
vn 0.6374780352320775 0.7236172328274143 0.2645748569910715
v -2.5344786785780111 2.3887696557064868 2.3306600647983955
vn 0.6374776092472477 0.7236184087623615 0.2645726671609167
v -1.9457379391698293 2.1561108400157702 1.5484485500940632
vn 0.6374781622868098 0.7236172603155008 0.2645744756791941
v -2.6505889042465314 2.5587313479488416 2.1455750255554742
vn 0.6374778654098114 0.7236175798536459 0.2645743170440070
v -0.9076896080520978 1.5070226699859299 0.8225997735045112
vn 0.6374782589872188 0.7236171843974631 0.2645744503222345
v -1.9847379999999999 2.1426330000000000 1.6792780000000000
vn 0.6374778606621949 0.7236175244712998 0.2645744799552273
v -0.5409850642917198 1.2227918759807381 0.7164218095054052
vn 0.6374780893035022 0.7236170813629920 0.2645751409669110
v -1.1731148670664713 1.5980030962621141 1.2132904282172803
vn 0.6374779254387964 0.7236178528129059 0.2645734258550696
v -1.9998962649296885 2.0975996724006314 1.8389702730359567
vn 0.6374782032899642 0.7236170491140332 0.2645749545246068
v -2.4485851395853682 2.3926714419294397 2.1130342149818255
vn 0.3762856616727029 -0.2257060813427598 0.8985910447274844
v -4.0044884641471681 3.0084044069969202 3.2928612882802830
vn 0.3762831672855307 -0.2257097240467439 0.8985911742768854
v -3.4715311687869286 2.4976930474925907 2.9414053875050716
vn 0.3762855370379761 -0.2257065835157367 0.8985909707835350
v -4.3260519999999998 3.3818299999999999 3.5213120000000000
vn 0.3762852114426273 -0.2257073677397629 0.8985909101463049
v -2.8998982246141796 2.1833969285683144 2.6230900029637931
vn 0.5557002754370660 0.1088177747300286 0.8242304870495714
v -3.6803116334345702 3.0886587449528626 3.1772702388136778
vn 0.3762862480388788 -0.2257049459936978 0.8985910843597356
v -3.2167319999999999 2.5323590000000000 2.8434149999999998
vn 0.3762846659006396 -0.2257085297332833 0.8985908467226247
v -2.4209274428945702 1.9028040008711380 2.3520409146406367
vn 0.3762818035275188 -0.2257109511529503 0.8985914371190659
v -0.9369350000000000 0.2837160000000000 1.3239380000000001
vn 0.3762833352772618 -0.2257093343785856 0.8985912018081390
v -1.0606427800570748 0.5204542622214121 1.4352049265774769
vn 0.3762861499562252 -0.2257058902582963 0.8985908882543997
v -1.0359023994043615 0.7103024354124341 1.4725306264706270
vn 0.3762826729187819 -0.2257102160765725 0.8985912577027244
v -1.6565693163545780 0.8914238343650984 1.7779280343331065
vn 0.3762837430138913 -0.2257091460416794 0.8985910783758048
v -2.6148102740372350 1.8382039891685369 2.4170034030529561
vn 0.3762859295459538 -0.2257057419276429 0.8985910178087858
v -2.1198180286474511 1.6012312898908592 2.1502029770067326
vn 0.3762852284788262 -0.2257071010888573 0.8985909699895175
v -1.2157045456817601 1.2909879789085676 1.6936782690862831
vn 0.3762845358871995 -0.2257080145403070 0.8985910305719881
v -2.4555518022262657 2.0828158087376871 2.4117559445717087
vn 0.6252807705754094 0.3071058552635508 0.7174328899705289
v -2.8065377808941867 2.5061735095076050 2.6650691581264874
vn 0.3762848819990463 -0.2257072332624340 0.8985910818787269
v -0.5894270000000000 0.7386150000000000 1.2926810000000000
vn 0.3762843920853884 -0.2257082005391748 0.8985910440697132
v -1.6936587637145737 1.5022957001593222 1.9468981919007196
vn 0.3762851264474599 -0.2257073042083428 0.8985909616958216
v -0.8070225155765818 0.6340054106797371 1.3575225355721696
vn 0.3762849529171472 -0.2257073252937199 0.8985910290654449
v -1.4851228646929930 1.2509375289774545 1.7964375543789810
vn -0.4800691743587461 -0.8063541405494625 0.3454368073168370
v -4.6665322199682153 3.2444173426121279 3.3834684636520147
vn -0.4800685015010541 -0.8063540686553335 0.3454379102378924
v -4.0009050000000004 2.6013190000000002 2.8073359999999998
vn -0.4800679583780700 -0.8063542212080048 0.3454383089333662
v -3.6395335407663052 2.3566884048076928 2.7385058424377298
vn -0.4800673696802517 -0.8063542480104181 0.3454390645017409
v -3.3548735842670512 1.9985000533476882 2.2979926472926415
vn -0.4800683330159037 -0.8063541024154145 0.3454380655821861
v -3.1763949999999999 1.9160940000000000 2.3536690000000000
vn -0.4800689417467091 -0.8063541063011841 0.3454372105338588
v -1.4802900000000001 0.1820420000000000 0.6630239999999999
vn -0.4800678287504335 -0.8063541937525202 0.3454385531705570
v -1.2270915878023034 0.0084149175187885 0.6096050116637460
vn -0.4800690335507775 -0.8063540104123127 0.3454373067831593
v -2.1777319290540693 0.8556300905235418 1.2661135568471051
vn -0.4800691694519020 -0.8063540492435380 0.3454370272717026
v -1.9619789999999999 0.7029710000000000 1.2096039999999999
vn -0.4800677666289047 -0.8063541819880717 0.3454386669646046
v -1.8626784610929736 0.7047055076747607 1.3516547998232276
vn -0.4800677703432052 -0.8063540864040384 0.3454388849235304
v -1.2558847390808683 0.3403087320847447 1.3443298365558485
vn -0.4800689524578362 -0.8063541712091375 0.3454370441334580
v -1.0981230000000000 0.1416130000000000 1.0997640000000000
vn -0.4800694813107466 -0.8063540749269691 0.3454365339142673
v -2.9523899696134221 1.7816714868421684 2.3511977751287780
vn -0.4800687046817975 -0.8063541595404343 0.3454374157166256
v -1.2815886612047567 0.2169198692031319 1.0205817129114376
vn -0.4800686667976887 -0.8063540663779789 0.3454376858346351
v -1.6950820000000000 0.6155510000000000 1.3764559999999999
vn -0.4800680840140197 -0.8063540285522308 0.3454385840474342
v -2.6086717621485280 1.3847907512622752 1.9024390508525246
vn -0.4800693501961461 -0.8063540875370738 0.3454366866945419
v -2.1801457163274125 1.0787698318308254 1.7836344973881773
vn -0.7504760892416471 -0.2255439626355440 -0.6212210237872022
v -5.2419510000000002 3.8583509999999999 3.6867109999999998
vn -0.7504751662559176 -0.2255406061577056 -0.6212233574224069
v -4.3704930111389162 3.1523171754505679 2.8902699187844894
vn -0.7504747782688512 -0.2255390902529482 -0.6212243764938649
v -3.8254379787392696 2.7498542064612765 2.3779275100173711
vn -0.7504758987193237 -0.2255434869347459 -0.6212214266610091
v -4.6431740000000001 3.2741229999999999 3.1754609999999999
vn -0.7504754062056670 -0.2255427892217789 -0.6212222749632368
v -3.6497790000000001 2.5321410000000002 2.2447629999999998
vn -0.7504748795608442 -0.2255415128376124 -0.6212233745884466
v -3.1606660000000000 2.1681460000000001 1.7860380000000000
vn -0.7504756623046908 -0.2255436304179923 -0.6212216601714786
v -3.8951272284326661 2.5784075483621329 2.5243625489022632
vn -0.7504752592867420 -0.2255416687927894 -0.6212228592354446
v -2.7585086920286521 1.7279043296183809 1.4600421855642249
vn -0.7504757070836544 -0.2255436260992089 -0.6212216076436082
v -1.4664285773584387 0.6933967019046833 0.2747196680716590
vn -0.7504753170975138 -0.2255415547753302 -0.6212228307917482
v -1.3443719999999999 0.4638360000000000 0.2106120000000000
vn -0.7504754290020874 -0.2255423492730737 -0.6212224071526363
v -1.5280263610851965 0.9600273326436917 0.2523288063019566
vn -0.7504754646470194 -0.2255425598720076 -0.6212222876307820
v -1.8320660000000000 0.8885830000000000 0.6455680000000000
vn -0.7504753240047762 -0.2255419056236364 -0.6212226950680286
v -2.7029993316697851 1.8788638605513857 1.3381764275321273
vn -0.7504756352916399 -0.2255424796106650 -0.6212221106212192
v -1.5323080000000000 0.2856270000000000 0.5023510000000000
vn -0.7504750561924910 -0.2255412460042086 -0.6212232580833936
v -2.1738900000000001 0.8959790000000000 1.0558280000000000
vn -0.7504753440506025 -0.2255430304140521 -0.6212222624824191
v -2.6812874163840665 1.4249753460086099 1.4767359649198151
vn -0.7504758380035204 -0.2255431955037903 -0.6212216058178055
v -2.0570309999999998 0.8922520000000000 0.9160080000000000
vn -0.7504755537790843 -0.2255429205690251 -0.6212220489979178
v -3.4071862294587709 2.2060387232826812 2.0700933990339521
vn -0.7856297213873165 -0.1979021890211867 -0.5861916618764804
v -0.8536877351515075 -0.2173280377991577 -0.1348598933075409
vn -0.7504753462931506 -0.2255420453397178 -0.6212226174167778
v -1.5275785034442104 0.4303288845737979 0.4441020784369397
vn -0.7504755068960632 -0.2255411710199935 -0.6212227408297503
v -2.9620669999999998 1.8125770000000001 1.6752110000000000
vn -0.4392217900241363 0.3933128436006449 -0.8077061509155221
v -5.2213979326348356 3.9610858919377634 3.6245816593243525
vn -0.0616021824513131 0.7283477912082541 -0.6824329023129618
v -3.3922763728279128 2.9721983305595128 2.4040480675889735
vn -0.0616031136520423 0.7283472480534656 -0.6824333979527357
v -4.2824802998214153 3.4438110337980783 2.9877492817323503
vn -0.0616049087048375 0.7283458904104023 -0.6824346848935411
v -2.8303829999999999 2.5564420000000001 1.9095990000000000
vn -0.0616033971483848 0.7283466856256419 -0.6824339726287965
v -3.5436730718544700 2.8981105234913600 2.3386424546074704
vn -0.0616024427190301 0.7283476680139023 -0.6824330103019336
v -3.0516905601226960 2.4969330598249173 1.8660636752117787
vn -0.0616026474311890 0.7283475874712256 -0.6824330777844183
v -1.3252094303544153 1.6766256146884786 0.8347166833375801
vn -0.0616019479652809 0.7283481451402175 -0.6824325457345125
v -1.1409871112840362 1.3282195954739358 0.4462413787828873
vn -0.0616010667411267 0.7283484188362385 -0.6824323331694553
v -1.5042890000000000 1.6138930000000000 0.7839300000000000
vn -0.0616027819057274 0.7283474818651010 -0.6824331783568569
v -2.1945562517884145 2.2102685810039859 1.4827382671391438
vn -0.0616034216399060 0.7283471469125649 -0.6824334780962775
v -2.5749412364385553 2.3098908046651743 1.6234007447881105
vn -0.0616030134103580 0.7283473815411236 -0.6824332645328424
v -1.1194710624679651 1.0000561581920921 0.0940553569111163
vn -0.0616009147158522 0.7283486855283072 -0.6824320622562785
v -2.5625525327123753 2.0664659329109338 1.3624801475699158
vn -0.0616012247291365 0.7283484379932751 -0.6824322984623651
v -3.3102350000000000 2.5718200000000002 1.9693270000000000
vn -0.0616028501095628 0.7283476011067324 -0.6824330449358728
v -1.9237225290044029 1.5858597400794523 0.7918719658619520
vn -0.0616010548377103 0.7283486400766020 -0.6824320981177877
v -1.4019891938814359 1.3840074650867231 0.5293415586883268
vn -0.0616023194805451 0.7283479155318172 -0.6824327572553017
v -2.3809493688709695 2.1224610687734691 1.4058489816461057
vn -0.5410355432183145 0.5897066701100794 0.5996053570492391
v -3.2583210655446244 1.5653362426333639 -2.8340357293021348
vn -0.7094907579845449 0.3093925765354685 0.6331659323741763
v -2.5347740519380122 1.2462575430049510 -1.8673527123558951
vn -0.2743667246602196 0.8330669744531762 0.4803356289873305
v -2.3043827610195433 1.2557345508876760 -1.7521904820318737
vn -0.2743659318084029 0.8330677802441744 0.4803346843420229
v -2.6753873882543924 1.4972421188305676 -2.3829638204828130
vn -0.2743661586881465 0.8330675422809996 0.4803349674597988
v -2.0506566009889671 1.3243487841790762 -1.7262628797673381
vn -0.2743656616063371 0.8330677907927436 0.4803348203857539
v -0.8832257831016103 0.7288621478250975 -0.0266482898166399
vn -0.2743665093250327 0.8330672188219520 0.4803353281667452
v -1.3798626164463084 0.9835447778821529 -0.7520347939339903
vn -0.2743674218316911 0.8330668146230250 0.4803355079642532
v -1.9506314032042062 1.1796334736748630 -1.4181424717255531
vn -0.2743662456272511 0.8330674034132191 0.4803351586452567
v -0.9349026836853914 1.0618971297868343 -0.6337645914157929
vn -0.2743659510423865 0.8330674931183794 0.4803351713315043
v -1.4436560000000001 1.2556080000000001 -1.2603260000000001
vn -0.2743664501650365 0.8330675844726704 0.4803347277937612
v -0.7853066135943626 0.9134455444352814 -0.2908500894797137
vn -0.2743658083938302 0.8330679198682478 0.4803345126792272
v -1.5745953084942157 1.1806549291064881 -1.2051220616076852
vn -0.8150869366248055 -0.1796273638604791 0.5507878864827417
v -1.8734661450840822 0.6391932494438960 -1.0866941001978525
vn -0.8150865366996615 -0.1796284815247701 0.5507881138115243
v -3.1648680652717700 1.3968335994122361 -2.7506907630316335
vn -0.8150866196704970 -0.1796287252055012 0.5507879115550459
v -2.7321613448392514 1.0905912995749347 -2.2102245728070504
vn -0.8150863590006224 -0.1796285080422849 0.5507883681320904
v -2.4496856765769794 0.8964269939822594 -1.8555227323979862
vn -0.8150864908869293 -0.1796286123447362 0.5507881389434020
v -1.2915452440151025 0.1116663639392305 -0.3975785400095872
vn -0.8150865088268747 -0.1796287481980793 0.5507880680889956
v -1.1550352347149917 0.2180746903875118 -0.1608603529209414
vn -0.8150865743221105 -0.1796288954907564 0.5507879231288733
v -1.6852333426741775 0.4132666449196411 -0.8818183619765063
vn -0.8150865239839048 -0.1796280310726337 0.5507882795347085
v -2.0640726523995712 0.6348534995526620 -1.3701804080843951
vn -0.6658492390407478 0.3993660938269452 0.6301995826484375
v -2.0192629628317071 1.0189198276306712 -1.1786120393323778
vn -0.8150865058474580 -0.1796279295257652 0.5507883394913772
v -1.3360042874220741 0.5278506844199388 -0.3276407443316051
vn -0.8150864403668161 -0.1796289847272530 0.5507880922605434
v -1.4334245367360807 0.4030053588748920 -0.5125248135899770
vn -0.8150864887712107 -0.1796279670567018 0.5507883525218153
v -1.9755971792195672 0.8078083876104348 -1.1828442885175392
vn 0.0733640555706087 -0.7380398937252277 -0.6707569087383946
v -1.9378534832656864 0.5929641122696552 -2.1909985177699851
vn -0.3586917306261360 -0.8977067083229925 -0.2558572027759337
v -2.6255447165809231 0.9441385145111303 -2.4590455663568744
vn -0.3586923109847657 -0.8977065980469121 -0.2558567760749125
v -1.7231387173518773 0.4055781724436356 -1.8345417326046465
vn -0.3586922137632424 -0.8977066452983208 -0.2558567465846062
v -1.5653292899722704 0.2595044898388351 -1.5432631939596766
vn -0.3586922257388582 -0.8977067613029920 -0.2558563227778377
v -0.7299111980370170 -0.2090427145748888 -1.0704972962639379
vn -0.3586915961863685 -0.8977067368714859 -0.2558572910839633
v -1.1565018033206529 -0.0285877327069981 -1.1055984044064464
vn -0.3586920192127092 -0.8977064133796829 -0.2558578330442423
v -1.1914864825062630 -0.0396637439540097 -1.0176921791575817
vn -0.3586919840373469 -0.8977066869803524 -0.2558569223963098
v -1.1724475938970271 -0.1577363407917220 -0.6301092125089977
vn -0.3586912167182577 -0.8977067658192738 -0.2558577215005939
v -1.9658403126121606 0.4583291815130955 -1.6793782873797722
vn -0.3586913285469436 -0.8977069065454659 -0.2558570709708815
v -1.0159858612202857 -0.1735706932388673 -0.7939014251950278
vn -0.3586920614627748 -0.8977066733911535 -0.2558568615311574
v -1.5653032489746239 0.1905848963970060 -1.3014836860686700
vn 0.4772256645807529 -0.2947387751983575 -0.8278796527636313
v -2.7048139999999998 1.2095410000000000 -2.8526189999999998
vn 0.4772249527004331 -0.2947399820682146 -0.8278796334555514
v -2.2392746051238395 0.8993916323546659 -2.4738429639958635
vn 0.4772262299452520 -0.2947377041175139 -0.8278797081845758
v -2.1627815911464925 1.0021581637651136 -2.4663367934371374
vn 0.4772270886282743 -0.2947365308229291 -0.8278796309113093
v -1.8379295954773061 0.9107000458137539 -2.2465165416014150
vn 0.4772262671960057 -0.2947367021065049 -0.8278800434420123
v -0.2384433289356330 0.3801467331671771 -1.1356172755022713
vn 0.4772247697032724 -0.2947391413495652 -0.8278800382532362
v -0.3667660000000000 0.1743210000000000 -1.1363120000000000
vn 0.4772266554925144 -0.2947366210007401 -0.8278798484855728
v -0.7449583803796642 0.6241513892952802 -1.5144642990932644
vn 0.4772268443896673 -0.2947365494552692 -0.8278797650680212
v -0.7812083747786934 0.4186086539105491 -1.4621834408131587
vn 0.4772269839789879 -0.2947366490918453 -0.8278796491304937
v -1.4950266573970126 0.8107181357354654 -2.0132565986173958
vn 0.4772270666841171 -0.2947367725301220 -0.8278795575097868
v -0.5422662629815930 -0.0596521507886833 -1.1541793965567808
vn 0.4772260365237289 -0.2947374648413634 -0.8278799048670880
v -1.0698970000000001 0.1835770000000000 -1.5449230000000000
vn 0.4772258581618452 -0.2947382076844332 -0.8278797432191819
v -1.1691645514675728 0.3660310846995138 -1.6671004097394444
vn 0.4772254234392744 -0.2947387469041418 -0.8278798018411740
v -1.6362326274159349 0.5800076005648339 -2.0125179295510445
vn 0.4772258380509502 -0.2947380317238190 -0.8278798174566991
v -0.4638150000000000 0.0934820000000000 -1.1634739999999999
vn 0.4772273484815188 -0.2947368230066258 -0.8278793770986569
v -0.8314720000000000 0.2868950000000000 -1.4442670000000000
vn 0.4772261607897480 -0.2947375907790428 -0.8278797883990423
v -1.3903621765336742 0.5896082388424960 -1.8742061534381995
vn 0.5078308665465459 0.7887106114241332 -0.3464727729700478
v -2.1359872813781164 1.4286187176145493 -2.1738379434517281
vn 0.5078313309577959 0.7887101591497963 -0.3464731218313143
v -2.6077610000000000 1.4751500000000000 -2.7594010000000000
vn 0.5078305513876753 0.7887110757065467 -0.3464721780101708
v -1.8485376174957240 1.3149491207270672 -2.0112751553015813
vn 0.5078310587558038 0.7887102218845683 -0.3464733779928181
v -1.7916372307518584 1.1924610353145160 -2.2067089720971178
vn 0.5078305810600749 0.7887110017722583 -0.3464723028231659
v -2.2094667551523925 1.3922917226896052 -2.3642312664201728
vn 0.5078307660225789 0.7887104495367148 -0.3464732888297655
v -0.3876260655332972 0.9983201904235450 -0.5907682781446033
vn 0.5078312392629938 0.7887100017559155 -0.3464736145203494
v -0.7979150741681289 1.1015908007778787 -0.9570484230281737
vn 0.5078300009780157 0.7887116745119108 -0.3464716216305258
v -0.5948610000000000 0.9354770000000000 -1.0375700000000001
vn 0.5078324715273270 0.7887087461746011 -0.3464746665632789
v -1.3406709999999999 1.2553520000000000 -1.4025550000000000
vn 0.5078311130464855 0.7887104092645588 -0.3464728718669035
v -1.3720657470712421 1.2083596677061936 -1.5555410195413517
vn 0.5078303050030911 0.7887114192491909 -0.3464717570977391
v -1.1043581314147972 1.0938411128000916 -1.4238498402220634
vn 0.5078316051544866 0.7887097276241223 -0.3464737022593498
v -1.0080281978215997 0.9878083102806020 -1.5240282610042279
vn 0.6110207870569380 0.4006324755983693 -0.6827497471843120
v -1.4723596576461873 1.0415117254748119 -2.0823575769792182
vn 0.5078308003151847 0.7887107768593556 -0.3464724934495534
v -0.4360689578216115 0.8257634822168752 -1.0545796980791364
vn 0.5078307564203971 0.7887110168221342 -0.3464720115346729
v -1.4604148412887297 1.1429920243436877 -1.8338417468681174
vn 0.5078311764441625 0.7887105931656736 -0.3464723603111640
v -0.2175427944928151 0.7895346997776721 -0.8167529905426648
vn -0.6675522999881917 0.5362953446880999 -0.5164893319772901
v 0.8680713791955760 1.0172770592874898 -1.9993967022682162
vn -0.4943085291089268 0.8437382513462531 -0.2092004810351455
v 1.6233584221798127 1.3427828034058547 -2.4712072278074912
vn -0.4943080800085060 0.8437384441436580 -0.2092007646074548
v 1.1460110561427288 1.1806641198223284 -1.9971573229001540
vn -0.4943090308292108 0.8437377901569106 -0.2092011555938909
v 0.8907172539733137 1.1262860658516021 -1.6132569968531656
vn -0.4943083768185940 0.8437384278286998 -0.2092001290920273
v -0.0601161976939457 0.7612455076457707 -0.8388480192062442
vn -0.4943080455917218 0.8437386605086127 -0.2091999732945117
v 0.6609893417402652 1.0151032718022466 -1.5188601817177849
vn -0.4943076013884695 0.8437390043519353 -0.2091996361009809
v 0.5939190000000000 0.9495050000000000 -1.6249540000000000
vn 0.1548181720762115 0.5664666349178484 -0.8094114436550979
v -0.0777576633266767 0.9440936572879138 -0.0597069247365928
vn -0.4943079170537553 0.8437387717411261 -0.2091998283908328
v 0.4996160377589543 1.0784519174638509 -0.8820612261764186
vn -0.4943072617245882 0.8437392042828558 -0.2091996323191627
v 0.3579958655006795 0.9782963937259561 -0.9513819037687521
vn -0.6845952226516027 0.4620162996302771 -0.5637998935779862
v 2.1715934485587396 1.4831639427746510 -3.2004226340938562
vn -0.7027512434144263 0.2775959404860766 -0.6550428869204888
v 1.5473129116655977 1.2600418594889347 -2.6252290756305112
vn -0.6642592116600911 -0.0618474142490648 -0.7449393244254319
v 1.2456727534466381 0.8966138357903305 -2.3260841780109982
vn -0.6642591693629842 -0.0618472169034585 -0.7449393785258602
v 0.9939317016378763 0.7073639744191996 -2.0858961400725939
vn -0.6642593689795887 -0.0618476431395090 -0.7449391651409707
v 0.0443750000000000 -0.0933040000000000 -1.1727060000000000
vn -0.6642589260543073 -0.0618481644982994 -0.7449395168101701
v 0.0288501415671285 0.1362231779379737 -1.1779183355843044
vn -0.6642590844009016 -0.0618481282815166 -0.7449393786201323
v 0.6007265581011940 0.2855244840136149 -1.7002542755769232
vn -0.6642583412784724 -0.0618496564469446 -0.7449399143819367
v 0.2597685751288118 0.3467350636891451 -1.4013049253810215
vn -0.6642595364624183 -0.0618469568720303 -0.7449390727733392
v 0.4256737126663802 0.3158939325359447 -1.5466806463001035
vn -0.6642587005391637 -0.0618489515007707 -0.7449396525600426
v -0.0387461844171849 0.5426957604474254 -1.1513908105480242
vn -0.6642588401858990 -0.0618477468097499 -0.7449396280568253
v 0.5871856032747487 0.7505140704184647 -1.7267848036591749
vn -0.6642590465788620 -0.0618486262719765 -0.7449393710003590
v -0.1032605659781636 0.2512019078269992 -1.0696619613452607
vn 0.1549376706930103 -0.8701403350850552 -0.4678141890305297
v 2.1638995686414191 1.1196927153368250 -2.9749909370304835
vn 0.1549377535933333 -0.8701405861168940 -0.4678136946516206
v 1.8070582839847920 0.7851820690746362 -2.4709794439026784
vn -0.2420188732563863 -0.6462132396863253 -0.7237646812616746
v 2.0859030837004404 1.1720358779869269 -3.0981808801756650
vn 0.1549386437319843 -0.8701405157049351 -0.4678135308082087
v 1.3380933835504418 0.3334013559423352 -1.7859803130358893
vn 0.1549383386674107 -0.8701405401577927 -0.4678135863620116
v 1.4702950075349235 0.6704795043209549 -2.3691666302949699
vn 0.1549374887868956 -0.8701406279934598 -0.4678137044631741
v 0.8313159577376337 -0.2089553503219604 -0.9450310754627049
vn 0.1549374683190410 -0.8701404773890663 -0.4678139913683791
v 0.4175477354412206 -0.1700072205779422 -1.1545151763576904
vn 0.1549378864289799 -0.8701405628767457 -0.4678136938840725
v 0.7765746233056273 0.1193128610329300 -1.5737445290323693
vn 0.1549373037035911 -0.8701403765803779 -0.4678142333935761
v 1.1671708953484576 0.4372525019032827 -2.0357544367579363
vn 0.1549379534694938 -0.8701405435099733 -0.4678137077030273
v 0.9056270192116890 0.1279127620988249 -1.5469997169466845
vn 0.8714344957051801 -0.3600514810735068 0.3331138704284660
v 2.2252237093078611 1.2013377346704557 -2.6479502609089520
vn 0.8714343450179038 -0.3600520045915326 0.3331136987769129
v 1.9282164080148037 0.9607449218095527 -2.1310189259083714
vn 0.6981527522143215 -0.7158389307469125 -0.0125443135597376
v 1.9539509390429755 0.7735435227870738 -2.4006817718298095
vn 0.8714338055941112 -0.3600534865905676 0.3331135080745611
v 1.7183873096311899 0.6623699277064208 -1.9046073722745840
vn 0.8714339141125267 -0.3600539206815322 0.3331127549890253
v 1.1294970729945644 0.3102749154758894 -0.7446209748016414
vn 0.8714343770746705 -0.3600528853217593 0.3331126629594812
v 1.2727067160748082 0.5546060153152490 -0.8551699015942409
vn 0.8714339677514606 -0.3600535404661040 0.3331130256335980
v 1.5559089467171405 0.7408851312145519 -1.3946922598153020
vn 0.8714337974315421 -0.3600546078520711 0.3331123174824571
v 1.4751891326250683 0.5960968660844078 -1.3400265857449187
vn 0.8714342210473066 -0.3600524079293876 0.3331135871319630
v 1.1827916864729069 0.1220589158559678 -1.0874778176510322
vn 0.8714346141659610 -0.3600513264807975 0.3331137276259278
v 1.5135544332358188 0.5177298558491550 -1.5250952252952892
vn 0.8714343402854976 -0.3600527266969722 0.3331129306545378
v 1.1755108853618477 0.2567778368016380 -0.9228196501567448
vn 0.4574020854770399 0.7443099855171506 0.4866065943456931
v 2.3571182133366091 1.4885710895941457 -2.9521381994469702
vn 0.4574006549495357 0.7443110473296493 0.4866063148735089
v 1.8132713471172908 1.3076184120371770 -2.1641473508474873
vn 0.4574017971926683 0.7443102855219084 0.4866064064428378
v 1.9454350000000000 1.2358039999999999 -2.1785310000000000
vn 0.4574003855151450 0.7443115250671876 0.4866058373907512
v 1.6363868622321347 1.1872250666234294 -1.8137269882967724
vn 0.4573996094250936 0.7443119660585434 0.4866058923603756
v 1.3066591120118118 1.1785595939146323 -1.4905327707659686
vn 0.4573997658342605 0.7443121814794836 0.4866054158309541
v 0.5105367883029974 0.9931890662439714 -0.4586495122901015
vn 0.1688678473752968 0.9366659940271356 0.3068231832114248
v 0.7113454680701630 1.1871248256238989 -0.9440511790078937
vn 0.4573995596668820 0.7443117989048965 0.4866061948100324
v 1.2508450901697397 1.2464899142772847 -1.5419757146958442
vn 0.4573991426715551 0.7443125400344425 0.4866054531453616
v 1.1443430988069625 1.0228476657545176 -1.0997831741500408
vn 0.4573998485787517 0.7443122099377686 0.4866052945228711
v 1.0773681730391329 0.7455615652023583 -0.6126901538917781
vn 0.7852748642809496 0.3352322670775447 0.5205407905616870
v 1.8802530527954133 1.0791202573000018 -1.8775983829511143
vn 0.4574004044605208 0.7443117026725301 0.4866055479174800
v 0.9259809412062624 0.9235768612109674 -0.7426811784130173
vn 0.4573997882352792 0.7443122550614981 0.4866052822232711
v 1.4303708449718637 1.0599139272401381 -1.4253389963599190
vn 0.9086916421362873 0.0713844007301440 -0.4113195434744815
v 2.8076507880089703 -1.3275096240917339 3.8985875710672317
vn 0.9086916585358926 0.0713824015031642 -0.4113198542046440
v 2.7301280000000001 -1.1812840000000000 3.7527010000000001
vn 0.9086918924844187 0.0713845506486144 -0.4113189643838236
v 2.4673953320836128 -1.1650340893801978 3.1750877912182678
vn 0.9086918329174072 0.0713830540920743 -0.4113193557051395
v 1.9959594698375034 -0.9526190771563725 2.1704489809504954
vn 0.9086918814066117 0.0713837351807177 -0.4113191303809751
v 2.3890723089490904 -0.9344345722115233 3.0420752671945395
vn 0.9086919445591131 0.0713849435065892 -0.4113187811587734
v 2.0912790463629047 -0.8503422268974659 2.3987806306011512
vn 0.9086919907191572 0.0713843345907426 -0.4113187848590094
v 1.9252980899079168 -0.6946669374440553 2.0591104775637992
vn 0.8741741918021441 -0.1788736538969296 -0.4514683802091015
v 1.0695288849317559 -0.6099931366210080 0.1832294172015667
vn 0.9086918382859543 0.0713843310526213 -0.4113191222307355
v 1.1259754165222016 -0.3214195558434439 0.3580125692199030
vn 0.9086917254530129 0.0713828379047692 -0.4113196306352124
v 1.5658261913853524 -0.5542147277309136 1.2893351537367126
vn 0.9086917737579853 0.0713819204608031 -0.4113196831369659
v 1.5497845581250511 -0.7147897080026735 1.2260299325664687
vn 0.9077265525231367 -0.3261383979284009 0.2639436516401885
v 0.8972157709826269 0.4196386498978560 -0.0187572128377353
vn 0.9086916005846806 0.0713838601305508 -0.4113197290912669
v 1.4423564428005760 -0.3863189594575004 1.0457035945717537
vn 0.9086917641837519 0.0713827979370633 -0.4113195520070705
v 1.9058014208432033 -0.4999901413657126 2.0498255455001355
vn 0.9086919960485124 0.0713850518471049 -0.4113186486048943
v 1.0508447508770695 -0.1161731149661487 0.2276539902393926
vn 0.9086918201172647 0.0713840850690159 -0.4113192050595649
v 1.5205373293782480 -0.3057324893140297 1.2324058676210945
vn 0.7118504693558463 -0.5347604399930198 -0.4553022963881613
v 3.1678565822840636 -1.6151250592572393 4.6444430018177094
vn 0.3776863838906185 -0.8492382547164522 -0.3689815471670400
v 2.3173399581956033 -1.4684729937362277 3.4363306950436545
vn 0.3776862422824906 -0.8492381587124915 -0.3689819130758971
v 1.8286837793426500 -1.3527631442799242 2.6698311855105814
vn 0.3776869431408899 -0.8492378077310547 -0.3689820034920976
v 2.3818522130733415 -1.3951876274053638 3.3336947436041444
vn 0.3776859442469551 -0.8492384590364992 -0.3689815269245851
v 1.9613261977338547 -1.1571288962909185 2.3553369947687921
vn 0.3776862215669387 -0.8492381340101253 -0.3689819911343776
v 1.7949067757773722 -1.2013221312082027 2.2867073691895885
vn 0.3776878391340824 -0.8492371311167076 -0.3689826436336691
v 0.5094230000000000 -1.0414340000000000 0.6029010000000000
vn 0.3776881519984979 -0.8492369551278746 -0.3689827284373837
v 0.5660730000000000 -0.9723579999999999 0.5019070000000000
vn -0.1458009558498220 -0.9878603539587512 -0.0536097225302388
v 0.6144119557032424 -1.1498019672758830 0.9597862079326923
vn 0.3776865114119404 -0.8492380332082071 -0.3689819264545818
v 1.0205735342697881 -1.0367304967593785 1.1152864078171481
vn 0.3776865284984395 -0.8492379653024656 -0.3689820652548380
v 1.6063258462713486 -1.2399138654115118 2.1824985849242009
vn 0.3776854059516725 -0.8492387393898165 -0.3689814326639155
v 1.5579407319895238 -1.0166964985267719 1.6192217745776227
vn 0.3776863050122754 -0.8492381343831737 -0.3689819048619608
v 1.0682658330671591 -0.7725719406459564 0.5561224426715786
vn 0.3776859793020917 -0.8492385052125648 -0.3689813847647988
v 0.8349202240041059 -0.8615970358286369 0.5221717898882278
vn -0.6120302875696153 -0.7385356425636485 0.2828144829398824
v 1.3353229595443303 -1.1482512591350995 2.5239372677549703
vn -0.6120305768218064 -0.7385350374644715 0.2828154371184829
v 2.3750258950904573 -1.4450124501764239 3.9989708604551519
vn -0.6120304955661745 -0.7385352381112306 0.2828150889981133
v 1.8320506341732079 -1.2568998134805200 3.3151662422289796
vn -0.6120297780776690 -0.7385360918896196 0.2828144121550500
v 0.4642987751274821 -0.7648284241370783 1.6402427193326323
vn -0.6120298911122291 -0.7385359532685917 0.2828145295327055
v 0.5940174404741173 -0.9252290781190159 1.5020962282521839
vn -0.6120307393055383 -0.7385350620738811 0.2828150212287967
v 1.3255758442930046 -1.0659013617175048 2.7178904057949360
vn -0.6120312578911105 -0.7385344561721872 0.2828154812075831
v 1.0158953193073568 -1.0216741447479021 2.1632114583865523
vn -0.6120309493465422 -0.7385348055917461 0.2828152364557683
v 0.7422990071472374 -0.9928922890622174 1.6462935105920846
vn -0.6120308340141749 -0.7385348558006695 0.2828153549286138
v 0.3404403763455489 -0.9922399522057944 0.7783472292336677
vn -0.6120301685148201 -0.7385356033084772 0.2828148430926221
v 1.0577696949496154 -1.1668139760464074 1.8748182763617709
vn -0.6120301082222032 -0.7385358301679266 0.2828143811543002
v 1.3452524038434048 -1.2017650719316706 2.4056794354970261
vn -0.6120299998044146 -0.7385357573802698 0.2828148058538656
v 0.2801620000000000 -0.9044210000000000 0.8772270000000000
vn -0.6120297880727626 -0.7385361470936079 0.2828142463662995
v 0.9611927469238740 -1.0933631367833434 1.8576257564129923
vn -0.6505147277086754 0.4023777552945194 0.6441449612301969
v 2.7284439676711987 -1.3744110315631377 4.4719951391342692
vn -0.1276291561787058 0.8590592977141935 0.4957095132271602
v 2.0397350833187375 -0.7460962900583730 3.3839854583614422
vn -0.6505141293216138 0.4023789579131211 0.6441448142938772
v 1.9659728347297254 -0.8795149906232457 3.3928358604796647
vn -0.6505138770831254 0.4023787670661998 0.6441451882429655
v 1.9100727718005472 -1.0392826513503453 3.4361855756056592
vn -0.6505126939777067 0.4023809697603090 0.6441450070819612
v 1.5178581725939138 -0.7454571305324782 2.8565491446888833
vn -0.3268151984511861 0.7455155459568471 0.5808600492355934
v 0.6025100582643718 0.2296144993643675 1.3230504516684078
vn -0.6505137460010327 0.4023794227318916 0.6441449110453745
v 0.8107694771431891 -0.1776522721156788 1.7877773765474461
vn -0.6505142731733679 0.4023789033281875 0.6441447031173431
v 0.8828081801211203 -0.4279449253062588 2.0168784534515454
vn -0.6505130515518860 0.4023805399063224 0.6441449144915681
v 1.2981157518839042 -0.4835738198997226 2.4710420459063722
vn -0.6505142791718538 0.4023780965396431 0.6441452010367360
v 1.5760281655585100 -0.9749709762495992 3.0586652990065097
vn -0.6505143006481224 0.4023790160906263 0.6441446049313957
v 0.9905738297273358 -0.6389543839643900 2.2575220201359909
vn -0.6505143567930920 0.4023783233468866 0.6441449809682740
v 0.3693868039917326 -0.2110491014018310 1.3628920891823544
vn -0.6505139311553463 0.4023791799295949 0.6441448757321633
v 0.5269691206490140 -0.4751617219611557 1.6870159244826151
vn -0.6505133732864697 0.4023802644760462 0.6441447616302141
v 1.2758821664777005 -0.6212137352368252 2.5345690849897951
vn 0.7088265386982662 0.7028253224406019 -0.0600125334684306
v 3.0784579514542214 -1.3584101598354386 4.4914931207656883
vn 0.3055922277641345 0.9252166493376923 0.2249167448601529
v 2.5981034322624299 -1.0373931371185914 3.8236093553751087
vn -0.2124151675554395 0.8175823404862212 0.5351998814624935
v 2.4184869686554298 -1.0032256983025492 3.9271035823382392
vn 0.3055926872150888 0.9252164633004513 0.2249168858900229
v 2.0119921710212489 -0.5611407625817455 2.6608454360734246
vn 0.3055922497840816 0.9252166287467292 0.2249167996447588
v 1.3392430859097413 -0.0172124215144268 1.3374030205500185
vn -0.2759126703338271 0.9402291256421222 -0.1996030802455394
v 0.5764744400604537 0.4509798608202727 0.4478192798771304
vn 0.3055915901682678 0.9252165943409962 0.2249178373861842
v 1.2161010465082429 0.0114015794265557 1.3870095446879271
vn 0.3055925651568540 0.9252165781305447 0.2249165793650164
v 1.4899267921439878 -0.2162112956867853 1.9512705008455506
vn 0.3055929633202713 0.9252165108089925 0.2249163153165388
v 0.8895358563931347 0.0836646267507100 1.5334496325025273
vn 0.3055917591027444 0.9252167321131937 0.2249170411202163
v 1.2503407340924413 -0.1180200470484572 1.8728740466020455
vn 0.3055915845098207 0.9252167230299507 0.2249173157017854
v 1.7584044530360396 -0.5018661657652815 2.7615615467346384
vn 0.3055913808955839 0.9252167005610193 0.2249176847767010
v 1.0252326306237909 0.0925921015492904 1.3123538694520447
vn 0.3055924001108156 0.9252166158130116 0.2249166486012743
v 1.6853347013443976 -0.3931907997819098 2.4137962338121466
vn 0.8576364390782782 0.2734167157782710 0.4355491222562098
v -0.1278845061502577 -1.1981478236142178 2.6903581100892344
vn 0.8576364258900185 0.2734165938449885 0.4355492247689111
v 0.5479665172504927 -0.4889375045073729 0.9143392576538487
vn 0.8576368461556578 0.2734158781595779 0.4355488464987634
v 0.4448920026271019 -0.3813547861782624 1.0497665301051751
vn 0.8576365205234929 0.2734167931979696 0.4355489132826471
v 0.1131145584052176 -0.8169533508539453 1.9765156348468951
vn 0.8576367005313791 0.2734163015360984 0.4355488674718039
v 0.2877678793301809 -0.6450588369916098 1.5246983602724131
vn 0.8576372635407953 0.2734143860891510 0.4355489612727241
v 0.3691234503889036 -0.2930425437984881 1.1435247425918804
vn 0.8576370482676348 0.2734149917022632 0.4355490049939615
v 0.3177121422281601 -0.0619947142396626 1.0997174227809228
vn 0.8576371371500614 0.2734146206959936 0.4355490628743365
v 0.1803649670936879 -0.1618057379135398 1.4328256086999838
vn 0.8576366423165726 0.2734154305528842 0.4355495288615711
v 0.0936233049959575 -0.4395209042972045 1.7779611940751141
vn 0.8576370392382252 0.2734154687984313 0.4355487232772298
v 0.1274327228438311 -0.6441210244884533 1.8398255743660623
vn 0.8571186583731804 -0.5029673077230162 0.1112272126344092
v -0.1728389628204904 -1.4558468866221412 2.9406500723058313
vn 0.6402775694865914 -0.7640663116304136 -0.0790398977974985
v -0.0546423607629312 -1.2888520648873989 2.2838106238220637
vn 0.6402787300136079 -0.7640653921120025 -0.0790393855548799
v 0.0886391328417648 -1.0994471236692838 1.6135445307331004
vn -0.0023565376756888 -0.9809666959262379 -0.1941617578560284
v -0.0739068359849012 -1.1369084848551441 0.6589223624740909
vn 0.6402803207168172 -0.7640641587442805 -0.0790384224612611
v 0.0985634551295745 -0.9842545759137451 0.5803806687862446
vn 0.0766943840691157 -0.9797355080180460 -0.1850305536415005
v -0.1140343958188969 -1.2074559602505932 1.0158397315557739
vn 0.6402789108821150 -0.7640652909388005 -0.0790388984122300
v 0.3732209522527314 -0.8050386604853128 1.0728554809017539
vn 0.6402782648797281 -0.7640657462296526 -0.0790397302698395
v 0.3808162683376234 -0.7540278351465416 0.6412698532929854
vn -0.5156815445420370 -0.8276355192603893 -0.2215671272488882
v -0.4060183285524219 -1.4553224859050953 2.6212886085726232
vn -0.5156804990060135 -0.8276361996231233 -0.2215670192476819
v -0.5249715256797738 -1.0713908364542917 1.4640112862879719
vn -0.0248230592732321 -0.9801829637679267 -0.1965328808811412
v -0.1934016239187230 -1.3469906918828920 1.7217780091278485
vn -0.5156805471630878 -0.8276362070342470 -0.2215668794823442
v -0.4255527211543881 -1.1880486258725389 1.6683814337918821
vn -0.5156801461239312 -0.8276365912986391 -0.2215663774970622
v -0.5976378921404339 -0.7804714080824757 0.5464421537071922
vn -0.5156801922045977 -0.8276365735165950 -0.2215663366703952
v -0.4335717831783237 -0.9015410482565641 0.6168322077892324
vn -0.5156805581455501 -0.8276362044524511 -0.2215668635654584
v -0.4018504575551458 -1.0502187871715947 1.0983712873196485
vn -0.8950216529304198 -0.4448873461127799 -0.0318039314303511
v -0.4884073512703963 -1.4789884726731761 2.9014426968805838
vn -0.9822217945377631 0.0830772615336292 0.1683404733006569
v -0.5544727255608322 -0.9684598416547393 2.2640186516401681
vn -0.9822214758582440 0.0830792967457553 0.1683413283037877
v -0.6098668353501899 -0.5600358504186691 1.7392488541134050
vn -0.9822218916261339 0.0830771144991622 0.1683399793776642
v -0.7085452835910474 -0.0858690242669523 0.9294776483519483
vn -0.9822215647504123 0.0830783516388253 0.1683412760680736
v -0.7751380000000000 -0.1567780000000000 0.5759200000000000
vn -0.9822215859960679 0.0830795154572210 0.1683405777427482
v -0.6897132823583870 -0.4286768014299506 1.2085373514620334
vn -0.9822216776780839 0.0830788578961671 0.1683403673214437
v -0.7250490659375007 -0.5830144843027264 1.0785327553910755
vn -0.9822216553542973 0.0830782850802311 0.1683407802678602
v -0.6415629080366504 -0.7659096534678022 1.6559141745813200
vn -0.1823120140506563 0.7883636346621237 0.5875756198780877
v -0.3000293794136952 -1.0487292376418780 2.6890521458910386
vn -0.1823121212270801 0.7883638061053440 0.5875753565941804
v -0.2268328327890629 -0.5333631473544761 2.0202862967071127
vn -0.1823117433437600 0.7883638783060062 0.5875753769698587
v -0.1952700861441206 -0.2170149764183514 1.6056267222644720
vn -0.1823130357380429 0.7883637790969967 0.5875751090778786
v -0.0482419588733577 0.0638721943735467 1.2743735708067769
vn 0.4164067932320507 0.6546925157053264 0.6308590115308105
v 0.0547153062019890 -0.2614239847656294 1.7427758524073276
vn -0.1823104741463638 0.7883637207016941 0.5875759822337100
v -0.3557171789209948 0.1354867334668845 1.0828846542230688
vn -0.1823120675740020 0.7883637480969862 0.5875754510727661
v -0.3790811060419960 -0.5107669707452185 1.9427284940647498
vn -0.2906479975871183 0.6830962277853826 0.6700024515507232
v -4.8446017084368993 -1.6707010445489208 0.9218848062909214
vn -0.0678573999903189 0.3007152168655207 0.9512968682866967
v -4.2713749999999999 -1.6342840000000001 0.9512630000000000
vn -0.0678569982123868 0.3007151611779124 0.9512969145494725
v -3.3730447281310165 -1.2396638626824525 0.8905980267939869
vn -0.0678582245871673 0.3007170565737159 0.9512962279130082
v -4.1887170686000470 -1.4695603283091669 0.9050874610157960
vn -0.0678566044144425 0.3007131452304433 0.9512975798996633
v -1.2487949218725514 -0.5323380387275216 0.8185296181014173
vn -0.0678571972925952 0.3007137918460565 0.9512973332082668
v -1.5448302738022852 -0.4546020261995830 0.7728408984981232
vn 0.1234859764195661 -0.2890243428911477 0.9493240452258894
v -2.9138065377908053 -1.3070804157831040 0.9446672062271453
vn -0.0678568467053096 0.3007146253548485 0.9512970947358691
v -2.4420289602672862 -0.9405324677347422 0.8624492432684170
vn -0.0678570772182382 0.3007132875450509 0.9512975011873235
v -1.9925355981824566 -0.6601196888809346 0.8058713248761546
vn -0.0678565188293591 0.3007135676479007 0.9512974524746886
v -1.5829901605797523 -0.1694519905066003 0.6799798333825641
vn -0.0678559188657264 0.3007121321375939 0.9512979490465383
v -2.2446957571327513 -0.5268698198174039 0.7457635708746044
vn -0.0678565488212896 0.3007131257334278 0.9512975900283231
v -2.7888551065005367 -0.8763299947535323 0.8174149833705283
vn -0.0678570878111168 0.3007145708454211 0.9512970947685316
v -1.2239571677152257 -0.2541386275957025 0.7323604981923574
vn -0.0678570826146728 0.3007141158539660 0.9512972389664509
v -1.8257437052526588 -0.4622051327301679 0.7552057842475081
vn 0.2673604886907788 -0.7676626453897570 0.5824194639263253
v -2.0346101649384298 -1.2743079800277133 0.5842673999962615
vn 0.2178686818319858 -0.9758741140097883 0.0142460900742441
v -4.7935876982629768 -2.0655629624698766 0.8078618162050535
vn 0.2673604065334098 -0.7676623163937558 0.5824199352763116
v -3.9704193527950147 -1.7391829358897288 0.8601713253019793
vn 0.2673602337305158 -0.7676620004848688 0.5824204309870434
v -2.9712587870569767 -1.4791821465562693 0.7442019860208610
vn 0.2510490683222157 -0.7739868285866689 0.5813077966696282
v -0.0720798988825841 -0.8611631884991685 0.2279152043728855
vn 0.2673604104627794 -0.7676615495916682 0.5824209441595424
v -1.2254267082999499 -1.2236860146223061 0.2795344494168152
vn 0.2673602294848148 -0.7676613236610533 0.5824213250257811
v -1.3694900000000001 -1.1794350000000000 0.4039930000000000
vn 0.2673604832062679 -0.7676622429873312 0.5824199968333594
v -1.3630244250949648 -1.0803338890848453 0.5316446467532141
vn 0.2673605781485671 -0.7676609692274274 0.5824216321333461
v -2.2597467740378732 -1.3972786293908985 0.5255356319005238
vn 0.2673608385140402 -0.7676628667474571 0.5824190115768416
v -1.3015139714317110 -0.8413211220037531 0.8184400827608275
vn 0.2673606522044362 -0.7676619641754835 0.5824202867440806
v -0.9629703529243613 -0.8363646031864322 0.6695645343162472
vn 0.2673604732194189 -0.7676621002914068 0.5824201894990201
v -2.5878703543927108 -1.3305752814916816 0.7640794167921031
vn 0.2673607070081248 -0.7676645725776046 0.5824168235528224
v -1.7430804831594389 -1.1490162969418722 0.6155834009186019
vn 0.0880653334470449 -0.8243556907618329 -0.5591799282462150
v -2.4509518380258264 -1.3123221619072134 0.0663598004368593
vn 0.0880649817273402 -0.8243550435274672 -0.5591809378047422
v -4.0498465523662599 -1.7772689272415498 0.4999850287958553
vn 0.0880645991368772 -0.8243546365803126 -0.5591815979870959
v -3.2116399405716458 -1.5997288992816359 0.3702601068326030
vn 0.0880653609146629 -0.8243556845556810 -0.5591799330695844
v -0.8287618163698618 -0.7332243311066710 -0.5318814229351293
vn 0.0880658900219324 -0.8243562917010334 -0.5591789546715481
v -1.6729130069665972 -1.0126095547678702 -0.2529492267223497
vn 0.0880661018867819 -0.8243564729128584 -0.5591786541572725
v -2.2710159999999999 -1.1647719999999999 -0.1228250000000000
vn 0.0880649197654718 -0.8243551759245381 -0.5591807523807707
v -1.3310233306000825 -1.0280526898400995 -0.1763392221062129
vn 0.0880651294517168 -0.8243554610055883 -0.5591802990851129
v -1.1384394991805973 -1.1343784604297942 0.0107383431610281
vn 0.0880650279032610 -0.8243552129232447 -0.5591806808060074
v -2.2703615729419164 -1.3899869291750275 0.2092957882908330
vn 0.0880651495003657 -0.8243553929238996 -0.5591803962951146
v -1.1727227462693519 -1.0557938994959477 -0.1105121847294803
vn -0.3485459133360471 0.1620610584142487 -0.9231749344747150
v -4.6472372281294057 -1.7619616684874611 0.5616852409404517
vn -0.3485454766600583 0.1620620712777165 -0.9231749215359943
v -3.8838243365446887 -1.3323426936076876 0.3488758393855692
vn -0.3485453752029030 0.1620610754625862 -0.9231751346546209
v -3.3318365729005910 -1.1066694007284574 0.1800897322281388
vn -0.3485453407038827 0.1620597098935420 -0.9231753874009182
v -3.6406459999999998 -1.4375279999999999 0.2385980000000000
vn -0.3485458668828399 0.1620622132080698 -0.9231747492912660
v -3.0753189007010193 -1.2528220500182405 0.0575834881999509
vn -0.3485468812305231 0.1620633732573470 -0.9231741626762121
v -1.2758914115591480 -0.0065358217054221 -0.4030088960973750
vn -0.2676694621369718 0.2090856415744033 -0.9405510371727439
v -0.6053639513922456 0.2085973434039020 -0.6184020414007257
vn -0.3485453013872541 0.1620615857721778 -0.9231750729400547
v -2.0526615145891478 -0.3900627399676593 -0.1770662778801575
vn -0.3485458586964916 0.1620611362365456 -0.9231749414424359
v -2.5484491341680799 -0.7158156812283568 -0.0470665325639796
vn -0.3485463000125755 0.1620628076386171 -0.9231744814106553
v -1.9756673129183684 -0.5392229311733290 -0.2323205264204665
vn -0.3485461172177370 0.1620621113709707 -0.9231746726543263
v -1.2496966175157500 -0.6507339357042803 -0.5259866863759788
vn -0.3485452366990212 0.1620603886025105 -0.9231753075231305
v -1.5171159055558563 -0.5953257018628807 -0.4152959577421591
vn -0.3485459931595658 0.1620618238200742 -0.9231747699718202
v -1.9883874332465330 -0.6865779103787787 -0.2533861696226746
vn -0.3485463529449994 0.1620622248987736 -0.9231745637254090
v -2.4917506295874245 -0.8680320647977554 -0.0951941684103843
vn -0.3485454662661259 0.1620615544523465 -0.9231750161880563
v -1.1627005974947284 -0.3640742102656102 -0.5085098204319224
vn -0.4582944380631540 0.8887940271281233 -0.0033742231329223
v -4.9559379999999997 -1.7285410000000001 0.8080090000000000
vn -0.4582943507686048 0.8887940713689413 -0.0033744263222531
v -4.3167803900535242 -1.3993902370307281 0.6970645798736869
vn -0.3595788569465843 0.7869193881460298 0.5014587941165913
v -2.6547005864140281 -0.5422696167986318 0.7213851721562211
vn -0.4582943379386026 0.8887940776722115 -0.0033745085894812
v -3.3084038951907320 -0.8798744934547548 0.5811623072993582
vn -0.4582940419458084 0.8887942321168444 -0.0033740291644553
v -2.4638689768045694 -0.4452860423345928 0.3483883755350994
vn 0.6283699306691151 0.7779145717189416 0.0003864430452107
v -0.7284200304346805 0.4495233115682123 0.3349913337998397
vn -0.4582944643789412 0.8887940136225824 -0.0033742063185718
v -1.3234232169611058 0.1421939137006430 0.1970059406428925
vn -0.4582943793486798 0.8887940530977765 -0.0033753570826412
v -1.9559689987311673 -0.1829157537569006 0.4745681884712679
vn -0.4582939498412028 0.8887942775258070 -0.0033745779481435
v -1.3600930000000000 0.1216850000000000 -0.2248020000000000
vn -0.4582944938767958 0.8887939977047280 -0.0033743927245376
v -2.0138521063896389 -0.2145582841339672 0.0013687137125212
vn -0.4582944310166835 0.8887940270028076 -0.0033752130639161
v -3.0792966051192043 -0.7626690622092739 0.3362006460707774
vn -0.4582940898719559 0.8887942131806211 -0.0033725072388606
v -1.4071235591013882 0.0981828795796605 -0.0274753570757079
vn -0.9459143022509711 0.2798969362963775 0.1640238941403362
v -2.1334019999999998 -2.1164689999999999 -4.2741110000000004
vn -0.9459143682205906 0.2798964693470503 0.1640243105179735
v -1.9007245121774237 -1.7878188449340406 -3.4930984914146670
vn -0.7450395228650417 0.6532072955184118 -0.1350419877317909
v -2.3062219957654646 -2.2780236040056794 -4.9950731331793685
vn -0.9459140647850055 0.2798981537586801 0.1640231860573091
v -1.9129279881614871 -1.7255571627050399 -3.6697245213815219
vn -0.9459144891698845 0.2798961137904974 0.1640242197465162
v -1.0769031929151809 -0.5777575711179064 -0.8070789244419034
vn -0.9459143907531671 0.2798964085365605 0.1640242843435065
v -1.3313059301697121 -0.9240189887794827 -1.6833273758956868
vn -0.9459139940669057 0.2798983715315090 0.1640232222656390
v -1.0633466220336849 -0.3949048422759911 -1.0409253833601746
vn -0.9459143002573328 0.2798968710175224 0.1640240170318998
v -1.6613403622709007 -1.4223658883536829 -2.7362151488841975
vn -0.9459142009473823 0.2798973015158411 0.1640238551254842
v -1.3362349910679203 -0.8365779612329138 -1.8609637394780665
vn -0.9459142964813989 0.2798967814720943 0.1640241916110637
v -1.0845549257069740 -0.2481243964136998 -1.4137031114516416
vn -0.9459142850073816 0.2798969672350686 0.1640239407878773
v -1.3810611113269649 -0.7850529653688727 -2.2073965898897869
vn -0.9459143955138920 0.2798965458857031 0.1640240225114629
v -1.6773240000000000 -1.2488140000000001 -3.1245430000000001
vn -0.9459146593683316 0.2798950718788659 0.1640250161713682
v -0.9881259999999999 -0.1414870000000000 -1.0395770000000000
vn -0.9459145210791148 0.2798957567314792 0.1640246450244039
v -1.5921043534416837 -1.1750964280954010 -2.7588849625909053
vn -0.9838619664590369 0.1778603642984731 -0.0195274618671097
v -0.7908563162342881 0.1088967697827610 -0.3292034484420623
vn -0.9459141633702189 0.2798973108002696 0.1640240559869066
v -1.1810560000000001 -0.5234100000000000 -1.5004640000000000
vn -0.4706918785471280 -0.7552999230969287 0.4560385747275653
v -1.6022815576973339 -2.0312988421469735 -3.3474209070034133
vn -0.4706903822423957 -0.7553010207123064 0.4560383012154303
v -2.0292570400336762 -2.2661438146550159 -4.1770731131812759
vn -0.4706936892843201 -0.7552986721602083 0.4560387776285498
v -1.3512600444855847 -1.9165594213746089 -2.8983015328829302
vn -0.4706903261682837 -0.7553011966772999 0.4560380676538238
v -1.7431827948752707 -1.9385217383904445 -3.3391909348023345
vn 0.0824108529333381 -0.9564553330197808 0.2800029415145845
v -0.2301190209478550 -1.1805416190502276 -0.5221286112713117
vn -0.3348023567675942 -0.5371679179448792 0.7741821554606048
v -0.1199006085666125 -0.9325023648367375 0.0024378798820374
vn -0.4706904034751652 -0.7553011237655958 0.4560381086212142
v -0.6948218809395670 -1.0456066462799314 -0.7782800392666460
vn -0.4706916137311172 -0.7553001584261112 0.4560384582956665
v -0.8512729148745358 -1.2815973321413927 -1.3306116064902413
vn -0.4706937837742613 -0.7552986270665175 0.4560387547870276
v -1.0524927604402430 -1.6328392705322730 -2.1200298916609408
vn -0.4706916785603307 -0.7553000757194361 0.4560385283638570
v -0.8955579455084739 -0.8718711003313067 -0.6977218504406127
vn -0.4706912656878192 -0.7553003963060939 0.4560384235402277
v -1.5302092809896377 -1.5842362992400745 -2.5325993365534925
vn -0.4706913694593411 -0.7553003219581437 0.4560384395710680
v -1.1545527592373861 -1.1631169731437092 -1.4474052030178572
vn -0.4706906859914194 -0.7553007470117457 0.4560384410161342
v -1.1848592581489730 -1.4723460340220051 -1.9908385463868450
vn 0.6044119965305825 -0.7966701042398138 -0.0016980755105042
v -0.9320420000000000 -1.7075260000000001 -3.1242760000000001
vn 0.6044119768627630 -0.7966701188661893 -0.0016982139377991
v -1.4278887247240519 -2.0821800123439229 -3.8429175711767893
vn 0.6044118630022763 -0.7966702049542053 -0.0016983522432567
v -1.1509460000000000 -1.8732130000000000 -3.3074640000000000
vn 0.6044100000202709 -0.7966716227635864 -0.0016962779046983
v -1.4992388808014130 -2.1366442610194341 -3.6868180564268052
vn 0.6044092323734211 -0.7966722059809777 -0.0016958889039111
v -1.2196088895867587 -1.9258920028792696 -3.0315900542531415
vn 0.6044092291743022 -0.7966722088544849 -0.0016956791682848
v -0.9615236434918817 -1.7309303279722985 -2.6378649246959078
vn 0.6044110283943220 -0.7966708407697142 -0.0016971218562064
v 0.1197553689174537 -0.9140077762605030 -1.0356239924529154
vn 0.6044117736993008 -0.7966702737086169 -0.0016978818282974
v 0.0751100000000000 -0.9483220000000000 -0.8273540000000000
vn 0.6044110425853630 -0.7966708292256753 -0.0016974868922089
v -0.1729361332437442 -1.1345218610967487 -1.7597849404972898
vn 0.6044120273989716 -0.7966700816711301 -0.0016976765238372
v -0.1852523208087451 -1.1446311603246337 -1.4006621715090095
vn 0.6044117046072431 -0.7966703272137916 -0.0016973717438136
v -0.7601822742913958 -1.5780231381012562 -2.7102455629865565
vn 0.6044123032535140 -0.7966698711260762 -0.0016982684543619
v -0.5942825168908713 -1.4533764667271956 -2.1389963842225441
vn 0.6044107137437803 -0.7966710801667497 -0.0016968021919198
v -0.2369650000000000 -1.1851590000000001 -0.7922400000000001
vn 0.6044100398212605 -0.7966715918096279 -0.0016966339546141
v -0.5569130000000000 -1.4263740000000000 -1.5062199999999999
vn 0.6044088263460897 -0.7966725142068736 -0.0016958013565901
v -0.8745570000000000 -1.6658489999999999 -2.2156729999999998
vn 0.6044082873803870 -0.7966729241546390 -0.0016953066992079
v -0.1342730000000000 -1.1072190000000000 -0.8071750000000000
vn 0.6044131672867827 -0.7966692154487737 -0.0016983423079804
v -0.0330480000000000 -1.0303869999999999 -0.8238230000000000
vn 0.6044100663922083 -0.7966715716305758 -0.0016966435791736
v -0.4452824275179206 -1.3417106322410617 -1.4935373868345516
vn 0.6044095695571821 -0.7966719493277821 -0.0016962847561214
v -0.6554998416023968 -1.5002451983133120 -1.9399927352468858
vn 0.7989249897835012 0.1910831259140989 -0.5702684452872429
v -1.7411051183940525 -2.1772100649050072 -4.5767937439595059
vn 0.7989255595560978 0.1910822251470869 -0.5702679488808869
v -1.1378939826695567 -1.6147222174397422 -3.5432414672291324
vn 0.7989257257620541 0.1910821594602847 -0.5702677380420266
v -0.9624007996859510 -1.2610672214262233 -3.1788811244883557
vn 0.7989245979175510 0.1910838798637405 -0.5702687416459885
v 0.0557150000000000 -0.1420080000000000 -1.3775670000000000
vn 0.7989247289622576 0.1910844027207354 -0.5702683828597223
v 0.2050290000000000 -0.2882910000000000 -1.2174000000000000
vn 0.7989257774113907 0.1910818556468150 -0.5702677674831137
v -0.2326251540598788 -0.4326913416098697 -1.8789226690839358
vn 0.7989248531408694 0.1910832775943812 -0.5702685858940758
v -0.0690491163326508 -0.5367501299432453 -1.6846268658998140
vn 0.7989253481989607 0.1910828584105944 -0.5702680327940591
v -0.7526732934369272 -0.9725168639062789 -2.7883741278805796
vn 0.7989259219470853 0.1910820389322282 -0.5702675035792431
v -0.2673530897691714 -0.5956692407608302 -1.9821853428723497
vn 0.7989257756058640 0.1910813443266574 -0.5702679413423887
v 0.2531527711556099 -0.5738408449153455 -1.2456611573538341
vn 0.8599180548467639 -0.3710845214508032 -0.3504814073359476
v -0.2100404692380839 -1.1619644552710515 -2.0916435975020922
vn 0.7989251564702466 0.1910830744747312 -0.5702682290012975
v -0.8169792248880126 -1.4468091371205398 -3.0373874098502758
vn 0.7989259706815894 0.1910820716647166 -0.5702674243359868
v -0.4519355491484325 -1.0335163211827749 -2.3874910203564350
vn 0.7989254207323717 0.1910825778653993 -0.5702680251810691
v 0.2242680000000000 -0.4137460000000000 -1.2324850000000001
vn 0.7989265326479198 0.1910803197198025 -0.5702672240686383
v -0.3139073774716906 -0.7851353206590677 -2.1108908770304202
vn 0.7989251945850160 0.1910828524267719 -0.5702682500067341
v -0.6893054829034772 -1.1616163885116542 -2.7629598257887360
vn -0.1528802279490657 0.8665997875891216 -0.4750078357803493
v -1.5678000000000001 -1.1660349999999999 -3.2040310000000001
vn -0.1528795010615924 0.8665996555298947 -0.4750083106542732
v -1.9141887336155288 -1.9755452864901770 -4.5694086946907468
vn -0.1528798857531672 0.8665999160146975 -0.4750077116167880
v -1.8164608346886826 -1.6869326288406830 -4.0743216441620591
vn -0.1528813695359132 0.8665998802577853 -0.4750072992976167
v -1.3947740000000000 -1.0154570000000001 -2.9850070000000000
vn -0.1528784147242715 0.8665995484156712 -0.4750088557039208
v -1.5345189904141474 -1.3727709812780071 -3.5919092920159774
vn -0.1528843444437640 0.8665995436235967 -0.4750069559652514
v -1.1013160167675835 -0.7637804268044707 -2.6202978525234180
vn -0.1528793383161245 0.8665997956831570 -0.4750081073391637
v -0.8467519999999999 0.0375180000000000 -1.2403489999999999
vn -0.1528786423676867 0.8665995924674941 -0.4750087020708000
v -0.6778197852505342 0.0198398496112717 -1.3269695454516044
vn -0.1528793553043909 0.8665998633237563 -0.4750079784687419
v -0.6795083411054414 -0.1879043229010853 -1.7054322748812847
vn -0.1528804417269337 0.8665997157741577 -0.4750078979948930
v -1.1696686172822173 -0.4933283608931648 -2.1048886819389305
vn -0.1528809549806099 0.8665996757016879 -0.4750078059126461
v -1.0310347041795409 -0.5509971537435575 -2.2547196998931942
vn -0.1528814076738202 0.8666001016558276 -0.4750068831056876
v -0.3016345046735732 -0.0297098302854916 -1.5384425800474006
vn 0.1971503978439662 0.7692612908823461 -0.6077571776458032
v -0.1524614527054502 -0.0600146123463233 -1.6417418379962452
vn -0.1528823264774672 0.8666001749632756 -0.4750064536450609
v -1.2022539999999999 -1.1661250000000001 -3.3218440000000000
vn -0.1528790182908829 0.8665994995081425 -0.4750087506758721
v -0.9903798888130378 -0.8578217339589987 -2.8275704573411202
vn -0.1528794907492977 0.8665999074989773 -0.4750078542834839
v -0.6156075679377396 -0.3355535099763706 -1.9953692532306653
vn -0.1528812106301367 0.8665995297411362 -0.4750079899209120
v -1.0642251684850859 -0.8143735879361589 -2.7245385528580082
vn -0.4165350319030068 0.2616934049331956 -0.8706406428670969
v 1.9450999087683909 -1.2235748008578959 -2.1530515828833043
vn -0.4165346105803941 0.2616941513063201 -0.8706406200957455
v 3.8697829210461858 -2.6181097942977707 -3.4930266586484078
vn -0.4165344267136434 0.2616933615791612 -0.8706409454348760
v 3.2058327191263136 -2.2217324114582118 -3.0562360639451955
vn -0.0639785532654827 0.6268540108152137 -0.7765055014917382
v 3.5924176104124692 -2.1366494527422923 -3.2156140614005602
vn -0.4165344706812545 0.2616930335940664 -0.8706410229839976
v 2.6406183439958455 -1.7654948505837265 -2.6486917511693608
vn -0.4165344492908783 0.2616934030667005 -0.8706409221632728
v 2.8720824496990938 -1.8223999359881660 -2.7765334134523703
vn -0.4165356679307854 0.2616912993290387 -0.8706409714669612
v 2.1488060591974802 -1.6067010914375806 -2.3656674391718435
vn -0.6278766450814236 -0.2995582589334016 -0.7183562960440212
v 0.3993405740884406 -0.8224391144433562 -1.2929520431869166
vn -0.6084943363819463 -0.2094016889871812 -0.7654316267573551
v 1.0701897723474580 -1.1922985538932696 -1.7250728981943322
vn -0.4165351426124355 0.2616926218211565 -0.8706408252851500
v 0.7245134635581653 -0.6675819714676935 -1.4019760967955741
vn -0.4165344786622011 0.2616943208690141 -0.8706406322418646
v 1.5889689178567532 -1.1543394502067963 -1.9618600799265660
vn -0.4165338869706144 0.2616940398221676 -0.8706409997965322
v 1.0193928529202887 -0.2872090481846689 -1.4287229235884313
vn -0.4165350030239896 0.2616929515309581 -0.8706407929650555
v 1.9497958069834282 -1.0782909086921333 -2.1116296105555450
vn -0.4165347630447768 0.2616928668004339 -0.8706409332445851
v 2.6140400000000001 -1.4955520000000000 -2.5548370000000000
vn -0.4165344961212319 0.2616931782781390 -0.8706409673244865
v 0.7259960000000000 -0.2012780000000000 -1.2625270000000000
vn -0.4165359150631032 0.2616911887033923 -0.8706408864839446
v 0.8716555995336817 -0.5421817724233307 -1.4346809927550137
vn -0.4165351225958735 0.2616930136739027 -0.8706407170804219
v 1.4316359122172972 -0.9010591837148296 -1.8104574951033050
vn -0.5988298187514413 -0.7461224704440318 -0.2910397005094167
v 1.2101193462845905 -1.4175658667884610 -1.4354796653091109
vn -0.5988300071292234 -0.7461221338644898 -0.2910401757818236
v 4.2232139999999996 -2.9773550000000002 -3.6363370000000002
vn -0.5988295485577806 -0.7461226509372848 -0.2910397937265683
v 3.6401360000000000 -2.7016010000000001 -3.1435550000000001
vn -0.5988302774098968 -0.7461214309765375 -0.2910414216133334
v 3.6073430000000002 -2.6349250000000000 -3.2470150000000002
vn -0.5988302209013447 -0.7461212875682437 -0.2910419055269408
v 3.1418180000000002 -2.4197839999999999 -2.8407209999999998
vn -0.5988301291102289 -0.7461216263626425 -0.2910412258491774
v 2.4269283656809231 -2.0832181180056049 -2.2326323039114762
vn -0.5988296609767122 -0.7461223541926054 -0.2910403231660526
v 2.7970562004058115 -2.1888525649517048 -2.7233792208585990
vn -0.5988297412589971 -0.7461220085131670 -0.2910410441775527
v 2.4775139779236501 -2.0698355214440287 -2.3710213166811904
vn -0.5988299506488852 -0.7461221244320788 -0.2910403161742632
v 0.5347288086266773 -1.1975438768248095 -0.6098864143188291
vn -0.5988294192618698 -0.7461228610047431 -0.2910395212210683
v 0.4678500000000000 -1.0862410000000000 -0.7576200000000000
vn -0.5988300124826869 -0.7461221540313180 -0.2910401130663112
v 1.1022596665350060 -1.4548302239861479 -1.1180220786560056
vn -0.5988294313440047 -0.7461225542083182 -0.2910402828782833
v 1.9751569247067826 -1.8528383163543123 -1.8937029490396469
vn -0.5988298312564595 -0.7461219429608791 -0.2910410270557108
v 0.4274880000000000 -0.8846590000000000 -1.1913600000000000
vn -0.5988295670406591 -0.7461228605450193 -0.2910392183366605
v 0.8607692207114110 -1.1677783454031025 -1.3570398047176104
vn -0.5988300416111182 -0.7461218260048763 -0.2910408940736261
v 1.3239803673024375 -1.3998952246583045 -1.7150559472458988
vn -0.5988293498840106 -0.7461226937573905 -0.2910400927324420
v 2.1214994995787735 -1.8370614238619758 -2.2352556549988627
vn -0.5988294215223244 -0.7461227834659754 -0.2910397153520864
v 0.4208911582703964 -0.9952048330405876 -0.8943868391295122
vn -0.5988297588056746 -0.7461222418190834 -0.2910404099632951
v 1.7688872701667253 -1.6892889140926552 -1.8885747013457557
vn -0.2798546615241008 -0.9383561016052668 0.2029019344496180
v 4.1343524793547397 -2.9838758609378195 -3.4367795452022554
vn 0.1462131617070952 -0.7715032196114537 0.6191966516970000
v 3.8077536363602538 -2.6344892875957213 -2.9243303010322781
vn 0.1462121470394146 -0.7715035367041694 0.6191964962038166
v 3.2343816020912075 -2.3064527985334675 -2.3802136880850600
vn 0.1462125217569801 -0.7715035180844114 0.6191964309206255
v 2.9535400479193070 -2.0658856308138631 -2.0141572032850448
vn 0.1462127770327231 -0.7715031950064497 0.6191967731886360
v 3.0113907816437959 -2.3119636235373942 -2.3344253565860931
vn 0.1462116782176860 -0.7715039828471593 0.6191960510240176
v 0.9263569039140646 -1.0522902950688966 -0.2725570111933556
vn 0.5651889915503744 -0.3490909142115315 0.7474603249974061
v 1.3863111746534098 -0.8847940392029426 -0.1724726593758336
vn 0.1462137170502796 -0.7715028747991831 0.6191969501886593
v 1.2181003321578532 -1.0365516587564021 -0.3218373295740273
vn 0.1462137518367068 -0.7715028619111657 0.6191969580325107
v 2.5636700105949815 -1.8340094175051740 -1.6331834071697158
vn 0.1462146736618488 -0.7715025143334185 0.6191971734295727
v 1.4311833634665001 -1.0913806337927414 -0.4404698866375125
vn 0.1462137426350928 -0.7715027387363793 0.6191971136777890
v 1.9566049999999999 -1.8504499999999999 -1.5103210000000000
vn -0.1227416109439683 -0.9170111629399118 0.3795062897851232
v 2.5668929111707914 -2.2344580620450438 -2.1328931439374506
vn 0.1462131787454049 -0.7715032219795899 0.6191966447230441
v 1.0336499376512365 -1.3792951599617367 -0.7053326782233340
vn 0.1462120694732658 -0.7715043800411258 0.6191954637412188
v 1.8599880000000000 -1.7192890000000001 -1.3240820000000000
vn 0.1462127901131158 -0.7715035876954747 0.6191962808192156
v 2.4975009411798985 -2.0386129644549742 -1.8724906094911011
vn 0.1462126363991180 -0.7715037584710466 0.6191961043338921
v 1.0264581675504314 -1.2087572793151788 -0.4911492776883229
vn 0.1462137753358300 -0.7715029294753950 0.6191968683003225
v 1.9408082419526209 -1.6672965508421556 -1.2783853244110990
vn 0.1462134270871547 -0.7715031952210366 0.6191966194216183
v 2.1769157551118239 -1.7699895962862695 -1.4620915994309369
vn 0.7444796033758234 0.6445819451634816 0.1739661924818696
v 3.2457545400129697 -1.6253960262605571 -2.3276722867899822
vn 0.7444803499412853 0.6445805446665746 0.1739681867142475
v 2.7494019535283774 -1.1852449012029005 -1.8344124843349048
vn 0.7748048686182220 0.2026341764200620 0.5988462291039856
v 3.9345270000000001 -2.4762110000000002 -2.9309349999999998
vn 0.7748047451432236 0.2026315942600242 0.5988472625897069
v 3.5440420000000001 -2.1115499999999998 -2.5491050000000000
vn 0.7748048707844649 0.2026329083234987 0.5988466553910353
v 2.9321068080986374 -1.5339461813584527 -1.9528114403737376
vn 0.7748048459810249 0.2026333437833686 0.5988465401348591
v 3.4277359999999999 -2.1447609999999999 -2.3873880000000001
vn 0.7748047137824723 0.2026308505624932 0.5988475548090531
v 3.1238350715234766 -1.8480547702307419 -2.0945880212597681
vn 0.7748047817583186 0.2026335469590493 0.5988465544788907
v 2.2656524370510729 -1.0415009283294536 -1.2571626104133304
vn 0.7748045880008120 0.2026312600222054 0.5988475790004543
v 1.4171419999999999 -0.1251280000000000 -0.4694110000000000
vn 0.7748048326049939 0.2026329723237164 0.5988466831328395
v 1.3313021573799348 -0.1974248635961128 -0.3338850039362554
vn 0.7748044587153333 0.2026318688743469 0.5988475402565572
v 1.9593485589378585 -0.6405061545830120 -0.9965441056785048
vn 0.7748048399953641 0.2026321067500265 0.5988469664562093
v 1.4103575230247447 -0.4855163770130789 -0.3386880732343586
vn 0.7748045118278343 0.2026334102095682 0.5988469499947982
v 1.9736328263526581 -0.9694886748081853 -0.9037064476102639
vn 0.7748044753047288 0.2026308940117426 0.5988478486558716
v 2.1562687642837548 -1.2581361299132385 -1.0423355128824883
vn 0.7748046754363559 0.2026312851341351 0.5988474573769618
v 2.9250980000000002 -1.8182799999999999 -1.8475330000000001
vn 0.7748048080603251 0.2026326499349088 0.5988468239766823
v 1.3026804434661328 -0.7059766983620337 -0.1247752007086594
vn 0.7748046473001212 0.2026324605312128 0.5988470960614247
v 2.2699619012691441 -1.2604137662469690 -1.1886637587546462
vn 0.7748044966944635 0.2026294699930000 0.5988483028216705
v 2.7113189582047816 -1.5888464289260713 -1.6485723221529518
vn 0.4336606367783526 0.8436773329130299 -0.3164601239299353
v 3.7252021939285460 -2.1521239395800849 -3.0749073404422265
vn 0.4336601752002840 0.8436772411010626 -0.3164610012203062
v 3.4777642920824769 -1.9527246393320543 -2.8823876061692091
vn 0.4336601435830983 0.8436770046435867 -0.3164616749357057
v 2.7238643794619470 -1.3888111394491400 -2.4121126282233347
vn 0.4336608393835364 0.8436769737888623 -0.3164608037081903
v 2.8212717245574472 -1.3859397730866547 -2.2709739227588908
vn 0.4336605784043393 0.8436771732390761 -0.3164606296102818
v 2.3338521611838079 -1.0442234149334271 -2.0279013678552453
vn 0.4336608468249777 0.8436770716697516 -0.3164605325625865
v 0.9621750000000000 -0.0247550000000000 -1.1896920000000000
vn 0.4336613737310061 0.8436770144157740 -0.3164599631552506
v 0.9945310000000001 0.0049020000000000 -1.0662870000000000
vn 0.4336604365827959 0.8436772421201053 -0.3164606403195062
v 1.5727510427600147 -0.4952566382787075 -1.6073386528371802
vn 0.4336604547403541 0.8436770533120077 -0.3164611187952746
v 1.6654797280358091 -0.4573781770016342 -1.3792830251764274
vn 0.4336606452464905 0.8436774319822639 -0.3164598482085999
v 2.0972335458035056 -0.7898107650589812 -1.6738900770274461
vn 0.4336598307024073 0.8436772910836857 -0.3164613400478063
v 1.7344065572801903 -0.3976940219838394 -1.1257123062555854
vn 0.4336592421382737 0.8436775033188824 -0.3164615807672004
v 2.0941536121522892 -0.6868631833725192 -1.4036553864006351
vn 0.4336607501596184 0.8436771446710114 -0.3164604704078635
v 2.7812440114850685 -1.2698860065249977 -2.0164312058956817
vn 0.4336604417111237 0.8436770245285260 -0.3164612133857890
v 1.4178444977212092 -0.2444936894735986 -1.1510852506367051
vn 0.4336615435785539 0.8436769082991776 -0.3164600133094336
v 1.4940220912229960 -0.2365158962228654 -1.0254269697069556
vn 0.4336599854892156 0.8436772618316237 -0.3164612059222854
v 2.4953677101017497 -1.0774013708718917 -1.8950199089647974
vn 0.1865175757172391 -0.7934713453121720 0.5793223784017461
v -0.1155464216196129 0.6942843809077671 -0.3896925162286690
vn 0.1865165398588876 -0.7934708306016706 0.5793234168781398
v -0.0116799113669760 0.8159345628890677 -0.2565139323389476
vn 0.4875643880691154 -0.8449759804110284 0.2197647833826210
v -0.5309522720445327 0.5968376143212279 -0.3894170971550405
vn 0.1865172382998574 -0.7934715724596509 0.5793221759223474
v -0.3483950575655921 0.5491574279040690 -0.5134979794951606
vn 0.1865166315580240 -0.7934712370696592 0.5793228306353835
v 0.0568025541236707 0.5688891755497020 -0.6169290987019400
vn 0.1782392911254400 -0.7989144888046140 -0.5744270142299741
v -0.0233820067841631 0.8661931653873003 0.1851753082478159
vn 0.1782386407157714 -0.7989138579690027 -0.5744280934119415
v -0.0210184446520395 0.7264392800245439 0.3802782191962866
vn 0.1782390352456647 -0.7989138096716886 -0.5744280381654117
v 0.0491553577405218 0.5471983027136919 0.6513409604359123
vn 0.1782357073580960 -0.7989138280439749 -0.5744290452115746
v -0.2490759600343586 0.7412106198919968 0.2889703591399817
vn 0.1782379458222097 -0.7989144982347696 -0.5744274185476919
v -0.4166531484616569 0.5562094316443010 0.4942735050785664
vn 0.1782384992839423 -0.7989144812502404 -0.5744272704369695
v -0.1567255775933055 0.5754526370691018 0.5481623412458912
vn -0.4889217697449032 -0.7952508148779761 -0.3585131022786013
v 0.2232465144525509 0.7794811271404771 0.2008534022475946
vn -0.4889218754562654 -0.7952505903872964 -0.3585134560779896
v 0.6432964475427158 0.5126014139970514 0.2200020155203798
vn -0.4889215448024039 -0.7952506894669223 -0.3585136872288359
v 0.3734754007774801 0.5342856613588235 0.5398692500229176
vn -0.4889222060211466 -0.7952504060825503 -0.3585134140934680
v 0.3299303413406175 0.6679428190782617 0.3027762480435873
# 1363 vertices, 0 vertices normals

f 432//432 431//431 114//114
f 268//268 958//958 22//22
f 269//269 429//429 268//268
f 270//270 429//429 269//269
f 431//431 429//429 270//270
f 429//429 30//30 958//958
f 429//429 31//31 30//30
f 429//429 32//32 31//31
f 1174//1174 272//272 18//18
f 457//457 430//430 1174//1174
f 113//113 432//432 114//114
f 114//114 271//271 430//430
f 34//34 110//110 17//17
f 1351//1351 432//432 34//34
f 33//33 432//432 1351//1351
f 32//32 432//432 33//33
f 432//432 111//111 110//110
f 432//432 112//112 111//111
f 432//432 113//113 112//112
f 29//29 48//48 22//22
f 27//27 433//433 28//28
f 26//26 433//433 27//27
f 28//28 47//47 48//48
f 28//28 46//46 47//47
f 433//433 45//45 46//46
f 477//477 23//23 11//11
f 50//50 434//434 49//49
f 51//51 434//434 50//50
f 49//49 24//24 23//23
f 434//434 25//25 24//24
f 434//434 26//26 25//25
f 42//42 54//54 20//20
f 43//43 435//435 42//42
f 44//44 435//435 43//43
f 45//45 436//436 44//44
f 435//435 53//53 54//54
f 435//435 52//52 53//53
f 436//436 51//51 52//52
f 61//61 60//60 20//20
f 62//62 438//438 61//61
f 63//63 438//438 62//62
f 64//64 437//437 63//63
f 438//438 59//59 60//60
f 438//438 58//58 59//59
f 438//438 1069//1069 58//58
f 68//68 67//67 12//12
f 442//442 439//439 68//68
f 69//69 439//439 442//442
f 70//70 439//439 69//69
f 439//439 66//66 67//67
f 439//439 65//65 66//66
f 439//439 64//64 65//65
f 55//55 73//73 19//19
f 56//56 437//437 55//55
f 57//57 437//437 56//56
f 1069//1069 437//437 57//57
f 437//437 72//72 73//73
f 437//437 71//71 72//72
f 437//437 70//70 71//71
f 443//443 445//445 441//441
f 73//73 79//79 19//19
f 72//72 440//440 73//73
f 71//71 440//440 72//72
f 70//70 441//441 71//71
f 441//441 78//78 440//440
f 441//441 77//77 78//78
f 80//80 68//68 12//12
f 490//490 442//442 80//80
f 81//81 442//442 490//490
f 446//446 443//443 81//81
f 443//443 69//69 442//442
f 443//443 70//70 69//69
f 74//74 83//83 13//13
f 75//75 444//444 74//74
f 76//76 445//445 75//75
f 77//77 445//445 76//76
f 445//445 82//82 444//444
f 94//94 451//451 449//449
f 449//449 448//448 450//450
f 449//449 451//451 447//447
f 79//79 90//90 19//19
f 440//440 447//447 79//79
f 78//78 447//447 440//440
f 77//77 447//447 78//78
f 447//447 89//89 90//90
f 447//447 88//88 89//89
f 447//447 87//87 88//88
f 91//91 74//74 13//13
f 92//92 450//450 91//91
f 93//93 450//450 92//92
f 450//450 75//75 74//74
f 450//450 76//76 75//75
f 450//450 77//77 76//76
f 84//84 96//96 18//18
f 85//85 770//770 84//84
f 86//86 451//451 85//85
f 87//87 451//451 86//86
f 451//451 95//95 770//770
f 451//451 94//94 95//95
f 96//96 102//102 18//18
f 770//770 452//452 96//96
f 95//95 452//452 770//770
f 452//452 453//453 102//102
f 452//452 100//100 101//101
f 103//103 91//91 13//13
f 104//104 455//455 103//103
f 105//105 455//455 104//104
f 106//106 454//454 105//105
f 455//455 92//92 91//91
f 455//455 93//93 92//92
f 455//455 94//94 93//93
f 97//97 109//109 14//14
f 98//98 456//456 97//97
f 99//99 456//456 98//98
f 100//100 456//456 99//99
f 456//456 108//108 109//109
f 456//456 107//107 108//108
f 456//456 106//106 107//107
f 101//101 459//459 457//457
f 116//116 461//461 460//460
f 102//102 1174//1174 18//18
f 453//453 457//457 102//102
f 100//100 459//459 101//101
f 459//459 114//114 457//457
f 459//459 113//113 114//114
f 115//115 97//97 14//14
f 864//864 460//460 115//115
f 116//116 460//460 864//864
f 460//460 98//98 97//97
f 460//460 99//99 98//98
f 461//461 100//100 99//99
f 110//110 119//119 17//17
f 111//111 462//462 110//110
f 112//112 462//462 111//111
f 113//113 462//462 112//112
f 462//462 118//118 119//119
f 462//462 1195//1195 118//118
f 119//119 123//123 17//17
f 118//118 464//464 119//119
f 1195//1195 464//464 118//118
f 117//117 464//464 1195//1195
f 464//464 1160//1160 123//123
f 464//464 465//465 1160//1160
f 124//124 115//115 14//14
f 125//125 467//467 124//124
f 126//126 467//467 125//125
f 127//127 467//467 126//126
f 467//467 864//864 115//115
f 467//467 116//116 864//864
f 467//467 117//117 116//116
f 120//120 130//130 15//15
f 122//122 466//466 121//121
f 121//121 129//129 130//130
f 466//466 128//128 129//129
f 466//466 127//127 128//128
f 469//469 471//471 470//470
f 123//123 35//35 17//17
f 1160//1160 468//468 123//123
f 465//465 468//468 1160//1160
f 471//471 468//468 465//465
f 468//468 36//36 35//35
f 468//468 37//37 36//36
f 468//468 38//38 37//37
f 131//131 120//120 15//15
f 476//476 470//470 131//131
f 132//132 470//470 476//476
f 133//133 469//469 132//132
f 470//470 121//121 120//120
f 470//470 122//122 121//121
f 41//41 136//136 11//11
f 40//40 472//472 41//41
f 39//39 472//472 40//40
f 38//38 469//469 39//39
f 472//472 135//135 136//136
f 472//472 134//134 135//135
f 472//472 133//133 134//134
f 136//136 142//142 11//11
f 135//135 474//474 136//136
f 134//134 474//474 135//135
f 133//133 474//474 134//134
f 474//474 141//141 142//142
f 474//474 140//140 141//141
f 475//475 139//139 140//140
f 143//143 131//131 15//15
f 506//506 476//476 143//143
f 144//144 476//476 506//506
f 145//145 473//473 144//144
f 473//473 132//132 476//476
f 473//473 133//133 132//132
f 478//478 148//148 16//16
f 137//137 475//475 478//478
f 138//138 475//475 137//137
f 139//139 475//475 138//138
f 475//475 147//147 148//148
f 475//475 146//146 147//147
f 473//473 145//145 146//146
f 479//479 482//482 481//481
f 142//142 477//477 11//11
f 141//141 477//477 142//142
f 140//140 479//479 141//141
f 479//479 50//50 49//49
f 481//481 51//51 50//50
f 149//149 478//478 16//16
f 150//150 478//478 149//149
f 151//151 482//482 150//150
f 152//152 482//482 151//151
f 482//482 138//138 137//137
f 479//479 139//139 138//138
f 54//54 1018//1018 20//20
f 53//53 480//480 54//54
f 52//52 481//481 53//53
f 51//51 481//481 52//52
f 481//481 153//153 480//480
f 482//482 152//152 153//153
f 1018//1018 61//61 20//20
f 480//480 483//483 1018//1018
f 153//153 483//483 480//480
f 152//152 483//483 153//153
f 483//483 62//62 61//61
f 483//483 63//63 62//62
f 484//484 64//64 63//63
f 692//692 149//149 16//16
f 512//512 485//485 692//692
f 154//154 485//485 512//512
f 155//155 485//485 154//154
f 485//485 150//150 149//149
f 485//485 151//151 150//150
f 485//485 152//152 151//151
f 67//67 157//157 12//12
f 66//66 486//486 67//67
f 65//65 486//486 66//66
f 64//64 484//484 65//65
f 486//486 510//510 157//157
f 486//486 156//156 510//510
f 486//486 155//155 156//156
f 492//492 493//493 488//488
f 491//491 492//492 490//490
f 491//491 493//493 492//492
f 165//165 164//164 21//21
f 1135//1135 487//487 165//165
f 166//166 487//487 1135//1135
f 167//167 487//487 166//166
f 487//487 163//163 164//164
f 487//487 162//162 163//163
f 487//487 161//161 162//162
f 83//83 170//170 13//13
f 444//444 488//488 83//83
f 82//82 488//488 444//444
f 446//446 492//492 82//82
f 488//488 169//169 170//170
f 489//489 168//168 169//169
f 489//489 167//167 168//168
f 158//158 80//80 12//12
f 159//159 490//490 158//158
f 160//160 491//491 159//159
f 161//161 491//491 160//160
f 492//492 81//81 490//490
f 492//492 446//446 81//81
f 496//496 495//495 494//494
f 1202//1202 165//165 21//21
f 498//498 494//494 1202//1202
f 171//171 494//494 498//498
f 172//172 494//494 171//171
f 494//494 1135//1135 165//165
f 494//494 166//166 1135//1135
f 494//494 167//167 166//166
f 109//109 175//175 14//14
f 107//107 496//496 108//108
f 106//106 495//495 107//107
f 108//108 174//174 175//175
f 108//108 173//173 174//174
f 496//496 172//172 173//173
f 170//170 103//103 13//13
f 169//169 497//497 170//170
f 168//168 497//497 169//169
f 167//167 497//497 168//168
f 497//497 104//104 103//103
f 497//497 105//105 104//104
f 497//497 106//106 105//105
f 176//176 1202//1202 21//21
f 177//177 498//498 176//176
f 178//178 498//498 177//177
f 508//508 498//498 178//178
f 499//499 171//171 498//498
f 500//500 172//172 171//171
f 130//130 181//181 15//15
f 129//129 499//499 130//130
f 128//128 499//499 129//129
f 127//127 499//499 128//128
f 499//499 180//180 181//181
f 499//499 179//179 180//180
f 499//499 508//508 179//179
f 175//175 124//124 14//14
f 174//174 501//501 175//175
f 173//173 501//501 174//174
f 172//172 502//502 173//173
f 501//501 125//125 124//124
f 501//501 126//126 125//125
f 502//502 127//127 126//126
f 505//505 507//507 504//504
f 182//182 176//176 21//21
f 183//183 504//504 182//182
f 503//503 504//504 183//183
f 504//504 177//177 176//176
f 504//504 178//178 177//177
f 148//148 187//187 16//16
f 147//147 505//505 148//148
f 146//146 505//505 147//147
f 145//145 505//505 146//146
f 505//505 186//186 187//187
f 505//505 185//185 186//186
f 505//505 184//184 185//185
f 181//181 143//143 15//15
f 180//180 506//506 181//181
f 179//179 507//507 180//180
f 508//508 507//507 179//179
f 507//507 144//144 506//506
f 507//507 145//145 144//144
f 164//164 182//182 21//21
f 163//163 509//509 164//164
f 162//162 509//509 163//163
f 161//161 511//511 162//162
f 509//509 183//183 182//182
f 509//509 503//503 183//183
f 509//509 184//184 503//503
f 157//157 158//158 12//12
f 510//510 511//511 157//157
f 155//155 511//511 156//156
f 511//511 159//159 158//158
f 511//511 160//160 159//159
f 511//511 161//161 160//160
f 187//187 692//692 16//16
f 186//186 512//512 187//187
f 185//185 513//513 186//186
f 184//184 513//513 185//185
f 513//513 154//154 512//512
f 513//513 155//155 154//154
f 515//515 517//517 514//514
f 193//193 519//519 516//516
f 516//516 518//518 517//517
f 520//520 524//524 523//523
f 521//521 530//530 525//525
f 524//524 532//532 523//523
f 528//528 530//530 529//529
f 526//526 531//531 530//530
f 527//527 532//532 531//531
f 523//523 519//519 193//193
f 529//529 530//530 522//522
f 519//519 190//190 518//518
f 531//531 532//532 525//525
f 514//514 191//191 1//1
f 193//193 516//516 192//192
f 514//514 518//518 191//191
f 55//55 520//520 19//19
f 56//56 520//520 55//55
f 57//57 524//524 56//56
f 1069//1069 521//521 57//57
f 520//520 523//523 194//194
f 20//20 526//526 60//60
f 189//189 527//527 526//526
f 60//60 528//528 59//59
f 59//59 529//529 58//58
f 58//58 522//522 1069//1069
f 534//534 536//536 533//533
f 538//538 537//537 534//534
f 535//535 539//539 538//538
f 541//541 544//544 543//543
f 542//542 549//549 544//544
f 544//544 550//550 545//545
f 520//520 546//546 548//548
f 548//548 550//550 549//549
f 546//546 540//540 550//550
f 545//545 540//540 535//535
f 538//538 547//547 537//537
f 195//195 514//514 1//1
f 551//551 533//533 195//195
f 196//196 534//534 551//551
f 533//533 515//515 514//514
f 536//536 192//192 515//515
f 537//537 193//193 192//192
f 18//18 541//541 198//198
f 85//85 541//541 84//84
f 86//86 541//541 85//85
f 198//198 543//543 197//197
f 197//197 545//545 560//560
f 560//560 535//535 196//196
f 19//19 520//520 90//90
f 194//194 546//546 520//520
f 194//194 547//547 546//546
f 90//90 548//548 89//89
f 89//89 549//549 88//88
f 88//88 542//542 87//87
f 553//553 554//554 552//552
f 557//557 562//562 558//558
f 559//559 556//556 563//563
f 558//558 556//556 555//555
f 563//563 558//558 562//562
f 553//553 560//560 554//554
f 555//555 561//561 553//553
f 564//564 195//195 1//1
f 199//199 552//552 564//564
f 200//200 553//553 199//199
f 552//552 196//196 551//551
f 17//17 557//557 202//202
f 111//111 562//562 557//557
f 202//202 558//558 201//201
f 201//201 555//555 200//200
f 18//18 559//559 1174//1174
f 198//198 561//561 559//559
f 559//559 457//457 1174//1174
f 563//563 114//114 457//457
f 114//114 562//562 113//113
f 578//578 566//566 565//565
f 203//203 567//567 578//578
f 568//568 571//571 569//569
f 573//573 571//571 570//570
f 567//567 574//574 566//566
f 569//569 571//571 567//567
f 575//575 564//564 1//1
f 576//576 564//564 575//575
f 565//565 199//199 564//564
f 566//566 200//200 199//199
f 11//11 568//568 204//204
f 40//40 570//570 568//568
f 39//39 572//572 570//570
f 204//204 569//569 203//203
f 202//202 35//35 17//17
f 202//202 573//573 572//572
f 201//201 574//574 573//573
f 572//572 36//36 35//35
f 572//572 37//37 36//36
f 572//572 38//38 37//37
f 577//577 578//578 576//576
f 580//580 583//583 582//582
f 582//582 585//585 584//584
f 586//586 590//590 588//588
f 587//587 591//591 590//590
f 584//584 579//579 577//577
f 588//588 583//583 581//581
f 590//590 585//585 583//583
f 579//579 589//589 578//578
f 191//191 575//575 1//1
f 518//518 575//575 191//191
f 190//190 577//577 518//518
f 20//20 580//580 188//188
f 52//52 581//581 580//580
f 188//188 582//582 189//189
f 189//189 584//584 190//190
f 11//11 586//586 477//477
f 204//204 587//587 586//586
f 203//203 589//589 587//587
f 203//203 578//578 589//589
f 477//477 588//588 49//49
f 49//49 588//588 50//50
f 50//50 581//581 51//51
f 594//594 595//595 593//593
f 596//596 597//597 595//595
f 598//598 600//600 599//599
f 598//598 601//601 600//600
f 81//81 604//604 601//601
f 599//599 596//596 594//594
f 603//603 597//597 605//605
f 602//602 601//601 604//604
f 600//600 605//605 596//596
f 208//208 207//207 220//220
f 209//209 592//592 208//208
f 12//12 598//598 211//211
f 490//490 81//81 598//598
f 211//211 599//599 210//210
f 210//210 594//594 209//209
f 13//13 602//602 83//83
f 205//205 597//597 603//603
f 205//205 595//595 597//597
f 83//83 604//604 444//444
f 444//444 604//604 82//82
f 82//82 604//604 446//446
f 206//206 607//607 606//606
f 610//610 612//612 205//205
f 212//212 615//615 613//613
f 205//205 608//608 206//206
f 608//608 615//615 607//607
f 615//615 608//608 613//613
f 207//207 215//215 220//220
f 592//592 606//606 207//207
f 206//206 606//606 592//592
f 606//606 214//214 215//215
f 607//607 213//213 214//214
f 13//13 610//610 603//603
f 104//104 609//609 610//610
f 603//603 610//610 205//205
f 14//14 614//614 109//109
f 614//614 108//108 109//109
f 108//108 614//614 107//107
f 107//107 609//609 106//106
f 617//617 621//621 616//616
f 618//618 619//619 617//617
f 620//620 622//622 619//619
f 624//624 629//629 626//626
f 627//627 630//630 629//629
f 217//217 628//628 630//630
f 625//625 620//620 618//618
f 622//622 628//628 621//621
f 620//620 630//630 622//622
f 214//214 617//617 215//215
f 213//213 617//617 214//214
f 616//616 219//219 220//220
f 621//621 218//218 219//219
f 14//14 623//623 212//212
f 125//125 624//624 623//623
f 212//212 625//625 213//213
f 635//635 130//130 15//15
f 216//216 217//217 627//627
f 627//627 129//129 130//130
f 629//629 128//128 129//129
f 128//128 624//624 127//127
f 634//634 633//633 632//632
f 632//632 633//633 223//223
f 636//636 638//638 637//637
f 636//636 643//643 638//638
f 639//639 642//642 641//641
f 641//641 642//642 643//643
f 637//637 638//638 634//634
f 642//642 638//638 643//643
f 634//634 640//640 633//633
f 638//638 640//640 634//634
f 219//219 631//631 220//220
f 218//218 632//632 219//219
f 143//143 636//636 635//635
f 144//144 643//643 636//636
f 635//635 637//637 216//216
f 216//216 634//634 217//217
f 217//217 634//634 218//218
f 16//16 639//639 148//148
f 222//222 640//640 639//639
f 148//148 641//641 147//147
f 147//147 643//643 146//146
f 146//146 643//643 145//145
f 650//650 655//655 651//651
f 655//655 656//656 649//649
f 653//653 656//656 652//652
f 653//653 648//648 656//656
f 652//652 656//656 655//655
f 651//651 649//649 645//645
f 645//645 210//210 647//647
f 649//649 656//656 648//648
f 644//644 208//208 220//220
f 223//223 646//646 644//644
f 646//646 209//209 208//208
f 692//692 221//221 16//16
f 512//512 650//650 692//692
f 154//154 650//650 512//512
f 154//154 654//654 650//650
f 221//221 651//651 222//222
f 222//222 645//645 223//223
f 12//12 652//652 157//157
f 211//211 653//653 652//652
f 157//157 654//654 510//510
f 510//510 654//654 156//156
f 156//156 654//654 155//155
f 658//658 659//659 228//228
f 230//230 660//660 658//658
f 661//661 660//660 230//230
f 660//660 667//667 659//659
f 661//661 657//657 660//660
f 662//662 664//664 661//661
f 665//665 670//670 669//669
f 224//224 666//666 670//670
f 669//669 664//664 663//663
f 670//670 657//657 664//664
f 228//228 227//227 2//2
f 659//659 226//226 227//227
f 11//11 662//662 232//232
f 24//24 663//663 662//662
f 25//25 668//668 663//663
f 232//232 661//661 231//231
f 231//231 661//661 230//230
f 22//22 665//665 29//29
f 225//225 666//666 224//224
f 225//225 667//667 666//666
f 29//29 669//669 28//28
f 28//28 668//668 27//27
f 27//27 668//668 26//26
f 678//678 677//677 675//675
f 673//673 231//231 672//672
f 676//676 679//679 673//673
f 681//681 228//228 2//2
f 233//233 671//671 681//681
f 234//234 673//673 233//233
f 671//671 229//229 228//228
f 672//672 230//230 229//229
f 16//16 677//677 235//235
f 137//137 675//675 677//677
f 674//674 676//676 234//234
f 11//11 678//678 142//142
f 232//232 679//679 678//678
f 142//142 675//675 141//141
f 141//141 675//675 140//140
f 140//140 675//675 139//139
f 685//685 684//684 683//683
f 685//685 695//695 684//684
f 686//686 695//695 685//685
f 687//687 690//690 689//689
f 688//688 691//691 690//690
f 692//692 693//693 696//696
f 693//693 680//680 691//691
f 686//686 694//694 695//695
f 690//690 680//680 686//686
f 236//236 681//681 2//2
f 237//237 681//681 236//236
f 238//238 683//683 237//237
f 682//682 685//685 238//238
f 684//684 234//234 233//233
f 157//157 688//688 687//687
f 156//156 691//691 688//688
f 687//687 689//689 708//708
f 708//708 686//686 239//239
f 235//235 693//693 692//692
f 674//674 694//694 693//693
f 234//234 695//695 694//694
f 692//692 696//696 512//512
f 512//512 696//696 154//154
f 154//154 691//691 155//155
f 699//699 701//701 698//698
f 698//698 702//702 700//700
f 701//701 710//710 698//698
f 703//703 706//706 705//705
f 703//703 704//704 706//706
f 705//705 706//706 707//707
f 704//704 711//711 706//706
f 239//239 710//710 711//711
f 709//709 711//711 69//69
f 707//707 701//701 699//699
f 240//240 236//236 2//2
f 712//712 697//697 240//240
f 241//241 697//697 712//712
f 242//242 698//698 241//241
f 697//697 237//237 236//236
f 700//700 238//238 237//237
f 702//702 682//682 238//238
f 19//19 703//703 245//245
f 72//72 704//704 703//703
f 245//245 705//705 244//244
f 244//244 707//707 243//243
f 243//243 699//699 242//242
f 12//12 709//709 68//68
f 687//687 708//708 709//709
f 68//68 709//709 442//442
f 69//69 704//704 70//70
f 713//713 715//715 714//714
f 720//720 716//716 713//713
f 715//715 726//726 714//714
f 717//717 729//729 716//716
f 718//718 722//722 720//720
f 718//718 719//719 722//722
f 723//723 724//724 721//721
f 724//724 727//727 721//721
f 729//729 725//725 716//716
f 722//722 729//729 717//717
f 727//727 729//729 722//722
f 227//227 240//240 2//2
f 226//226 714//714 227//227
f 714//714 241//241 712//712
f 726//726 242//242 241//241
f 22//22 718//718 224//224
f 247//247 719//719 718//718
f 248//248 728//728 719//719
f 224//224 720//720 225//225
f 225//225 720//720 226//226
f 245//245 724//724 723//723
f 244//244 725//725 724//724
f 243//243 726//726 725//725
f 723//723 721//721 251//251
f 251//251 728//728 250//250
f 250//250 728//728 249//249
f 732//732 736//736 731//731
f 733//733 739//739 734//734
f 735//735 740//740 737//737
f 737//737 739//739 738//738
f 730//730 740//740 732//732
f 256//256 255//255 3//3
f 257//257 731//731 256//256
f 731//731 254//254 255//255
f 736//736 779//779 254//254
f 42//42 259//259 20//20
f 43//43 733//733 42//42
f 44//44 733//733 43//43
f 45//45 733//733 44//44
f 259//259 734//734 258//258
f 258//258 732//732 257//257
f 22//22 735//735 48//48
f 252//252 253//253 735//735
f 48//48 737//737 47//47
f 47//47 738//738 46//46
f 46//46 738//738 45//45
f 742//742 744//744 741//741
f 743//743 745//745 742//742
f 749//749 752//752 743//743
f 747//747 750//750 748//748
f 258//258 745//745 752//752
f 753//753 256//256 3//3
f 260//260 742//742 753//753
f 741//741 257//257 256//256
f 12//12 746//746 261//261
f 66//66 747//747 746//746
f 261//261 749//749 763//763
f 763//763 743//743 260//260
f 20//20 751//751 61//61
f 259//259 258//258 751//751
f 61//61 751//751 62//62
f 62//62 750//750 63//63
f 63//63 747//747 64//64
f 755//755 757//757 754//754
f 759//759 760//760 762//762
f 763//763 756//756 765//765
f 764//764 760//760 81//81
f 765//765 756//756 760//760
f 762//762 760//760 756//756
f 262//262 753//753 3//3
f 754//754 753//753 262//262
f 263//263 755//755 754//754
f 754//754 260//260 753//753
f 13//13 758//758 264//264
f 83//83 759//759 758//758
f 82//82 760//760 759//759
f 261//261 80//80 12//12
f 261//261 765//765 764//764
f 261//261 763//763 765//765
f 764//764 490//490 80//80
f 764//764 81//81 490//490
f 768//768 263//263 766//766
f 769//769 771//771 773//773
f 774//774 773//773 771//771
f 772//772 768//768 766//766
f 768//768 776//776 263//263
f 265//265 262//262 3//3
f 780//780 767//767 265//265
f 767//767 754//754 262//262
f 767//767 263//263 754//754
f 18//18 769//769 267//267
f 95//95 771//771 770//770
f 267//267 769//769 266//266
f 264//264 91//91 13//13
f 264//264 776//776 774//774
f 761//761 263//263 776//776
f 774//774 92//92 91//91
f 774//774 93//93 92//92
f 93//93 771//771 94//94
f 779//779 782//782 778//778
f 778//778 781//781 780//780
f 782//782 781//781 778//778
f 783//783 787//787 785//785
f 785//785 787//787 786//786
f 267//267 790//790 789//789
f 786//786 782//782 779//779
f 788//788 789//789 784//784
f 782//782 790//790 781//781
f 787//787 790//790 782//782
f 255//255 265//265 3//3
f 254//254 777//777 255//255
f 779//779 778//778 254//254
f 777//777 780//780 265//265
f 781//781 766//766 780//780
f 268//268 252//252 22//22
f 269//269 785//785 268//268
f 270//270 783//783 269//269
f 270//270 784//784 787//787
f 252//252 786//786 253//253
f 18//18 788//788 272//272
f 272//272 788//788 430//430
f 430//430 788//788 271//271
f 271//271 784//784 431//431
f 792//792 794//794 791//791
f 793//793 796//796 792//792
f 800//800 808//808 796//796
f 797//797 806//806 799//799
f 799//799 807//807 798//798
f 801//801 804//804 803//803
f 801//801 802//802 804//804
f 803//803 807//807 806//806
f 804//804 808//808 807//807
f 798//798 808//808 800//800
f 796//796 802//802 795//795
f 808//808 802//802 796//796
f 279//279 278//278 4//4
f 813//813 792//792 279//279
f 824//824 792//792 813//813
f 791//791 277//277 278//278
f 794//794 276//276 277//277
f 795//795 275//275 276//276
f 19//19 799//799 281//281
f 251//251 797//797 799//799
f 250//250 805//805 797//797
f 281//281 798//798 280//280
f 280//280 793//793 824//824
f 22//22 803//803 246//246
f 273//273 801//801 803//803
f 274//274 802//802 801//801
f 246//246 805//805 247//247
f 247//247 805//805 248//248
f 248//248 805//805 249//249
f 809//809 811//811 283//283
f 809//809 813//813 811//811
f 812//812 814//814 809//809
f 816//816 817//817 819//819
f 817//817 821//821 820//820
f 822//822 826//826 825//825
f 825//825 828//828 827//827
f 826//826 815//815 828//828
f 819//819 820//820 810//810
f 828//828 821//821 818//818
f 814//814 824//824 813//813
f 812//812 823//823 814//814
f 282//282 279//279 4//4
f 284//284 809//809 283//283
f 811//811 813//813 279//279
f 13//13 816//816 286//286
f 74//74 817//817 816//816
f 75//75 818//818 817//817
f 76//76 827//827 818//818
f 286//286 819//819 285//285
f 285//285 810//810 284//284
f 19//19 822//822 79//79
f 280//280 823//823 822//822
f 280//280 824//824 823//823
f 79//79 825//825 440//440
f 440//440 827//827 78//78
f 78//78 827//827 77//77
f 832//832 831//831 830//830
f 832//832 833//833 831//831
f 834//834 837//837 836//836
f 835//835 838//838 837//837
f 839//839 845//845 840//840
f 840//840 843//843 842//842
f 845//845 844//844 843//843
f 843//843 844//844 838//838
f 833//833 841//841 831//831
f 844//844 845//845 833//833
f 287//287 282//282 4//4
f 288//288 829//829 287//287
f 289//289 830//830 288//288
f 829//829 283//283 282//282
f 14//14 834//834 291//291
f 109//109 835//835 834//834
f 107//107 842//842 835//835
f 291//291 836//836 290//290
f 290//290 832//832 289//289
f 13//13 839//839 103//103
f 285//285 841//841 839//839
f 285//285 831//831 841//841
f 103//103 840//840 104//104
f 104//104 842//842 105//105
f 105//105 842//842 106//106
f 847//847 849//849 846//846
f 847//847 852//852 849//849
f 850//850 852//852 847//847
f 851//851 863//863 850//850
f 854//854 857//857 856//856
f 856//856 853//853 858//858
f 859//859 862//862 865//865
f 860//860 861//861 862//862
f 862//862 853//853 865//865
f 861//861 866//866 853//853
f 858//858 851//851 848//848
f 858//858 853//853 851//851
f 864//864 857//857 855//855
f 865//865 853//853 857//857
f 853//853 866//866 863//863
f 292//292 287//287 4//4
f 867//867 846//846 292//292
f 293//293 847//847 867//867
f 846//846 288//288 287//287
f 852//852 289//289 288//288
f 17//17 856//856 295//295
f 119//119 854//854 856//856
f 1195//1195 855//855 854//854
f 295//295 858//858 294//294
f 294//294 848//848 293//293
f 14//14 859//859 115//115
f 291//291 860//860 859//859
f 290//290 861//861 860//860
f 290//290 863//863 861//861
f 115//115 865//865 864//864
f 116//116 855//855 117//117
f 870//870 872//872 871//871
f 874//874 875//875 873//873
f 874//874 882//882 875//875
f 873//873 877//877 876//876
f 875//875 883//883 877//877
f 878//878 881//881 882//882
f 876//876 870//870 868//868
f 876//876 877//877 870//870
f 881//881 883//883 882//882
f 877//877 883//883 872//872
f 278//278 292//292 4//4
f 277//277 867//867 278//278
f 276//276 869//869 277//277
f 275//275 868//868 276//276
f 869//869 293//293 867//867
f 22//22 873//873 273//273
f 958//958 874//874 873//873
f 273//273 876//876 274//274
f 274//274 868//868 275//275
f 17//17 878//878 34//34
f 295//295 881//881 878//878
f 295//295 879//879 881//881
f 294//294 880//880 879//879
f 34//34 878//878 1351//1351
f 1351//1351 882//882 33//33
f 33//33 874//874 32//32
f 885//885 887//887 884//884
f 886//886 887//887 885//885
f 886//886 888//888 887//887
f 891//891 888//888 886//886
f 891//891 895//895 888//888
f 895//895 891//891 890//890
f 301//301 300//300 5//5
f 884//884 299//299 300//300
f 18//18 889//889 302//302
f 271//271 894//894 889//889
f 302//302 891//891 904//904
f 904//904 886//886 885//885
f 22//22 892//892 268//268
f 296//296 893//893 892//892
f 297//297 888//888 893//893
f 268//268 892//892 269//269
f 269//269 894//894 270//270
f 270//270 894//894 431//431
f 898//898 885//885 897//897
f 903//903 907//907 899//899
f 900//900 906//906 902//902
f 905//905 906//906 901//901
f 905//905 896//896 906//906
f 899//899 904//904 885//885
f 902//902 896//896 903//903
f 303//303 301//301 5//5
f 304//304 897//897 303//303
f 305//305 898//898 304//304
f 897//897 884//884 301//301
f 897//897 885//885 884//884
f 14//14 900//900 306//306
f 99//99 901//901 900//900
f 306//306 903//903 305//305
f 302//302 102//102 18//18
f 302//302 907//907 905//905
f 905//905 453//453 102//102
f 905//905 101//101 453//453
f 101//101 901//901 100//100
f 908//908 910//910 909//909
f 910//910 916//916 909//909
f 912//912 913//913 911//911
f 913//913 918//918 911//911
f 306//306 916//916 918//918
f 915//915 914//914 917//917
f 307//307 303//303 5//5
f 308//308 909//909 307//307
f 908//908 909//909 308//308
f 909//909 304//304 303//303
f 15//15 912//912 310//310
f 129//129 913//913 912//912
f 128//128 917//917 913//913
f 310//310 912//912 309//309
f 309//309 910//910 908//908
f 306//306 124//124 14//14
f 305//305 916//916 306//306
f 915//915 125//125 124//124
f 915//915 126//126 125//125
f 126//126 917//917 127//127
f 312//312 919//919 311//311
f 313//313 921//921 312//312
f 947//947 922//922 313//313
f 921//921 920//920 919//919
f 923//923 926//926 925//925
f 925//925 934//934 927//927
f 928//928 933//933 932//932
f 930//930 934//934 933//933
f 932//932 926//926 924//924
f 933//933 934//934 926//926
f 922//922 931//931 921//921
f 927//927 934//934 922//922
f 311//311 307//307 5//5
f 919//919 308//308 307//307
f 920//920 908//908 308//308
f 11//11 923//923 315//315
f 135//135 923//923 136//136
f 134//134 924//924 923//923
f 315//315 925//925 314//314
f 314//314 927//927 947//947
f 15//15 928//928 131//131
f 310//310 929//929 928//928
f 309//309 931//931 929//929
f 908//908 920//920 931//931
f 131//131 928//928 476//476
f 476//476 932//932 132//132
f 132//132 924//924 133//133
f 299//299 936//936 300//300
f 935//935 939//939 299//299
f 939//939 938//938 936//936
f 940//940 942//942 941//941
f 941//941 944//944 943//943
f 941//941 945//945 944//944
f 315//315 946//946 948//948
f 947//947 949//949 946//946
f 943//943 944//944 935//935
f 948//948 945//945 942//942
f 937//937 949//949 939//939
f 944//944 949//949 937//937
f 300//300 311//311 5//5
f 298//298 935//935 299//299
f 300//300 312//312 311//311
f 936//936 313//313 312//312
f 29//29 296//296 22//22
f 28//28 940//940 29//29
f 27//27 940//940 28//28
f 27//27 950//950 940//940
f 296//296 943//943 297//297
f 297//297 935//935 298//298
f 11//11 315//315 23//23
f 314//314 947//947 946//946
f 23//23 948//948 24//24
f 24//24 950//950 25//25
f 25//25 950//950 26//26
f 958//958 959//959 960//960
f 317//317 953//953 954//954
f 959//959 956//956 960//960
f 957//957 953//953 951//951
f 956//956 954//954 953//953
f 962//962 952//952 961//961
f 952//952 317//317 318//318
f 34//34 320//320 17//17
f 1351//1351 955//955 34//34
f 33//33 955//955 1351//1351
f 32//32 955//955 33//33
f 320//320 957//957 951//951
f 316//316 959//959 958//958
f 1000//1000 317//317 959//959
f 958//958 960//960 30//30
f 30//30 960//960 31//31
f 31//31 955//955 32//32
f 323//323 963//963 322//322
f 965//965 969//969 967//967
f 966//966 968//968 969//969
f 970//970 968//968 972//972
f 970//970 971//971 968//968
f 967//967 964//964 323//323
f 963//963 951//951 962//962
f 964//964 971//971 963//963
f 975//975 961//961 321//321
f 322//322 962//962 975//975
f 15//15 965//965 325//325
f 120//120 966//966 965//965
f 122//122 972//972 966//966
f 325//325 967//967 324//324
f 324//324 967//967 323//323
f 320//320 123//123 17//17
f 320//320 971//971 970//970
f 970//970 1160//1160 123//123
f 970//970 465//465 1160//1160
f 972//972 471//471 465//465
f 974//974 977//977 975//975
f 325//325 980//980 979//979
f 980//980 982//982 979//979
f 980//980 981//981 982//982
f 976//976 981//981 977//977
f 326//326 321//321 319//319
f 985//985 973//973 326//326
f 973//973 975//975 321//321
f 977//977 323//323 322//322
f 16//16 978//978 328//328
f 147//147 982//982 978//978
f 328//328 976//976 327//327
f 327//327 974//974 985//985
f 325//325 143//143 15//15
f 323//323 977//977 981//981
f 325//325 506//506 143//143
f 979//979 144//144 506//506
f 979//979 145//145 144//144
f 984//984 985//985 983//983
f 989//989 986//986 984//984
f 987//987 993//993 988//988
f 988//988 990//990 989//989
f 993//993 992//992 990//990
f 991//991 992//992 993//993
f 984//984 986//986 985//985
f 990//990 992//992 986//986
f 329//329 326//326 319//319
f 1004//1004 984//984 330//330
f 983//983 985//985 326//326
f 20//20 988//988 331//331
f 1018//1018 987//987 988//988
f 16//16 991//991 149//149
f 328//328 992//992 991//991
f 327//327 986//986 992//992
f 149//149 991//991 150//150
f 150//150 993//993 151//151
f 151//151 987//987 152//152
f 995//995 996//996 994//994
f 998//998 997//997 995//995
f 999//999 1002//1002 1000//1000
f 999//999 1005//1005 1002//1002
f 1000//1000 1002//1002 1001//1001
f 1003//1003 1002//1002 1005//1005
f 997//997 1004//1004 996//996
f 998//998 1006//1006 997//997
f 1002//1002 1006//1006 998//998
f 318//318 329//329 319//319
f 317//317 995//995 318//318
f 994//994 330//330 329//329
f 996//996 1004//1004 330//330
f 48//48 316//316 22//22
f 47//47 999//999 48//48
f 46//46 999//999 47//47
f 45//45 999//999 46//46
f 1000//1000 1001//1001 317//317
f 20//20 1003//1003 42//42
f 331//331 1006//1006 1003//1003
f 331//331 1004//1004 1006//1006
f 42//42 1005//1005 43//43
f 43//43 1005//1005 44//44
f 44//44 1005//1005 45//45
f 1010//1010 1012//1012 1009//1009
f 1009//1009 1011//1011 1008//1008
f 1012//1012 1011//1011 1009//1009
f 1014//1014 1016//1016 1017//1017
f 1015//1015 1019//1019 1016//1016
f 1018//1018 1022//1022 1019//1019
f 1020//1020 1013//1013 1022//1022
f 1017//1017 1013//1013 1010//1010
f 1012//1012 1020//1020 1011//1011
f 1022//1022 1013//1013 1016//1016
f 1023//1023 336//336 6//6
f 337//337 1007//1007 1023//1023
f 338//338 1009//1009 337//337
f 1007//1007 1064//1064 336//336
f 1008//1008 335//335 1064//1064
f 149//149 1014//1014 16//16
f 150//150 1014//1014 149//149
f 151//151 1015//1015 150//150
f 152//152 1015//1015 151//151
f 1014//1014 1017//1017 340//340
f 340//340 1017//1017 339//339
f 339//339 1010//1010 338//338
f 332//332 1022//1022 1018//1018
f 333//333 1020//1020 1022//1022
f 1018//1018 1019//1019 480//480
f 480//480 1021//1021 153//153
f 153//153 1021//1021 152//152
f 1024//1024 1026//1026 1023//1023
f 1025//1025 1028//1028 1026//1026
f 1033//1033 1028//1028 1025//1025
f 1029//1029 1032//1032 1031//1031
f 1032//1032 1034//1034 1033//1033
f 341//341 1023//1023 6//6
f 342//342 1024//1024 341//341
f 343//343 1024//1024 342//342
f 1026//1026 337//337 1023//1023
f 1027//1027 338//338 337//337
f 21//21 1029//1029 1031//1031
f 182//182 1030//1030 1029//1029
f 183//183 1036//1036 1030//1030
f 344//344 1025//1025 343//343
f 16//16 1035//1035 187//187
f 340//340 1034//1034 1035//1035
f 339//339 1027//1027 1034//1034
f 1035//1035 186//186 187//187
f 1035//1035 185//185 186//186
f 185//185 1036//1036 184//184
f 1038//1038 342//342 346//346
f 1037//1037 1047//1047 1039//1039
f 1040//1040 1043//1043 1042//1042
f 1041//1041 1044//1044 1043//1043
f 1045//1045 1044//1044 1048//1048
f 1046//1046 1047//1047 1049//1049
f 1048//1048 1044//1044 1041//1041
f 1038//1038 343//343 342//342
f 1049//1049 1037//1037 1044//1044
f 345//345 341//341 6//6
f 347//347 1038//1038 346//346
f 348//348 1039//1039 347//347
f 13//13 1040//1040 350//350
f 169//169 1041//1041 1040//1040
f 350//350 1040//1040 349//349
f 349//349 1042//1042 348//348
f 1031//1031 165//165 21//21
f 1031//1031 1046//1046 1045//1045
f 344//344 1047//1047 1046//1046
f 344//344 343//343 1047//1047
f 1045//1045 1135//1135 165//165
f 1045//1045 166//166 1135//1135
f 1048//1048 167//167 166//166
f 1052//1052 1053//1053 1050//1050
f 1056//1056 1063//1063 1058//1058
f 349//349 1060//1060 1062//1062
f 349//349 1059//1059 1060//1060
f 1058//1058 1052//1052 1051//1051
f 1058//1058 1054//1054 1052//1052
f 1054//1054 1059//1059 1053//1053
f 1060//1060 1063//1063 1057//1057
f 351//351 345//345 6//6
f 1066//1066 1050//1050 351//351
f 1051//1051 1052//1052 1066//1066
f 1050//1050 346//346 345//345
f 1050//1050 347//347 346//346
f 1053//1053 348//348 347//347
f 79//79 1056//1056 1055//1055
f 78//78 1061//1061 1056//1056
f 1055//1055 1056//1056 352//352
f 13//13 1062//1062 74//74
f 350//350 349//349 1062//1062
f 348//348 1059//1059 349//349
f 74//74 1062//1062 75//75
f 75//75 1061//1061 76//76
f 76//76 1061//1061 77//77
f 1065//1065 1066//1066 1064//1064
f 1065//1065 1051//1051 1066//1066
f 1067//1067 1051//1051 1065//1065
f 1068//1068 1071//1071 333//333
f 1073//1073 1076//1076 1075//1075
f 1075//1075 1070//1070 1069//1069
f 1075//1075 1071//1071 1070//1070
f 1067//1067 1074//1074 1051//1051
f 336//336 351//351 6//6
f 335//335 1065//1065 1064//1064
f 60//60 332//332 20//20
f 58//58 1068//1068 59//59
f 1069//1069 1068//1068 58//58
f 332//332 1068//1068 333//333
f 334//334 1067//1067 335//335
f 19//19 1072//1072 55//55
f 352//352 1074//1074 1072//1072
f 55//55 1072//1072 56//56
f 56//56 1075//1075 57//57
f 357//357 1080//1080 1077//1077
f 1079//1079 1082//1082 1081//1081
f 1081//1081 1086//1086 1080//1080
f 1086//1086 1085//1085 1080//1080
f 1081//1081 1082//1082 1086//1086
f 356//356 355//355 7//7
f 1087//1087 1077//1077 356//356
f 357//357 1077//1077 1087//1087
f 1077//1077 354//354 355//355
f 12//12 1078//1078 358//358
f 68//68 1079//1079 1078//1078
f 69//69 1082//1082 1079//1079
f 358//358 1080//1080 357//357
f 353//353 73//73 19//19
f 353//353 1084//1084 1083//1083
f 1114//1114 1085//1085 1084//1084
f 1083//1083 72//72 73//73
f 1083//1083 71//71 72//72
f 71//71 1082//1082 70//70
f 360//360 1088//1088 1087//1087
f 1097//1097 1088//1088 360//360
f 1090//1090 1091//1091 1092//1092
f 359//359 356//356 7//7
f 360//360 1087//1087 359//359
f 1088//1088 357//357 1087//1087
f 164//164 1090//1090 21//21
f 163//163 1090//1090 164//164
f 162//162 1091//1091 163//163
f 161//161 1091//1091 162//162
f 12//12 1093//1093 158//158
f 358//358 1089//1089 1093//1093
f 158//158 1094//1094 159//159
f 159//159 1094//1094 160//160
f 160//160 1094//1094 161//161
f 1096//1096 1098//1098 361//361
f 362//362 1101//1101 1096//1096
f 1092//1092 1101//1101 1090//1090
f 1092//1092 1098//1098 1101//1101
f 1090//1090 1101//1101 1100//1100
f 1102//1102 359//359 7//7
f 1095//1095 360//360 359//359
f 1095//1095 1097//1097 360//360
f 175//175 363//363 14//14
f 174//174 1099//1099 175//175
f 173//173 1099//1099 174//174
f 172//172 1099//1099 173//173
f 21//21 1090//1090 1202//1202
f 1202//1202 1090//1090 498//498
f 498//498 1100//1100 171//171
f 171//171 1100//1100 172//172
f 1103//1103 361//361 1102//1102
f 1104//1104 1109//1109 1103//1103
f 1105//1105 1107//1107 1104//1104
f 363//363 1108//1108 98//98
f 362//362 1109//1109 1108//1108
f 1107//1107 1109//1109 1104//1104
f 98//98 1107//1107 1106//1106
f 1109//1109 362//362 1103//1103
f 1108//1108 1109//1109 1107//1107
f 364//364 1102//1102 7//7
f 365//365 1103//1103 364//364
f 366//366 1103//1103 365//365
f 1103//1103 362//362 361//361
f 18//18 1105//1105 367//367
f 101//101 1106//1106 1105//1105
f 367//367 1104//1104 366//366
f 363//363 97//97 14//14
f 363//363 98//98 97//97
f 99//99 1106//1106 100//100
f 1111//1111 1116//1116 1110//1110
f 367//367 1116//1116 1115//1115
f 355//355 364//364 7//7
f 354//354 1110//1110 355//355
f 19//19 1113//1113 353//353
f 89//89 1115//1115 1113//1113
f 353//353 1112//1112 1114//1114
f 367//367 84//84 18//18
f 366//366 1116//1116 367//367
f 367//367 85//85 84//84
f 1115//1115 86//86 85//85
f 1115//1115 87//87 86//86
f 1118//1118 1120//1120 1117//1117
f 1119//1119 1120//1120 1118//1118
f 1121//1121 1125//1125 1124//1124
f 1171//1171 1128//1128 1127//1127
f 1126//1126 1130//1130 1129//1129
f 1127//1127 1128//1128 1130//1130
f 1130//1130 1125//1125 1122//1122
f 1124//1124 1128//1128 1119//1119
f 371//371 370//370 8//8
f 372//372 1118//1118 371//371
f 1123//1123 1119//1119 372//372
f 1120//1120 369//369 1117//1117
f 13//13 1121//1121 373//373
f 92//92 1122//1122 1121//1121
f 93//93 1129//1129 1122//1122
f 18//18 1126//1126 96//96
f 368//368 1127//1127 1126//1126
f 368//368 1171//1171 1127//1127
f 96//96 1126//1126 770//770
f 770//770 1129//1129 95//95
f 95//95 1129//1129 94//94
f 374//374 1133//1133 1132//1132
f 1139//1139 1134//1134 374//374
f 1135//1135 1138//1138 1137//1137
f 1137//1137 1131//1131 1139//1139
f 1138//1138 1143//1143 1131//1131
f 1140//1140 1142//1142 1141//1141
f 1141//1141 1143//1143 1138//1138
f 1139//1139 1142//1142 1134//1134
f 1132//1132 371//371 8//8
f 1133//1133 372//372 371//371
f 1134//1134 1123//1123 372//372
f 165//165 375//375 21//21
f 1135//1135 1136//1136 165//165
f 166//166 1138//1138 1135//1135
f 375//375 1139//1139 374//374
f 13//13 1140//1140 170//170
f 373//373 1142//1142 1140//1140
f 373//373 1123//1123 1142//1142
f 170//170 1141//1141 169//169
f 169//169 1138//1138 168//168
f 168//168 1138//1138 167//167
f 378//378 1146//1146 1145//1145
f 1147//1147 1150//1150 1148//1148
f 1149//1149 1144//1144 378//378
f 1153//1153 1144//1144 1150//1150
f 376//376 1132//1132 8//8
f 377//377 1145//1145 376//376
f 378//378 1145//1145 377//377
f 1145//1145 374//374 1132//1132
f 15//15 1147//1147 380//380
f 180//180 1150//1150 1147//1147
f 179//179 1153//1153 1150//1150
f 380//380 1149//1149 379//379
f 21//21 1151//1151 176//176
f 375//375 1152//1152 1151//1151
f 374//374 1146//1146 1152//1152
f 176//176 1151//1151 177//177
f 177//177 1153//1153 178//178
f 178//178 1153//1153 508//508
f 1155//1155 1157//1157 1154//1154
f 1156//1156 1158//1158 1155//1155
f 1159//1159 1163//1163 1161//1161
f 1160//1160 1165//1165 1163//1163
f 1161//1161 1163//1163 1162//1162
f 1164//1164 1166//1166 1165//1165
f 379//379 1167//1167 1166//1166
f 1162//1162 1167//1167 1158//1158
f 1163//1163 1167//1167 1162//1162
f 381//381 376//376 8//8
f 382//382 1154//1154 381//381
f 1154//1154 377//377 376//376
f 1157//1157 378//378 377//377
f 17//17 1159//1159 385//385
f 465//465 1168//1168 1160//1160
f 385//385 1161//1161 384//384
f 384//384 1156//1156 383//383
f 15//15 1164//1164 120//120
f 380//380 379//379 1164//1164
f 1164//1164 121//121 120//120
f 121//121 1168//1168 122//122
f 122//122 1168//1168 471//471
f 1172//1172 1179//1179 1170//1170
f 1174//1174 1175//1175 1176//1176
f 1175//1175 1173//1173 1176//1176
f 1177//1177 1178//1178 1180//1180
f 1178//1178 1173//1173 1180//1180
f 1176//1176 1173//1173 1171//1171
f 1173//1173 1179//1179 1172//1172
f 370//370 381//381 8//8
f 1117//1117 1169//1169 370//370
f 369//369 1170//1170 1117//1117
f 1169//1169 382//382 381//381
f 1170//1170 383//383 382//382
f 18//18 1176//1176 368//368
f 457//457 1175//1175 1174//1174
f 1171//1171 1172//1172 369//369
f 17//17 1177//1177 110//110
f 385//385 1178//1178 1177//1177
f 1177//1177 111//111 110//110
f 1180//1180 112//112 111//111
f 112//112 1175//1175 113//113
f 1182//1182 1184//1184 1181//1181
f 1188//1188 1194//1194 1182//1182
f 1185//1185 1187//1187 1186//1186
f 1186//1186 1189//1189 1188//1188
f 1193//1193 1196//1196 1195//1195
f 1190//1190 1191//1191 1196//1196
f 1189//1189 1191//1191 1188//1188
f 1196//1196 1189//1189 1187//1187
f 390//390 389//389 9//9
f 391//391 1181//1181 390//390
f 392//392 1182//1182 391//391
f 14//14 1185//1185 394//394
f 116//116 1187//1187 1185//1185
f 394//394 1186//1186 393//393
f 393//393 1188//1188 392//392
f 17//17 1190//1190 119//119
f 386//386 1191//1191 1190//1190
f 387//387 1192//1192 1191//1191
f 119//119 1193//1193 118//118
f 1195//1195 1187//1187 117//117
f 396//396 1198//1198 390//390
f 1197//1197 1198//1198 396//396
f 1197//1197 1200//1200 1198//1198
f 1201//1201 1204//1204 399//399
f 1204//1204 1209//1209 1205//1205
f 1208//1208 1207//1207 1209//1209
f 1205//1205 1209//1209 1199//1199
f 1206//1206 1204//1204 1203//1203
f 1197//1197 1207//1207 1200//1200
f 1209//1209 1207//1207 1197//1197
f 395//395 390//390 9//9
f 397//397 1197//1197 396//396
f 1198//1198 391//391 390//390
f 1200//1200 392//392 391//391
f 498//498 1203//1203 1202//1202
f 399//399 1205//1205 398//398
f 398//398 1199//1199 397//397
f 14//14 1206//1206 175//175
f 394//394 1208//1208 1206//1206
f 393//393 1207//1207 1208//1208
f 393//393 392//392 1207//1207
f 175//175 1206//1206 174//174
f 174//174 1206//1206 173//173
f 173//173 1203//1203 172//172
f 1210//1210 1212//1212 1211//1211
f 1212//1212 1214//1214 1211//1211
f 1220//1220 1215//1215 1212//1212
f 1216//1216 1219//1219 1218//1218
f 1218//1218 1221//1221 1220//1220
f 1222//1222 1227//1227 1225//1225
f 1223//1223 1228//1228 1227//1227
f 1224//1224 1215//1215 1228//1228
f 1225//1225 1227//1227 1226//1226
f 1226//1226 1219//1219 1217//1217
f 1227//1227 1221//1221 1219//1219
f 400//400 395//395 9//9
f 401//401 1213//1213 400//400
f 402//402 1211//1211 401//401
f 1213//1213 396//396 395//395
f 1213//1213 397//397 396//396
f 16//16 1216//1216 404//404
f 185//185 1217//1217 1216//1216
f 404//404 1218//1218 1239//1239
f 1239//1239 1220//1220 403//403
f 403//403 1210//1210 402//402
f 21//21 1222//1222 182//182
f 1201//1201 1223//1223 1222//1222
f 399//399 1224//1224 1223//1223
f 398//398 1214//1214 1224//1224
f 182//182 1225//1225 183//183
f 183//183 1226//1226 503//503
f 503//503 1217//1217 184//184
f 1231//1231 1230//1230 406//406
f 1232//1232 1237//1237 1234//1234
f 1234//1234 1237//1237 1236//1236
f 1239//1239 1240//1240 1241//1241
f 1238//1238 1243//1243 1242//1242
f 404//404 1241//1241 1243//1243
f 1236//1236 1244//1244 1231//1231
f 1242//1242 1235//1235 1233//1233
f 1231//1231 1240//1240 1230//1230
f 1237//1237 1241//1241 1244//1244
f 405//405 400//400 9//9
f 406//406 1229//1229 405//405
f 1229//1229 401//401 400//400
f 1230//1230 402//402 401//401
f 11//11 1234//1234 1257//1257
f 142//142 1232//1232 1234//1234
f 141//141 1235//1235 1232//1232
f 140//140 1233//1233 1235//1235
f 1257//1257 1234//1234 408//408
f 408//408 1236//1236 407//407
f 16//16 1238//1238 478//478
f 403//403 1240//1240 1239//1239
f 478//478 1238//1238 137//137
f 137//137 1242//1242 138//138
f 138//138 1233//1233 139//139
f 1245//1245 1249//1249 1247//1247
f 1248//1248 1261//1261 1249//1249
f 1251//1251 1255//1255 1254//1254
f 1252//1252 1253//1253 1255//1255
f 1256//1256 1260//1260 1253//1253
f 1254//1254 1248//1248 1245//1245
f 1255//1255 1250//1250 1248//1248
f 1260//1260 1255//1255 1253//1253
f 1249//1249 1258//1258 1247//1247
f 1261//1261 1259//1259 1249//1249
f 1261//1261 1250//1250 1255//1255
f 389//389 405//405 9//9
f 1183//1183 1246//1246 389//389
f 1246//1246 406//406 405//405
f 1247//1247 407//407 406//406
f 17//17 1251//1251 386//386
f 35//35 1252//1252 1251//1251
f 386//386 1254//1254 387//387
f 387//387 1245//1245 388//388
f 11//11 1256//1256 41//41
f 408//408 1259//1259 1257//1257
f 407//407 1258//1258 1259//1259
f 41//41 1256//1256 40//40
f 40//40 1253//1253 39//39
f 39//39 1252//1252 38//38
f 1268//1268 1266//1266 1264//1264
f 1264//1264 1267//1267 1265//1265
f 1266//1266 1267//1267 1264//1264
f 1269//1269 1271//1271 1270//1270
f 1270//1270 1272//1272 1268//1268
f 1271//1271 1278//1278 1272//1272
f 1273//1273 1274//1274 1276//1276
f 1276//1276 1278//1278 1277//1277
f 1274//1274 1262//1262 1278//1278
f 1268//1268 1262//1262 1266//1266
f 1272//1272 1262//1262 1268//1268
f 413//413 412//412 10//10
f 414//414 1263//1263 413//413
f 415//415 1264//1264 414//414
f 1267//1267 411//411 1265//1265
f 131//131 1271//1271 1269//1269
f 1270//1270 1268//1268 415//415
f 11//11 1273//1273 136//136
f 409//409 1274//1274 1273//1273
f 410//410 1275//1275 1274//1274
f 136//136 1276//1276 135//135
f 135//135 1277//1277 134//134
f 134//134 1271//1271 133//133
f 1281//1281 1282//1282 1280//1280
f 417//417 1283//1283 1281//1281
f 1308//1308 1284//1284 417//417
f 1283//1283 1285//1285 1282//1282
f 1284//1284 1286//1286 1283//1283
f 1288//1288 1279//1279 1289//1289
f 1289//1289 1290//1290 418//418
f 1289//1289 1279//1279 1290//1290
f 1292//1292 1279//1279 1295//1295
f 1292//1292 1296//1296 1279//1279
f 418//418 1284//1284 1308//1308
f 1290//1290 1296//1296 1286//1286
f 416//416 413//413 10//10
f 1297//1297 1280//1280 416//416
f 417//417 1281//1281 1297//1297
f 1282//1282 414//414 413//413
f 1285//1285 415//415 414//414
f 21//21 1287//1287 419//419
f 177//177 1288//1288 1287//1287
f 178//178 1295//1295 1288//1288
f 15//15 1291//1291 181//181
f 1269//1269 1293//1293 1291//1291
f 1270//1270 1294//1294 1293//1293
f 415//415 1285//1285 1294//1294
f 181//181 1292//1292 180//180
f 180//180 1295//1295 179//179
f 179//179 1295//1295 508//508
f 1299//1299 1301//1301 1298//1298
f 1300//1300 1301//1301 1299//1299
f 1305//1305 1311//1311 1300//1300
f 160//160 1302//1302 1304//1304
f 1304//1304 1313//1313 1306//1306
f 1307//1307 1311//1311 1310//1310
f 1309//1309 1313//1313 1312//1312
f 1310//1310 1314//1314 1313//1313
f 1312//1312 1313//1313 1302//1302
f 420//420 416//416 10//10
f 421//421 1298//1298 420//420
f 422//422 1299//1299 421//421
f 1298//1298 417//417 1297//1297
f 1301//1301 1308//1308 417//417
f 12//12 1306//1306 1303//1303
f 158//158 1304//1304 1306//1306
f 159//159 160//160 1304//1304
f 1303//1303 1305//1305 423//423
f 423//423 1300//1300 422//422
f 21//21 1309//1309 164//164
f 419//419 1307//1307 1309//1309
f 418//418 1308//1308 1307//1307
f 164//164 1312//1312 163//163
f 163//163 1312//1312 162//162
f 162//162 1302//1302 161//161
f 426//426 1317//1317 425//425
f 1315//1315 1318//1318 426//426
f 1316//1316 1319//1319 1315//1315
f 1318//1318 1320//1320 1317//1317
f 1319//1319 1321//1321 1318//1318
f 1324//1324 1326//1326 1325//1325
f 1325//1325 1322//1322 427//427
f 1325//1325 1327//1327 1322//1322
f 1328//1328 1331//1331 1327//1327
f 1328//1328 1332//1332 1331//1331
f 1330//1330 1327//1327 1326//1326
f 427//427 1319//1319 1316//1316
f 1321//1321 1329//1329 1320//1320
f 1322//1322 1332//1332 1321//1321
f 1331//1331 1322//1322 1327//1327
f 424//424 420//420 10//10
f 1317//1317 421//421 420//420
f 1320//1320 422//422 421//421
f 20//20 1323//1323 428//428
f 61//61 1324//1324 1323//1323
f 63//63 1326//1326 1324//1324
f 428//428 1325//1325 427//427
f 12//12 1330//1330 67//67
f 1303//1303 1328//1328 1330//1330
f 423//423 1329//1329 1328//1328
f 67//67 1330//1330 66//66
f 66//66 1326//1326 65//65
f 65//65 1326//1326 64//64
f 1335//1335 1336//1336 1334//1334
f 1339//1339 1341//1341 1340//1340
f 1340//1340 1337//1337 410//410
f 1340//1340 1342//1342 1337//1337
f 1345//1345 1348//1348 1344//1344
f 1343//1343 1342//1342 1347//1347
f 1344//1344 1348//1348 1342//1342
f 1347//1347 1341//1341 1346//1346
f 1336//1336 1345//1345 1334//1334
f 1337//1337 1348//1348 1336//1336
f 412//412 424//424 10//10
f 1265//1265 1333//1333 412//412
f 411//411 1334//1334 1265//1265
f 1333//1333 426//426 425//425
f 1334//1334 1315//1315 426//426
f 11//11 1338//1338 409//409
f 477//477 1339//1339 1338//1338
f 49//49 1346//1346 1339//1339
f 410//410 1335//1335 411//411
f 20//20 1343//1343 54//54
f 428//428 1344//1344 1343//1343
f 427//427 1345//1345 1344//1344
f 54//54 1347//1347 53//53
f 53//53 1346//1346 52//52
f 52//52 1346//1346 51//51
f 1353//1353 1349//1349 1352//1352
f 958//958 29//29 22//22
f 30//30 1350//1350 958//958
f 31//31 1350//1350 30//30
f 32//32 1349//1349 31//31
f 1350//1350 28//28 29//29
f 1350//1350 27//27 28//28
f 1350//1350 26//26 27//27
f 35//35 34//34 17//17
f 36//36 1351//1351 35//35
f 37//37 1351//1351 36//36
f 38//38 1352//1352 37//37
f 1352//1352 33//33 1351//1351
f 1352//1352 32//32 33//33
f 23//23 41//41 11//11
f 24//24 1353//1353 23//23
f 25//25 1353//1353 24//24
f 26//26 1353//1353 25//25
f 1353//1353 40//40 41//41
f 1353//1353 39//39 40//40
f 1353//1353 38//38 39//39
f 1355//1355 1357//1357 1354//1354
f 1355//1355 1359//1359 1357//1357
f 246//246 268//268 22//22
f 247//247 1354//1354 246//246
f 248//248 1354//1354 247//247
f 249//249 1355//1355 248//248
f 1354//1354 269//269 268//268
f 1357//1357 270//270 269//269
f 1357//1357 431//431 270//270
f 90//90 723//723 19//19
f 89//89 1356//1356 90//90
f 88//88 1356//1356 89//89
f 87//87 1359//1359 88//88
f 1356//1356 251//251 723//723
f 1356//1356 250//250 251//251
f 1356//1356 249//249 250//250
f 272//272 84//84 18//18
f 430//430 1358//1358 272//272
f 271//271 1358//1358 430//430
f 431//431 1358//1358 271//271
f 1358//1358 85//85 84//84
f 1358//1358 86//86 85//85
f 1359//1359 87//87 86//86
f 1362//1362 1363//1363 1361//1361
f 48//48 246//246 22//22
f 46//46 1360//1360 47//47
f 45//45 1360//1360 46//46
f 47//47 247//247 246//246
f 47//47 248//248 247//247
f 1360//1360 249//249 248//248
f 60//60 42//42 20//20
f 59//59 1361//1361 60//60
f 58//58 1361//1361 59//59
f 1069//1069 1361//1361 58//58
f 1361//1361 43//43 42//42
f 1361//1361 44//44 43//43
f 1363//1363 45//45 44//44
f 723//723 55//55 19//19
f 251//251 1362//1362 723//723
f 250//250 1362//1362 251//251
f 249//249 1363//1363 250//250
f 1362//1362 56//56 55//55
f 1362//1362 57//57 56//56
f 1362//1362 1069//1069 57//57
f 432//432 429//429 431//431
f 268//268 429//429 958//958
f 1174//1174 430//430 272//272
f 457//457 114//114 430//430
f 114//114 431//431 271//271
f 34//34 432//432 110//110
f 32//32 429//429 432//432
f 29//29 28//28 48//48
f 26//26 434//434 433//433
f 28//28 433//433 46//46
f 477//477 49//49 23//23
f 51//51 433//433 434//434
f 49//49 434//434 24//24
f 42//42 435//435 54//54
f 44//44 436//436 435//435
f 45//45 433//433 436//436
f 435//435 436//436 52//52
f 436//436 433//433 51//51
f 61//61 438//438 60//60
f 63//63 437//437 438//438
f 64//64 439//439 437//437
f 438//438 437//437 1069//1069
f 68//68 439//439 67//67
f 70//70 437//437 439//439
f 55//55 437//437 73//73
f 73//73 440//440 79//79
f 71//71 441//441 440//440
f 70//70 443//443 441//441
f 80//80 442//442 68//68
f 81//81 443//443 442//442
f 446//446 445//445 443//443
f 74//74 444//444 83//83
f 75//75 445//445 444//444
f 77//77 441//441 445//445
f 445//445 446//446 82//82
f 447//447 448//448 449//449
f 94//94 449//449 450//450
f 79//79 447//447 90//90
f 77//77 448//448 447//447
f 91//91 450//450 74//74
f 93//93 94//94 450//450
f 450//450 448//448 77//77
f 84//84 770//770 96//96
f 85//85 451//451 770//770
f 87//87 447//447 451//451
f 452//452 94//94 454//454
f 456//456 452//452 454//454
f 455//455 454//454 94//94
f 96//96 452//452 102//102
f 95//95 94//94 452//452
f 453//453 452//452 101//101
f 103//103 455//455 91//91
f 105//105 454//454 455//455
f 106//106 456//456 454//454
f 97//97 456//456 109//109
f 100//100 452//452 456//456
f 458//458 461//461 459//459
f 459//459 461//461 463//463
f 116//116 463//463 461//461
f 116//116 117//117 463//463
f 462//462 463//463 117//117
f 102//102 457//457 1174//1174
f 453//453 101//101 457//457
f 100//100 458//458 459//459
f 459//459 463//463 113//113
f 115//115 460//460 97//97
f 460//460 461//461 99//99
f 461//461 458//458 100//100
f 110//110 462//462 119//119
f 113//113 463//463 462//462
f 462//462 117//117 1195//1195
f 464//464 466//466 465//465
f 467//467 466//466 464//464
f 119//119 464//464 123//123
f 117//117 467//467 464//464
f 465//465 466//466 471//471
f 124//124 467//467 115//115
f 127//127 466//466 467//467
f 120//120 121//121 130//130
f 471//471 466//466 122//122
f 121//121 466//466 129//129
f 471//471 469//469 468//468
f 123//123 468//468 35//35
f 468//468 469//469 38//38
f 131//131 470//470 120//120
f 132//132 469//469 470//470
f 470//470 471//471 122//122
f 41//41 472//472 136//136
f 39//39 469//469 472//472
f 472//472 469//469 133//133
f 474//474 473//473 475//475
f 136//136 474//474 142//142
f 474//474 475//475 140//140
f 143//143 476//476 131//131
f 144//144 473//473 476//476
f 473//473 474//474 133//133
f 478//478 475//475 148//148
f 475//475 473//473 146//146
f 141//141 479//479 477//477
f 140//140 139//139 479//479
f 477//477 479//479 49//49
f 479//479 481//481 50//50
f 150//150 482//482 478//478
f 478//478 482//482 137//137
f 482//482 479//479 138//138
f 54//54 480//480 1018//1018
f 53//53 481//481 480//480
f 481//481 482//482 153//153
f 485//485 486//486 484//484
f 1018//1018 483//483 61//61
f 152//152 484//484 483//483
f 483//483 484//484 63//63
f 692//692 485//485 149//149
f 155//155 486//486 485//485
f 485//485 484//484 152//152
f 67//67 486//486 157//157
f 65//65 484//484 486//486
f 488//488 493//493 489//489
f 491//491 487//487 493//493
f 165//165 487//487 164//164
f 167//167 493//493 487//487
f 83//83 488//488 170//170
f 82//82 492//492 488//488
f 488//488 489//489 169//169
f 489//489 493//493 167//167
f 158//158 490//490 80//80
f 159//159 491//491 490//490
f 161//161 487//487 491//491
f 1202//1202 494//494 165//165
f 494//494 495//495 167//167
f 109//109 108//108 175//175
f 107//107 495//495 496//496
f 106//106 497//497 495//495
f 108//108 496//496 173//173
f 496//496 494//494 172//172
f 170//170 497//497 103//103
f 167//167 495//495 497//497
f 176//176 498//498 1202//1202
f 508//508 499//499 498//498
f 499//499 500//500 171//171
f 130//130 499//499 181//181
f 127//127 500//500 499//499
f 175//175 501//501 124//124
f 173//173 502//502 501//501
f 172//172 500//500 502//502
f 501//501 502//502 126//126
f 502//502 500//500 127//127
f 507//507 508//508 504//504
f 182//182 504//504 176//176
f 184//184 504//504 503//503
f 504//504 508//508 178//178
f 148//148 505//505 187//187
f 505//505 504//504 184//184
f 181//181 506//506 143//143
f 180//180 507//507 506//506
f 507//507 505//505 145//145
f 513//513 509//509 511//511
f 164//164 509//509 182//182
f 162//162 511//511 509//509
f 509//509 513//513 184//184
f 157//157 511//511 158//158
f 156//156 511//511 510//510
f 187//187 512//512 692//692
f 186//186 513//513 512//512
f 513//513 511//511 155//155
f 515//515 516//516 517//517
f 516//516 519//519 518//518
f 524//524 521//521 525//525
f 521//521 522//522 530//530
f 524//524 525//525 532//532
f 527//527 190//190 519//519
f 528//528 526//526 530//530
f 526//526 527//527 531//531
f 527//527 519//519 532//532
f 523//523 532//532 519//519
f 530//530 531//531 525//525
f 192//192 516//516 515//515
f 514//514 517//517 518//518
f 56//56 524//524 520//520
f 57//57 521//521 524//524
f 1069//1069 522//522 521//521
f 194//194 523//523 193//193
f 20//20 188//188 526//526
f 188//188 189//189 526//526
f 189//189 190//190 527//527
f 60//60 526//526 528//528
f 59//59 528//528 529//529
f 58//58 529//529 522//522
f 534//534 537//537 536//536
f 535//535 540//540 539//539
f 541//541 542//542 544//544
f 543//543 544//544 545//545
f 544//544 549//549 550//550
f 546//546 547//547 539//539
f 548//548 546//546 550//550
f 546//546 539//539 540//540
f 538//538 539//539 547//547
f 545//545 550//550 540//540
f 195//195 533//533 514//514
f 551//551 534//534 533//533
f 196//196 538//538 534//534
f 196//196 535//535 538//538
f 533//533 536//536 515//515
f 536//536 537//537 192//192
f 537//537 547//547 193//193
f 18//18 84//84 541//541
f 86//86 542//542 541//541
f 86//86 87//87 542//542
f 198//198 541//541 543//543
f 197//197 543//543 545//545
f 560//560 545//545 535//535
f 194//194 193//193 547//547
f 90//90 520//520 548//548
f 89//89 548//548 549//549
f 88//88 549//549 542//542
f 559//559 561//561 556//556
f 201//201 558//558 555//555
f 563//563 556//556 558//558
f 553//553 561//561 560//560
f 555//555 556//556 561//561
f 564//564 551//551 195//195
f 564//564 552//552 551//551
f 199//199 553//553 552//552
f 200//200 555//555 553//553
f 552//552 554//554 196//196
f 554//554 560//560 196//196
f 17//17 110//110 557//557
f 110//110 111//111 557//557
f 111//111 112//112 562//562
f 112//112 113//113 562//562
f 202//202 557//557 558//558
f 18//18 198//198 559//559
f 198//198 197//197 561//561
f 197//197 560//560 561//561
f 559//559 563//563 457//457
f 563//563 562//562 114//114
f 578//578 567//567 566//566
f 203//203 569//569 567//567
f 568//568 570//570 571//571
f 572//572 573//573 570//570
f 573//573 574//574 571//571
f 567//567 571//571 574//574
f 576//576 565//565 564//564
f 576//576 578//578 565//565
f 565//565 566//566 199//199
f 566//566 574//574 200//200
f 11//11 41//41 568//568
f 41//41 40//40 568//568
f 40//40 39//39 570//570
f 39//39 38//38 572//572
f 204//204 568//568 569//569
f 202//202 572//572 35//35
f 202//202 201//201 573//573
f 201//201 200//200 574//574
f 577//577 579//579 578//578
f 580//580 581//581 583//583
f 582//582 583//583 585//585
f 586//586 587//587 590//590
f 587//587 589//589 591//591
f 590//590 591//591 585//585
f 584//584 585//585 579//579
f 588//588 590//590 583//583
f 579//579 591//591 589//589
f 585//585 591//591 579//579
f 518//518 576//576 575//575
f 518//518 577//577 576//576
f 20//20 54//54 580//580
f 54//54 53//53 580//580
f 53//53 52//52 580//580
f 52//52 51//51 581//581
f 188//188 580//580 582//582
f 189//189 582//582 584//584
f 190//190 584//584 577//577
f 11//11 204//204 586//586
f 204//204 203//203 587//587
f 477//477 586//586 588//588
f 50//50 588//588 581//581
f 594//594 596//596 595//595
f 598//598 81//81 601//601
f 599//599 600//600 596//596
f 602//602 603//603 605//605
f 602//602 605//605 601//601
f 596//596 605//605 597//597
f 600//600 601//601 605//605
f 208//208 592//592 207//207
f 209//209 593//593 592//592
f 209//209 594//594 593//593
f 592//592 593//593 206//206
f 593//593 595//595 206//206
f 12//12 80//80 598//598
f 80//80 490//490 598//598
f 81//81 446//446 604//604
f 211//211 598//598 599//599
f 210//210 599//599 594//594
f 13//13 603//603 602//602
f 205//205 206//206 595//595
f 83//83 602//602 604//604
f 206//206 608//608 607//607
f 610//610 609//609 611//611
f 610//610 611//611 612//612
f 611//611 609//609 613//613
f 614//614 212//212 613//613
f 205//205 612//612 608//608
f 612//612 611//611 608//608
f 614//614 613//613 609//609
f 611//611 613//613 608//608
f 207//207 606//606 215//215
f 606//606 607//607 214//214
f 607//607 615//615 213//213
f 13//13 103//103 610//610
f 103//103 104//104 610//610
f 104//104 105//105 609//609
f 105//105 106//106 609//609
f 14//14 212//212 614//614
f 212//212 213//213 615//615
f 107//107 614//614 609//609
f 617//617 619//619 621//621
f 618//618 620//620 619//619
f 619//619 622//622 621//621
f 625//625 623//623 626//626
f 623//623 624//624 626//626
f 627//627 217//217 630//630
f 629//629 630//630 626//626
f 625//625 626//626 620//620
f 622//622 630//630 628//628
f 620//620 626//626 630//630
f 215//215 616//616 220//220
f 215//215 617//617 616//616
f 213//213 618//618 617//617
f 616//616 621//621 219//219
f 621//621 628//628 218//218
f 14//14 124//124 623//623
f 124//124 125//125 623//623
f 125//125 126//126 624//624
f 126//126 127//127 624//624
f 212//212 623//623 625//625
f 213//213 625//625 618//618
f 635//635 627//627 130//130
f 635//635 216//216 627//627
f 217//217 218//218 628//628
f 627//627 629//629 129//129
f 128//128 629//629 624//624
f 631//631 632//632 223//223
f 635//635 636//636 637//637
f 639//639 640//640 642//642
f 642//642 640//640 638//638
f 633//633 640//640 222//222
f 220//220 631//631 644//644
f 219//219 632//632 631//631
f 218//218 634//634 632//632
f 631//631 223//223 644//644
f 633//633 222//222 223//223
f 15//15 143//143 635//635
f 143//143 506//506 636//636
f 506//506 144//144 636//636
f 144//144 145//145 643//643
f 216//216 637//637 634//634
f 16//16 221//221 639//639
f 221//221 222//222 639//639
f 148//148 639//639 641//641
f 147//147 641//641 643//643
f 646//646 645//645 647//647
f 645//645 649//649 648//648
f 650//650 654//654 655//655
f 651//651 655//655 649//649
f 653//653 210//210 648//648
f 654//654 652//652 655//655
f 645//645 648//648 210//210
f 223//223 645//645 646//646
f 644//644 646//646 208//208
f 646//646 647//647 209//209
f 647//647 210//210 209//209
f 692//692 650//650 221//221
f 154//154 155//155 654//654
f 221//221 650//650 651//651
f 222//222 651//651 645//645
f 12//12 211//211 652//652
f 211//211 210//210 653//653
f 157//157 652//652 654//654
f 658//658 660//660 659//659
f 660//660 657//657 667//667
f 662//662 663//663 664//664
f 665//665 224//224 670//670
f 661//661 664//664 657//657
f 668//668 669//669 663//663
f 669//669 670//670 664//664
f 657//657 666//666 667//667
f 670//670 666//666 657//657
f 229//229 658//658 228//228
f 229//229 230//230 658//658
f 228//228 659//659 227//227
f 659//659 667//667 226//226
f 11//11 23//23 662//662
f 23//23 24//24 662//662
f 24//24 25//25 663//663
f 25//25 26//26 668//668
f 232//232 662//662 661//661
f 22//22 224//224 665//665
f 225//225 226//226 667//667
f 29//29 665//665 669//669
f 28//28 669//669 668//668
f 674//674 677//677 676//676
f 679//679 231//231 673//673
f 678//678 679//679 677//677
f 677//677 679//679 676//676
f 681//681 671//671 228//228
f 233//233 672//672 671//671
f 233//233 673//673 672//672
f 671//671 672//672 229//229
f 672//672 231//231 230//230
f 16//16 478//478 677//677
f 478//478 137//137 677//677
f 137//137 138//138 675//675
f 138//138 139//139 675//675
f 235//235 677//677 674//674
f 234//234 676//676 673//673
f 11//11 232//232 678//678
f 232//232 231//231 679//679
f 142//142 678//678 675//675
f 682//682 686//686 685//685
f 687//687 688//688 690//690
f 696//696 693//693 691//691
f 693//693 694//694 680//680
f 689//689 690//690 686//686
f 686//686 680//680 694//694
f 690//690 691//691 680//680
f 237//237 683//683 681//681
f 238//238 685//685 683//683
f 681//681 683//683 233//233
f 683//683 684//684 233//233
f 684//684 695//695 234//234
f 12//12 157//157 687//687
f 157//157 510//510 688//688
f 510//510 156//156 688//688
f 156//156 155//155 691//691
f 708//708 689//689 686//686
f 239//239 686//686 682//682
f 16//16 235//235 692//692
f 235//235 674//674 693//693
f 674//674 234//234 694//694
f 154//154 696//696 691//691
f 697//697 698//698 700//700
f 698//698 710//710 702//702
f 701//701 706//706 710//710
f 709//709 708//708 711//711
f 708//708 239//239 711//711
f 707//707 706//706 701//701
f 69//69 711//711 704//704
f 706//706 711//711 710//710
f 240//240 697//697 236//236
f 241//241 698//698 697//697
f 242//242 699//699 698//698
f 697//697 700//700 237//237
f 700//700 702//702 238//238
f 702//702 710//710 682//682
f 19//19 73//73 703//703
f 73//73 72//72 703//703
f 72//72 71//71 704//704
f 71//71 70//70 704//704
f 245//245 703//703 705//705
f 244//244 705//705 707//707
f 243//243 707//707 699//699
f 12//12 687//687 709//709
f 239//239 682//682 710//710
f 442//442 709//709 69//69
f 713//713 716//716 715//715
f 720//720 717//717 716//716
f 715//715 716//716 726//726
f 719//719 728//728 721//721
f 719//719 721//721 722//722
f 724//724 725//725 727//727
f 727//727 725//725 729//729
f 720//720 722//722 717//717
f 721//721 727//727 722//722
f 716//716 725//725 726//726
f 227//227 712//712 240//240
f 227//227 714//714 712//712
f 226//226 713//713 714//714
f 226//226 720//720 713//713
f 714//714 726//726 241//241
f 22//22 246//246 718//718
f 246//246 247//247 718//718
f 247//247 248//248 719//719
f 248//248 249//249 728//728
f 224//224 718//718 720//720
f 19//19 245//245 723//723
f 245//245 244//244 724//724
f 244//244 243//243 725//725
f 243//243 242//242 726//726
f 251//251 721//721 728//728
f 732//732 740//740 736//736
f 734//734 730//730 732//732
f 733//733 738//738 739//739
f 735//735 253//253 740//740
f 253//253 736//736 740//740
f 737//737 740//740 739//739
f 734//734 739//739 730//730
f 739//739 740//740 730//730
f 256//256 731//731 255//255
f 257//257 732//732 731//731
f 731//731 736//736 254//254
f 42//42 733//733 259//259
f 45//45 738//738 733//733
f 259//259 733//733 734//734
f 258//258 734//734 732//732
f 22//22 252//252 735//735
f 253//253 779//779 736//736
f 48//48 735//735 737//737
f 47//47 737//737 738//738
f 742//742 745//745 744//744
f 743//743 752//752 745//745
f 746//746 747//747 748//748
f 751//751 258//258 752//752
f 258//258 744//744 745//745
f 751//751 752//752 750//750
f 748//748 750//750 749//749
f 750//750 752//752 749//749
f 753//753 741//741 256//256
f 753//753 742//742 741//741
f 260//260 743//743 742//742
f 741//741 744//744 257//257
f 12//12 67//67 746//746
f 67//67 66//66 746//746
f 66//66 65//65 747//747
f 65//65 64//64 747//747
f 261//261 746//746 748//748
f 261//261 748//748 749//749
f 763//763 749//749 743//743
f 20//20 259//259 751//751
f 258//258 257//257 744//744
f 62//62 751//751 750//750
f 63//63 750//750 747//747
f 761//761 756//756 755//755
f 755//755 756//756 757//757
f 758//758 759//759 762//762
f 764//764 765//765 760//760
f 761//761 762//762 756//756
f 757//757 756//756 763//763
f 263//263 761//761 755//755
f 754//754 757//757 260//260
f 757//757 763//763 260//260
f 13//13 83//83 758//758
f 83//83 444//444 759//759
f 444//444 82//82 759//759
f 82//82 446//446 760//760
f 264//264 758//758 762//762
f 264//264 762//762 761//761
f 261//261 764//764 80//80
f 81//81 760//760 446//446
f 766//766 263//263 767//767
f 769//769 770//770 771//771
f 769//769 773//773 772//772
f 774//774 776//776 775//775
f 774//774 775//775 773//773
f 772//772 773//773 768//768
f 768//768 775//775 776//776
f 768//768 773//773 775//775
f 265//265 767//767 262//262
f 780//780 766//766 767//767
f 18//18 96//96 769//769
f 96//96 770//770 769//769
f 95//95 94//94 771//771
f 266//266 769//769 772//772
f 266//266 772//772 766//766
f 264//264 774//774 91//91
f 264//264 761//761 776//776
f 774//774 771//771 93//93
f 777//777 778//778 780//780
f 787//787 784//784 789//789
f 788//788 267//267 789//789
f 267//267 266//266 790//790
f 266//266 781//781 790//790
f 786//786 787//787 782//782
f 787//787 789//789 790//790
f 255//255 777//777 265//265
f 254//254 778//778 777//777
f 268//268 785//785 252//252
f 269//269 783//783 785//785
f 270//270 787//787 783//783
f 270//270 431//431 784//784
f 252//252 785//785 786//786
f 253//253 786//786 779//779
f 18//18 267//267 788//788
f 266//266 766//766 781//781
f 271//271 788//788 784//784
f 792//792 795//795 794//794
f 792//792 796//796 795//795
f 793//793 800//800 796//796
f 797//797 805//805 806//806
f 799//799 806//806 807//807
f 805//805 803//803 806//806
f 803//803 804//804 807//807
f 804//804 802//802 808//808
f 798//798 807//807 808//808
f 279//279 791//791 278//278
f 279//279 792//792 791//791
f 824//824 793//793 792//792
f 791//791 794//794 277//277
f 794//794 795//795 276//276
f 795//795 802//802 275//275
f 19//19 723//723 799//799
f 723//723 251//251 799//799
f 251//251 250//250 797//797
f 250//250 249//249 805//805
f 281//281 799//799 798//798
f 280//280 798//798 800//800
f 280//280 800//800 793//793
f 22//22 273//273 803//803
f 273//273 274//274 801//801
f 274//274 275//275 802//802
f 246//246 803//803 805//805
f 810//810 812//812 809//809
f 810//810 820//820 812//812
f 809//809 814//814 813//813
f 820//820 815//815 812//812
f 819//819 817//817 820//820
f 817//817 818//818 821//821
f 822//822 823//823 826//826
f 825//825 826//826 828//828
f 826//826 823//823 815//815
f 820//820 821//821 815//815
f 827//827 828//828 818//818
f 814//814 823//823 824//824
f 812//812 815//815 823//823
f 828//828 815//815 821//821
f 282//282 283//283 279//279
f 284//284 810//810 809//809
f 283//283 811//811 279//279
f 13//13 74//74 816//816
f 74//74 75//75 817//817
f 75//75 76//76 818//818
f 76//76 77//77 827//827
f 286//286 816//816 819//819
f 285//285 819//819 810//810
f 19//19 281//281 822//822
f 281//281 280//280 822//822
f 79//79 822//822 825//825
f 440//440 825//825 827//827
f 830//830 831//831 829//829
f 829//829 831//831 284//284
f 832//832 844//844 833//833
f 834//834 835//835 837//837
f 835//835 842//842 838//838
f 836//836 837//837 844//844
f 837//837 838//838 844//844
f 839//839 841//841 845//845
f 840//840 845//845 843//843
f 836//836 844//844 832//832
f 842//842 843//843 838//838
f 833//833 845//845 841//841
f 287//287 829//829 282//282
f 288//288 830//830 829//829
f 289//289 832//832 830//830
f 829//829 284//284 283//283
f 14//14 109//109 834//834
f 109//109 108//108 835//835
f 108//108 107//107 835//835
f 107//107 106//106 842//842
f 291//291 834//834 836//836
f 290//290 836//836 832//832
f 13//13 286//286 839//839
f 286//286 285//285 839//839
f 285//285 284//284 831//831
f 103//103 839//839 840//840
f 104//104 840//840 842//842
f 848//848 850//850 847//847
f 848//848 851//851 850//850
f 850//850 863//863 852//852
f 851//851 853//853 863//863
f 854//854 855//855 857//857
f 856//856 857//857 853//853
f 859//859 860//860 862//862
f 862//862 861//861 853//853
f 861//861 863//863 866//866
f 864//864 865//865 857//857
f 292//292 846//846 287//287
f 867//867 847//847 846//846
f 293//293 848//848 847//847
f 846//846 849//849 288//288
f 849//849 852//852 288//288
f 852//852 863//863 289//289
f 17//17 119//119 856//856
f 119//119 118//118 854//854
f 118//118 1195//1195 854//854
f 1195//1195 117//117 855//855
f 295//295 856//856 858//858
f 294//294 858//858 848//848
f 14//14 291//291 859//859
f 291//291 290//290 860//860
f 290//290 289//289 863//863
f 115//115 859//859 865//865
f 116//116 864//864 855//855
f 868//868 871//871 869//869
f 868//868 870//870 871//871
f 870//870 877//877 872//872
f 273//273 873//873 876//876
f 873//873 875//875 877//877
f 875//875 882//882 883//883
f 879//879 880//880 872//872
f 881//881 879//879 883//883
f 879//879 872//872 883//883
f 871//871 872//872 880//880
f 278//278 867//867 292//292
f 277//277 869//869 867//867
f 276//276 868//868 869//869
f 869//869 871//871 293//293
f 871//871 880//880 293//293
f 22//22 958//958 873//873
f 958//958 30//30 874//874
f 30//30 31//31 874//874
f 31//31 32//32 874//874
f 274//274 876//876 868//868
f 17//17 295//295 878//878
f 295//295 294//294 879//879
f 294//294 293//293 880//880
f 1351//1351 878//878 882//882
f 33//33 882//882 874//874
f 887//887 888//888 298//298
f 889//889 894//894 890//890
f 892//892 893//893 895//895
f 893//893 888//888 895//895
f 894//894 892//892 890//890
f 892//892 895//895 890//890
f 301//301 884//884 300//300
f 884//884 887//887 299//299
f 887//887 298//298 299//299
f 18//18 272//272 889//889
f 272//272 430//430 889//889
f 430//430 271//271 889//889
f 271//271 431//431 894//894
f 302//302 889//889 890//890
f 302//302 890//890 891//891
f 904//904 891//891 886//886
f 22//22 296//296 892//892
f 296//296 297//297 893//893
f 297//297 298//298 888//888
f 269//269 892//892 894//894
f 898//898 899//899 885//885
f 900//900 901//901 906//906
f 905//905 907//907 896//896
f 906//906 896//896 902//902
f 899//899 907//907 904//904
f 903//903 896//896 907//907
f 303//303 897//897 301//301
f 304//304 898//898 897//897
f 305//305 899//899 898//898
f 14//14 97//97 900//900
f 97//97 98//98 900//900
f 98//98 99//99 900//900
f 99//99 100//100 901//901
f 306//306 900//900 902//902
f 306//306 902//902 903//903
f 305//305 903//903 899//899
f 302//302 905//905 102//102
f 302//302 904//904 907//907
f 905//905 901//901 101//101
f 909//909 916//916 305//305
f 910//910 911//911 916//916
f 913//913 917//917 914//914
f 912//912 911//911 910//910
f 913//913 914//914 918//918
f 915//915 306//306 918//918
f 915//915 918//918 914//914
f 911//911 918//918 916//916
f 307//307 909//909 303//303
f 909//909 305//305 304//304
f 15//15 130//130 912//912
f 130//130 129//129 912//912
f 129//129 128//128 913//913
f 128//128 127//127 917//917
f 309//309 912//912 910//910
f 306//306 915//915 124//124
f 915//915 917//917 126//126
f 312//312 921//921 919//919
f 313//313 922//922 921//921
f 947//947 927//927 922//922
f 923//923 924//924 926//926
f 925//925 926//926 934//934
f 928//928 929//929 930//930
f 929//929 931//931 930//930
f 928//928 930//930 933//933
f 930//930 931//931 934//934
f 932//932 933//933 926//926
f 921//921 931//931 920//920
f 922//922 934//934 931//931
f 311//311 919//919 307//307
f 919//919 920//920 308//308
f 11//11 136//136 923//923
f 135//135 134//134 923//923
f 134//134 133//133 924//924
f 315//315 923//923 925//925
f 314//314 925//925 927//927
f 15//15 310//310 928//928
f 310//310 309//309 929//929
f 309//309 908//908 931//931
f 476//476 928//928 932//932
f 132//132 932//932 924//924
f 299//299 939//939 936//936
f 935//935 937//937 939//939
f 935//935 944//944 937//937
f 940//940 950//950 942//942
f 941//941 942//942 945//945
f 947//947 938//938 949//949
f 950//950 948//948 942//942
f 948//948 946//946 945//945
f 939//939 949//949 938//938
f 944//944 945//945 949//949
f 946//946 949//949 945//945
f 300//300 936//936 312//312
f 936//936 938//938 313//313
f 29//29 940//940 296//296
f 27//27 26//26 950//950
f 296//296 940//940 941//941
f 296//296 941//941 943//943
f 297//297 943//943 935//935
f 315//315 314//314 946//946
f 947//947 313//313 938//938
f 23//23 315//315 948//948
f 24//24 948//948 950//950
f 951//951 953//953 952//952
f 955//955 960//960 956//956
f 959//959 317//317 954//954
f 959//959 954//954 956//956
f 957//957 956//956 953//953
f 319//319 961//961 318//318
f 962//962 951//951 952//952
f 961//961 952//952 318//318
f 952//952 953//953 317//317
f 34//34 955//955 320//320
f 320//320 955//955 956//956
f 320//320 956//956 957//957
f 22//22 316//316 958//958
f 316//316 1000//1000 959//959
f 31//31 960//960 955//955
f 322//322 963//963 962//962
f 323//323 964//964 963//963
f 965//965 966//966 969//969
f 966//966 972//972 968//968
f 967//967 969//969 964//964
f 968//968 971//971 969//969
f 963//963 971//971 951//951
f 964//964 969//969 971//971
f 321//321 961//961 319//319
f 975//975 962//962 961//961
f 15//15 120//120 965//965
f 120//120 121//121 966//966
f 121//121 122//122 966//966
f 122//122 471//471 972//972
f 325//325 965//965 967//967
f 320//320 970//970 123//123
f 320//320 951//951 971//971
f 970//970 972//972 465//465
f 973//973 974//974 975//975
f 974//974 976//976 977//977
f 978//978 982//982 976//976
f 325//325 324//324 980//980
f 324//324 981//981 980//980
f 976//976 982//982 981//981
f 326//326 973//973 321//321
f 985//985 974//974 973//973
f 975//975 977//977 322//322
f 16//16 148//148 978//978
f 148//148 147//147 978//978
f 147//147 146//146 982//982
f 146//146 145//145 982//982
f 328//328 978//978 976//976
f 327//327 976//976 974//974
f 324//324 323//323 981//981
f 325//325 979//979 506//506
f 979//979 982//982 145//145
f 1004//1004 989//989 984//984
f 989//989 990//990 986//986
f 988//988 993//993 990//990
f 330//330 983//983 329//329
f 330//330 984//984 983//983
f 329//329 983//983 326//326
f 20//20 1018//1018 988//988
f 1018//1018 480//480 987//987
f 480//480 153//153 987//987
f 153//153 152//152 987//987
f 331//331 988//988 989//989
f 331//331 989//989 1004//1004
f 16//16 328//328 991//991
f 328//328 327//327 992//992
f 327//327 985//985 986//986
f 150//150 991//991 993//993
f 151//151 993//993 987//987
f 1001//1001 998//998 995//995
f 995//995 997//997 996//996
f 1003//1003 1006//1006 1002//1002
f 1001//1001 1002//1002 998//998
f 997//997 1006//1006 1004//1004
f 318//318 994//994 329//329
f 318//318 995//995 994//994
f 317//317 1001//1001 995//995
f 994//994 996//996 330//330
f 48//48 999//999 316//316
f 45//45 1005//1005 999//999
f 316//316 999//999 1000//1000
f 20//20 331//331 1003//1003
f 42//42 1003//1003 1005//1005
f 1007//1007 1009//1009 1008//1008
f 1010//1010 1013//1013 1012//1012
f 1014//1014 1015//1015 1016//1016
f 1015//1015 1021//1021 1019//1019
f 1017//1017 1016//1016 1013//1013
f 1019//1019 1022//1022 1016//1016
f 1012//1012 1013//1013 1020//1020
f 1023//1023 1007//1007 336//336
f 337//337 1009//1009 1007//1007
f 338//338 1010//1010 1009//1009
f 1007//1007 1008//1008 1064//1064
f 1008//1008 1011//1011 335//335
f 1011//1011 1020//1020 335//335
f 150//150 1015//1015 1014//1014
f 152//152 1021//1021 1015//1015
f 339//339 1017//1017 1010//1010
f 20//20 332//332 1018//1018
f 332//332 333//333 1022//1022
f 333//333 334//334 1020//1020
f 334//334 335//335 1020//1020
f 480//480 1019//1019 1021//1021
f 1024//1024 1025//1025 1026//1026
f 1026//1026 1028//1028 1027//1027
f 1029//1029 1030//1030 1032//1032
f 1030//1030 1036//1036 1032//1032
f 1031//1031 1032//1032 1033//1033
f 1034//1034 1027//1027 1028//1028
f 1036//1036 1035//1035 1032//1032
f 1035//1035 1034//1034 1032//1032
f 1033//1033 1034//1034 1028//1028
f 341//341 1024//1024 1023//1023
f 343//343 1025//1025 1024//1024
f 1026//1026 1027//1027 337//337
f 21//21 182//182 1029//1029
f 182//182 183//183 1030//1030
f 183//183 503//503 1036//1036
f 503//503 184//184 1036//1036
f 344//344 1031//1031 1033//1033
f 344//344 1033//1033 1025//1025
f 16//16 1014//1014 1035//1035
f 1014//1014 340//340 1035//1035
f 340//340 339//339 1034//1034
f 339//339 338//338 1027//1027
f 1035//1035 1036//1036 185//185
f 1042//1042 1037//1037 1039//1039
f 1039//1039 1047//1047 1038//1038
f 1040//1040 1041//1041 1043//1043
f 1045//1045 1046//1046 1049//1049
f 1045//1045 1049//1049 1044//1044
f 1042//1042 1043//1043 1037//1037
f 1038//1038 1047//1047 343//343
f 1043//1043 1044//1044 1037//1037
f 1049//1049 1047//1047 1037//1037
f 345//345 346//346 341//341
f 347//347 1039//1039 1038//1038
f 348//348 1042//1042 1039//1039
f 346//346 342//342 341//341
f 13//13 170//170 1040//1040
f 170//170 169//169 1040//1040
f 169//169 168//168 1041//1041
f 168//168 167//167 1041//1041
f 349//349 1040//1040 1042//1042
f 1031//1031 1045//1045 165//165
f 1031//1031 344//344 1046//1046
f 1045//1045 1048//1048 166//166
f 1048//1048 1041//1041 167//167
f 1052//1052 1054//1054 1053//1053
f 1056//1056 1061//1061 1057//1057
f 1056//1056 1057//1057 1063//1063
f 1060//1060 1059//1059 1063//1063
f 1058//1058 1063//1063 1054//1054
f 1061//1061 1062//1062 1057//1057
f 1062//1062 1060//1060 1057//1057
f 1054//1054 1063//1063 1059//1059
f 351//351 1050//1050 345//345
f 1066//1066 1052//1052 1050//1050
f 1050//1050 1053//1053 347//347
f 1053//1053 1059//1059 348//348
f 19//19 79//79 1055//1055
f 79//79 440//440 1056//1056
f 440//440 78//78 1056//1056
f 78//78 77//77 1061//1061
f 352//352 1056//1056 1058//1058
f 352//352 1058//1058 1051//1051
f 13//13 350//350 1062//1062
f 75//75 1062//1062 1061//1061
f 1068//1068 1069//1069 1070//1070
f 1068//1068 1070//1070 1071//1071
f 1072//1072 1074//1074 1073//1073
f 1072//1072 1073//1073 1075//1075
f 1073//1073 1074//1074 1076//1076
f 333//333 1071//1071 1067//1067
f 1075//1075 1076//1076 1071//1071
f 1067//1067 1076//1076 1074//1074
f 1067//1067 1071//1071 1076//1076
f 336//336 1064//1064 351//351
f 335//335 1067//1067 1065//1065
f 1064//1064 1066//1066 351//351
f 60//60 59//59 332//332
f 332//332 59//59 1068//1068
f 334//334 333//333 1067//1067
f 19//19 1055//1055 1072//1072
f 1055//1055 352//352 1072//1072
f 352//352 1051//1051 1074//1074
f 56//56 1072//1072 1075//1075
f 57//57 1075//1075 1069//1069
f 1078//1078 1079//1079 1081//1081
f 1083//1083 1084//1084 1086//1086
f 1084//1084 1085//1085 1086//1086
f 1083//1083 1086//1086 1082//1082
f 356//356 1077//1077 355//355
f 1077//1077 1080//1080 354//354
f 1080//1080 1085//1085 354//354
f 12//12 68//68 1078//1078
f 68//68 442//442 1079//1079
f 442//442 69//69 1079//1079
f 69//69 70//70 1082//1082
f 358//358 1078//1078 1081//1081
f 358//358 1081//1081 1080//1080
f 353//353 1083//1083 73//73
f 353//353 1114//1114 1084//1084
f 1114//1114 354//354 1085//1085
f 71//71 1083//1083 1082//1082
f 1097//1097 1089//1089 1088//1088
f 1091//1091 1094//1094 1093//1093
f 1092//1092 1091//1091 1089//1089
f 1091//1091 1093//1093 1089//1089
f 359//359 1087//1087 356//356
f 1088//1088 1089//1089 357//357
f 163//163 1091//1091 1090//1090
f 161//161 1094//1094 1091//1091
f 1092//1092 1089//1089 1097//1097
f 12//12 358//358 1093//1093
f 358//358 357//357 1089//1089
f 158//158 1093//1093 1094//1094
f 361//361 1097//1097 1095//1095
f 361//361 1098//1098 1097//1097
f 362//362 1099//1099 1101//1101
f 1099//1099 1100//1100 1101//1101
f 1092//1092 1097//1097 1098//1098
f 1101//1101 1098//1098 1096//1096
f 1102//1102 1095//1095 359//359
f 1102//1102 361//361 1095//1095
f 362//362 1096//1096 361//361
f 175//175 1099//1099 363//363
f 172//172 1100//1100 1099//1099
f 363//363 1099//1099 362//362
f 498//498 1090//1090 1100//1100
f 1105//1105 1106//1106 1107//1107
f 363//363 362//362 1108//1108
f 98//98 1108//1108 1107//1107
f 364//364 1103//1103 1102//1102
f 366//366 1104//1104 1103//1103
f 18//18 102//102 1105//1105
f 102//102 453//453 1105//1105
f 453//453 101//101 1105//1105
f 101//101 100//100 1106//1106
f 367//367 1105//1105 1104//1104
f 99//99 98//98 1106//1106
f 1110//1110 1116//1116 365//365
f 1113//1113 1115//1115 1112//1112
f 1115//1115 1116//1116 1112//1112
f 1114//1114 1112//1112 1111//1111
f 1111//1111 1112//1112 1116//1116
f 355//355 1110//1110 364//364
f 354//354 1111//1111 1110//1110
f 354//354 1114//1114 1111//1111
f 1110//1110 365//365 364//364
f 365//365 1116//1116 366//366
f 19//19 90//90 1113//1113
f 90//90 89//89 1113//1113
f 89//89 88//88 1115//1115
f 88//88 87//87 1115//1115
f 353//353 1113//1113 1112//1112
f 367//367 1115//1115 85//85
f 1123//1123 1124//1124 1119//1119
f 1121//1121 1122//1122 1125//1125
f 1171//1171 369//369 1128//1128
f 1126//1126 1127//1127 1130//1130
f 1129//1129 1130//1130 1122//1122
f 1119//1119 1128//1128 369//369
f 1124//1124 1125//1125 1128//1128
f 1130//1130 1128//1128 1125//1125
f 371//371 1117//1117 370//370
f 371//371 1118//1118 1117//1117
f 372//372 1119//1119 1118//1118
f 1120//1120 1119//1119 369//369
f 13//13 91//91 1121//1121
f 91//91 92//92 1121//1121
f 92//92 93//93 1122//1122
f 93//93 94//94 1129//1129
f 373//373 1121//1121 1124//1124
f 373//373 1124//1124 1123//1123
f 18//18 368//368 1126//1126
f 770//770 1126//1126 1129//1129
f 374//374 1134//1134 1133//1133
f 1136//1136 1135//1135 1137//1137
f 1136//1136 1137//1137 1139//1139
f 1137//1137 1138//1138 1131//1131
f 1141//1141 1142//1142 1143//1143
f 1134//1134 1142//1142 1123//1123
f 1139//1139 1131//1131 1142//1142
f 1143//1143 1142//1142 1131//1131
f 1132//1132 1133//1133 371//371
f 1133//1133 1134//1134 372//372
f 165//165 1136//1136 375//375
f 166//166 167//167 1138//1138
f 375//375 1136//1136 1139//1139
f 13//13 373//373 1140//1140
f 170//170 1140//1140 1141//1141
f 169//169 1141//1141 1138//1138
f 378//378 1144//1144 1146//1146
f 1148//1148 1150//1150 1144//1144
f 1151//1151 1152//1152 1153//1153
f 1149//1149 1148//1148 1144//1144
f 1144//1144 1152//1152 1146//1146
f 1153//1153 1152//1152 1144//1144
f 376//376 1145//1145 1132//1132
f 1145//1145 1146//1146 374//374
f 15//15 181//181 1147//1147
f 181//181 180//180 1147//1147
f 180//180 179//179 1150//1150
f 179//179 508//508 1153//1153
f 380//380 1147//1147 1148//1148
f 380//380 1148//1148 1149//1149
f 379//379 1149//1149 378//378
f 21//21 375//375 1151//1151
f 375//375 374//374 1152//1152
f 177//177 1151//1151 1153//1153
f 382//382 1155//1155 1154//1154
f 1155//1155 1158//1158 1157//1157
f 1156//1156 1162//1162 1158//1158
f 1159//1159 1160//1160 1163//1163
f 1160//1160 1168//1168 1165//1165
f 1163//1163 1165//1165 1166//1166
f 1164//1164 379//379 1166//1166
f 379//379 1158//1158 1167//1167
f 1163//1163 1166//1166 1167//1167
f 381//381 1154//1154 376//376
f 383//383 1155//1155 382//382
f 383//383 1156//1156 1155//1155
f 1154//1154 1157//1157 377//377
f 1157//1157 1158//1158 378//378
f 17//17 123//123 1159//1159
f 123//123 1160//1160 1159//1159
f 465//465 471//471 1168//1168
f 385//385 1159//1159 1161//1161
f 384//384 1161//1161 1162//1162
f 384//384 1162//1162 1156//1156
f 15//15 380//380 1164//1164
f 379//379 378//378 1158//1158
f 1164//1164 1165//1165 121//121
f 121//121 1165//1165 1168//1168
f 1171//1171 1173//1173 1172//1172
f 1178//1178 384//384 1179//1179
f 1178//1178 1179//1179 1173//1173
f 1175//1175 1180//1180 1173//1173
f 370//370 1169//1169 381//381
f 1117//1117 1170//1170 1169//1169
f 369//369 1172//1172 1170//1170
f 1169//1169 1170//1170 382//382
f 1170//1170 1179//1179 383//383
f 18//18 1174//1174 1176//1176
f 457//457 114//114 1175//1175
f 114//114 113//113 1175//1175
f 368//368 1176//1176 1171//1171
f 17//17 385//385 1177//1177
f 385//385 384//384 1178//1178
f 384//384 383//383 1179//1179
f 1177//1177 1180//1180 111//111
f 1180//1180 1175//1175 112//112
f 1181//1181 1184//1184 1183//1183
f 1182//1182 1194//1194 1184//1184
f 1188//1188 1191//1191 1194//1194
f 1186//1186 1187//1187 1189//1189
f 1191//1191 1192//1192 1194//1194
f 1193//1193 1190//1190 1196//1196
f 1195//1195 1196//1196 1187//1187
f 1196//1196 1191//1191 1189//1189
f 1184//1184 1194//1194 1192//1192
f 390//390 1183//1183 389//389
f 390//390 1181//1181 1183//1183
f 391//391 1182//1182 1181//1181
f 392//392 1188//1188 1182//1182
f 1183//1183 1184//1184 388//388
f 1184//1184 1192//1192 388//388
f 14//14 115//115 1185//1185
f 115//115 864//864 1185//1185
f 864//864 116//116 1185//1185
f 116//116 117//117 1187//1187
f 394//394 1185//1185 1186//1186
f 393//393 1186//1186 1188//1188
f 17//17 386//386 1190//1190
f 386//386 387//387 1191//1191
f 387//387 388//388 1192//1192
f 119//119 1190//1190 1193//1193
f 118//118 1193//1193 1195//1195
f 1199//1199 1209//1209 1197//1197
f 1201//1201 1202//1202 1204//1204
f 1202//1202 1203//1203 1204//1204
f 399//399 1204//1204 1205//1205
f 1206//1206 1208//1208 1209//1209
f 1206//1206 1209//1209 1204//1204
f 1200//1200 1207//1207 392//392
f 395//395 396//396 390//390
f 397//397 1199//1199 1197//1197
f 1198//1198 1200//1200 391//391
f 21//21 1202//1202 1201//1201
f 498//498 171//171 1203//1203
f 171//171 172//172 1203//1203
f 398//398 1205//1205 1199//1199
f 14//14 394//394 1206//1206
f 394//394 393//393 1208//1208
f 173//173 1206//1206 1203//1203
f 1210//1210 1220//1220 1212//1212
f 1211//1211 1214//1214 1213//1213
f 1212//1212 1215//1215 1214//1214
f 1216//1216 1217//1217 1219//1219
f 1218//1218 1219//1219 1221//1221
f 1222//1222 1223//1223 1227//1227
f 1223//1223 1224//1224 1228//1228
f 1224//1224 1214//1214 1215//1215
f 1226//1226 1227//1227 1219//1219
f 1227//1227 1228//1228 1221//1221
f 1220//1220 1221//1221 1215//1215
f 1228//1228 1215//1215 1221//1221
f 401//401 1211//1211 1213//1213
f 402//402 1210//1210 1211//1211
f 400//400 1213//1213 395//395
f 1213//1213 1214//1214 397//397
f 16//16 187//187 1216//1216
f 187//187 186//186 1216//1216
f 186//186 185//185 1216//1216
f 185//185 184//184 1217//1217
f 404//404 1216//1216 1218//1218
f 1239//1239 1218//1218 1220//1220
f 403//403 1220//1220 1210//1210
f 21//21 1201//1201 1222//1222
f 1201//1201 399//399 1223//1223
f 399//399 398//398 1224//1224
f 398//398 397//397 1214//1214
f 182//182 1222//1222 1225//1225
f 183//183 1225//1225 1226//1226
f 503//503 1226//1226 1217//1217
f 406//406 1230//1230 1229//1229
f 1232//1232 1235//1235 1237//1237
f 1237//1237 1235//1235 1243//1243
f 404//404 1239//1239 1241//1241
f 1238//1238 404//404 1243//1243
f 1241//1241 1240//1240 1244//1244
f 1236//1236 1237//1237 1244//1244
f 1242//1242 1243//1243 1235//1235
f 1231//1231 1244//1244 1240//1240
f 1237//1237 1243//1243 1241//1241
f 405//405 1229//1229 400//400
f 407//407 1231//1231 406//406
f 1229//1229 1230//1230 401//401
f 1230//1230 1240//1240 402//402
f 11//11 142//142 1234//1234
f 142//142 141//141 1232//1232
f 141//141 140//140 1235//1235
f 140//140 139//139 1233//1233
f 408//408 1234//1234 1236//1236
f 407//407 1236//1236 1231//1231
f 16//16 404//404 1238//1238
f 403//403 402//402 1240//1240
f 137//137 1238//1238 1242//1242
f 138//138 1242//1242 1233//1233
f 1183//1183 1247//1247 1246//1246
f 1245//1245 1248//1248 1249//1249
f 1248//1248 1250//1250 1261//1261
f 1251//1251 1252//1252 1255//1255
f 1256//1256 1257//1257 1260//1260
f 1257//1257 1259//1259 1260//1260
f 1260//1260 1259//1259 1261//1261
f 1254//1254 1255//1255 1248//1248
f 1260//1260 1261//1261 1255//1255
f 1249//1249 1259//1259 1258//1258
f 389//389 1246//1246 405//405
f 388//388 1247//1247 1183//1183
f 388//388 1245//1245 1247//1247
f 1246//1246 1247//1247 406//406
f 1247//1247 1258//1258 407//407
f 17//17 35//35 1251//1251
f 35//35 36//36 1252//1252
f 36//36 37//37 1252//1252
f 37//37 38//38 1252//1252
f 386//386 1251//1251 1254//1254
f 387//387 1254//1254 1245//1245
f 11//11 1257//1257 1256//1256
f 408//408 407//407 1259//1259
f 40//40 1256//1256 1253//1253
f 39//39 1253//1253 1252//1252
f 1263//1263 1264//1264 1265//1265
f 1270//1270 1271//1271 1272//1272
f 1271//1271 1277//1277 1278//1278
f 1274//1274 1275//1275 1266//1266
f 1276//1276 1274//1274 1278//1278
f 1274//1274 1266//1266 1262//1262
f 1267//1267 1266//1266 1275//1275
f 1272//1272 1278//1278 1262//1262
f 413//413 1263//1263 412//412
f 414//414 1264//1264 1263//1263
f 415//415 1268//1268 1264//1264
f 1263//1263 1265//1265 412//412
f 1267//1267 1275//1275 411//411
f 15//15 131//131 1269//1269
f 131//131 476//476 1271//1271
f 476//476 132//132 1271//1271
f 132//132 133//133 1271//1271
f 11//11 409//409 1273//1273
f 409//409 410//410 1274//1274
f 410//410 411//411 1275//1275
f 136//136 1273//1273 1276//1276
f 135//135 1276//1276 1277//1277
f 134//134 1277//1277 1271//1271
f 1281//1281 1283//1283 1282//1282
f 417//417 1284//1284 1283//1283
f 1283//1283 1286//1286 1285//1285
f 1284//1284 1290//1290 1286//1286
f 1287//1287 1288//1288 1289//1289
f 1288//1288 1295//1295 1279//1279
f 1291//1291 1293//1293 1292//1292
f 1292//1292 1293//1293 1296//1296
f 1293//1293 1294//1294 1296//1296
f 418//418 1290//1290 1284//1284
f 1286//1286 1294//1294 1285//1285
f 1286//1286 1296//1296 1294//1294
f 1290//1290 1279//1279 1296//1296
f 416//416 1280//1280 413//413
f 1297//1297 1281//1281 1280//1280
f 1280//1280 1282//1282 413//413
f 1282//1282 1285//1285 414//414
f 21//21 176//176 1287//1287
f 176//176 177//177 1287//1287
f 177//177 178//178 1288//1288
f 178//178 508//508 1295//1295
f 419//419 1287//1287 1289//1289
f 419//419 1289//1289 418//418
f 15//15 1269//1269 1291//1291
f 1269//1269 1270//1270 1293//1293
f 1270//1270 415//415 1294//1294
f 181//181 1291//1291 1292//1292
f 180//180 1292//1292 1295//1295
f 1300//1300 1311//1311 1301//1301
f 1305//1305 1314//1314 1311//1311
f 1303//1303 1306//1306 1305//1305
f 1304//1304 1302//1302 1313//1313
f 1309//1309 1307//1307 1310//1310
f 1307//1307 1308//1308 1311//1311
f 1309//1309 1310//1310 1313//1313
f 1310//1310 1311//1311 1314//1314
f 1305//1305 1306//1306 1314//1314
f 1301//1301 1311//1311 1308//1308
f 1306//1306 1313//1313 1314//1314
f 420//420 1297//1297 416//416
f 420//420 1298//1298 1297//1297
f 421//421 1299//1299 1298//1298
f 422//422 1300//1300 1299//1299
f 1298//1298 1301//1301 417//417
f 12//12 158//158 1306//1306
f 158//158 159//159 1304//1304
f 160//160 161//161 1302//1302
f 423//423 1305//1305 1300//1300
f 21//21 419//419 1309//1309
f 419//419 418//418 1307//1307
f 164//164 1309//1309 1312//1312
f 162//162 1312//1312 1302//1302
f 426//426 1318//1318 1317//1317
f 1315//1315 1319//1319 1318//1318
f 1318//1318 1321//1321 1320//1320
f 1319//1319 1322//1322 1321//1321
f 1323//1323 1324//1324 1325//1325
f 1325//1325 1326//1326 1327//1327
f 1330//1330 1328//1328 1327//1327
f 1328//1328 1329//1329 1332//1332
f 427//427 1322//1322 1319//1319
f 1321//1321 1332//1332 1329//1329
f 1331//1331 1332//1332 1322//1322
f 424//424 425//425 420//420
f 425//425 1317//1317 420//420
f 1317//1317 1320//1320 421//421
f 1320//1320 1329//1329 422//422
f 20//20 61//61 1323//1323
f 61//61 62//62 1324//1324
f 62//62 63//63 1324//1324
f 63//63 64//64 1326//1326
f 428//428 1323//1323 1325//1325
f 12//12 1303//1303 1330//1330
f 1303//1303 423//423 1328//1328
f 423//423 422//422 1329//1329
f 66//66 1330//1330 1326//1326
f 1335//1335 1337//1337 1336//1336
f 1338//1338 1339//1339 1340//1340
f 1339//1339 1346//1346 1341//1341
f 1340//1340 1341//1341 1342//1342
f 1343//1343 1344//1344 1342//1342
f 410//410 1337//1337 1335//1335
f 1347//1347 1342//1342 1341//1341
f 1336//1336 1348//1348 1345//1345
f 1337//1337 1342//1342 1348//1348
f 412//412 1333//1333 424//424
f 1265//1265 1334//1334 1333//1333
f 411//411 1335//1335 1334//1334
f 424//424 1333//1333 425//425
f 1333//1333 1334//1334 426//426
f 1334//1334 1345//1345 1315//1315
f 11//11 477//477 1338//1338
f 477//477 49//49 1339//1339
f 49//49 50//50 1346//1346
f 50//50 51//51 1346//1346
f 409//409 1338//1338 1340//1340
f 409//409 1340//1340 410//410
f 20//20 428//428 1343//1343
f 428//428 427//427 1344//1344
f 427//427 1316//1316 1345//1345
f 1316//1316 1315//1315 1345//1345
f 54//54 1343//1343 1347//1347
f 53//53 1347//1347 1346//1346
f 958//958 1350//1350 29//29
f 31//31 1349//1349 1350//1350
f 1350//1350 1349//1349 26//26
f 35//35 1351//1351 34//34
f 37//37 1352//1352 1351//1351
f 1352//1352 1349//1349 32//32
f 23//23 1353//1353 41//41
f 26//26 1349//1349 1353//1353
f 1353//1353 1352//1352 38//38
f 1358//1358 1357//1357 1359//1359
f 1356//1356 1359//1359 1355//1355
f 246//246 1354//1354 268//268
f 248//248 1355//1355 1354//1354
f 1354//1354 1357//1357 269//269
f 90//90 1356//1356 723//723
f 88//88 1359//1359 1356//1356
f 1356//1356 1355//1355 249//249
f 272//272 1358//1358 84//84
f 431//431 1357//1357 1358//1358
f 1358//1358 1359//1359 86//86
f 48//48 47//47 246//246
f 47//47 1360//1360 248//248
f 1360//1360 1363//1363 249//249
f 60//60 1361//1361 42//42
f 1361//1361 1363//1363 44//44
f 1363//1363 1360//1360 45//45
f 723//723 1362//1362 55//55
f 250//250 1363//1363 1362//1362
f 1362//1362 1361//1361 1069//1069
# 3178 faces, 0 coords texture

# End of File
